[04May2026 00:32:59.825] [Render thread/INFO] [FluxNetworks/]: Released client Flux Networks cache
[04May2026 00:32:59.860] [Render thread/INFO] [inventoryhud/]: Curios disabled
[04May2026 00:32:59.928] [Render thread/INFO] [Entity Texture Features/]: [ETF]: emissive suffixes loaded: {_e}
[04May2026 00:32:59.931] [Render thread/INFO] [net.minecraft.client.gui.screens.ConnectScreen/]: Connecting to 10.0.0.10, 25565
[04May2026 00:33:05.208] [Netty Client IO #4/INFO] [Puzzles Lib/]: Reloading server config for mutantmonsters
[04May2026 00:33:05.373] [Netty Client IO #4/WARN] [net.minecraftforge.common.ForgeConfigSpec/CORE]: Configuration file SimpleCommentedConfig:{biggerstacks=SimpleCommentedConfig:{Increase transfer rate=true}} is not correct. Correcting
[04May2026 00:33:06.275] [Netty Client IO #4/INFO] [Puzzles Lib/]: Reloading server config for easyanvils
[04May2026 00:33:08.773] [Netty Client IO #4/INFO] [quickstack/]: [quickstack]: Configuration changed.
[04May2026 00:33:10.323] [Netty Client IO #4/INFO] [Puzzles Lib/]: Reloading server config for easymagic
[04May2026 00:33:10.473] [Netty Client IO #4/INFO] [FluxNetworks/Energy]: Energy blacklist loaded: 1 block entries, 0 item entries
[04May2026 00:33:11.372] [Netty Client IO #4/INFO] [com.tom.createores.CreateOreExcavation/]: Create Ore Excavation config just got changed on the file system!
[04May2026 00:33:12.676] [Netty Client IO #4/INFO] [net.minecraftforge.network.NetworkHooks/]: Connected to a modded server.
[04May2026 00:33:13.029] [Render thread/INFO] [Oculus/]: Reloading pipeline on dimension change: NamespacedId{namespace='minecraft', name='overworld'} => NamespacedId{namespace='minecraft', name='overworld'}
[04May2026 00:33:13.029] [Render thread/INFO] [Oculus/]: Destroying pipeline NamespacedId{namespace='minecraft', name='overworld'}
[04May2026 00:33:13.029] [Render thread/INFO] [Oculus/]: Creating pipeline for dimension NamespacedId{namespace='minecraft', name='overworld'}
[04May2026 00:33:13.035] [Render thread/WARN] [net.minecraft.client.renderer.EffectInstance/]: Shader estrogen:aberration could not find uniform named InSize in the specified shader program.
[04May2026 00:33:13.037] [Render thread/WARN] [net.minecraft.client.renderer.EffectInstance/]: Shader estrogen:cel could not find sampler named DiffuseDepthSampler in the specified shader program.
[04May2026 00:33:13.037] [Render thread/WARN] [net.minecraft.client.renderer.EffectInstance/]: Shader estrogen:cel could not find uniform named EstrogenFarPlane in the specified shader program.
[04May2026 00:33:13.042] [Render thread/WARN] [net.minecraft.client.renderer.EffectInstance/]: Shader estrogen:aberration could not find uniform named InSize in the specified shader program.
[04May2026 00:33:13.044] [Render thread/WARN] [net.minecraft.client.renderer.EffectInstance/]: Shader estrogen:cel could not find sampler named DiffuseDepthSampler in the specified shader program.
[04May2026 00:33:13.044] [Render thread/WARN] [net.minecraft.client.renderer.EffectInstance/]: Shader estrogen:cel could not find uniform named EstrogenFarPlane in the specified shader program.
[04May2026 00:33:13.051] [Render thread/INFO] [ChunkBuilder/]: Started 2 worker threads
[04May2026 00:33:13.068] [Render thread/INFO] [net.minecraft.client.gui.components.ChatComponent/]: [CHAT] Just Enough Resources 1.20.1-1.4.0.247 Release is broken on servers. Please Remove it.
[04May2026 00:33:13.068] [Render thread/INFO] [net.minecraft.client.gui.components.ChatComponent/]: [CHAT] For more information you can read this
[04May2026 00:33:13.069] [Render thread/INFO] [net.minecraft.client.gui.components.ChatComponent/]: [CHAT] This message was sent by Truly Modular.
[04May2026 00:33:13.074] [Render thread/WARN] [KubeJS Client/]: auto_fix_prism_prelaunch.js#39: [auto_fix_prism] Failed: InternalError: Failed to load Java class 'java.io.File': Class is not allowed by class filter!
[04May2026 00:33:13.079] [Render thread/INFO] [mezz.jei.forge.startup.StartEventObserver/]: JEI StartEventObserver received class net.minecraftforge.client.event.ClientPlayerNetworkEvent$LoggingIn
[04May2026 00:33:13.079] [Render thread/INFO] [mezz.jei.forge.startup.StartEventObserver/]: JEI StartEventObserver transitioning state from DISABLED to ENABLED
[04May2026 00:33:13.082] [Render thread/INFO] [voicechat/]: [voicechat] Sending secret request to the server
[04May2026 00:33:13.083] [Render thread/WARN] [voicechat/]: [voicechat] Failed to open audio device 'OpenAL Soft on Realtek HD Audio 2nd output (Realtek(R) Audio)', falling back to default
[04May2026 00:33:13.104] [Render thread/INFO] [Sound Physics - General/]: Initializing sound physics for voice chat audio
[04May2026 00:33:13.104] [Render thread/INFO] [Sound Physics - General/]: Initializing Sound Physics
[04May2026 00:33:13.104] [Render thread/INFO] [Sound Physics - General/]: EFX Extension recognized
[04May2026 00:33:13.104] [Render thread/INFO] [Sound Physics - General/]: Max auxiliary sends: 2
[04May2026 00:33:13.104] [Render thread/INFO] [Sound Physics - General/]: Aux slot 1 created
[04May2026 00:33:13.104] [Render thread/INFO] [Sound Physics - General/]: Aux slot 2 created
[04May2026 00:33:13.104] [Render thread/INFO] [Sound Physics - General/]: Aux slot 3 created
[04May2026 00:33:13.104] [Render thread/INFO] [Sound Physics - General/]: Aux slot 4 created
[04May2026 00:33:13.105] [Render thread/INFO] [Sound Physics - General/]: EFX ready
[04May2026 00:33:13.107] [Render thread/INFO] [net.minecraft.client.gui.components.ChatComponent/]: [CHAT] ProbeJS is enabled! You should exclude .probe generated when you finished development, and disable the mod by: /probejs disable
[04May2026 00:33:13.134] [Render thread/INFO] [net.minecraft.client.gui.components.ChatComponent/]: [CHAT] Congratulations! Your code passed linting!
[04May2026 00:33:13.135] [Render thread/INFO] [net.minecraft.client.gui.components.ChatComponent/]: [CHAT] To learn about how to use ProbeJS (or report issue), please go to the Github Page
[04May2026 00:33:13.149] [Render thread/INFO] [mezz.jei.library.ingredients.IngredientManager/]: Ingredients are being removed at runtime: 1418 de.melanx.jea.api.client.IAdvancementInfo
[04May2026 00:33:13.180] [Render thread/INFO] [mezz.jei.library.ingredients.IngredientManager/]: Ingredients are being added at runtime: 1568 de.melanx.jea.api.client.IAdvancementInfo
[04May2026 00:33:13.188] [Render thread/INFO] [io.redspace.ironsspellbooks.IronsSpellbooks/]: Handling spell config sync 0 files
[04May2026 00:33:13.190] [Render thread/INFO] [net.minecraft.client.gui.components.ChatComponent/]: [CHAT] [Mekanism] Broken tags in Mekanism recipes detected, please check server logs for details. You will be missing some recipes and machines may not accept expected inputs.
[04May2026 00:33:13.190] [Render thread/INFO] [ModdingLegacy/blue_skies/]: Recieved ToolHandleTypeManager from the server
[04May2026 00:33:13.190] [Render thread/INFO] [ModdingLegacy/blue_skies/]: Recieved SnowcapOvenFreezingManager from the server
[04May2026 00:33:13.190] [Render thread/INFO] [ModdingLegacy/blue_skies/]: Recieved HorizoniteForgeFuelManager from the server
[04May2026 00:33:13.190] [Render thread/INFO] [ModdingLegacy/blue_skies/]: Recieved AlchemyRecipeManager from the server
[04May2026 00:33:13.190] [Render thread/INFO] [ModdingLegacy/blue_skies/]: Recieved JournalEntryManager from the server
[04May2026 00:33:13.190] [Render thread/INFO] [ModdingLegacy/blue_skies/]: Recieved JournalSectionManager from the server
[04May2026 00:33:13.190] [Render thread/INFO] [ModdingLegacy/blue_skies/]: Recieved JournalRequirementManager from the server
[04May2026 00:33:13.196] [Render thread/INFO] [Supplementaries/]: Synced Flute Songs
[04May2026 00:33:13.196] [Render thread/INFO] [Supplementaries/]: Synced Captured Mobs settings
[04May2026 00:33:13.196] [Render thread/INFO] [Supplementaries/]: Synced Globe data
[04May2026 00:33:13.196] [Render thread/INFO] [Supplementaries/]: Synced Hourglass data
[04May2026 00:33:13.196] [Render thread/INFO] [placebo/]: Starting sync for enchanting_stats
[04May2026 00:33:13.197] [Render thread/INFO] [Apotheosis : Enchantment/]: Registered 31 enchanting_stats.
[04May2026 00:33:13.197] [Render thread/INFO] [placebo/]: Starting sync for rarities
[04May2026 00:33:13.197] [Render thread/INFO] [Apotheosis : Adventure/]: Registered 6 rarities.
[04May2026 00:33:13.198] [Render thread/INFO] [placebo/]: Starting sync for affixes
[04May2026 00:33:13.201] [Render thread/INFO] [Apotheosis : Adventure/]: Registered 137 affixes.
[04May2026 00:33:13.202] [Render thread/WARN] [Apotheosis : Adventure/]: Insufficient number of affixes to satisfy the loot rules (ignoring backup rules) of rarity apotheosis:mythic for category helmetRequired: 3; Provided: 2
[04May2026 00:33:13.202] [Render thread/WARN] [Apotheosis : Adventure/]: Insufficient number of affixes to satisfy the loot rules (ignoring backup rules) of rarity apotheosis:mythic for category bootsRequired: 3; Provided: 2
[04May2026 00:33:13.202] [Render thread/WARN] [Apotheosis : Adventure/]: Insufficient number of affixes to satisfy the loot rules (ignoring backup rules) of rarity apotheosis:ancient for category helmetRequired: 4; Provided: 2
[04May2026 00:33:13.202] [Render thread/WARN] [Apotheosis : Adventure/]: Insufficient number of affixes to satisfy the loot rules (ignoring backup rules) of rarity apotheosis:ancient for category bootsRequired: 4; Provided: 2
[04May2026 00:33:13.202] [Render thread/WARN] [Apotheosis : Adventure/]: Insufficient number of affixes to satisfy the loot rules (ignoring backup rules) of rarity apotheosis:ancient for category pickaxeRequired: 5; Provided: 4
[04May2026 00:33:13.202] [Render thread/WARN] [Apotheosis : Adventure/]: Insufficient number of affixes to satisfy the loot rules (ignoring backup rules) of rarity apotheosis:ancient for category shovelRequired: 5; Provided: 4
[04May2026 00:33:13.202] [Render thread/INFO] [placebo/]: Starting sync for gems
[04May2026 00:33:13.206] [Render thread/INFO] [Apotheosis : Adventure/]: Registered 34 gems.
[04May2026 00:33:13.206] [Render thread/INFO] [Iron Jetpacks/]: Loaded 14 jetpacks from the server
[04May2026 00:33:13.275] [Render thread/INFO] [dev.corgitaco.enhancedcelestials.EnhancedCelestials/]: Possible lunar events for dimension "minecraft:overworld" are [enhancedcelestials:harvest_moon, enhancedcelestials:super_blood_moon, enhancedcelestials:blue_moon, enhancedcelestials:super_harvest_moon, enhancedcelestials:blood_moon, enhancedcelestials:super_blue_moon, enhancedcelestials:super_moon].
[04May2026 00:33:13.383] [Render thread/INFO] [inventoryhud/]: Curios has been initialized with 35 slot(s) after 1 tries
[04May2026 00:33:14.015] [Netty Client IO #4/WARN] [com.simibubi.create.Create/]: Your custom createaddition:rolling/iron_ingot recipe (createaddition:rolling/iron_ingot) specified a duration. Durations have no impact on this type of recipe.
[04May2026 00:33:14.069] [Netty Client IO #4/WARN] [com.simibubi.create.Create/]: Your custom createaddition:rolling/electrum_plate recipe (createaddition:rolling/electrum_plate) specified a duration. Durations have no impact on this type of recipe.
[04May2026 00:33:14.291] [Netty Client IO #4/WARN] [com.simibubi.create.Create/]: Your custom createaddition:rolling/gold_ingot recipe (createaddition:rolling/gold_ingot) specified a duration. Durations have no impact on this type of recipe.
[04May2026 00:33:14.635] [Netty Client IO #4/WARN] [com.simibubi.create.Create/]: Your custom createaddition:rolling/electrum_ingot recipe (createaddition:rolling/electrum_ingot) specified a duration. Durations have no impact on this type of recipe.
[04May2026 00:33:14.819] [Netty Client IO #4/WARN] [com.simibubi.create.Create/]: Your custom createaddition:rolling/brass_ingot recipe (createaddition:rolling/brass_ingot) specified a duration. Durations have no impact on this type of recipe.
[04May2026 00:33:15.032] [Netty Client IO #4/WARN] [com.simibubi.create.Create/]: Your custom createaddition:rolling/gold_plate recipe (createaddition:rolling/gold_plate) specified a duration. Durations have no impact on this type of recipe.
[04May2026 00:33:15.146] [Netty Client IO #4/WARN] [com.simibubi.create.Create/]: Your custom createaddition:rolling/iron_plate recipe (createaddition:rolling/iron_plate) specified a duration. Durations have no impact on this type of recipe.
[04May2026 00:33:15.171] [Netty Client IO #4/WARN] [com.simibubi.create.Create/]: Your custom createaddition:rolling/copper_plate recipe (createaddition:rolling/copper_plate) specified a duration. Durations have no impact on this type of recipe.
[04May2026 00:33:15.244] [Netty Client IO #4/WARN] [com.simibubi.create.Create/]: Your custom createaddition:rolling/straw recipe (createaddition:rolling/straw) specified a duration. Durations have no impact on this type of recipe.
[04May2026 00:33:15.274] [Netty Client IO #4/WARN] [com.simibubi.create.Create/]: Your custom createaddition:rolling/copper_ingot recipe (createaddition:rolling/copper_ingot) specified a duration. Durations have no impact on this type of recipe.
[04May2026 00:33:15.373] [Render thread/WARN] [net.minecraft.client.ClientRecipeBook/]: Unknown recipe category: forbidden_arcanus:clibano_combustion/forbidden_arcanus:clibano_combustion/iron_ingot_from_clibano_combusting
[04May2026 00:33:15.374] [Render thread/WARN] [net.minecraft.client.ClientRecipeBook/]: Unknown recipe category: [!!!com.mojang.logging.LogUtils$1ToString@195b63e6=>java.lang.NullPointerException:Cannot invoke "Object.toString()" because the return value of "java.util.function.Supplier.get()" is null!!!]/theabyss:lurker_juice_rcp
[04May2026 00:33:15.375] [Render thread/WARN] [net.minecraft.client.ClientRecipeBook/]: Unknown recipe category: [!!!com.mojang.logging.LogUtils$1ToString@2e9eafbf=>java.lang.NullPointerException:Cannot invoke "Object.toString()" because the return value of "java.util.function.Supplier.get()" is null!!!]/theabyss:tenebris_powder_rcp
[04May2026 00:33:15.375] [Render thread/WARN] [net.minecraft.client.ClientRecipeBook/]: Unknown recipe category: apotheosis:fletching/apotheosis:fletching/explosive_arrow
[04May2026 00:33:15.375] [Render thread/WARN] [net.minecraft.client.ClientRecipeBook/]: Unknown recipe category: deep_aether:poison_recipe/deep_aether:gravitite_ore_from_poison
[04May2026 00:33:15.375] [Render thread/WARN] [net.minecraft.client.ClientRecipeBook/]: Unknown recipe category: forbidden_arcanus:clibano_combustion/forbidden_arcanus:clibano_combustion/iron_ingot_from_clibano_combusting_raw_iron
[04May2026 00:33:15.375] [Render thread/WARN] [net.minecraft.client.ClientRecipeBook/]: Unknown recipe category: cataclysm:weapon_fusion/cataclysm:weapon_infusion/wrath_of_the_desert
[04May2026 00:33:15.376] [Render thread/WARN] [net.minecraft.client.ClientRecipeBook/]: Unknown recipe category: [!!!com.mojang.logging.LogUtils$1ToString@4ed0c60c=>java.lang.NullPointerException:Cannot invoke "Object.toString()" because the return value of "java.util.function.Supplier.get()" is null!!!]/simplefarming:mead
[04May2026 00:33:15.376] [Render thread/WARN] [net.minecraft.client.ClientRecipeBook/]: Unknown recipe category: [!!!com.mojang.logging.LogUtils$1ToString@18a04fb0=>java.lang.NullPointerException:Cannot invoke "Object.toString()" because the return value of "java.util.function.Supplier.get()" is null!!!]/theabyss:caverna_powder_rcp
[04May2026 00:33:15.377] [Render thread/WARN] [net.minecraft.client.ClientRecipeBook/]: Unknown recipe category: forbidden_arcanus:clibano_combustion/forbidden_arcanus:clibano_combustion/coal_from_clibano_combusting
[04May2026 00:33:15.377] [Render thread/WARN] [net.minecraft.client.ClientRecipeBook/]: Unknown recipe category: [!!!com.mojang.logging.LogUtils$1ToString@5a264b11=>java.lang.NullPointerException:Cannot invoke "Object.toString()" because the return value of "java.util.function.Supplier.get()" is null!!!]/theabyss:anti_fear_essence_rcp
[04May2026 00:33:15.377] [Render thread/WARN] [net.minecraft.client.ClientRecipeBook/]: Unknown recipe category: forbidden_arcanus:clibano_combustion/forbidden_arcanus:clibano_combustion/netherite_scrap_from_clibano_combusting
[04May2026 00:33:15.378] [Render thread/WARN] [net.minecraft.client.ClientRecipeBook/]: Unknown recipe category: forbidden_arcanus:clibano_combustion/forbidden_arcanus:clibano_combustion/rune_from_clibano_combusting
[04May2026 00:33:15.378] [Render thread/WARN] [net.minecraft.client.ClientRecipeBook/]: Unknown recipe category: deep_aether:poison_recipe/deep_aether:purple_squash_from_green_squash
[04May2026 00:33:15.379] [Render thread/WARN] [net.minecraft.client.ClientRecipeBook/]: Unknown recipe category: cataclysm:weapon_fusion/cataclysm:weapon_infusion/ignitium_elytra_chestplate
[04May2026 00:33:15.379] [Render thread/WARN] [net.minecraft.client.ClientRecipeBook/]: Unknown recipe category: [!!!com.mojang.logging.LogUtils$1ToString@19ef4bd=>java.lang.NullPointerException:Cannot invoke "Object.toString()" because the return value of "java.util.function.Supplier.get()" is null!!!]/theabyss:immortal_substance_rcp
[04May2026 00:33:15.380] [Render thread/WARN] [net.minecraft.client.ClientRecipeBook/]: Unknown recipe category: forbidden_arcanus:clibano_combustion/forbidden_arcanus:clibano_combustion/copper_ingot_from_clibano_combusting_raw_copper
[04May2026 00:33:15.380] [Render thread/WARN] [net.minecraft.client.ClientRecipeBook/]: Unknown recipe category: deep_aether:poison_recipe/deep_aether:skyroot_poison_bucket_from_poison
[04May2026 00:33:15.381] [Render thread/WARN] [net.minecraft.client.ClientRecipeBook/]: Unknown recipe category: forbidden_arcanus:clibano_combustion/forbidden_arcanus:clibano_combustion/gold_ingot_from_clibano_combusting_raw_gold
[04May2026 00:33:15.381] [Render thread/WARN] [net.minecraft.client.ClientRecipeBook/]: Unknown recipe category: [!!!com.mojang.logging.LogUtils$1ToString@4936b224=>java.lang.NullPointerException:Cannot invoke "Object.toString()" because the return value of "java.util.function.Supplier.get()" is null!!!]/theabyss:abyss_powder_rcp
[04May2026 00:33:15.381] [Render thread/WARN] [net.minecraft.client.ClientRecipeBook/]: Unknown recipe category: [!!!com.mojang.logging.LogUtils$1ToString@5371a97d=>java.lang.NullPointerException:Cannot invoke "Object.toString()" because the return value of "java.util.function.Supplier.get()" is null!!!]/theabyss:hollow_powder_rcp
[04May2026 00:33:15.381] [Render thread/WARN] [net.minecraft.client.ClientRecipeBook/]: Unknown recipe category: deep_aether:poison_recipe/deep_aether:quicksoil_from_poison
[04May2026 00:33:15.381] [Render thread/WARN] [net.minecraft.client.ClientRecipeBook/]: Unknown recipe category: cataclysm:weapon_fusion/cataclysm:weapon_infusion/void_forge
[04May2026 00:33:15.382] [Render thread/WARN] [net.minecraft.client.ClientRecipeBook/]: Unknown recipe category: [!!!com.mojang.logging.LogUtils$1ToString@3b670ec1=>java.lang.NullPointerException:Cannot invoke "Object.toString()" because the return value of "java.util.function.Supplier.get()" is null!!!]/theabyss:vit_powder_rcp
[04May2026 00:33:15.382] [Render thread/WARN] [net.minecraft.client.ClientRecipeBook/]: Unknown recipe category: cataclysm:weapon_fusion/cataclysm:weapon_infusion/the_immolator
[04May2026 00:33:15.383] [Render thread/WARN] [net.minecraft.client.ClientRecipeBook/]: Unknown recipe category: [!!!com.mojang.logging.LogUtils$1ToString@4daa3e0c=>java.lang.NullPointerException:Cannot invoke "Object.toString()" because the return value of "java.util.function.Supplier.get()" is null!!!]/theabyss:somnium_upgrade_usage_rcp
[04May2026 00:33:15.383] [Render thread/WARN] [net.minecraft.client.ClientRecipeBook/]: Unknown recipe category: [!!!com.mojang.logging.LogUtils$1ToString@31f1020f=>java.lang.NullPointerException:Cannot invoke "Object.toString()" because the return value of "java.util.function.Supplier.get()" is null!!!]/theabyss:ardor_powder_rcp
[04May2026 00:33:15.383] [Render thread/WARN] [net.minecraft.client.ClientRecipeBook/]: Unknown recipe category: forbidden_arcanus:clibano_combustion/forbidden_arcanus:clibano_combustion/gold_ingot_from_clibano_combusting
[04May2026 00:33:15.384] [Render thread/WARN] [net.minecraft.client.ClientRecipeBook/]: Unknown recipe category: [!!!com.mojang.logging.LogUtils$1ToString@6f956f0d=>java.lang.NullPointerException:Cannot invoke "Object.toString()" because the return value of "java.util.function.Supplier.get()" is null!!!]/theabyss:crimson_powder_rcp
[04May2026 00:33:15.384] [Render thread/WARN] [net.minecraft.client.ClientRecipeBook/]: Unknown recipe category: [!!!com.mojang.logging.LogUtils$1ToString@6c076538=>java.lang.NullPointerException:Cannot invoke "Object.toString()" because the return value of "java.util.function.Supplier.get()" is null!!!]/theabyss:frost_powder_rcp
[04May2026 00:33:15.385] [Render thread/WARN] [net.minecraft.client.ClientRecipeBook/]: Unknown recipe category: forbidden_arcanus:clibano_combustion/forbidden_arcanus:clibano_combustion/copper_ingot_from_clibano_combusting
[04May2026 00:33:15.385] [Render thread/WARN] [net.minecraft.client.ClientRecipeBook/]: Unknown recipe category: [!!!com.mojang.logging.LogUtils$1ToString@70416cea=>java.lang.NullPointerException:Cannot invoke "Object.toString()" because the return value of "java.util.function.Supplier.get()" is null!!!]/simplefarming:wine
[04May2026 00:33:15.386] [Render thread/WARN] [net.minecraft.client.ClientRecipeBook/]: Unknown recipe category: forbidden_arcanus:clibano_combustion/forbidden_arcanus:clibano_combustion/arcane_crystal_from_clibano_combusting
[04May2026 00:33:15.386] [Render thread/WARN] [net.minecraft.client.ClientRecipeBook/]: Unknown recipe category: [!!!com.mojang.logging.LogUtils$1ToString@4999f997=>java.lang.NullPointerException:Cannot invoke "Object.toString()" because the return value of "java.util.function.Supplier.get()" is null!!!]/simplefarming:vodka
[04May2026 00:33:15.387] [Render thread/WARN] [net.minecraft.client.ClientRecipeBook/]: Unknown recipe category: forbidden_arcanus:clibano_combustion/forbidden_arcanus:clibano_combustion/deorum_nugget_from_clibano_combusting
[04May2026 00:33:15.388] [Render thread/WARN] [net.minecraft.client.ClientRecipeBook/]: Unknown recipe category: [!!!com.mojang.logging.LogUtils$1ToString@d301aae=>java.lang.NullPointerException:Cannot invoke "Object.toString()" because the return value of "java.util.function.Supplier.get()" is null!!!]/theabyss:frost_crystal_rcp
[04May2026 00:33:15.388] [Render thread/WARN] [net.minecraft.client.ClientRecipeBook/]: Unknown recipe category: [!!!com.mojang.logging.LogUtils$1ToString@5a499095=>java.lang.NullPointerException:Cannot invoke "Object.toString()" because the return value of "java.util.function.Supplier.get()" is null!!!]/theabyss:warped_powder_rcp
[04May2026 00:33:15.389] [Netty Client IO #4/INFO] [net.bettercombat.logic.WeaponRegistry/]: Decoded and decompressed Weapon Attribute registry in 2 string chunks
[04May2026 00:33:15.389] [Render thread/WARN] [net.minecraft.client.ClientRecipeBook/]: Unknown recipe category: apotheosis:fletching/apotheosis:fletching/obsidian_arrow
[04May2026 00:33:15.390] [Render thread/WARN] [net.minecraft.client.ClientRecipeBook/]: Unknown recipe category: [!!!com.mojang.logging.LogUtils$1ToString@2114810a=>java.lang.NullPointerException:Cannot invoke "Object.toString()" because the return value of "java.util.function.Supplier.get()" is null!!!]/theabyss:crimson_crystal_rcp
[04May2026 00:33:15.391] [Render thread/WARN] [net.minecraft.client.ClientRecipeBook/]: Unknown recipe category: [!!!com.mojang.logging.LogUtils$1ToString@27c791fe=>java.lang.NullPointerException:Cannot invoke "Object.toString()" because the return value of "java.util.function.Supplier.get()" is null!!!]/theabyss:ender_powder_rcp
[04May2026 00:33:15.391] [Render thread/WARN] [net.minecraft.client.ClientRecipeBook/]: Unknown recipe category: apotheosis:fletching/apotheosis:fletching/iron_mining_arrow
[04May2026 00:33:15.391] [Render thread/WARN] [net.minecraft.client.ClientRecipeBook/]: Unknown recipe category: deep_aether:poison_recipe/deep_aether:blueberry_from_poison
[04May2026 00:33:15.392] [Render thread/WARN] [net.minecraft.client.ClientRecipeBook/]: Unknown recipe category: apotheosis:fletching/apotheosis:fletching/broadhead_arrow
[04May2026 00:33:15.394] [Render thread/WARN] [net.minecraft.client.ClientRecipeBook/]: Unknown recipe category: [!!!com.mojang.logging.LogUtils$1ToString@2aaf0ac2=>java.lang.NullPointerException:Cannot invoke "Object.toString()" because the return value of "java.util.function.Supplier.get()" is null!!!]/theabyss:somnium_upgrade_regen_rcp
[04May2026 00:33:15.394] [Render thread/WARN] [net.minecraft.client.ClientRecipeBook/]: Unknown recipe category: forbidden_arcanus:clibano_combustion/forbidden_arcanus:clibano_combustion/lapis_lazuli_from_clibano_combusting
[04May2026 00:33:15.395] [Render thread/WARN] [net.minecraft.client.ClientRecipeBook/]: Unknown recipe category: cataclysm:weapon_fusion/cataclysm:weapon_infusion/gauntlet_of_bulwark
[04May2026 00:33:15.395] [Render thread/WARN] [net.minecraft.client.ClientRecipeBook/]: Unknown recipe category: [!!!com.mojang.logging.LogUtils$1ToString@3c74fa3a=>java.lang.NullPointerException:Cannot invoke "Object.toString()" because the return value of "java.util.function.Supplier.get()" is null!!!]/theabyss:aurel_powder_rcp
[04May2026 00:33:15.396] [Render thread/WARN] [net.minecraft.client.ClientRecipeBook/]: Unknown recipe category: [!!!com.mojang.logging.LogUtils$1ToString@39ed306f=>java.lang.NullPointerException:Cannot invoke "Object.toString()" because the return value of "java.util.function.Supplier.get()" is null!!!]/simplefarming:cider
[04May2026 00:33:15.397] [Render thread/WARN] [net.minecraft.client.ClientRecipeBook/]: Unknown recipe category: deep_aether:poison_recipe/deep_aether:holystone_from_poison
[04May2026 00:33:15.397] [Render thread/WARN] [net.minecraft.client.ClientRecipeBook/]: Unknown recipe category: [!!!com.mojang.logging.LogUtils$1ToString@223e0ecd=>java.lang.NullPointerException:Cannot invoke "Object.toString()" because the return value of "java.util.function.Supplier.get()" is null!!!]/theabyss:somnium_upgrade_damage_rcp
[04May2026 00:33:15.397] [Render thread/WARN] [net.minecraft.client.ClientRecipeBook/]: Unknown recipe category: [!!!com.mojang.logging.LogUtils$1ToString@7095e952=>java.lang.NullPointerException:Cannot invoke "Object.toString()" because the return value of "java.util.function.Supplier.get()" is null!!!]/simplefarming:beer
[04May2026 00:33:15.398] [Render thread/WARN] [net.minecraft.client.ClientRecipeBook/]: Unknown recipe category: apotheosis:fletching/apotheosis:fletching/arrow
[04May2026 00:33:15.399] [Render thread/WARN] [net.minecraft.client.ClientRecipeBook/]: Unknown recipe category: [!!!com.mojang.logging.LogUtils$1ToString@6bab6850=>java.lang.NullPointerException:Cannot invoke "Object.toString()" because the return value of "java.util.function.Supplier.get()" is null!!!]/simplefarming:whiskey
[04May2026 00:33:15.399] [Render thread/WARN] [net.minecraft.client.ClientRecipeBook/]: Unknown recipe category: [!!!com.mojang.logging.LogUtils$1ToString@3b155302=>java.lang.NullPointerException:Cannot invoke "Object.toString()" because the return value of "java.util.function.Supplier.get()" is null!!!]/theabyss:somnium_upgrade_cooldown_rcp
[04May2026 00:33:15.399] [Render thread/WARN] [net.minecraft.client.ClientRecipeBook/]: Unknown recipe category: apotheosis:fletching/apotheosis:fletching/diamond_mining_arrow
[04May2026 00:33:15.399] [Render thread/WARN] [net.minecraft.client.ClientRecipeBook/]: Unknown recipe category: [!!!com.mojang.logging.LogUtils$1ToString@698f7acb=>java.lang.NullPointerException:Cannot invoke "Object.toString()" because the return value of "java.util.function.Supplier.get()" is null!!!]/theabyss:warped_crystal_rcp
[04May2026 00:33:15.400] [Render thread/WARN] [net.minecraft.client.ClientRecipeBook/]: Unknown recipe category: [!!!com.mojang.logging.LogUtils$1ToString@368fc1d1=>java.lang.NullPointerException:Cannot invoke "Object.toString()" because the return value of "java.util.function.Supplier.get()" is null!!!]/theabyss:aurel_crystal_rcp
[04May2026 00:33:15.400] [Render thread/WARN] [net.minecraft.client.ClientRecipeBook/]: Unknown recipe category: deep_aether:poison_recipe/deep_aether:golden_dart_from_poison
[04May2026 00:33:15.401] [Render thread/WARN] [net.minecraft.client.ClientRecipeBook/]: Unknown recipe category: [!!!com.mojang.logging.LogUtils$1ToString@6d6c6b8=>java.lang.NullPointerException:Cannot invoke "Object.toString()" because the return value of "java.util.function.Supplier.get()" is null!!!]/theabyss:abyss_crystal_rcp
[04May2026 00:33:15.402] [Render thread/WARN] [net.minecraft.client.ClientRecipeBook/]: Unknown recipe category: brewinandchewin:fermenting/culturaldelights:fermenting/pickle
[04May2026 00:33:15.403] [Render thread/WARN] [net.minecraft.client.ClientRecipeBook/]: Unknown recipe category: cataclysm:weapon_fusion/cataclysm:weapon_infusion/brontes
[04May2026 00:33:15.404] [Render thread/WARN] [net.minecraft.client.ClientRecipeBook/]: Unknown recipe category: [!!!com.mojang.logging.LogUtils$1ToString@17ca1823=>java.lang.NullPointerException:Cannot invoke "Object.toString()" because the return value of "java.util.function.Supplier.get()" is null!!!]/theabyss:caverna_crystal_rcp
[04May2026 00:33:15.404] [Render thread/WARN] [net.minecraft.client.ClientRecipeBook/]: Unknown recipe category: forbidden_arcanus:clibano_combustion/forbidden_arcanus:clibano_combustion/arcane_crystal_dust_from_clibano_combusting
[04May2026 00:33:15.404] [Render thread/WARN] [net.minecraft.client.ClientRecipeBook/]: Unknown recipe category: cataclysm:weapon_fusion/cataclysm:weapon_infusion/gauntlet_of_maelstrom
[04May2026 00:33:15.405] [Render thread/WARN] [net.minecraft.client.ClientRecipeBook/]: Unknown recipe category: apotheosis:fletching/apotheosis:fletching/spectral_arrow
[04May2026 00:33:15.405] [Render thread/WARN] [net.minecraft.client.ClientRecipeBook/]: Unknown recipe category: deep_aether:poison_recipe/deep_aether:purple_squash_from_blue_squash
[04May2026 00:33:15.406] [Render thread/WARN] [net.minecraft.client.ClientRecipeBook/]: Unknown recipe category: [!!!com.mojang.logging.LogUtils$1ToString@5016133=>java.lang.NullPointerException:Cannot invoke "Object.toString()" because the return value of "java.util.function.Supplier.get()" is null!!!]/simplefarming:sake
[04May2026 00:33:15.408] [Render thread/WARN] [net.minecraft.client.ClientRecipeBook/]: Unknown recipe category: [!!!com.mojang.logging.LogUtils$1ToString@4dc8b90b=>java.lang.NullPointerException:Cannot invoke "Object.toString()" because the return value of "java.util.function.Supplier.get()" is null!!!]/simplefarming:tiswin
[04May2026 00:33:15.408] [Render thread/WARN] [net.minecraft.client.ClientRecipeBook/]: Unknown recipe category: cataclysm:weapon_fusion/cataclysm:weapon_infusion/void_assault_shoulder_weapon
[04May2026 00:33:15.410] [Render thread/WARN] [net.minecraft.client.ClientRecipeBook/]: Unknown recipe category: estrogen:entity_interaction/estrogen:entity_interaction/horse_urine_bottle
[04May2026 00:33:15.411] [Render thread/WARN] [net.minecraft.client.ClientRecipeBook/]: Unknown recipe category: [!!!com.mojang.logging.LogUtils$1ToString@7d1b450c=>java.lang.NullPointerException:Cannot invoke "Object.toString()" because the return value of "java.util.function.Supplier.get()" is null!!!]/simplefarming:cauim
[04May2026 00:33:15.411] [Render thread/WARN] [net.minecraft.client.ClientRecipeBook/]: Unknown recipe category: [!!!com.mojang.logging.LogUtils$1ToString@3a57518c=>java.lang.NullPointerException:Cannot invoke "Object.toString()" because the return value of "java.util.function.Supplier.get()" is null!!!]/theabyss:hollow_crystal_rcp
[04May2026 00:33:15.412] [Render thread/WARN] [net.minecraft.client.ClientRecipeBook/]: Unknown recipe category: [!!!com.mojang.logging.LogUtils$1ToString@34d1b70c=>java.lang.NullPointerException:Cannot invoke "Object.toString()" because the return value of "java.util.function.Supplier.get()" is null!!!]/theabyss:anti_infection_rcp
[04May2026 00:33:15.413] [Render thread/WARN] [net.minecraft.client.ClientRecipeBook/]: Unknown recipe category: [!!!com.mojang.logging.LogUtils$1ToString@3c59507c=>java.lang.NullPointerException:Cannot invoke "Object.toString()" because the return value of "java.util.function.Supplier.get()" is null!!!]/theabyss:fear_powder_rcp
[04May2026 00:33:15.414] [Render thread/WARN] [net.minecraft.client.ClientRecipeBook/]: Unknown recipe category: [!!!com.mojang.logging.LogUtils$1ToString@1b4d51de=>java.lang.NullPointerException:Cannot invoke "Object.toString()" because the return value of "java.util.function.Supplier.get()" is null!!!]/theabyss:ender_crystal_rcp
[04May2026 00:33:15.414] [Render thread/WARN] [net.minecraft.client.ClientRecipeBook/]: Unknown recipe category: forbidden_arcanus:clibano_combustion/forbidden_arcanus:clibano_combustion/emerald_from_clibano_combusting
[04May2026 00:33:15.419] [Render thread/INFO] [mezz.jei.forge.startup.StartEventObserver/]: JEI StartEventObserver received class net.minecraftforge.client.event.RecipesUpdatedEvent
[04May2026 00:33:15.749] [Render thread/INFO] [Modonomicon/]: Building books ...
[04May2026 00:33:15.754] [Render thread/INFO] [Modonomicon/]: Books built.
[04May2026 00:33:15.754] [Render thread/INFO] [Modonomicon/]: Pre-rendering markdown ...
[04May2026 00:33:15.773] [Render thread/INFO] [Modonomicon/]: Finished pre-rendering markdown.
[04May2026 00:33:15.905] [Render thread/INFO] [mezz.jei.forge.startup.StartEventObserver/]: JEI StartEventObserver received class net.minecraftforge.event.TagsUpdatedEvent
[04May2026 00:33:15.905] [Render thread/INFO] [mezz.jei.forge.startup.StartEventObserver/]: JEI StartEventObserver transitioning state from ENABLED to JEI_STARTED
[04May2026 00:33:15.905] [Render thread/INFO] [mezz.jei.core.util.LoggedTimer/]: Starting JEI...
[04May2026 00:33:15.905] [Render thread/INFO] [mezz.jei.library.load.PluginCaller/]: Registering item subtypes...
[04May2026 00:33:15.910] [Render thread/INFO] [mezz.jei.library.load.PluginCaller/]: Registering item subtypes took 4.312 ms
[04May2026 00:33:15.910] [Render thread/INFO] [mezz.jei.library.load.PluginCaller/]: Registering fluid subtypes...
[04May2026 00:33:15.910] [Render thread/INFO] [mezz.jei.library.load.PluginCaller/]: Registering fluid subtypes took 547.7 ?s
[04May2026 00:33:15.910] [Render thread/INFO] [mezz.jei.library.load.PluginCaller/]: Registering ingredients...
[04May2026 00:33:16.006] [Render thread/ERROR] [zeta/]: Creative tab loop found when adding Block{quark:monster_box} next to Block{minecraft:spawner}
[04May2026 00:33:16.006] [Render thread/ERROR] [zeta/]: For more info enable Creative Verbose Logging in the Zeta config, or set Force Creative Tab Appends to true to disable this behavior
[04May2026 00:33:16.006] [Render thread/ERROR] [zeta/]: Creative tab loop found when adding Block{quark:monster_box} next to Block{minecraft:spawner}
[04May2026 00:33:16.006] [Render thread/ERROR] [zeta/]: For more info enable Creative Verbose Logging in the Zeta config, or set Force Creative Tab Appends to true to disable this behavior
[04May2026 00:33:16.006] [Render thread/ERROR] [zeta/]: Creative tab loop found when adding Block{quark:monster_box} next to Block{minecraft:spawner}
[04May2026 00:33:16.006] [Render thread/ERROR] [zeta/]: For more info enable Creative Verbose Logging in the Zeta config, or set Force Creative Tab Appends to true to disable this behavior
[04May2026 00:33:16.006] [Render thread/ERROR] [zeta/]: Creative tab loop found when adding Block{quark:monster_box} next to Block{minecraft:spawner}
[04May2026 00:33:16.006] [Render thread/ERROR] [zeta/]: For more info enable Creative Verbose Logging in the Zeta config, or set Force Creative Tab Appends to true to disable this behavior
[04May2026 00:33:16.006] [Render thread/ERROR] [zeta/]: Creative tab loop found when adding Block{quark:monster_box} next to Block{minecraft:spawner}
[04May2026 00:33:16.006] [Render thread/ERROR] [zeta/]: For more info enable Creative Verbose Logging in the Zeta config, or set Force Creative Tab Appends to true to disable this behavior
[04May2026 00:33:16.006] [Render thread/ERROR] [zeta/]: Creative tab loop found when adding Block{quark:monster_box} next to Block{minecraft:spawner}
[04May2026 00:33:16.006] [Render thread/ERROR] [zeta/]: For more info enable Creative Verbose Logging in the Zeta config, or set Force Creative Tab Appends to true to disable this behavior
[04May2026 00:33:16.006] [Render thread/ERROR] [zeta/]: Creative tab loop found when adding Block{quark:monster_box} next to Block{minecraft:spawner}
[04May2026 00:33:16.006] [Render thread/ERROR] [zeta/]: For more info enable Creative Verbose Logging in the Zeta config, or set Force Creative Tab Appends to true to disable this behavior
[04May2026 00:33:16.006] [Render thread/ERROR] [zeta/]: Creative tab loop found when adding Block{quark:monster_box} next to Block{minecraft:spawner}
[04May2026 00:33:16.006] [Render thread/ERROR] [zeta/]: For more info enable Creative Verbose Logging in the Zeta config, or set Force Creative Tab Appends to true to disable this behavior
[04May2026 00:33:16.006] [Render thread/ERROR] [zeta/]: Creative tab loop found when adding Block{quark:monster_box} next to Block{minecraft:spawner}
[04May2026 00:33:16.006] [Render thread/ERROR] [zeta/]: For more info enable Creative Verbose Logging in the Zeta config, or set Force Creative Tab Appends to true to disable this behavior
[04May2026 00:33:16.006] [Render thread/ERROR] [zeta/]: Creative tab loop found when adding Block{quark:monster_box} next to Block{minecraft:spawner}
[04May2026 00:33:16.006] [Render thread/ERROR] [zeta/]: For more info enable Creative Verbose Logging in the Zeta config, or set Force Creative Tab Appends to true to disable this behavior
[04May2026 00:33:16.009] [Render thread/INFO] [STDERR/]: [org.violetmoon.zeta.registry.CreativeTabManager:buildContents:173]: java.lang.RuntimeException: Creative tab placement misses exceeded failsafe, aborting logic
[04May2026 00:33:16.009] [Render thread/INFO] [STDERR/]: [org.violetmoon.zeta.registry.CreativeTabManager:buildContents:173]: 	at TRANSFORMER/zeta@1.0-31/org.violetmoon.zeta.registry.CreativeTabManager.buildContents(CreativeTabManager.java:173)
[04May2026 00:33:16.009] [Render thread/INFO] [STDERR/]: [org.violetmoon.zeta.registry.CreativeTabManager:buildContents:173]: 	at MC-BOOTSTRAP/net.minecraftforge.eventbus/net.minecraftforge.eventbus.EventBus.doCastFilter(EventBus.java:260)
[04May2026 00:33:16.009] [Render thread/INFO] [STDERR/]: [org.violetmoon.zeta.registry.CreativeTabManager:buildContents:173]: 	at MC-BOOTSTRAP/net.minecraftforge.eventbus/net.minecraftforge.eventbus.EventBus.lambda$addListener$11(EventBus.java:252)
[04May2026 00:33:16.009] [Render thread/INFO] [STDERR/]: [org.violetmoon.zeta.registry.CreativeTabManager:buildContents:173]: 	at MC-BOOTSTRAP/net.minecraftforge.eventbus/net.minecraftforge.eventbus.EventBus.post(EventBus.java:315)
[04May2026 00:33:16.010] [Render thread/INFO] [STDERR/]: [org.violetmoon.zeta.registry.CreativeTabManager:buildContents:173]: 	at MC-BOOTSTRAP/net.minecraftforge.eventbus/net.minecraftforge.eventbus.EventBus.post(EventBus.java:296)
[04May2026 00:33:16.010] [Render thread/INFO] [STDERR/]: [org.violetmoon.zeta.registry.CreativeTabManager:buildContents:173]: 	at LAYER PLUGIN/javafmllanguage@1.20.1-47.4.6/net.minecraftforge.fml.javafmlmod.FMLModContainer.acceptEvent(FMLModContainer.java:121)
[04May2026 00:33:16.010] [Render thread/INFO] [STDERR/]: [org.violetmoon.zeta.registry.CreativeTabManager:buildContents:173]: 	at LAYER PLUGIN/fmlcore@1.20.1-47.4.6/net.minecraftforge.fml.ModLoader.lambda$postEvent$29(ModLoader.java:326)
[04May2026 00:33:16.010] [Render thread/INFO] [STDERR/]: [org.violetmoon.zeta.registry.CreativeTabManager:buildContents:173]: 	at java.base/java.lang.Iterable.forEach(Iterable.java:75)
[04May2026 00:33:16.010] [Render thread/INFO] [STDERR/]: [org.violetmoon.zeta.registry.CreativeTabManager:buildContents:173]: 	at LAYER PLUGIN/fmlcore@1.20.1-47.4.6/net.minecraftforge.fml.ModList.forEachModInOrder(ModList.java:227)
[04May2026 00:33:16.010] [Render thread/INFO] [STDERR/]: [org.violetmoon.zeta.registry.CreativeTabManager:buildContents:173]: 	at LAYER PLUGIN/fmlcore@1.20.1-47.4.6/net.minecraftforge.fml.ModLoader.postEvent(ModLoader.java:326)
[04May2026 00:33:16.010] [Render thread/INFO] [STDERR/]: [org.violetmoon.zeta.registry.CreativeTabManager:buildContents:173]: 	at TRANSFORMER/forge@47.4.6/net.minecraftforge.common.ForgeHooks.onCreativeModeTabBuildContents(ForgeHooks.java:1634)
[04May2026 00:33:16.010] [Render thread/INFO] [STDERR/]: [org.violetmoon.zeta.registry.CreativeTabManager:buildContents:173]: 	at TRANSFORMER/minecraft@1.20.1/net.minecraft.world.item.CreativeModeTab.m_269498_$mixinextras$wrapped$36(CreativeModeTab.java:129)
[04May2026 00:33:16.010] [Render thread/INFO] [STDERR/]: [org.violetmoon.zeta.registry.CreativeTabManager:buildContents:173]: 	at TRANSFORMER/minecraft@1.20.1/net.minecraft.world.item.CreativeModeTab.mixinextras$bridge$m_269498_$mixinextras$wrapped$36$37(CreativeModeTab.java)
[04May2026 00:33:16.010] [Render thread/INFO] [STDERR/]: [org.violetmoon.zeta.registry.CreativeTabManager:buildContents:173]: 	at TRANSFORMER/minecraft@1.20.1/net.minecraft.world.item.CreativeModeTab.wrapMethod$zhd000$modernfix$buildContentsIfChanged(CreativeModeTab.java:532)
[04May2026 00:33:16.010] [Render thread/INFO] [STDERR/]: [org.violetmoon.zeta.registry.CreativeTabManager:buildContents:173]: 	at TRANSFORMER/minecraft@1.20.1/net.minecraft.world.item.CreativeModeTab.m_269498_(CreativeModeTab.java)
[04May2026 00:33:16.010] [Render thread/INFO] [STDERR/]: [org.violetmoon.zeta.registry.CreativeTabManager:buildContents:173]: 	at TRANSFORMER/jei@15.20.0.129/mezz.jei.library.plugins.vanilla.ingredients.ItemStackListFactory.create(ItemStackListFactory.java:80)
[04May2026 00:33:16.010] [Render thread/INFO] [STDERR/]: [org.violetmoon.zeta.registry.CreativeTabManager:buildContents:173]: 	at TRANSFORMER/jei@15.20.0.129/mezz.jei.library.plugins.vanilla.VanillaPlugin.registerIngredients(VanillaPlugin.java:168)
[04May2026 00:33:16.010] [Render thread/INFO] [STDERR/]: [org.violetmoon.zeta.registry.CreativeTabManager:buildContents:173]: 	at TRANSFORMER/jei@15.20.0.129/mezz.jei.library.load.PluginLoader.lambda$registerIngredients$2(PluginLoader.java:79)
[04May2026 00:33:16.010] [Render thread/INFO] [STDERR/]: [org.violetmoon.zeta.registry.CreativeTabManager:buildContents:173]: 	at TRANSFORMER/jei@15.20.0.129/mezz.jei.library.load.PluginCaller.callOnPlugins(PluginCaller.java:25)
[04May2026 00:33:16.010] [Render thread/INFO] [STDERR/]: [org.violetmoon.zeta.registry.CreativeTabManager:buildContents:173]: 	at TRANSFORMER/jei@15.20.0.129/mezz.jei.library.load.PluginLoader.registerIngredients(PluginLoader.java:79)
[04May2026 00:33:16.010] [Render thread/INFO] [STDERR/]: [org.violetmoon.zeta.registry.CreativeTabManager:buildContents:173]: 	at TRANSFORMER/jei@15.20.0.129/mezz.jei.library.startup.JeiStarter.start(JeiStarter.java:106)
[04May2026 00:33:16.010] [Render thread/INFO] [STDERR/]: [org.violetmoon.zeta.registry.CreativeTabManager:buildContents:173]: 	at TRANSFORMER/jei@15.20.0.129/mezz.jei.forge.startup.StartEventObserver.transitionState(StartEventObserver.java:130)
[04May2026 00:33:16.010] [Render thread/INFO] [STDERR/]: [org.violetmoon.zeta.registry.CreativeTabManager:buildContents:173]: 	at TRANSFORMER/jei@15.20.0.129/mezz.jei.forge.startup.StartEventObserver.onEvent(StartEventObserver.java:98)
[04May2026 00:33:16.010] [Render thread/INFO] [STDERR/]: [org.violetmoon.zeta.registry.CreativeTabManager:buildContents:173]: 	at MC-BOOTSTRAP/net.minecraftforge.eventbus/net.minecraftforge.eventbus.EventBus.doCastFilter(EventBus.java:260)
[04May2026 00:33:16.010] [Render thread/INFO] [STDERR/]: [org.violetmoon.zeta.registry.CreativeTabManager:buildContents:173]: 	at MC-BOOTSTRAP/net.minecraftforge.eventbus/net.minecraftforge.eventbus.EventBus.lambda$addListener$11(EventBus.java:252)
[04May2026 00:33:16.010] [Render thread/INFO] [STDERR/]: [org.violetmoon.zeta.registry.CreativeTabManager:buildContents:173]: 	at MC-BOOTSTRAP/net.minecraftforge.eventbus/net.minecraftforge.eventbus.EventBus.post(EventBus.java:315)
[04May2026 00:33:16.010] [Render thread/INFO] [STDERR/]: [org.violetmoon.zeta.registry.CreativeTabManager:buildContents:173]: 	at MC-BOOTSTRAP/net.minecraftforge.eventbus/net.minecraftforge.eventbus.EventBus.post(EventBus.java:296)
[04May2026 00:33:16.010] [Render thread/INFO] [STDERR/]: [org.violetmoon.zeta.registry.CreativeTabManager:buildContents:173]: 	at TRANSFORMER/minecraft@1.20.1/net.minecraft.client.multiplayer.ClientPacketListener.m_5859_(ClientPacketListener.java:1451)
[04May2026 00:33:16.011] [Render thread/INFO] [STDERR/]: [org.violetmoon.zeta.registry.CreativeTabManager:buildContents:173]: 	at TRANSFORMER/minecraft@1.20.1/net.minecraft.network.protocol.game.ClientboundUpdateTagsPacket.m_5797_(ClientboundUpdateTagsPacket.java:35)
[04May2026 00:33:16.011] [Render thread/INFO] [STDERR/]: [org.violetmoon.zeta.registry.CreativeTabManager:buildContents:173]: 	at TRANSFORMER/minecraft@1.20.1/net.minecraft.network.protocol.game.ClientboundUpdateTagsPacket.m_5797_(ClientboundUpdateTagsPacket.java:11)
[04May2026 00:33:16.011] [Render thread/INFO] [STDERR/]: [org.violetmoon.zeta.registry.CreativeTabManager:buildContents:173]: 	at TRANSFORMER/minecraft@1.20.1/net.minecraft.network.protocol.PacketUtils.m_263899_(PacketUtils.java:22)
[04May2026 00:33:16.011] [Render thread/INFO] [STDERR/]: [org.violetmoon.zeta.registry.CreativeTabManager:buildContents:173]: 	at TRANSFORMER/minecraft@1.20.1/net.minecraft.util.thread.BlockableEventLoop.m_6367_(BlockableEventLoop.java:156)
[04May2026 00:33:16.011] [Render thread/INFO] [STDERR/]: [org.violetmoon.zeta.registry.CreativeTabManager:buildContents:173]: 	at TRANSFORMER/minecraft@1.20.1/net.minecraft.util.thread.ReentrantBlockableEventLoop.m_6367_(ReentrantBlockableEventLoop.java:23)
[04May2026 00:33:16.011] [Render thread/INFO] [STDERR/]: [org.violetmoon.zeta.registry.CreativeTabManager:buildContents:173]: 	at TRANSFORMER/minecraft@1.20.1/net.minecraft.util.thread.BlockableEventLoop.m_7245_(BlockableEventLoop.java:130)
[04May2026 00:33:16.011] [Render thread/INFO] [STDERR/]: [org.violetmoon.zeta.registry.CreativeTabManager:buildContents:173]: 	at TRANSFORMER/minecraft@1.20.1/net.minecraft.util.thread.BlockableEventLoop.m_18699_(BlockableEventLoop.java:115)
[04May2026 00:33:16.011] [Render thread/INFO] [STDERR/]: [org.violetmoon.zeta.registry.CreativeTabManager:buildContents:173]: 	at TRANSFORMER/minecraft@1.20.1/net.minecraft.client.Minecraft.m_91383_(Minecraft.java:1106)
[04May2026 00:33:16.011] [Render thread/INFO] [STDERR/]: [org.violetmoon.zeta.registry.CreativeTabManager:buildContents:173]: 	at TRANSFORMER/minecraft@1.20.1/net.minecraft.client.Minecraft.m_91374_(Minecraft.java:718)
[04May2026 00:33:16.011] [Render thread/INFO] [STDERR/]: [org.violetmoon.zeta.registry.CreativeTabManager:buildContents:173]: 	at TRANSFORMER/minecraft@1.20.1/net.minecraft.client.main.Main.main(Main.java:218)
[04May2026 00:33:16.011] [Render thread/INFO] [STDERR/]: [org.violetmoon.zeta.registry.CreativeTabManager:buildContents:173]: 	at java.base/jdk.internal.reflect.NativeMethodAccessorImpl.invoke0(Native Method)
[04May2026 00:33:16.011] [Render thread/INFO] [STDERR/]: [org.violetmoon.zeta.registry.CreativeTabManager:buildContents:173]: 	at java.base/jdk.internal.reflect.NativeMethodAccessorImpl.invoke(NativeMethodAccessorImpl.java:77)
[04May2026 00:33:16.011] [Render thread/INFO] [STDERR/]: [org.violetmoon.zeta.registry.CreativeTabManager:buildContents:173]: 	at java.base/jdk.internal.reflect.DelegatingMethodAccessorImpl.invoke(DelegatingMethodAccessorImpl.java:43)
[04May2026 00:33:16.011] [Render thread/INFO] [STDERR/]: [org.violetmoon.zeta.registry.CreativeTabManager:buildContents:173]: 	at java.base/java.lang.reflect.Method.invoke(Method.java:568)
[04May2026 00:33:16.011] [Render thread/INFO] [STDERR/]: [org.violetmoon.zeta.registry.CreativeTabManager:buildContents:173]: 	at MC-BOOTSTRAP/fmlloader@1.20.1-47.4.6/net.minecraftforge.fml.loading.targets.CommonLaunchHandler.runTarget(CommonLaunchHandler.java:111)
[04May2026 00:33:16.011] [Render thread/INFO] [STDERR/]: [org.violetmoon.zeta.registry.CreativeTabManager:buildContents:173]: 	at MC-BOOTSTRAP/fmlloader@1.20.1-47.4.6/net.minecraftforge.fml.loading.targets.CommonLaunchHandler.clientService(CommonLaunchHandler.java:99)
[04May2026 00:33:16.012] [Render thread/INFO] [STDERR/]: [org.violetmoon.zeta.registry.CreativeTabManager:buildContents:173]: 	at MC-BOOTSTRAP/fmlloader@1.20.1-47.4.6/net.minecraftforge.fml.loading.targets.CommonClientLaunchHandler.lambda$makeService$0(CommonClientLaunchHandler.java:25)
[04May2026 00:33:16.012] [Render thread/INFO] [STDERR/]: [org.violetmoon.zeta.registry.CreativeTabManager:buildContents:173]: 	at MC-BOOTSTRAP/cpw.mods.modlauncher@10.0.9/cpw.mods.modlauncher.LaunchServiceHandlerDecorator.launch(LaunchServiceHandlerDecorator.java:30)
[04May2026 00:33:16.012] [Render thread/INFO] [STDERR/]: [org.violetmoon.zeta.registry.CreativeTabManager:buildContents:173]: 	at MC-BOOTSTRAP/cpw.mods.modlauncher@10.0.9/cpw.mods.modlauncher.LaunchServiceHandler.launch(LaunchServiceHandler.java:53)
[04May2026 00:33:16.012] [Render thread/INFO] [STDERR/]: [org.violetmoon.zeta.registry.CreativeTabManager:buildContents:173]: 	at MC-BOOTSTRAP/cpw.mods.modlauncher@10.0.9/cpw.mods.modlauncher.LaunchServiceHandler.launch(LaunchServiceHandler.java:71)
[04May2026 00:33:16.012] [Render thread/INFO] [STDERR/]: [org.violetmoon.zeta.registry.CreativeTabManager:buildContents:173]: 	at MC-BOOTSTRAP/cpw.mods.modlauncher@10.0.9/cpw.mods.modlauncher.Launcher.run(Launcher.java:108)
[04May2026 00:33:16.012] [Render thread/INFO] [STDERR/]: [org.violetmoon.zeta.registry.CreativeTabManager:buildContents:173]: 	at MC-BOOTSTRAP/cpw.mods.modlauncher@10.0.9/cpw.mods.modlauncher.Launcher.main(Launcher.java:78)
[04May2026 00:33:16.012] [Render thread/INFO] [STDERR/]: [org.violetmoon.zeta.registry.CreativeTabManager:buildContents:173]: 	at MC-BOOTSTRAP/cpw.mods.modlauncher@10.0.9/cpw.mods.modlauncher.BootstrapLaunchConsumer.accept(BootstrapLaunchConsumer.java:26)
[04May2026 00:33:16.012] [Render thread/INFO] [STDERR/]: [org.violetmoon.zeta.registry.CreativeTabManager:buildContents:173]: 	at MC-BOOTSTRAP/cpw.mods.modlauncher@10.0.9/cpw.mods.modlauncher.BootstrapLaunchConsumer.accept(BootstrapLaunchConsumer.java:23)
[04May2026 00:33:16.012] [Render thread/INFO] [STDERR/]: [org.violetmoon.zeta.registry.CreativeTabManager:buildContents:173]: 	at cpw.mods.bootstraplauncher@1.1.2/cpw.mods.bootstraplauncher.BootstrapLauncher.main(BootstrapLauncher.java:141)
[04May2026 00:33:16.012] [Render thread/INFO] [STDERR/]: [org.violetmoon.zeta.registry.CreativeTabManager:buildContents:173]: 	at java.base/jdk.internal.reflect.NativeMethodAccessorImpl.invoke0(Native Method)
[04May2026 00:33:16.012] [Render thread/INFO] [STDERR/]: [org.violetmoon.zeta.registry.CreativeTabManager:buildContents:173]: 	at java.base/jdk.internal.reflect.NativeMethodAccessorImpl.invoke(NativeMethodAccessorImpl.java:77)
[04May2026 00:33:16.012] [Render thread/INFO] [STDERR/]: [org.violetmoon.zeta.registry.CreativeTabManager:buildContents:173]: 	at java.base/jdk.internal.reflect.DelegatingMethodAccessorImpl.invoke(DelegatingMethodAccessorImpl.java:43)
[04May2026 00:33:16.012] [Render thread/INFO] [STDERR/]: [org.violetmoon.zeta.registry.CreativeTabManager:buildContents:173]: 	at java.base/java.lang.reflect.Method.invoke(Method.java:568)
[04May2026 00:33:16.012] [Render thread/INFO] [STDERR/]: [org.violetmoon.zeta.registry.CreativeTabManager:buildContents:173]: 	at io.github.zekerzhayard.forgewrapper.installer.Main.main(Main.java:67)
[04May2026 00:33:16.012] [Render thread/INFO] [STDERR/]: [org.violetmoon.zeta.registry.CreativeTabManager:buildContents:173]: 	at org.prismlauncher.launcher.impl.StandardLauncher.launch(StandardLauncher.java:115)
[04May2026 00:33:16.012] [Render thread/INFO] [STDERR/]: [org.violetmoon.zeta.registry.CreativeTabManager:buildContents:173]: 	at org.prismlauncher.EntryPoint.listen(EntryPoint.java:129)
[04May2026 00:33:16.012] [Render thread/INFO] [STDERR/]: [org.violetmoon.zeta.registry.CreativeTabManager:buildContents:173]: 	at org.prismlauncher.EntryPoint.main(EntryPoint.java:70)
[04May2026 00:33:16.013] [Render thread/ERROR] [zeta/]: Creative tab loop found when adding Block{quark:monster_box} next to Block{minecraft:spawner}
[04May2026 00:33:16.013] [Render thread/ERROR] [zeta/]: For more info enable Creative Verbose Logging in the Zeta config, or set Force Creative Tab Appends to true to disable this behavior
[04May2026 00:33:16.013] [Render thread/ERROR] [zeta/]: Creative tab loop found when adding Block{quark:monster_box} next to Block{minecraft:spawner}
[04May2026 00:33:16.013] [Render thread/ERROR] [zeta/]: For more info enable Creative Verbose Logging in the Zeta config, or set Force Creative Tab Appends to true to disable this behavior
[04May2026 00:33:16.013] [Render thread/ERROR] [zeta/]: Creative tab loop found when adding Block{quark:monster_box} next to Block{minecraft:spawner}
[04May2026 00:33:16.013] [Render thread/ERROR] [zeta/]: For more info enable Creative Verbose Logging in the Zeta config, or set Force Creative Tab Appends to true to disable this behavior
[04May2026 00:33:16.013] [Render thread/ERROR] [zeta/]: Creative tab loop found when adding Block{quark:monster_box} next to Block{minecraft:spawner}
[04May2026 00:33:16.013] [Render thread/ERROR] [zeta/]: For more info enable Creative Verbose Logging in the Zeta config, or set Force Creative Tab Appends to true to disable this behavior
[04May2026 00:33:16.013] [Render thread/ERROR] [zeta/]: Creative tab loop found when adding Block{quark:monster_box} next to Block{minecraft:spawner}
[04May2026 00:33:16.013] [Render thread/ERROR] [zeta/]: For more info enable Creative Verbose Logging in the Zeta config, or set Force Creative Tab Appends to true to disable this behavior
[04May2026 00:33:16.013] [Render thread/ERROR] [zeta/]: Creative tab loop found when adding Block{quark:monster_box} next to Block{minecraft:spawner}
[04May2026 00:33:16.013] [Render thread/ERROR] [zeta/]: For more info enable Creative Verbose Logging in the Zeta config, or set Force Creative Tab Appends to true to disable this behavior
[04May2026 00:33:16.013] [Render thread/ERROR] [zeta/]: Creative tab loop found when adding Block{quark:monster_box} next to Block{minecraft:spawner}
[04May2026 00:33:16.013] [Render thread/ERROR] [zeta/]: For more info enable Creative Verbose Logging in the Zeta config, or set Force Creative Tab Appends to true to disable this behavior
[04May2026 00:33:16.014] [Render thread/ERROR] [zeta/]: Creative tab loop found when adding Block{quark:monster_box} next to Block{minecraft:spawner}
[04May2026 00:33:16.014] [Render thread/ERROR] [zeta/]: For more info enable Creative Verbose Logging in the Zeta config, or set Force Creative Tab Appends to true to disable this behavior
[04May2026 00:33:16.014] [Render thread/ERROR] [zeta/]: Creative tab loop found when adding Block{quark:monster_box} next to Block{minecraft:spawner}
[04May2026 00:33:16.014] [Render thread/ERROR] [zeta/]: For more info enable Creative Verbose Logging in the Zeta config, or set Force Creative Tab Appends to true to disable this behavior
[04May2026 00:33:16.014] [Render thread/ERROR] [zeta/]: Creative tab loop found when adding Block{quark:monster_box} next to Block{minecraft:spawner}
[04May2026 00:33:16.014] [Render thread/ERROR] [zeta/]: For more info enable Creative Verbose Logging in the Zeta config, or set Force Creative Tab Appends to true to disable this behavior
[04May2026 00:33:16.014] [Render thread/INFO] [STDERR/]: [org.violetmoon.zeta.registry.CreativeTabManager:buildContents:173]: java.lang.RuntimeException: Creative tab placement misses exceeded failsafe, aborting logic
[04May2026 00:33:16.014] [Render thread/INFO] [STDERR/]: [org.violetmoon.zeta.registry.CreativeTabManager:buildContents:173]: 	at TRANSFORMER/zeta@1.0-31/org.violetmoon.zeta.registry.CreativeTabManager.buildContents(CreativeTabManager.java:173)
[04May2026 00:33:16.014] [Render thread/INFO] [STDERR/]: [org.violetmoon.zeta.registry.CreativeTabManager:buildContents:173]: 	at MC-BOOTSTRAP/net.minecraftforge.eventbus/net.minecraftforge.eventbus.EventBus.doCastFilter(EventBus.java:260)
[04May2026 00:33:16.014] [Render thread/INFO] [STDERR/]: [org.violetmoon.zeta.registry.CreativeTabManager:buildContents:173]: 	at MC-BOOTSTRAP/net.minecraftforge.eventbus/net.minecraftforge.eventbus.EventBus.lambda$addListener$11(EventBus.java:252)
[04May2026 00:33:16.014] [Render thread/INFO] [STDERR/]: [org.violetmoon.zeta.registry.CreativeTabManager:buildContents:173]: 	at MC-BOOTSTRAP/net.minecraftforge.eventbus/net.minecraftforge.eventbus.EventBus.post(EventBus.java:315)
[04May2026 00:33:16.014] [Render thread/INFO] [STDERR/]: [org.violetmoon.zeta.registry.CreativeTabManager:buildContents:173]: 	at MC-BOOTSTRAP/net.minecraftforge.eventbus/net.minecraftforge.eventbus.EventBus.post(EventBus.java:296)
[04May2026 00:33:16.014] [Render thread/INFO] [STDERR/]: [org.violetmoon.zeta.registry.CreativeTabManager:buildContents:173]: 	at LAYER PLUGIN/javafmllanguage@1.20.1-47.4.6/net.minecraftforge.fml.javafmlmod.FMLModContainer.acceptEvent(FMLModContainer.java:121)
[04May2026 00:33:16.014] [Render thread/INFO] [STDERR/]: [org.violetmoon.zeta.registry.CreativeTabManager:buildContents:173]: 	at LAYER PLUGIN/fmlcore@1.20.1-47.4.6/net.minecraftforge.fml.ModLoader.lambda$postEvent$29(ModLoader.java:326)
[04May2026 00:33:16.014] [Render thread/INFO] [STDERR/]: [org.violetmoon.zeta.registry.CreativeTabManager:buildContents:173]: 	at java.base/java.lang.Iterable.forEach(Iterable.java:75)
[04May2026 00:33:16.014] [Render thread/INFO] [STDERR/]: [org.violetmoon.zeta.registry.CreativeTabManager:buildContents:173]: 	at LAYER PLUGIN/fmlcore@1.20.1-47.4.6/net.minecraftforge.fml.ModList.forEachModInOrder(ModList.java:227)
[04May2026 00:33:16.014] [Render thread/INFO] [STDERR/]: [org.violetmoon.zeta.registry.CreativeTabManager:buildContents:173]: 	at LAYER PLUGIN/fmlcore@1.20.1-47.4.6/net.minecraftforge.fml.ModLoader.postEvent(ModLoader.java:326)
[04May2026 00:33:16.014] [Render thread/INFO] [STDERR/]: [org.violetmoon.zeta.registry.CreativeTabManager:buildContents:173]: 	at TRANSFORMER/forge@47.4.6/net.minecraftforge.common.ForgeHooks.onCreativeModeTabBuildContents(ForgeHooks.java:1634)
[04May2026 00:33:16.014] [Render thread/INFO] [STDERR/]: [org.violetmoon.zeta.registry.CreativeTabManager:buildContents:173]: 	at TRANSFORMER/minecraft@1.20.1/net.minecraft.world.item.CreativeModeTab.m_269498_$mixinextras$wrapped$36(CreativeModeTab.java:129)
[04May2026 00:33:16.014] [Render thread/INFO] [STDERR/]: [org.violetmoon.zeta.registry.CreativeTabManager:buildContents:173]: 	at TRANSFORMER/minecraft@1.20.1/net.minecraft.world.item.CreativeModeTab.mixinextras$bridge$m_269498_$mixinextras$wrapped$36$37(CreativeModeTab.java)
[04May2026 00:33:16.014] [Render thread/INFO] [STDERR/]: [org.violetmoon.zeta.registry.CreativeTabManager:buildContents:173]: 	at TRANSFORMER/minecraft@1.20.1/net.minecraft.world.item.CreativeModeTab.wrapMethod$zhd000$modernfix$buildContentsIfChanged(CreativeModeTab.java:532)
[04May2026 00:33:16.014] [Render thread/INFO] [STDERR/]: [org.violetmoon.zeta.registry.CreativeTabManager:buildContents:173]: 	at TRANSFORMER/minecraft@1.20.1/net.minecraft.world.item.CreativeModeTab.m_269498_(CreativeModeTab.java)
[04May2026 00:33:16.014] [Render thread/INFO] [STDERR/]: [org.violetmoon.zeta.registry.CreativeTabManager:buildContents:173]: 	at TRANSFORMER/jei@15.20.0.129/mezz.jei.library.plugins.vanilla.ingredients.ItemStackListFactory.create(ItemStackListFactory.java:80)
[04May2026 00:33:16.014] [Render thread/INFO] [STDERR/]: [org.violetmoon.zeta.registry.CreativeTabManager:buildContents:173]: 	at TRANSFORMER/jei@15.20.0.129/mezz.jei.library.plugins.vanilla.VanillaPlugin.registerIngredients(VanillaPlugin.java:168)
[04May2026 00:33:16.014] [Render thread/INFO] [STDERR/]: [org.violetmoon.zeta.registry.CreativeTabManager:buildContents:173]: 	at TRANSFORMER/jei@15.20.0.129/mezz.jei.library.load.PluginLoader.lambda$registerIngredients$2(PluginLoader.java:79)
[04May2026 00:33:16.014] [Render thread/INFO] [STDERR/]: [org.violetmoon.zeta.registry.CreativeTabManager:buildContents:173]: 	at TRANSFORMER/jei@15.20.0.129/mezz.jei.library.load.PluginCaller.callOnPlugins(PluginCaller.java:25)
[04May2026 00:33:16.014] [Render thread/INFO] [STDERR/]: [org.violetmoon.zeta.registry.CreativeTabManager:buildContents:173]: 	at TRANSFORMER/jei@15.20.0.129/mezz.jei.library.load.PluginLoader.registerIngredients(PluginLoader.java:79)
[04May2026 00:33:16.014] [Render thread/INFO] [STDERR/]: [org.violetmoon.zeta.registry.CreativeTabManager:buildContents:173]: 	at TRANSFORMER/jei@15.20.0.129/mezz.jei.library.startup.JeiStarter.start(JeiStarter.java:106)
[04May2026 00:33:16.015] [Render thread/INFO] [STDERR/]: [org.violetmoon.zeta.registry.CreativeTabManager:buildContents:173]: 	at TRANSFORMER/jei@15.20.0.129/mezz.jei.forge.startup.StartEventObserver.transitionState(StartEventObserver.java:130)
[04May2026 00:33:16.015] [Render thread/INFO] [STDERR/]: [org.violetmoon.zeta.registry.CreativeTabManager:buildContents:173]: 	at TRANSFORMER/jei@15.20.0.129/mezz.jei.forge.startup.StartEventObserver.onEvent(StartEventObserver.java:98)
[04May2026 00:33:16.015] [Render thread/INFO] [STDERR/]: [org.violetmoon.zeta.registry.CreativeTabManager:buildContents:173]: 	at MC-BOOTSTRAP/net.minecraftforge.eventbus/net.minecraftforge.eventbus.EventBus.doCastFilter(EventBus.java:260)
[04May2026 00:33:16.015] [Render thread/INFO] [STDERR/]: [org.violetmoon.zeta.registry.CreativeTabManager:buildContents:173]: 	at MC-BOOTSTRAP/net.minecraftforge.eventbus/net.minecraftforge.eventbus.EventBus.lambda$addListener$11(EventBus.java:252)
[04May2026 00:33:16.015] [Render thread/INFO] [STDERR/]: [org.violetmoon.zeta.registry.CreativeTabManager:buildContents:173]: 	at MC-BOOTSTRAP/net.minecraftforge.eventbus/net.minecraftforge.eventbus.EventBus.post(EventBus.java:315)
[04May2026 00:33:16.015] [Render thread/INFO] [STDERR/]: [org.violetmoon.zeta.registry.CreativeTabManager:buildContents:173]: 	at MC-BOOTSTRAP/net.minecraftforge.eventbus/net.minecraftforge.eventbus.EventBus.post(EventBus.java:296)
[04May2026 00:33:16.015] [Render thread/INFO] [STDERR/]: [org.violetmoon.zeta.registry.CreativeTabManager:buildContents:173]: 	at TRANSFORMER/minecraft@1.20.1/net.minecraft.client.multiplayer.ClientPacketListener.m_5859_(ClientPacketListener.java:1451)
[04May2026 00:33:16.015] [Render thread/INFO] [STDERR/]: [org.violetmoon.zeta.registry.CreativeTabManager:buildContents:173]: 	at TRANSFORMER/minecraft@1.20.1/net.minecraft.network.protocol.game.ClientboundUpdateTagsPacket.m_5797_(ClientboundUpdateTagsPacket.java:35)
[04May2026 00:33:16.015] [Render thread/INFO] [STDERR/]: [org.violetmoon.zeta.registry.CreativeTabManager:buildContents:173]: 	at TRANSFORMER/minecraft@1.20.1/net.minecraft.network.protocol.game.ClientboundUpdateTagsPacket.m_5797_(ClientboundUpdateTagsPacket.java:11)
[04May2026 00:33:16.015] [Render thread/INFO] [STDERR/]: [org.violetmoon.zeta.registry.CreativeTabManager:buildContents:173]: 	at TRANSFORMER/minecraft@1.20.1/net.minecraft.network.protocol.PacketUtils.m_263899_(PacketUtils.java:22)
[04May2026 00:33:16.015] [Render thread/INFO] [STDERR/]: [org.violetmoon.zeta.registry.CreativeTabManager:buildContents:173]: 	at TRANSFORMER/minecraft@1.20.1/net.minecraft.util.thread.BlockableEventLoop.m_6367_(BlockableEventLoop.java:156)
[04May2026 00:33:16.015] [Render thread/INFO] [STDERR/]: [org.violetmoon.zeta.registry.CreativeTabManager:buildContents:173]: 	at TRANSFORMER/minecraft@1.20.1/net.minecraft.util.thread.ReentrantBlockableEventLoop.m_6367_(ReentrantBlockableEventLoop.java:23)
[04May2026 00:33:16.015] [Render thread/INFO] [STDERR/]: [org.violetmoon.zeta.registry.CreativeTabManager:buildContents:173]: 	at TRANSFORMER/minecraft@1.20.1/net.minecraft.util.thread.BlockableEventLoop.m_7245_(BlockableEventLoop.java:130)
[04May2026 00:33:16.015] [Render thread/INFO] [STDERR/]: [org.violetmoon.zeta.registry.CreativeTabManager:buildContents:173]: 	at TRANSFORMER/minecraft@1.20.1/net.minecraft.util.thread.BlockableEventLoop.m_18699_(BlockableEventLoop.java:115)
[04May2026 00:33:16.015] [Render thread/INFO] [STDERR/]: [org.violetmoon.zeta.registry.CreativeTabManager:buildContents:173]: 	at TRANSFORMER/minecraft@1.20.1/net.minecraft.client.Minecraft.m_91383_(Minecraft.java:1106)
[04May2026 00:33:16.015] [Render thread/INFO] [STDERR/]: [org.violetmoon.zeta.registry.CreativeTabManager:buildContents:173]: 	at TRANSFORMER/minecraft@1.20.1/net.minecraft.client.Minecraft.m_91374_(Minecraft.java:718)
[04May2026 00:33:16.015] [Render thread/INFO] [STDERR/]: [org.violetmoon.zeta.registry.CreativeTabManager:buildContents:173]: 	at TRANSFORMER/minecraft@1.20.1/net.minecraft.client.main.Main.main(Main.java:218)
[04May2026 00:33:16.015] [Render thread/INFO] [STDERR/]: [org.violetmoon.zeta.registry.CreativeTabManager:buildContents:173]: 	at java.base/jdk.internal.reflect.NativeMethodAccessorImpl.invoke0(Native Method)
[04May2026 00:33:16.015] [Render thread/INFO] [STDERR/]: [org.violetmoon.zeta.registry.CreativeTabManager:buildContents:173]: 	at java.base/jdk.internal.reflect.NativeMethodAccessorImpl.invoke(NativeMethodAccessorImpl.java:77)
[04May2026 00:33:16.015] [Render thread/INFO] [STDERR/]: [org.violetmoon.zeta.registry.CreativeTabManager:buildContents:173]: 	at java.base/jdk.internal.reflect.DelegatingMethodAccessorImpl.invoke(DelegatingMethodAccessorImpl.java:43)
[04May2026 00:33:16.015] [Render thread/INFO] [STDERR/]: [org.violetmoon.zeta.registry.CreativeTabManager:buildContents:173]: 	at java.base/java.lang.reflect.Method.invoke(Method.java:568)
[04May2026 00:33:16.015] [Render thread/INFO] [STDERR/]: [org.violetmoon.zeta.registry.CreativeTabManager:buildContents:173]: 	at MC-BOOTSTRAP/fmlloader@1.20.1-47.4.6/net.minecraftforge.fml.loading.targets.CommonLaunchHandler.runTarget(CommonLaunchHandler.java:111)
[04May2026 00:33:16.015] [Render thread/INFO] [STDERR/]: [org.violetmoon.zeta.registry.CreativeTabManager:buildContents:173]: 	at MC-BOOTSTRAP/fmlloader@1.20.1-47.4.6/net.minecraftforge.fml.loading.targets.CommonLaunchHandler.clientService(CommonLaunchHandler.java:99)
[04May2026 00:33:16.015] [Render thread/INFO] [STDERR/]: [org.violetmoon.zeta.registry.CreativeTabManager:buildContents:173]: 	at MC-BOOTSTRAP/fmlloader@1.20.1-47.4.6/net.minecraftforge.fml.loading.targets.CommonClientLaunchHandler.lambda$makeService$0(CommonClientLaunchHandler.java:25)
[04May2026 00:33:16.015] [Render thread/INFO] [STDERR/]: [org.violetmoon.zeta.registry.CreativeTabManager:buildContents:173]: 	at MC-BOOTSTRAP/cpw.mods.modlauncher@10.0.9/cpw.mods.modlauncher.LaunchServiceHandlerDecorator.launch(LaunchServiceHandlerDecorator.java:30)
[04May2026 00:33:16.015] [Render thread/INFO] [STDERR/]: [org.violetmoon.zeta.registry.CreativeTabManager:buildContents:173]: 	at MC-BOOTSTRAP/cpw.mods.modlauncher@10.0.9/cpw.mods.modlauncher.LaunchServiceHandler.launch(LaunchServiceHandler.java:53)
[04May2026 00:33:16.015] [Render thread/INFO] [STDERR/]: [org.violetmoon.zeta.registry.CreativeTabManager:buildContents:173]: 	at MC-BOOTSTRAP/cpw.mods.modlauncher@10.0.9/cpw.mods.modlauncher.LaunchServiceHandler.launch(LaunchServiceHandler.java:71)
[04May2026 00:33:16.016] [Render thread/INFO] [STDERR/]: [org.violetmoon.zeta.registry.CreativeTabManager:buildContents:173]: 	at MC-BOOTSTRAP/cpw.mods.modlauncher@10.0.9/cpw.mods.modlauncher.Launcher.run(Launcher.java:108)
[04May2026 00:33:16.016] [Render thread/INFO] [STDERR/]: [org.violetmoon.zeta.registry.CreativeTabManager:buildContents:173]: 	at MC-BOOTSTRAP/cpw.mods.modlauncher@10.0.9/cpw.mods.modlauncher.Launcher.main(Launcher.java:78)
[04May2026 00:33:16.016] [Render thread/INFO] [STDERR/]: [org.violetmoon.zeta.registry.CreativeTabManager:buildContents:173]: 	at MC-BOOTSTRAP/cpw.mods.modlauncher@10.0.9/cpw.mods.modlauncher.BootstrapLaunchConsumer.accept(BootstrapLaunchConsumer.java:26)
[04May2026 00:33:16.016] [Render thread/INFO] [STDERR/]: [org.violetmoon.zeta.registry.CreativeTabManager:buildContents:173]: 	at MC-BOOTSTRAP/cpw.mods.modlauncher@10.0.9/cpw.mods.modlauncher.BootstrapLaunchConsumer.accept(BootstrapLaunchConsumer.java:23)
[04May2026 00:33:16.016] [Render thread/INFO] [STDERR/]: [org.violetmoon.zeta.registry.CreativeTabManager:buildContents:173]: 	at cpw.mods.bootstraplauncher@1.1.2/cpw.mods.bootstraplauncher.BootstrapLauncher.main(BootstrapLauncher.java:141)
[04May2026 00:33:16.016] [Render thread/INFO] [STDERR/]: [org.violetmoon.zeta.registry.CreativeTabManager:buildContents:173]: 	at java.base/jdk.internal.reflect.NativeMethodAccessorImpl.invoke0(Native Method)
[04May2026 00:33:16.016] [Render thread/INFO] [STDERR/]: [org.violetmoon.zeta.registry.CreativeTabManager:buildContents:173]: 	at java.base/jdk.internal.reflect.NativeMethodAccessorImpl.invoke(NativeMethodAccessorImpl.java:77)
[04May2026 00:33:16.016] [Render thread/INFO] [STDERR/]: [org.violetmoon.zeta.registry.CreativeTabManager:buildContents:173]: 	at java.base/jdk.internal.reflect.DelegatingMethodAccessorImpl.invoke(DelegatingMethodAccessorImpl.java:43)
[04May2026 00:33:16.016] [Render thread/INFO] [STDERR/]: [org.violetmoon.zeta.registry.CreativeTabManager:buildContents:173]: 	at java.base/java.lang.reflect.Method.invoke(Method.java:568)
[04May2026 00:33:16.016] [Render thread/INFO] [STDERR/]: [org.violetmoon.zeta.registry.CreativeTabManager:buildContents:173]: 	at io.github.zekerzhayard.forgewrapper.installer.Main.main(Main.java:67)
[04May2026 00:33:16.016] [Render thread/INFO] [STDERR/]: [org.violetmoon.zeta.registry.CreativeTabManager:buildContents:173]: 	at org.prismlauncher.launcher.impl.StandardLauncher.launch(StandardLauncher.java:115)
[04May2026 00:33:16.016] [Render thread/INFO] [STDERR/]: [org.violetmoon.zeta.registry.CreativeTabManager:buildContents:173]: 	at org.prismlauncher.EntryPoint.listen(EntryPoint.java:129)
[04May2026 00:33:16.016] [Render thread/INFO] [STDERR/]: [org.violetmoon.zeta.registry.CreativeTabManager:buildContents:173]: 	at org.prismlauncher.EntryPoint.main(EntryPoint.java:70)
[04May2026 00:33:16.018] [Render thread/WARN] [mezz.jei.library.plugins.vanilla.ingredients.ItemStackListFactory/]: Item Group has no display items and no search tab display items. Items from this group will be missing from the JEI ingredient list. Operator Utilities
[04May2026 00:33:16.163] [Render thread/INFO] [net.acetheeldritchking.art_of_forging.ArtOfForging/]: Registering AoF schematics with Tetra creative tab
[04May2026 00:33:16.273] [Render thread/WARN] [mezz.jei.library.plugins.vanilla.ingredients.ItemStackListFactory/]: Item Group has no display items and no search tab display items. Items from this group will be missing from the JEI ingredient list. Modonomicon
[04May2026 00:33:16.348] [Render thread/WARN] [mezz.jei.library.plugins.vanilla.ingredients.ItemStackListFactory/]: Item Group has no display items and no search tab display items. Items from this group will be missing from the JEI ingredient list. Chisels & Bits Clipboard
[04May2026 00:33:16.365] [Render thread/WARN] [mezz.jei.library.ingredients.IngredientSet/]: Found a broken ingredient 1 air dev.latvian.mods.kubejs.item.custom.BasicItemJS
java.lang.IllegalStateException: Item has no registry name: 1 air dev.latvian.mods.kubejs.item.custom.BasicItemJS
	at mezz.jei.common.util.StackHelper.lambda$getRegistryNameForStack$0(StackHelper.java:65) ~[jei-1.20.1-forge-15.20.0.129.jar%23816!/:15.20.0.129]
	at java.util.Optional.orElseThrow(Optional.java:403) ~[?:?]
	at mezz.jei.common.util.StackHelper.getRegistryNameForStack(StackHelper.java:63) ~[jei-1.20.1-forge-15.20.0.129.jar%23816!/:15.20.0.129]
	at mezz.jei.common.util.StackHelper.getUniqueIdentifierForStack(StackHelper.java:43) ~[jei-1.20.1-forge-15.20.0.129.jar%23816!/:15.20.0.129]
	at mezz.jei.library.plugins.vanilla.ingredients.ItemStackHelper.getUniqueId(ItemStackHelper.java:69) ~[jei-1.20.1-forge-15.20.0.129.jar%23816!/:15.20.0.129]
	at mezz.jei.library.plugins.vanilla.ingredients.ItemStackHelper.getUniqueId(ItemStackHelper.java:36) ~[jei-1.20.1-forge-15.20.0.129.jar%23816!/:15.20.0.129]
	at mezz.jei.library.ingredients.IngredientSet.getUid(IngredientSet.java:34) ~[jei-1.20.1-forge-15.20.0.129.jar%23816!/:15.20.0.129]
	at mezz.jei.library.ingredients.IngredientSet.add(IngredientSet.java:48) ~[jei-1.20.1-forge-15.20.0.129.jar%23816!/:15.20.0.129]
	at java.util.AbstractCollection.addAll(AbstractCollection.java:336) ~[?:?]
	at mezz.jei.library.ingredients.IngredientInfo.<init>(IngredientInfo.java:27) ~[jei-1.20.1-forge-15.20.0.129.jar%23816!/:15.20.0.129]
	at mezz.jei.library.load.registration.IngredientManagerBuilder.register(IngredientManagerBuilder.java:50) ~[jei-1.20.1-forge-15.20.0.129.jar%23816!/:15.20.0.129]
	at mezz.jei.library.plugins.vanilla.VanillaPlugin.registerIngredients(VanillaPlugin.java:172) ~[jei-1.20.1-forge-15.20.0.129.jar%23816!/:15.20.0.129]
	at mezz.jei.library.load.PluginLoader.lambda$registerIngredients$2(PluginLoader.java:79) ~[jei-1.20.1-forge-15.20.0.129.jar%23816!/:15.20.0.129]
	at mezz.jei.library.load.PluginCaller.callOnPlugins(PluginCaller.java:25) ~[jei-1.20.1-forge-15.20.0.129.jar%23816!/:15.20.0.129]
	at mezz.jei.library.load.PluginLoader.registerIngredients(PluginLoader.java:79) ~[jei-1.20.1-forge-15.20.0.129.jar%23816!/:15.20.0.129]
	at mezz.jei.library.startup.JeiStarter.start(JeiStarter.java:106) ~[jei-1.20.1-forge-15.20.0.129.jar%23816!/:15.20.0.129]
	at mezz.jei.forge.startup.StartEventObserver.transitionState(StartEventObserver.java:130) ~[jei-1.20.1-forge-15.20.0.129.jar%23816!/:15.20.0.129]
	at mezz.jei.forge.startup.StartEventObserver.onEvent(StartEventObserver.java:98) ~[jei-1.20.1-forge-15.20.0.129.jar%23816!/:15.20.0.129]
	at net.minecraftforge.eventbus.EventBus.doCastFilter(EventBus.java:260) ~[eventbus-6.0.5.jar%23137!/:?]
	at net.minecraftforge.eventbus.EventBus.lambda$addListener$11(EventBus.java:252) ~[eventbus-6.0.5.jar%23137!/:?]
	at net.minecraftforge.eventbus.EventBus.post(EventBus.java:315) ~[eventbus-6.0.5.jar%23137!/:?]
	at net.minecraftforge.eventbus.EventBus.post(EventBus.java:296) ~[eventbus-6.0.5.jar%23137!/:?]
	at net.minecraft.client.multiplayer.ClientPacketListener.m_5859_(ClientPacketListener.java:1451) ~[client-1.20.1-20230612.114412-srg.jar%231048!/:?]
	at net.minecraft.network.protocol.game.ClientboundUpdateTagsPacket.m_5797_(ClientboundUpdateTagsPacket.java:35) ~[client-1.20.1-20230612.114412-srg.jar%231048!/:?]
	at net.minecraft.network.protocol.game.ClientboundUpdateTagsPacket.m_5797_(ClientboundUpdateTagsPacket.java:11) ~[client-1.20.1-20230612.114412-srg.jar%231048!/:?]
	at net.minecraft.network.protocol.PacketUtils.m_263899_(PacketUtils.java:22) ~[client-1.20.1-20230612.114412-srg.jar%231048!/:?]
	at net.minecraft.util.thread.BlockableEventLoop.m_6367_(BlockableEventLoop.java:156) ~[client-1.20.1-20230612.114412-srg.jar%231048!/:?]
	at net.minecraft.util.thread.ReentrantBlockableEventLoop.m_6367_(ReentrantBlockableEventLoop.java:23) ~[client-1.20.1-20230612.114412-srg.jar%231048!/:?]
	at net.minecraft.util.thread.BlockableEventLoop.m_7245_(BlockableEventLoop.java:130) ~[client-1.20.1-20230612.114412-srg.jar%231048!/:?]
	at net.minecraft.util.thread.BlockableEventLoop.m_18699_(BlockableEventLoop.java:115) ~[client-1.20.1-20230612.114412-srg.jar%231048!/:?]
	at net.minecraft.client.Minecraft.m_91383_(Minecraft.java:1106) ~[client-1.20.1-20230612.114412-srg.jar%231048!/:?]
	at net.minecraft.client.Minecraft.m_91374_(Minecraft.java:718) ~[client-1.20.1-20230612.114412-srg.jar%231048!/:?]
	at net.minecraft.client.main.Main.main(Main.java:218) ~[minecraft-1.20.1-client.jar:?]
	at jdk.internal.reflect.NativeMethodAccessorImpl.invoke0(Native Method) ~[?:?]
	at jdk.internal.reflect.NativeMethodAccessorImpl.invoke(NativeMethodAccessorImpl.java:77) ~[?:?]
	at jdk.internal.reflect.DelegatingMethodAccessorImpl.invoke(DelegatingMethodAccessorImpl.java:43) ~[?:?]
	at java.lang.reflect.Method.invoke(Method.java:568) ~[?:?]
	at net.minecraftforge.fml.loading.targets.CommonLaunchHandler.runTarget(CommonLaunchHandler.java:111) ~[fmlloader-1.20.1-47.4.6.jar:?]
	at net.minecraftforge.fml.loading.targets.CommonLaunchHandler.clientService(CommonLaunchHandler.java:99) ~[fmlloader-1.20.1-47.4.6.jar:?]
	at net.minecraftforge.fml.loading.targets.CommonClientLaunchHandler.lambda$makeService$0(CommonClientLaunchHandler.java:25) ~[fmlloader-1.20.1-47.4.6.jar:?]
	at cpw.mods.modlauncher.LaunchServiceHandlerDecorator.launch(LaunchServiceHandlerDecorator.java:30) ~[modlauncher-10.0.9.jar:?]
	at cpw.mods.modlauncher.LaunchServiceHandler.launch(LaunchServiceHandler.java:53) ~[modlauncher-10.0.9.jar:?]
	at cpw.mods.modlauncher.LaunchServiceHandler.launch(LaunchServiceHandler.java:71) ~[modlauncher-10.0.9.jar:?]
	at cpw.mods.modlauncher.Launcher.run(Launcher.java:108) ~[modlauncher-10.0.9.jar:?]
	at cpw.mods.modlauncher.Launcher.main(Launcher.java:78) ~[modlauncher-10.0.9.jar:?]
	at cpw.mods.modlauncher.BootstrapLaunchConsumer.accept(BootstrapLaunchConsumer.java:26) ~[modlauncher-10.0.9.jar:?]
	at cpw.mods.modlauncher.BootstrapLaunchConsumer.accept(BootstrapLaunchConsumer.java:23) ~[modlauncher-10.0.9.jar:?]
	at cpw.mods.bootstraplauncher.BootstrapLauncher.main(BootstrapLauncher.java:141) ~[bootstraplauncher-1.1.2.jar:?]
	at jdk.internal.reflect.NativeMethodAccessorImpl.invoke0(Native Method) ~[?:?]
	at jdk.internal.reflect.NativeMethodAccessorImpl.invoke(NativeMethodAccessorImpl.java:77) ~[?:?]
	at jdk.internal.reflect.DelegatingMethodAccessorImpl.invoke(DelegatingMethodAccessorImpl.java:43) ~[?:?]
	at java.lang.reflect.Method.invoke(Method.java:568) ~[?:?]
	at io.github.zekerzhayard.forgewrapper.installer.Main.main(Main.java:67) ~[?:?]
	at org.prismlauncher.launcher.impl.StandardLauncher.launch(StandardLauncher.java:115) ~[?:?]
	at org.prismlauncher.EntryPoint.listen(EntryPoint.java:129) ~[?:?]
	at org.prismlauncher.EntryPoint.main(EntryPoint.java:70) ~[?:?]
[04May2026 00:33:16.374] [Render thread/INFO] [mezz.jei.library.load.PluginCallerTimerRunnable/]: Registering ingredients: jei:minecraft took 463.8 milliseconds
[04May2026 00:33:16.376] [Render thread/INFO] [mezz.jei.library.load.PluginCaller/]: Registering ingredients took 465.6 ms
[04May2026 00:33:16.376] [Render thread/INFO] [mezz.jei.library.load.PluginCaller/]: Registering extra ingredients...
[04May2026 00:33:16.377] [Render thread/INFO] [mezz.jei.library.load.PluginCaller/]: Registering extra ingredients took 820.9 ?s
[04May2026 00:33:16.377] [Render thread/INFO] [mezz.jei.library.load.PluginCaller/]: Registering search ingredient aliases...
[04May2026 00:33:16.378] [Render thread/INFO] [mezz.jei.library.load.PluginCaller/]: Registering search ingredient aliases took 621.3 ?s
[04May2026 00:33:16.378] [Render thread/INFO] [mezz.jei.library.load.PluginCaller/]: Registering categories...
[04May2026 00:33:16.406] [Render thread/WARN] [jeresources/]: Failed loading villager cartographer registered at cartographer
[04May2026 00:33:16.406] [Render thread/WARN] [jeresources/]: Exception caught when registering villager
java.lang.NullPointerException: Cannot invoke "net.minecraft.world.entity.Entity.m_9236_()" because "trader" is null
	at net.minecraft.world.entity.npc.VillagerTrades$TreasureMapForEmeralds.handler$kkg000$supplementaries$turnToQuill(VillagerTrades.java:551) ~[client-1.20.1-20230612.114412-srg.jar%231048!/:?]
	at net.minecraft.world.entity.npc.VillagerTrades$TreasureMapForEmeralds.m_213663_(VillagerTrades.java) ~[client-1.20.1-20230612.114412-srg.jar%231048!/:?]
	at jeresources.collection.TradeList.addMerchantRecipe(TradeList.java:58) ~[JustEnoughResources-1.20.1-1.4.0.247.jar%23823!/:1.4.0.247]
	at jeresources.collection.TradeList.addITradeList(TradeList.java:69) ~[JustEnoughResources-1.20.1-1.4.0.247.jar%23823!/:1.4.0.247]
	at jeresources.entry.AbstractVillagerEntry.addITradeLists(AbstractVillagerEntry.java:29) ~[JustEnoughResources-1.20.1-1.4.0.247.jar%23823!/:1.4.0.247]
	at jeresources.entry.AbstractVillagerEntry.<init>(AbstractVillagerEntry.java:22) ~[JustEnoughResources-1.20.1-1.4.0.247.jar%23823!/:1.4.0.247]
	at jeresources.entry.VillagerEntry.<init>(VillagerEntry.java:19) ~[JustEnoughResources-1.20.1-1.4.0.247.jar%23823!/:1.4.0.247]
	at jeresources.util.VillagersHelper.initRegistry(VillagersHelper.java:23) ~[JustEnoughResources-1.20.1-1.4.0.247.jar%23823!/:1.4.0.247]
	at jeresources.compatibility.Compatibility.init(Compatibility.java:33) ~[JustEnoughResources-1.20.1-1.4.0.247.jar%23823!/:1.4.0.247]
	at jeresources.proxy.CommonProxy.initCompatibility(CommonProxy.java:14) ~[JustEnoughResources-1.20.1-1.4.0.247.jar%23823!/:1.4.0.247]
	at jeresources.jei.JEIConfig.registerCategories(JEIConfig.java:98) ~[JustEnoughResources-1.20.1-1.4.0.247.jar%23823!/:1.4.0.247]
	at mezz.jei.library.load.PluginLoader.lambda$createRecipeCategories$5(PluginLoader.java:119) ~[jei-1.20.1-forge-15.20.0.129.jar%23816!/:15.20.0.129]
	at mezz.jei.library.load.PluginCaller.callOnPlugins(PluginCaller.java:25) ~[jei-1.20.1-forge-15.20.0.129.jar%23816!/:15.20.0.129]
	at mezz.jei.library.load.PluginLoader.createRecipeCategories(PluginLoader.java:119) ~[jei-1.20.1-forge-15.20.0.129.jar%23816!/:15.20.0.129]
	at mezz.jei.library.load.PluginLoader.createRecipeManager(PluginLoader.java:154) ~[jei-1.20.1-forge-15.20.0.129.jar%23816!/:15.20.0.129]
	at mezz.jei.library.startup.JeiStarter.start(JeiStarter.java:115) ~[jei-1.20.1-forge-15.20.0.129.jar%23816!/:15.20.0.129]
	at mezz.jei.forge.startup.StartEventObserver.transitionState(StartEventObserver.java:130) ~[jei-1.20.1-forge-15.20.0.129.jar%23816!/:15.20.0.129]
	at mezz.jei.forge.startup.StartEventObserver.onEvent(StartEventObserver.java:98) ~[jei-1.20.1-forge-15.20.0.129.jar%23816!/:15.20.0.129]
	at net.minecraftforge.eventbus.EventBus.doCastFilter(EventBus.java:260) ~[eventbus-6.0.5.jar%23137!/:?]
	at net.minecraftforge.eventbus.EventBus.lambda$addListener$11(EventBus.java:252) ~[eventbus-6.0.5.jar%23137!/:?]
	at net.minecraftforge.eventbus.EventBus.post(EventBus.java:315) ~[eventbus-6.0.5.jar%23137!/:?]
	at net.minecraftforge.eventbus.EventBus.post(EventBus.java:296) ~[eventbus-6.0.5.jar%23137!/:?]
	at net.minecraft.client.multiplayer.ClientPacketListener.m_5859_(ClientPacketListener.java:1451) ~[client-1.20.1-20230612.114412-srg.jar%231048!/:?]
	at net.minecraft.network.protocol.game.ClientboundUpdateTagsPacket.m_5797_(ClientboundUpdateTagsPacket.java:35) ~[client-1.20.1-20230612.114412-srg.jar%231048!/:?]
	at net.minecraft.network.protocol.game.ClientboundUpdateTagsPacket.m_5797_(ClientboundUpdateTagsPacket.java:11) ~[client-1.20.1-20230612.114412-srg.jar%231048!/:?]
	at net.minecraft.network.protocol.PacketUtils.m_263899_(PacketUtils.java:22) ~[client-1.20.1-20230612.114412-srg.jar%231048!/:?]
	at net.minecraft.util.thread.BlockableEventLoop.m_6367_(BlockableEventLoop.java:156) ~[client-1.20.1-20230612.114412-srg.jar%231048!/:?]
	at net.minecraft.util.thread.ReentrantBlockableEventLoop.m_6367_(ReentrantBlockableEventLoop.java:23) ~[client-1.20.1-20230612.114412-srg.jar%231048!/:?]
	at net.minecraft.util.thread.BlockableEventLoop.m_7245_(BlockableEventLoop.java:130) ~[client-1.20.1-20230612.114412-srg.jar%231048!/:?]
	at net.minecraft.util.thread.BlockableEventLoop.m_18699_(BlockableEventLoop.java:115) ~[client-1.20.1-20230612.114412-srg.jar%231048!/:?]
	at net.minecraft.client.Minecraft.m_91383_(Minecraft.java:1106) ~[client-1.20.1-20230612.114412-srg.jar%231048!/:?]
	at net.minecraft.client.Minecraft.m_91374_(Minecraft.java:718) ~[client-1.20.1-20230612.114412-srg.jar%231048!/:?]
	at net.minecraft.client.main.Main.main(Main.java:218) ~[minecraft-1.20.1-client.jar:?]
	at jdk.internal.reflect.NativeMethodAccessorImpl.invoke0(Native Method) ~[?:?]
	at jdk.internal.reflect.NativeMethodAccessorImpl.invoke(NativeMethodAccessorImpl.java:77) ~[?:?]
	at jdk.internal.reflect.DelegatingMethodAccessorImpl.invoke(DelegatingMethodAccessorImpl.java:43) ~[?:?]
	at java.lang.reflect.Method.invoke(Method.java:568) ~[?:?]
	at net.minecraftforge.fml.loading.targets.CommonLaunchHandler.runTarget(CommonLaunchHandler.java:111) ~[fmlloader-1.20.1-47.4.6.jar:?]
	at net.minecraftforge.fml.loading.targets.CommonLaunchHandler.clientService(CommonLaunchHandler.java:99) ~[fmlloader-1.20.1-47.4.6.jar:?]
	at net.minecraftforge.fml.loading.targets.CommonClientLaunchHandler.lambda$makeService$0(CommonClientLaunchHandler.java:25) ~[fmlloader-1.20.1-47.4.6.jar:?]
	at cpw.mods.modlauncher.LaunchServiceHandlerDecorator.launch(LaunchServiceHandlerDecorator.java:30) ~[modlauncher-10.0.9.jar:?]
	at cpw.mods.modlauncher.LaunchServiceHandler.launch(LaunchServiceHandler.java:53) ~[modlauncher-10.0.9.jar:?]
	at cpw.mods.modlauncher.LaunchServiceHandler.launch(LaunchServiceHandler.java:71) ~[modlauncher-10.0.9.jar:?]
	at cpw.mods.modlauncher.Launcher.run(Launcher.java:108) ~[modlauncher-10.0.9.jar:?]
	at cpw.mods.modlauncher.Launcher.main(Launcher.java:78) ~[modlauncher-10.0.9.jar:?]
	at cpw.mods.modlauncher.BootstrapLaunchConsumer.accept(BootstrapLaunchConsumer.java:26) ~[modlauncher-10.0.9.jar:?]
	at cpw.mods.modlauncher.BootstrapLaunchConsumer.accept(BootstrapLaunchConsumer.java:23) ~[modlauncher-10.0.9.jar:?]
	at cpw.mods.bootstraplauncher.BootstrapLauncher.main(BootstrapLauncher.java:141) ~[bootstraplauncher-1.1.2.jar:?]
	at jdk.internal.reflect.NativeMethodAccessorImpl.invoke0(Native Method) ~[?:?]
	at jdk.internal.reflect.NativeMethodAccessorImpl.invoke(NativeMethodAccessorImpl.java:77) ~[?:?]
	at jdk.internal.reflect.DelegatingMethodAccessorImpl.invoke(DelegatingMethodAccessorImpl.java:43) ~[?:?]
	at java.lang.reflect.Method.invoke(Method.java:568) ~[?:?]
	at io.github.zekerzhayard.forgewrapper.installer.Main.main(Main.java:67) ~[?:?]
	at org.prismlauncher.launcher.impl.StandardLauncher.launch(StandardLauncher.java:115) ~[?:?]
	at org.prismlauncher.EntryPoint.listen(EntryPoint.java:129) ~[?:?]
	at org.prismlauncher.EntryPoint.main(EntryPoint.java:70) ~[?:?]
[04May2026 00:33:16.555] [Render thread/WARN] [jeresources/]: Failed loading villager stargazer registered at stargazer
[04May2026 00:33:16.556] [Render thread/WARN] [jeresources/]: Exception caught when registering villager
java.lang.NullPointerException: Cannot invoke "net.minecraft.world.entity.Entity.m_9236_()" because "trader" is null
	at com.legacy.blue_skies.entities.villager.SkiesVillagerTrades$EmeraldForMapTrade.m_213663_(SkiesVillagerTrades.java:417) ~[blue_skies-1.20.1-1.3.31.jar%23667!/:1.3.31]
	at jeresources.collection.TradeList.addMerchantRecipe(TradeList.java:58) ~[JustEnoughResources-1.20.1-1.4.0.247.jar%23823!/:1.4.0.247]
	at jeresources.collection.TradeList.addITradeList(TradeList.java:69) ~[JustEnoughResources-1.20.1-1.4.0.247.jar%23823!/:1.4.0.247]
	at jeresources.entry.AbstractVillagerEntry.addITradeLists(AbstractVillagerEntry.java:29) ~[JustEnoughResources-1.20.1-1.4.0.247.jar%23823!/:1.4.0.247]
	at jeresources.entry.AbstractVillagerEntry.<init>(AbstractVillagerEntry.java:22) ~[JustEnoughResources-1.20.1-1.4.0.247.jar%23823!/:1.4.0.247]
	at jeresources.entry.VillagerEntry.<init>(VillagerEntry.java:19) ~[JustEnoughResources-1.20.1-1.4.0.247.jar%23823!/:1.4.0.247]
	at jeresources.util.VillagersHelper.initRegistry(VillagersHelper.java:23) ~[JustEnoughResources-1.20.1-1.4.0.247.jar%23823!/:1.4.0.247]
	at jeresources.compatibility.Compatibility.init(Compatibility.java:33) ~[JustEnoughResources-1.20.1-1.4.0.247.jar%23823!/:1.4.0.247]
	at jeresources.proxy.CommonProxy.initCompatibility(CommonProxy.java:14) ~[JustEnoughResources-1.20.1-1.4.0.247.jar%23823!/:1.4.0.247]
	at jeresources.jei.JEIConfig.registerCategories(JEIConfig.java:98) ~[JustEnoughResources-1.20.1-1.4.0.247.jar%23823!/:1.4.0.247]
	at mezz.jei.library.load.PluginLoader.lambda$createRecipeCategories$5(PluginLoader.java:119) ~[jei-1.20.1-forge-15.20.0.129.jar%23816!/:15.20.0.129]
	at mezz.jei.library.load.PluginCaller.callOnPlugins(PluginCaller.java:25) ~[jei-1.20.1-forge-15.20.0.129.jar%23816!/:15.20.0.129]
	at mezz.jei.library.load.PluginLoader.createRecipeCategories(PluginLoader.java:119) ~[jei-1.20.1-forge-15.20.0.129.jar%23816!/:15.20.0.129]
	at mezz.jei.library.load.PluginLoader.createRecipeManager(PluginLoader.java:154) ~[jei-1.20.1-forge-15.20.0.129.jar%23816!/:15.20.0.129]
	at mezz.jei.library.startup.JeiStarter.start(JeiStarter.java:115) ~[jei-1.20.1-forge-15.20.0.129.jar%23816!/:15.20.0.129]
	at mezz.jei.forge.startup.StartEventObserver.transitionState(StartEventObserver.java:130) ~[jei-1.20.1-forge-15.20.0.129.jar%23816!/:15.20.0.129]
	at mezz.jei.forge.startup.StartEventObserver.onEvent(StartEventObserver.java:98) ~[jei-1.20.1-forge-15.20.0.129.jar%23816!/:15.20.0.129]
	at net.minecraftforge.eventbus.EventBus.doCastFilter(EventBus.java:260) ~[eventbus-6.0.5.jar%23137!/:?]
	at net.minecraftforge.eventbus.EventBus.lambda$addListener$11(EventBus.java:252) ~[eventbus-6.0.5.jar%23137!/:?]
	at net.minecraftforge.eventbus.EventBus.post(EventBus.java:315) ~[eventbus-6.0.5.jar%23137!/:?]
	at net.minecraftforge.eventbus.EventBus.post(EventBus.java:296) ~[eventbus-6.0.5.jar%23137!/:?]
	at net.minecraft.client.multiplayer.ClientPacketListener.m_5859_(ClientPacketListener.java:1451) ~[client-1.20.1-20230612.114412-srg.jar%231048!/:?]
	at net.minecraft.network.protocol.game.ClientboundUpdateTagsPacket.m_5797_(ClientboundUpdateTagsPacket.java:35) ~[client-1.20.1-20230612.114412-srg.jar%231048!/:?]
	at net.minecraft.network.protocol.game.ClientboundUpdateTagsPacket.m_5797_(ClientboundUpdateTagsPacket.java:11) ~[client-1.20.1-20230612.114412-srg.jar%231048!/:?]
	at net.minecraft.network.protocol.PacketUtils.m_263899_(PacketUtils.java:22) ~[client-1.20.1-20230612.114412-srg.jar%231048!/:?]
	at net.minecraft.util.thread.BlockableEventLoop.m_6367_(BlockableEventLoop.java:156) ~[client-1.20.1-20230612.114412-srg.jar%231048!/:?]
	at net.minecraft.util.thread.ReentrantBlockableEventLoop.m_6367_(ReentrantBlockableEventLoop.java:23) ~[client-1.20.1-20230612.114412-srg.jar%231048!/:?]
	at net.minecraft.util.thread.BlockableEventLoop.m_7245_(BlockableEventLoop.java:130) ~[client-1.20.1-20230612.114412-srg.jar%231048!/:?]
	at net.minecraft.util.thread.BlockableEventLoop.m_18699_(BlockableEventLoop.java:115) ~[client-1.20.1-20230612.114412-srg.jar%231048!/:?]
	at net.minecraft.client.Minecraft.m_91383_(Minecraft.java:1106) ~[client-1.20.1-20230612.114412-srg.jar%231048!/:?]
	at net.minecraft.client.Minecraft.m_91374_(Minecraft.java:718) ~[client-1.20.1-20230612.114412-srg.jar%231048!/:?]
	at net.minecraft.client.main.Main.main(Main.java:218) ~[minecraft-1.20.1-client.jar:?]
	at jdk.internal.reflect.NativeMethodAccessorImpl.invoke0(Native Method) ~[?:?]
	at jdk.internal.reflect.NativeMethodAccessorImpl.invoke(NativeMethodAccessorImpl.java:77) ~[?:?]
	at jdk.internal.reflect.DelegatingMethodAccessorImpl.invoke(DelegatingMethodAccessorImpl.java:43) ~[?:?]
	at java.lang.reflect.Method.invoke(Method.java:568) ~[?:?]
	at net.minecraftforge.fml.loading.targets.CommonLaunchHandler.runTarget(CommonLaunchHandler.java:111) ~[fmlloader-1.20.1-47.4.6.jar:?]
	at net.minecraftforge.fml.loading.targets.CommonLaunchHandler.clientService(CommonLaunchHandler.java:99) ~[fmlloader-1.20.1-47.4.6.jar:?]
	at net.minecraftforge.fml.loading.targets.CommonClientLaunchHandler.lambda$makeService$0(CommonClientLaunchHandler.java:25) ~[fmlloader-1.20.1-47.4.6.jar:?]
	at cpw.mods.modlauncher.LaunchServiceHandlerDecorator.launch(LaunchServiceHandlerDecorator.java:30) ~[modlauncher-10.0.9.jar:?]
	at cpw.mods.modlauncher.LaunchServiceHandler.launch(LaunchServiceHandler.java:53) ~[modlauncher-10.0.9.jar:?]
	at cpw.mods.modlauncher.LaunchServiceHandler.launch(LaunchServiceHandler.java:71) ~[modlauncher-10.0.9.jar:?]
	at cpw.mods.modlauncher.Launcher.run(Launcher.java:108) ~[modlauncher-10.0.9.jar:?]
	at cpw.mods.modlauncher.Launcher.main(Launcher.java:78) ~[modlauncher-10.0.9.jar:?]
	at cpw.mods.modlauncher.BootstrapLaunchConsumer.accept(BootstrapLaunchConsumer.java:26) ~[modlauncher-10.0.9.jar:?]
	at cpw.mods.modlauncher.BootstrapLaunchConsumer.accept(BootstrapLaunchConsumer.java:23) ~[modlauncher-10.0.9.jar:?]
	at cpw.mods.bootstraplauncher.BootstrapLauncher.main(BootstrapLauncher.java:141) ~[bootstraplauncher-1.1.2.jar:?]
	at jdk.internal.reflect.NativeMethodAccessorImpl.invoke0(Native Method) ~[?:?]
	at jdk.internal.reflect.NativeMethodAccessorImpl.invoke(NativeMethodAccessorImpl.java:77) ~[?:?]
	at jdk.internal.reflect.DelegatingMethodAccessorImpl.invoke(DelegatingMethodAccessorImpl.java:43) ~[?:?]
	at java.lang.reflect.Method.invoke(Method.java:568) ~[?:?]
	at io.github.zekerzhayard.forgewrapper.installer.Main.main(Main.java:67) ~[?:?]
	at org.prismlauncher.launcher.impl.StandardLauncher.launch(StandardLauncher.java:115) ~[?:?]
	at org.prismlauncher.EntryPoint.listen(EntryPoint.java:129) ~[?:?]
	at org.prismlauncher.EntryPoint.main(EntryPoint.java:70) ~[?:?]
[04May2026 00:33:16.562] [Render thread/WARN] [jeresources/]: Failed loading villager shoveler registered at shoveler
[04May2026 00:33:16.562] [Render thread/WARN] [jeresources/]: Exception caught when registering villager
java.lang.NullPointerException: Cannot invoke "net.minecraft.world.entity.Entity.m_9236_()" because "trader" is null
	at com.legacy.blue_skies.entities.villager.SkiesVillagerTrades$ToolWithFalsiteTrade.m_213663_(SkiesVillagerTrades.java:528) ~[blue_skies-1.20.1-1.3.31.jar%23667!/:1.3.31]
	at jeresources.collection.TradeList.addMerchantRecipe(TradeList.java:58) ~[JustEnoughResources-1.20.1-1.4.0.247.jar%23823!/:1.4.0.247]
	at jeresources.collection.TradeList.addITradeList(TradeList.java:69) ~[JustEnoughResources-1.20.1-1.4.0.247.jar%23823!/:1.4.0.247]
	at jeresources.entry.AbstractVillagerEntry.addITradeLists(AbstractVillagerEntry.java:29) ~[JustEnoughResources-1.20.1-1.4.0.247.jar%23823!/:1.4.0.247]
	at jeresources.entry.AbstractVillagerEntry.<init>(AbstractVillagerEntry.java:22) ~[JustEnoughResources-1.20.1-1.4.0.247.jar%23823!/:1.4.0.247]
	at jeresources.entry.VillagerEntry.<init>(VillagerEntry.java:19) ~[JustEnoughResources-1.20.1-1.4.0.247.jar%23823!/:1.4.0.247]
	at jeresources.util.VillagersHelper.initRegistry(VillagersHelper.java:23) ~[JustEnoughResources-1.20.1-1.4.0.247.jar%23823!/:1.4.0.247]
	at jeresources.compatibility.Compatibility.init(Compatibility.java:33) ~[JustEnoughResources-1.20.1-1.4.0.247.jar%23823!/:1.4.0.247]
	at jeresources.proxy.CommonProxy.initCompatibility(CommonProxy.java:14) ~[JustEnoughResources-1.20.1-1.4.0.247.jar%23823!/:1.4.0.247]
	at jeresources.jei.JEIConfig.registerCategories(JEIConfig.java:98) ~[JustEnoughResources-1.20.1-1.4.0.247.jar%23823!/:1.4.0.247]
	at mezz.jei.library.load.PluginLoader.lambda$createRecipeCategories$5(PluginLoader.java:119) ~[jei-1.20.1-forge-15.20.0.129.jar%23816!/:15.20.0.129]
	at mezz.jei.library.load.PluginCaller.callOnPlugins(PluginCaller.java:25) ~[jei-1.20.1-forge-15.20.0.129.jar%23816!/:15.20.0.129]
	at mezz.jei.library.load.PluginLoader.createRecipeCategories(PluginLoader.java:119) ~[jei-1.20.1-forge-15.20.0.129.jar%23816!/:15.20.0.129]
	at mezz.jei.library.load.PluginLoader.createRecipeManager(PluginLoader.java:154) ~[jei-1.20.1-forge-15.20.0.129.jar%23816!/:15.20.0.129]
	at mezz.jei.library.startup.JeiStarter.start(JeiStarter.java:115) ~[jei-1.20.1-forge-15.20.0.129.jar%23816!/:15.20.0.129]
	at mezz.jei.forge.startup.StartEventObserver.transitionState(StartEventObserver.java:130) ~[jei-1.20.1-forge-15.20.0.129.jar%23816!/:15.20.0.129]
	at mezz.jei.forge.startup.StartEventObserver.onEvent(StartEventObserver.java:98) ~[jei-1.20.1-forge-15.20.0.129.jar%23816!/:15.20.0.129]
	at net.minecraftforge.eventbus.EventBus.doCastFilter(EventBus.java:260) ~[eventbus-6.0.5.jar%23137!/:?]
	at net.minecraftforge.eventbus.EventBus.lambda$addListener$11(EventBus.java:252) ~[eventbus-6.0.5.jar%23137!/:?]
	at net.minecraftforge.eventbus.EventBus.post(EventBus.java:315) ~[eventbus-6.0.5.jar%23137!/:?]
	at net.minecraftforge.eventbus.EventBus.post(EventBus.java:296) ~[eventbus-6.0.5.jar%23137!/:?]
	at net.minecraft.client.multiplayer.ClientPacketListener.m_5859_(ClientPacketListener.java:1451) ~[client-1.20.1-20230612.114412-srg.jar%231048!/:?]
	at net.minecraft.network.protocol.game.ClientboundUpdateTagsPacket.m_5797_(ClientboundUpdateTagsPacket.java:35) ~[client-1.20.1-20230612.114412-srg.jar%231048!/:?]
	at net.minecraft.network.protocol.game.ClientboundUpdateTagsPacket.m_5797_(ClientboundUpdateTagsPacket.java:11) ~[client-1.20.1-20230612.114412-srg.jar%231048!/:?]
	at net.minecraft.network.protocol.PacketUtils.m_263899_(PacketUtils.java:22) ~[client-1.20.1-20230612.114412-srg.jar%231048!/:?]
	at net.minecraft.util.thread.BlockableEventLoop.m_6367_(BlockableEventLoop.java:156) ~[client-1.20.1-20230612.114412-srg.jar%231048!/:?]
	at net.minecraft.util.thread.ReentrantBlockableEventLoop.m_6367_(ReentrantBlockableEventLoop.java:23) ~[client-1.20.1-20230612.114412-srg.jar%231048!/:?]
	at net.minecraft.util.thread.BlockableEventLoop.m_7245_(BlockableEventLoop.java:130) ~[client-1.20.1-20230612.114412-srg.jar%231048!/:?]
	at net.minecraft.util.thread.BlockableEventLoop.m_18699_(BlockableEventLoop.java:115) ~[client-1.20.1-20230612.114412-srg.jar%231048!/:?]
	at net.minecraft.client.Minecraft.m_91383_(Minecraft.java:1106) ~[client-1.20.1-20230612.114412-srg.jar%231048!/:?]
	at net.minecraft.client.Minecraft.m_91374_(Minecraft.java:718) ~[client-1.20.1-20230612.114412-srg.jar%231048!/:?]
	at net.minecraft.client.main.Main.main(Main.java:218) ~[minecraft-1.20.1-client.jar:?]
	at jdk.internal.reflect.NativeMethodAccessorImpl.invoke0(Native Method) ~[?:?]
	at jdk.internal.reflect.NativeMethodAccessorImpl.invoke(NativeMethodAccessorImpl.java:77) ~[?:?]
	at jdk.internal.reflect.DelegatingMethodAccessorImpl.invoke(DelegatingMethodAccessorImpl.java:43) ~[?:?]
	at java.lang.reflect.Method.invoke(Method.java:568) ~[?:?]
	at net.minecraftforge.fml.loading.targets.CommonLaunchHandler.runTarget(CommonLaunchHandler.java:111) ~[fmlloader-1.20.1-47.4.6.jar:?]
	at net.minecraftforge.fml.loading.targets.CommonLaunchHandler.clientService(CommonLaunchHandler.java:99) ~[fmlloader-1.20.1-47.4.6.jar:?]
	at net.minecraftforge.fml.loading.targets.CommonClientLaunchHandler.lambda$makeService$0(CommonClientLaunchHandler.java:25) ~[fmlloader-1.20.1-47.4.6.jar:?]
	at cpw.mods.modlauncher.LaunchServiceHandlerDecorator.launch(LaunchServiceHandlerDecorator.java:30) ~[modlauncher-10.0.9.jar:?]
	at cpw.mods.modlauncher.LaunchServiceHandler.launch(LaunchServiceHandler.java:53) ~[modlauncher-10.0.9.jar:?]
	at cpw.mods.modlauncher.LaunchServiceHandler.launch(LaunchServiceHandler.java:71) ~[modlauncher-10.0.9.jar:?]
	at cpw.mods.modlauncher.Launcher.run(Launcher.java:108) ~[modlauncher-10.0.9.jar:?]
	at cpw.mods.modlauncher.Launcher.main(Launcher.java:78) ~[modlauncher-10.0.9.jar:?]
	at cpw.mods.modlauncher.BootstrapLaunchConsumer.accept(BootstrapLaunchConsumer.java:26) ~[modlauncher-10.0.9.jar:?]
	at cpw.mods.modlauncher.BootstrapLaunchConsumer.accept(BootstrapLaunchConsumer.java:23) ~[modlauncher-10.0.9.jar:?]
	at cpw.mods.bootstraplauncher.BootstrapLauncher.main(BootstrapLauncher.java:141) ~[bootstraplauncher-1.1.2.jar:?]
	at jdk.internal.reflect.NativeMethodAccessorImpl.invoke0(Native Method) ~[?:?]
	at jdk.internal.reflect.NativeMethodAccessorImpl.invoke(NativeMethodAccessorImpl.java:77) ~[?:?]
	at jdk.internal.reflect.DelegatingMethodAccessorImpl.invoke(DelegatingMethodAccessorImpl.java:43) ~[?:?]
	at java.lang.reflect.Method.invoke(Method.java:568) ~[?:?]
	at io.github.zekerzhayard.forgewrapper.installer.Main.main(Main.java:67) ~[?:?]
	at org.prismlauncher.launcher.impl.StandardLauncher.launch(StandardLauncher.java:115) ~[?:?]
	at org.prismlauncher.EntryPoint.listen(EntryPoint.java:129) ~[?:?]
	at org.prismlauncher.EntryPoint.main(EntryPoint.java:70) ~[?:?]
[04May2026 00:33:16.628] [Render thread/INFO] [mezz.jei.library.load.PluginCallerTimerRunnable/]: Registering categories: minecraft:jeresources took 248.4 milliseconds
[04May2026 00:33:16.632] [Render thread/INFO] [mezz.jei.library.load.PluginCaller/]: Registering categories took 253.3 ms
[04May2026 00:33:16.632] [Render thread/INFO] [mezz.jei.library.load.PluginCaller/]: Registering vanilla category extensions...
[04May2026 00:33:16.632] [Render thread/INFO] [mezz.jei.library.load.PluginCaller/]: Registering vanilla category extensions took 546.0 ?s
[04May2026 00:33:16.632] [Render thread/INFO] [mezz.jei.library.load.PluginCaller/]: Registering recipe catalysts...
[04May2026 00:33:16.634] [Render thread/INFO] [mezz.jei.library.load.PluginCaller/]: Registering recipe catalysts took 1.479 ms
[04May2026 00:33:16.634] [Render thread/INFO] [mezz.jei.core.util.LoggedTimer/]: Building recipe registry...
[04May2026 00:33:16.641] [Render thread/INFO] [mezz.jei.core.util.LoggedTimer/]: Building recipe registry took 7.339 ms
[04May2026 00:33:16.641] [Render thread/INFO] [mezz.jei.library.load.PluginCaller/]: Registering advanced plugins...
[04May2026 00:33:16.641] [Render thread/INFO] [mezz.jei.library.load.registration.AdvancedRegistration/]: Added recipe manager plugin: class io.redspace.ironsspellbooks.jei.AlchemistCauldronAdvancedHandler
[04May2026 00:33:16.642] [Render thread/INFO] [mezz.jei.library.load.registration.AdvancedRegistration/]: Added recipe manager plugin: class cofh.thermal.expansion.compat.jei.plugins.PotionFluidRecipeManagerPlugin
[04May2026 00:33:16.642] [Render thread/INFO] [mezz.jei.library.load.PluginCaller/]: Registering advanced plugins took 431.4 ?s
[04May2026 00:33:16.642] [Render thread/INFO] [mezz.jei.library.load.PluginCaller/]: Registering recipes...
[04May2026 00:33:19.239] [Render thread/ERROR] [mezz.jei.library.util.IngredientSupplierHelper/]: Found a broken recipe, failed to setRecipe with RecipeLayoutBuilder: Apotheosis apotheosis:socketing class dev.shadowsoffire.apotheosis.adventure.socket.SocketingRecipe

java.lang.IndexOutOfBoundsException: Index 0 out of bounds for length 0
	at jdk.internal.util.Preconditions.outOfBounds(Preconditions.java:64) ~[?:?]
	at jdk.internal.util.Preconditions.outOfBoundsCheckIndex(Preconditions.java:70) ~[?:?]
	at jdk.internal.util.Preconditions.checkIndex(Preconditions.java:266) ~[?:?]
	at java.util.Objects.checkIndex(Objects.java:361) ~[?:?]
	at java.util.ArrayList.set(ArrayList.java:441) ~[?:?]
	at dev.shadowsoffire.apotheosis.adventure.socket.SocketingRecipe.m_5874_(SocketingRecipe.java:63) ~[Apotheosis-1.20.1-7.4.8.jar%23632!/:7.4.8]
	at mezz.jei.library.util.RecipeUtil.assembleResultItem(RecipeUtil.java:28) ~[jei-1.20.1-forge-15.20.0.129.jar%23816!/:15.20.0.129]
	at mezz.jei.library.plugins.vanilla.anvil.SmithingCategoryExtension.setOutput(SmithingCategoryExtension.java:65) ~[jei-1.20.1-forge-15.20.0.129.jar%23816!/:15.20.0.129]
	at mezz.jei.library.plugins.vanilla.anvil.SmithingRecipeCategory.setRecipe(SmithingRecipeCategory.java:59) ~[jei-1.20.1-forge-15.20.0.129.jar%23816!/:15.20.0.129]
	at mezz.jei.library.plugins.vanilla.anvil.SmithingRecipeCategory.setRecipe(SmithingRecipeCategory.java:24) ~[jei-1.20.1-forge-15.20.0.129.jar%23816!/:15.20.0.129]
	at mezz.jei.library.util.IngredientSupplierHelper.getIngredientSupplier(IngredientSupplierHelper.java:22) ~[jei-1.20.1-forge-15.20.0.129.jar%23816!/:15.20.0.129]
	at mezz.jei.library.recipes.RecipeManagerInternal.addRecipe(RecipeManagerInternal.java:148) ~[jei-1.20.1-forge-15.20.0.129.jar%23816!/:15.20.0.129]
	at mezz.jei.library.recipes.RecipeManagerInternal.addRecipes(RecipeManagerInternal.java:121) ~[jei-1.20.1-forge-15.20.0.129.jar%23816!/:15.20.0.129]
	at mezz.jei.library.load.registration.RecipeRegistration.addRecipes(RecipeRegistration.java:52) ~[jei-1.20.1-forge-15.20.0.129.jar%23816!/:15.20.0.129]
	at mezz.jei.library.plugins.vanilla.VanillaPlugin.registerRecipes(VanillaPlugin.java:252) ~[jei-1.20.1-forge-15.20.0.129.jar%23816!/:15.20.0.129]
	at mezz.jei.library.load.PluginLoader.lambda$createRecipeManager$13(PluginLoader.java:182) ~[jei-1.20.1-forge-15.20.0.129.jar%23816!/:15.20.0.129]
	at mezz.jei.library.load.PluginCaller.callOnPlugins(PluginCaller.java:25) ~[jei-1.20.1-forge-15.20.0.129.jar%23816!/:15.20.0.129]
	at mezz.jei.library.load.PluginLoader.createRecipeManager(PluginLoader.java:182) ~[jei-1.20.1-forge-15.20.0.129.jar%23816!/:15.20.0.129]
	at mezz.jei.library.startup.JeiStarter.start(JeiStarter.java:115) ~[jei-1.20.1-forge-15.20.0.129.jar%23816!/:15.20.0.129]
	at mezz.jei.forge.startup.StartEventObserver.transitionState(StartEventObserver.java:130) ~[jei-1.20.1-forge-15.20.0.129.jar%23816!/:15.20.0.129]
	at mezz.jei.forge.startup.StartEventObserver.onEvent(StartEventObserver.java:98) ~[jei-1.20.1-forge-15.20.0.129.jar%23816!/:15.20.0.129]
	at net.minecraftforge.eventbus.EventBus.doCastFilter(EventBus.java:260) ~[eventbus-6.0.5.jar%23137!/:?]
	at net.minecraftforge.eventbus.EventBus.lambda$addListener$11(EventBus.java:252) ~[eventbus-6.0.5.jar%23137!/:?]
	at net.minecraftforge.eventbus.EventBus.post(EventBus.java:315) ~[eventbus-6.0.5.jar%23137!/:?]
	at net.minecraftforge.eventbus.EventBus.post(EventBus.java:296) ~[eventbus-6.0.5.jar%23137!/:?]
	at net.minecraft.client.multiplayer.ClientPacketListener.m_5859_(ClientPacketListener.java:1451) ~[client-1.20.1-20230612.114412-srg.jar%231048!/:?]
	at net.minecraft.network.protocol.game.ClientboundUpdateTagsPacket.m_5797_(ClientboundUpdateTagsPacket.java:35) ~[client-1.20.1-20230612.114412-srg.jar%231048!/:?]
	at net.minecraft.network.protocol.game.ClientboundUpdateTagsPacket.m_5797_(ClientboundUpdateTagsPacket.java:11) ~[client-1.20.1-20230612.114412-srg.jar%231048!/:?]
	at net.minecraft.network.protocol.PacketUtils.m_263899_(PacketUtils.java:22) ~[client-1.20.1-20230612.114412-srg.jar%231048!/:?]
	at net.minecraft.util.thread.BlockableEventLoop.m_6367_(BlockableEventLoop.java:156) ~[client-1.20.1-20230612.114412-srg.jar%231048!/:?]
	at net.minecraft.util.thread.ReentrantBlockableEventLoop.m_6367_(ReentrantBlockableEventLoop.java:23) ~[client-1.20.1-20230612.114412-srg.jar%231048!/:?]
	at net.minecraft.util.thread.BlockableEventLoop.m_7245_(BlockableEventLoop.java:130) ~[client-1.20.1-20230612.114412-srg.jar%231048!/:?]
	at net.minecraft.util.thread.BlockableEventLoop.m_18699_(BlockableEventLoop.java:115) ~[client-1.20.1-20230612.114412-srg.jar%231048!/:?]
	at net.minecraft.client.Minecraft.m_91383_(Minecraft.java:1106) ~[client-1.20.1-20230612.114412-srg.jar%231048!/:?]
	at net.minecraft.client.Minecraft.m_91374_(Minecraft.java:718) ~[client-1.20.1-20230612.114412-srg.jar%231048!/:?]
	at net.minecraft.client.main.Main.main(Main.java:218) ~[minecraft-1.20.1-client.jar:?]
	at jdk.internal.reflect.NativeMethodAccessorImpl.invoke0(Native Method) ~[?:?]
	at jdk.internal.reflect.NativeMethodAccessorImpl.invoke(NativeMethodAccessorImpl.java:77) ~[?:?]
	at jdk.internal.reflect.DelegatingMethodAccessorImpl.invoke(DelegatingMethodAccessorImpl.java:43) ~[?:?]
	at java.lang.reflect.Method.invoke(Method.java:568) ~[?:?]
	at net.minecraftforge.fml.loading.targets.CommonLaunchHandler.runTarget(CommonLaunchHandler.java:111) ~[fmlloader-1.20.1-47.4.6.jar:?]
	at net.minecraftforge.fml.loading.targets.CommonLaunchHandler.clientService(CommonLaunchHandler.java:99) ~[fmlloader-1.20.1-47.4.6.jar:?]
	at net.minecraftforge.fml.loading.targets.CommonClientLaunchHandler.lambda$makeService$0(CommonClientLaunchHandler.java:25) ~[fmlloader-1.20.1-47.4.6.jar:?]
	at cpw.mods.modlauncher.LaunchServiceHandlerDecorator.launch(LaunchServiceHandlerDecorator.java:30) ~[modlauncher-10.0.9.jar:?]
	at cpw.mods.modlauncher.LaunchServiceHandler.launch(LaunchServiceHandler.java:53) ~[modlauncher-10.0.9.jar:?]
	at cpw.mods.modlauncher.LaunchServiceHandler.launch(LaunchServiceHandler.java:71) ~[modlauncher-10.0.9.jar:?]
	at cpw.mods.modlauncher.Launcher.run(Launcher.java:108) ~[modlauncher-10.0.9.jar:?]
	at cpw.mods.modlauncher.Launcher.main(Launcher.java:78) ~[modlauncher-10.0.9.jar:?]
	at cpw.mods.modlauncher.BootstrapLaunchConsumer.accept(BootstrapLaunchConsumer.java:26) ~[modlauncher-10.0.9.jar:?]
	at cpw.mods.modlauncher.BootstrapLaunchConsumer.accept(BootstrapLaunchConsumer.java:23) ~[modlauncher-10.0.9.jar:?]
	at cpw.mods.bootstraplauncher.BootstrapLauncher.main(BootstrapLauncher.java:141) ~[bootstraplauncher-1.1.2.jar:?]
	at jdk.internal.reflect.NativeMethodAccessorImpl.invoke0(Native Method) ~[?:?]
	at jdk.internal.reflect.NativeMethodAccessorImpl.invoke(NativeMethodAccessorImpl.java:77) ~[?:?]
	at jdk.internal.reflect.DelegatingMethodAccessorImpl.invoke(DelegatingMethodAccessorImpl.java:43) ~[?:?]
	at java.lang.reflect.Method.invoke(Method.java:568) ~[?:?]
	at io.github.zekerzhayard.forgewrapper.installer.Main.main(Main.java:67) ~[?:?]
	at org.prismlauncher.launcher.impl.StandardLauncher.launch(StandardLauncher.java:115) ~[?:?]
	at org.prismlauncher.EntryPoint.listen(EntryPoint.java:129) ~[?:?]
	at org.prismlauncher.EntryPoint.main(EntryPoint.java:70) ~[?:?]
[04May2026 00:33:19.686] [Render thread/INFO] [mezz.jei.library.load.PluginCallerTimerRunnable/]: Registering recipes: jei:minecraft took 3.044 seconds
[04May2026 00:33:19.708] [Render thread/INFO] [mezz.jei.library.load.PluginCallerTimerRunnable/]: Registering recipes: apotheosis:spawner took 11.06 milliseconds
[04May2026 00:33:19.817] [Render thread/INFO] [fastsuite/]: Constructed recipe list for minecraft:crafting in 6.973 ms. 15842/16406 recipes are parallelized.
[04May2026 00:33:20.117] [Render thread/INFO] [mezz.jei.library.load.PluginCallerTimerRunnable/]: Registering recipes: industrialforegoing:default took 401.1 milliseconds
[04May2026 00:33:20.317] [Render thread/INFO] [mezz.jei.library.load.PluginCallerTimerRunnable/]: Registering recipes: minecraft:domum_ornamentum took 189.2 milliseconds
[04May2026 00:33:20.539] [Render thread/INFO] [mezz.jei.library.load.PluginCallerTimerRunnable/]: Registering recipes: chipped:chipped took 207.7 milliseconds
[04May2026 00:33:20.554] [Render thread/INFO] [mezz.jei.library.load.PluginCallerTimerRunnable/]: Registering recipes: valhelsia_structures:main took 14.92 milliseconds
[04May2026 00:33:22.289] [Render thread/INFO] [mezz.jei.library.load.PluginCallerTimerRunnable/]: Registering recipes: irons_spellbooks:jei_plugin took 1.735 seconds
[04May2026 00:33:22.542] [Render thread/ERROR] [mezz.jei.library.util.IngredientSupplierHelper/]: Found a broken recipe, failed to setRecipe with RecipeLayoutBuilder: jeresources.jei.villager.VillagerWrapper@21ddb807

java.util.NoSuchElementException: No value present
	at java.util.Optional.get(Optional.java:143) ~[?:?]
	at jeresources.util.VillagersHelper.getPoiBlocks(VillagersHelper.java:56) ~[JustEnoughResources-1.20.1-1.4.0.247.jar%23823!/:1.4.0.247]
	at jeresources.entry.VillagerEntry.hasPois(VillagerEntry.java:59) ~[JustEnoughResources-1.20.1-1.4.0.247.jar%23823!/:1.4.0.247]
	at jeresources.jei.villager.VillagerWrapper.hasPois(VillagerWrapper.java:47) ~[JustEnoughResources-1.20.1-1.4.0.247.jar%23823!/:1.4.0.247]
	at jeresources.jei.villager.VillagerCategory.setRecipe(VillagerCategory.java:47) ~[JustEnoughResources-1.20.1-1.4.0.247.jar%23823!/:1.4.0.247]
	at jeresources.jei.villager.VillagerCategory.setRecipe(VillagerCategory.java:20) ~[JustEnoughResources-1.20.1-1.4.0.247.jar%23823!/:1.4.0.247]
	at mezz.jei.library.util.IngredientSupplierHelper.getIngredientSupplier(IngredientSupplierHelper.java:22) ~[jei-1.20.1-forge-15.20.0.129.jar%23816!/:15.20.0.129]
	at mezz.jei.library.recipes.RecipeManagerInternal.addRecipe(RecipeManagerInternal.java:148) ~[jei-1.20.1-forge-15.20.0.129.jar%23816!/:15.20.0.129]
	at mezz.jei.library.recipes.RecipeManagerInternal.addRecipes(RecipeManagerInternal.java:121) ~[jei-1.20.1-forge-15.20.0.129.jar%23816!/:15.20.0.129]
	at mezz.jei.library.load.registration.RecipeRegistration.addRecipes(RecipeRegistration.java:52) ~[jei-1.20.1-forge-15.20.0.129.jar%23816!/:15.20.0.129]
	at jeresources.jei.JEIConfig.registerRecipes(JEIConfig.java:77) ~[JustEnoughResources-1.20.1-1.4.0.247.jar%23823!/:1.4.0.247]
	at mezz.jei.library.load.PluginLoader.lambda$createRecipeManager$13(PluginLoader.java:182) ~[jei-1.20.1-forge-15.20.0.129.jar%23816!/:15.20.0.129]
	at mezz.jei.library.load.PluginCaller.callOnPlugins(PluginCaller.java:25) ~[jei-1.20.1-forge-15.20.0.129.jar%23816!/:15.20.0.129]
	at mezz.jei.library.load.PluginLoader.createRecipeManager(PluginLoader.java:182) ~[jei-1.20.1-forge-15.20.0.129.jar%23816!/:15.20.0.129]
	at mezz.jei.library.startup.JeiStarter.start(JeiStarter.java:115) ~[jei-1.20.1-forge-15.20.0.129.jar%23816!/:15.20.0.129]
	at mezz.jei.forge.startup.StartEventObserver.transitionState(StartEventObserver.java:130) ~[jei-1.20.1-forge-15.20.0.129.jar%23816!/:15.20.0.129]
	at mezz.jei.forge.startup.StartEventObserver.onEvent(StartEventObserver.java:98) ~[jei-1.20.1-forge-15.20.0.129.jar%23816!/:15.20.0.129]
	at net.minecraftforge.eventbus.EventBus.doCastFilter(EventBus.java:260) ~[eventbus-6.0.5.jar%23137!/:?]
	at net.minecraftforge.eventbus.EventBus.lambda$addListener$11(EventBus.java:252) ~[eventbus-6.0.5.jar%23137!/:?]
	at net.minecraftforge.eventbus.EventBus.post(EventBus.java:315) ~[eventbus-6.0.5.jar%23137!/:?]
	at net.minecraftforge.eventbus.EventBus.post(EventBus.java:296) ~[eventbus-6.0.5.jar%23137!/:?]
	at net.minecraft.client.multiplayer.ClientPacketListener.m_5859_(ClientPacketListener.java:1451) ~[client-1.20.1-20230612.114412-srg.jar%231048!/:?]
	at net.minecraft.network.protocol.game.ClientboundUpdateTagsPacket.m_5797_(ClientboundUpdateTagsPacket.java:35) ~[client-1.20.1-20230612.114412-srg.jar%231048!/:?]
	at net.minecraft.network.protocol.game.ClientboundUpdateTagsPacket.m_5797_(ClientboundUpdateTagsPacket.java:11) ~[client-1.20.1-20230612.114412-srg.jar%231048!/:?]
	at net.minecraft.network.protocol.PacketUtils.m_263899_(PacketUtils.java:22) ~[client-1.20.1-20230612.114412-srg.jar%231048!/:?]
	at net.minecraft.util.thread.BlockableEventLoop.m_6367_(BlockableEventLoop.java:156) ~[client-1.20.1-20230612.114412-srg.jar%231048!/:?]
	at net.minecraft.util.thread.ReentrantBlockableEventLoop.m_6367_(ReentrantBlockableEventLoop.java:23) ~[client-1.20.1-20230612.114412-srg.jar%231048!/:?]
	at net.minecraft.util.thread.BlockableEventLoop.m_7245_(BlockableEventLoop.java:130) ~[client-1.20.1-20230612.114412-srg.jar%231048!/:?]
	at net.minecraft.util.thread.BlockableEventLoop.m_18699_(BlockableEventLoop.java:115) ~[client-1.20.1-20230612.114412-srg.jar%231048!/:?]
	at net.minecraft.client.Minecraft.m_91383_(Minecraft.java:1106) ~[client-1.20.1-20230612.114412-srg.jar%231048!/:?]
	at net.minecraft.client.Minecraft.m_91374_(Minecraft.java:718) ~[client-1.20.1-20230612.114412-srg.jar%231048!/:?]
	at net.minecraft.client.main.Main.main(Main.java:218) ~[minecraft-1.20.1-client.jar:?]
	at jdk.internal.reflect.NativeMethodAccessorImpl.invoke0(Native Method) ~[?:?]
	at jdk.internal.reflect.NativeMethodAccessorImpl.invoke(NativeMethodAccessorImpl.java:77) ~[?:?]
	at jdk.internal.reflect.DelegatingMethodAccessorImpl.invoke(DelegatingMethodAccessorImpl.java:43) ~[?:?]
	at java.lang.reflect.Method.invoke(Method.java:568) ~[?:?]
	at net.minecraftforge.fml.loading.targets.CommonLaunchHandler.runTarget(CommonLaunchHandler.java:111) ~[fmlloader-1.20.1-47.4.6.jar:?]
	at net.minecraftforge.fml.loading.targets.CommonLaunchHandler.clientService(CommonLaunchHandler.java:99) ~[fmlloader-1.20.1-47.4.6.jar:?]
	at net.minecraftforge.fml.loading.targets.CommonClientLaunchHandler.lambda$makeService$0(CommonClientLaunchHandler.java:25) ~[fmlloader-1.20.1-47.4.6.jar:?]
	at cpw.mods.modlauncher.LaunchServiceHandlerDecorator.launch(LaunchServiceHandlerDecorator.java:30) ~[modlauncher-10.0.9.jar:?]
	at cpw.mods.modlauncher.LaunchServiceHandler.launch(LaunchServiceHandler.java:53) ~[modlauncher-10.0.9.jar:?]
	at cpw.mods.modlauncher.LaunchServiceHandler.launch(LaunchServiceHandler.java:71) ~[modlauncher-10.0.9.jar:?]
	at cpw.mods.modlauncher.Launcher.run(Launcher.java:108) ~[modlauncher-10.0.9.jar:?]
	at cpw.mods.modlauncher.Launcher.main(Launcher.java:78) ~[modlauncher-10.0.9.jar:?]
	at cpw.mods.modlauncher.BootstrapLaunchConsumer.accept(BootstrapLaunchConsumer.java:26) ~[modlauncher-10.0.9.jar:?]
	at cpw.mods.modlauncher.BootstrapLaunchConsumer.accept(BootstrapLaunchConsumer.java:23) ~[modlauncher-10.0.9.jar:?]
	at cpw.mods.bootstraplauncher.BootstrapLauncher.main(BootstrapLauncher.java:141) ~[bootstraplauncher-1.1.2.jar:?]
	at jdk.internal.reflect.NativeMethodAccessorImpl.invoke0(Native Method) ~[?:?]
	at jdk.internal.reflect.NativeMethodAccessorImpl.invoke(NativeMethodAccessorImpl.java:77) ~[?:?]
	at jdk.internal.reflect.DelegatingMethodAccessorImpl.invoke(DelegatingMethodAccessorImpl.java:43) ~[?:?]
	at java.lang.reflect.Method.invoke(Method.java:568) ~[?:?]
	at io.github.zekerzhayard.forgewrapper.installer.Main.main(Main.java:67) ~[?:?]
	at org.prismlauncher.launcher.impl.StandardLauncher.launch(StandardLauncher.java:115) ~[?:?]
	at org.prismlauncher.EntryPoint.listen(EntryPoint.java:129) ~[?:?]
	at org.prismlauncher.EntryPoint.main(EntryPoint.java:70) ~[?:?]
[04May2026 00:33:22.543] [Render thread/ERROR] [mezz.jei.library.util.IngredientSupplierHelper/]: Found a broken recipe, failed to setRecipe with RecipeLayoutBuilder: jeresources.jei.villager.VillagerWrapper@6a991a79

java.util.NoSuchElementException: No value present
	at java.util.Optional.get(Optional.java:143) ~[?:?]
	at jeresources.util.VillagersHelper.getPoiBlocks(VillagersHelper.java:56) ~[JustEnoughResources-1.20.1-1.4.0.247.jar%23823!/:1.4.0.247]
	at jeresources.entry.VillagerEntry.hasPois(VillagerEntry.java:59) ~[JustEnoughResources-1.20.1-1.4.0.247.jar%23823!/:1.4.0.247]
	at jeresources.jei.villager.VillagerWrapper.hasPois(VillagerWrapper.java:47) ~[JustEnoughResources-1.20.1-1.4.0.247.jar%23823!/:1.4.0.247]
	at jeresources.jei.villager.VillagerCategory.setRecipe(VillagerCategory.java:47) ~[JustEnoughResources-1.20.1-1.4.0.247.jar%23823!/:1.4.0.247]
	at jeresources.jei.villager.VillagerCategory.setRecipe(VillagerCategory.java:20) ~[JustEnoughResources-1.20.1-1.4.0.247.jar%23823!/:1.4.0.247]
	at mezz.jei.library.util.IngredientSupplierHelper.getIngredientSupplier(IngredientSupplierHelper.java:22) ~[jei-1.20.1-forge-15.20.0.129.jar%23816!/:15.20.0.129]
	at mezz.jei.library.recipes.RecipeManagerInternal.addRecipe(RecipeManagerInternal.java:148) ~[jei-1.20.1-forge-15.20.0.129.jar%23816!/:15.20.0.129]
	at mezz.jei.library.recipes.RecipeManagerInternal.addRecipes(RecipeManagerInternal.java:121) ~[jei-1.20.1-forge-15.20.0.129.jar%23816!/:15.20.0.129]
	at mezz.jei.library.load.registration.RecipeRegistration.addRecipes(RecipeRegistration.java:52) ~[jei-1.20.1-forge-15.20.0.129.jar%23816!/:15.20.0.129]
	at jeresources.jei.JEIConfig.registerRecipes(JEIConfig.java:77) ~[JustEnoughResources-1.20.1-1.4.0.247.jar%23823!/:1.4.0.247]
	at mezz.jei.library.load.PluginLoader.lambda$createRecipeManager$13(PluginLoader.java:182) ~[jei-1.20.1-forge-15.20.0.129.jar%23816!/:15.20.0.129]
	at mezz.jei.library.load.PluginCaller.callOnPlugins(PluginCaller.java:25) ~[jei-1.20.1-forge-15.20.0.129.jar%23816!/:15.20.0.129]
	at mezz.jei.library.load.PluginLoader.createRecipeManager(PluginLoader.java:182) ~[jei-1.20.1-forge-15.20.0.129.jar%23816!/:15.20.0.129]
	at mezz.jei.library.startup.JeiStarter.start(JeiStarter.java:115) ~[jei-1.20.1-forge-15.20.0.129.jar%23816!/:15.20.0.129]
	at mezz.jei.forge.startup.StartEventObserver.transitionState(StartEventObserver.java:130) ~[jei-1.20.1-forge-15.20.0.129.jar%23816!/:15.20.0.129]
	at mezz.jei.forge.startup.StartEventObserver.onEvent(StartEventObserver.java:98) ~[jei-1.20.1-forge-15.20.0.129.jar%23816!/:15.20.0.129]
	at net.minecraftforge.eventbus.EventBus.doCastFilter(EventBus.java:260) ~[eventbus-6.0.5.jar%23137!/:?]
	at net.minecraftforge.eventbus.EventBus.lambda$addListener$11(EventBus.java:252) ~[eventbus-6.0.5.jar%23137!/:?]
	at net.minecraftforge.eventbus.EventBus.post(EventBus.java:315) ~[eventbus-6.0.5.jar%23137!/:?]
	at net.minecraftforge.eventbus.EventBus.post(EventBus.java:296) ~[eventbus-6.0.5.jar%23137!/:?]
	at net.minecraft.client.multiplayer.ClientPacketListener.m_5859_(ClientPacketListener.java:1451) ~[client-1.20.1-20230612.114412-srg.jar%231048!/:?]
	at net.minecraft.network.protocol.game.ClientboundUpdateTagsPacket.m_5797_(ClientboundUpdateTagsPacket.java:35) ~[client-1.20.1-20230612.114412-srg.jar%231048!/:?]
	at net.minecraft.network.protocol.game.ClientboundUpdateTagsPacket.m_5797_(ClientboundUpdateTagsPacket.java:11) ~[client-1.20.1-20230612.114412-srg.jar%231048!/:?]
	at net.minecraft.network.protocol.PacketUtils.m_263899_(PacketUtils.java:22) ~[client-1.20.1-20230612.114412-srg.jar%231048!/:?]
	at net.minecraft.util.thread.BlockableEventLoop.m_6367_(BlockableEventLoop.java:156) ~[client-1.20.1-20230612.114412-srg.jar%231048!/:?]
	at net.minecraft.util.thread.ReentrantBlockableEventLoop.m_6367_(ReentrantBlockableEventLoop.java:23) ~[client-1.20.1-20230612.114412-srg.jar%231048!/:?]
	at net.minecraft.util.thread.BlockableEventLoop.m_7245_(BlockableEventLoop.java:130) ~[client-1.20.1-20230612.114412-srg.jar%231048!/:?]
	at net.minecraft.util.thread.BlockableEventLoop.m_18699_(BlockableEventLoop.java:115) ~[client-1.20.1-20230612.114412-srg.jar%231048!/:?]
	at net.minecraft.client.Minecraft.m_91383_(Minecraft.java:1106) ~[client-1.20.1-20230612.114412-srg.jar%231048!/:?]
	at net.minecraft.client.Minecraft.m_91374_(Minecraft.java:718) ~[client-1.20.1-20230612.114412-srg.jar%231048!/:?]
	at net.minecraft.client.main.Main.main(Main.java:218) ~[minecraft-1.20.1-client.jar:?]
	at jdk.internal.reflect.NativeMethodAccessorImpl.invoke0(Native Method) ~[?:?]
	at jdk.internal.reflect.NativeMethodAccessorImpl.invoke(NativeMethodAccessorImpl.java:77) ~[?:?]
	at jdk.internal.reflect.DelegatingMethodAccessorImpl.invoke(DelegatingMethodAccessorImpl.java:43) ~[?:?]
	at java.lang.reflect.Method.invoke(Method.java:568) ~[?:?]
	at net.minecraftforge.fml.loading.targets.CommonLaunchHandler.runTarget(CommonLaunchHandler.java:111) ~[fmlloader-1.20.1-47.4.6.jar:?]
	at net.minecraftforge.fml.loading.targets.CommonLaunchHandler.clientService(CommonLaunchHandler.java:99) ~[fmlloader-1.20.1-47.4.6.jar:?]
	at net.minecraftforge.fml.loading.targets.CommonClientLaunchHandler.lambda$makeService$0(CommonClientLaunchHandler.java:25) ~[fmlloader-1.20.1-47.4.6.jar:?]
	at cpw.mods.modlauncher.LaunchServiceHandlerDecorator.launch(LaunchServiceHandlerDecorator.java:30) ~[modlauncher-10.0.9.jar:?]
	at cpw.mods.modlauncher.LaunchServiceHandler.launch(LaunchServiceHandler.java:53) ~[modlauncher-10.0.9.jar:?]
	at cpw.mods.modlauncher.LaunchServiceHandler.launch(LaunchServiceHandler.java:71) ~[modlauncher-10.0.9.jar:?]
	at cpw.mods.modlauncher.Launcher.run(Launcher.java:108) ~[modlauncher-10.0.9.jar:?]
	at cpw.mods.modlauncher.Launcher.main(Launcher.java:78) ~[modlauncher-10.0.9.jar:?]
	at cpw.mods.modlauncher.BootstrapLaunchConsumer.accept(BootstrapLaunchConsumer.java:26) ~[modlauncher-10.0.9.jar:?]
	at cpw.mods.modlauncher.BootstrapLaunchConsumer.accept(BootstrapLaunchConsumer.java:23) ~[modlauncher-10.0.9.jar:?]
	at cpw.mods.bootstraplauncher.BootstrapLauncher.main(BootstrapLauncher.java:141) ~[bootstraplauncher-1.1.2.jar:?]
	at jdk.internal.reflect.NativeMethodAccessorImpl.invoke0(Native Method) ~[?:?]
	at jdk.internal.reflect.NativeMethodAccessorImpl.invoke(NativeMethodAccessorImpl.java:77) ~[?:?]
	at jdk.internal.reflect.DelegatingMethodAccessorImpl.invoke(DelegatingMethodAccessorImpl.java:43) ~[?:?]
	at java.lang.reflect.Method.invoke(Method.java:568) ~[?:?]
	at io.github.zekerzhayard.forgewrapper.installer.Main.main(Main.java:67) ~[?:?]
	at org.prismlauncher.launcher.impl.StandardLauncher.launch(StandardLauncher.java:115) ~[?:?]
	at org.prismlauncher.EntryPoint.listen(EntryPoint.java:129) ~[?:?]
	at org.prismlauncher.EntryPoint.main(EntryPoint.java:70) ~[?:?]
[04May2026 00:33:22.545] [Render thread/INFO] [mezz.jei.library.load.PluginCallerTimerRunnable/]: Registering recipes: minecraft:jeresources took 255.5 milliseconds
[04May2026 00:33:22.608] [Render thread/INFO] [mezz.jei.library.load.PluginCallerTimerRunnable/]: Registering recipes: ironfurnaces:plugin_ironfurnaces took 62.84 milliseconds
[04May2026 00:33:22.609] [Render thread/INFO] [jea/]: Collected 1568 advancement criterion recipes.
[04May2026 00:33:22.702] [Render thread/INFO] [mezz.jei.library.load.PluginCallerTimerRunnable/]: Registering recipes: mekanism:jei_plugin took 91.26 milliseconds
[04May2026 00:33:22.718] [Render thread/INFO] [mezz.jei.library.load.PluginCallerTimerRunnable/]: Registering recipes: zeta:zeta took 15.05 milliseconds
[04May2026 00:33:22.721] [Render thread/INFO] [mezz.jei.library.ingredients.IngredientManager/]: Ingredients are being removed at runtime: 13 net.minecraft.world.item.ItemStack
[04May2026 00:33:22.741] [Render thread/INFO] [mezz.jei.library.load.PluginCallerTimerRunnable/]: Registering recipes: ars_nouveau:main took 14.09 milliseconds
[04May2026 00:33:23.317] [Render thread/INFO] [mezz.jei.library.load.PluginCallerTimerRunnable/]: Registering recipes: twilightforest:jei_plugin took 565.2 milliseconds
[04May2026 00:33:23.418] [Render thread/INFO] [mezz.jei.library.load.PluginCallerTimerRunnable/]: Registering recipes: farmersdelight:jei_plugin took 99.44 milliseconds
[04May2026 00:33:23.460] [Render thread/INFO] [mezz.jei.library.load.PluginCallerTimerRunnable/]: Registering recipes: thermal:expansion took 41.68 milliseconds
[04May2026 00:33:23.525] [Render thread/INFO] [mezz.jei.library.load.PluginCallerTimerRunnable/]: Registering recipes: sophisticatedstorage:default took 64.92 milliseconds
[04May2026 00:33:25.284] [Render thread/INFO] [mezz.jei.library.load.PluginCallerTimerRunnable/]: Registering recipes: create:jei_plugin took 1.759 seconds
[04May2026 00:33:25.405] [Render thread/INFO] [mezz.jei.library.load.PluginCallerTimerRunnable/]: Registering recipes: forbidden_arcanus:main took 120.7 milliseconds
[04May2026 00:33:25.414] [Render thread/INFO] [mezz.jei.library.ingredients.IngredientManager/]: Ingredients are being removed at runtime: 86 net.minecraft.world.item.ItemStack
[04May2026 00:33:25.414] [Render thread/INFO] [mezz.jei.library.ingredients.IngredientManager/]: Ingredients are being removed at runtime: 9 net.minecraftforge.fluids.FluidStack
[04May2026 00:33:25.455] [Render thread/INFO] [mezz.jei.library.ingredients.IngredientManager/]: Ingredients are being removed at runtime: 1 net.minecraft.world.item.ItemStack
[04May2026 00:33:25.456] [Render thread/INFO] [mezz.jei.library.load.PluginCallerTimerRunnable/]: Registering recipes: estrogen:jei_plugin took 36.48 milliseconds
[04May2026 00:33:25.471] [Render thread/INFO] [mezz.jei.library.load.PluginCallerTimerRunnable/]: Registering recipes: createestrogen:jei_plugin took 15.07 milliseconds
[04May2026 00:33:25.471] [Render thread/INFO] [mezz.jei.library.load.PluginCaller/]: Registering recipes took 8.829 s
[04May2026 00:33:25.481] [Render thread/INFO] [mezz.jei.library.load.PluginCaller/]: Registering recipes transfer handlers...
[04May2026 00:33:25.482] [Render thread/INFO] [mezz.jei.library.load.PluginCaller/]: Registering recipes transfer handlers took 1.239 ms
[04May2026 00:33:25.482] [Render thread/INFO] [mezz.jei.core.util.LoggedTimer/]: Building runtime...
[04May2026 00:33:25.482] [Render thread/INFO] [mezz.jei.library.load.PluginCaller/]: Registering gui handlers...
[04May2026 00:33:25.483] [Render thread/INFO] [mezz.jei.library.load.PluginCaller/]: Registering gui handlers took 1.029 ms
[04May2026 00:33:25.483] [Render thread/INFO] [mezz.jei.library.load.PluginCaller/]: Registering Runtime...
[04May2026 00:33:25.484] [Render thread/INFO] [mezz.jei.gui.startup.JeiGuiStarter/]: Starting JEI GUI
[04May2026 00:33:25.484] [Render thread/INFO] [mezz.jei.core.util.LoggedTimer/]: Building ingredient list...
[04May2026 00:33:25.635] [Render thread/INFO] [mezz.jei.core.util.LoggedTimer/]: Building ingredient list took 151.3 ms
[04May2026 00:33:25.635] [Render thread/INFO] [mezz.jei.core.util.LoggedTimer/]: Building ingredient filter...
[04May2026 00:33:25.662] [Render thread/INFO] [mezz.jei.gui.ingredients.IngredientFilter/]: Adding 35355 ingredients
[04May2026 00:33:30.585] [pool-67-thread-1/ERROR] [mezz.jei.library.load.PluginCallerTimerRunnable/]: Registering Runtime: jei:forge_gui is running and has taken 5.100 seconds so far
[04May2026 00:33:30.650] [Render thread/INFO] [mezz.jei.gui.ingredients.IngredientFilter/]: Added 35355 ingredients
[04May2026 00:33:30.650] [Render thread/INFO] [mezz.jei.core.util.LoggedTimer/]: Building ingredient filter took 5.014 s
[04May2026 00:33:30.659] [Render thread/INFO] [mezz.jei.library.load.PluginCallerTimerRunnable/]: Registering Runtime: jei:forge_gui took 5.174 seconds
[04May2026 00:33:30.659] [Render thread/INFO] [mezz.jei.library.load.PluginCaller/]: Registering Runtime took 5.175 s
[04May2026 00:33:30.659] [Render thread/INFO] [mezz.jei.core.util.LoggedTimer/]: Building runtime took 5.176 s
[04May2026 00:33:30.659] [Render thread/INFO] [mezz.jei.library.load.PluginCaller/]: Sending Runtime...
[04May2026 00:33:30.659] [Render thread/INFO] [mezz.jei.library.ingredients.IngredientManager/]: Ingredients are being removed at runtime: 5 net.minecraft.world.item.ItemStack
[04May2026 00:33:30.757] [Render thread/INFO] [mezz.jei.library.ingredients.IngredientManager/]: Ingredients are being removed at runtime: 41 net.minecraft.world.item.ItemStack
[04May2026 00:33:30.757] [Render thread/INFO] [mezz.jei.library.load.PluginCallerTimerRunnable/]: Sending Runtime: kubejs:jei took 98.30 milliseconds
[04May2026 00:33:30.761] [Render thread/INFO] [mezz.jei.library.load.PluginCaller/]: Sending Runtime took 102.9 ms
[04May2026 00:33:30.761] [Render thread/INFO] [mezz.jei.core.util.LoggedTimer/]: Starting JEI took 14.86 s
[04May2026 00:33:30.761] [Render thread/INFO] [com.alessandro.astages.AStages/]: Started CACHE building!
[04May2026 00:33:30.953] [Render thread/INFO] [com.alessandro.astages.AStages/]: Ended CACHE building! In 767.7 ms!
[04May2026 00:33:30.953] [Render thread/INFO] [mezz.jei.library.ingredients.IngredientManager/]: Ingredients are being removed at runtime: 295 net.minecraft.world.item.ItemStack
[04May2026 00:33:30.954] [Render thread/INFO] [mezz.jei.library.ingredients.IngredientManager/]: Ingredients are being removed at runtime: 267 net.minecraft.world.item.ItemStack
[04May2026 00:33:30.955] [Render thread/INFO] [mezz.jei.library.ingredients.IngredientManager/]: Ingredients are being removed at runtime: 1138 net.minecraft.world.item.ItemStack
[04May2026 00:33:30.961] [Render thread/INFO] [mezz.jei.library.ingredients.IngredientManager/]: Ingredients are being removed at runtime: 10 net.minecraftforge.fluids.FluidStack
[04May2026 00:33:30.961] [Render thread/INFO] [mezz.jei.library.ingredients.IngredientManager/]: Ingredients are being removed at runtime: 34 net.minecraft.world.effect.MobEffectInstance
[04May2026 00:33:30.961] [Render thread/INFO] [mezz.jei.library.ingredients.IngredientManager/]: Ingredients are being removed at runtime: 18 de.melanx.jea.api.client.IAdvancementInfo
[04May2026 00:33:30.961] [Render thread/INFO] [mezz.jei.library.ingredients.IngredientManager/]: Ingredients are being removed at runtime: 1 net.minecraftforge.fluids.FluidStack
[04May2026 00:33:30.961] [Render thread/INFO] [mezz.jei.library.ingredients.IngredientManager/]: Ingredients are being removed at runtime: 8 mekanism.api.chemical.infuse.InfusionStack
[04May2026 00:33:30.961] [Render thread/INFO] [mezz.jei.library.ingredients.IngredientManager/]: Ingredients are being removed at runtime: 18 mekanism.api.chemical.pigment.PigmentStack
[04May2026 00:33:30.961] [Render thread/INFO] [mezz.jei.library.ingredients.IngredientManager/]: Ingredients are being removed at runtime: 27 mekanism.api.chemical.gas.GasStack
[04May2026 00:33:30.961] [Render thread/INFO] [mezz.jei.library.ingredients.IngredientManager/]: Ingredients are being removed at runtime: 132 de.melanx.jea.api.client.IAdvancementInfo
[04May2026 00:33:30.961] [Render thread/INFO] [mezz.jei.library.ingredients.IngredientManager/]: Ingredients are being removed at runtime: 14 mekanism.api.chemical.slurry.SlurryStack
[04May2026 00:33:30.961] [Render thread/INFO] [mezz.jei.library.ingredients.IngredientManager/]: Ingredients are being removed at runtime: 22 net.minecraftforge.fluids.FluidStack
[04May2026 00:33:30.961] [Render thread/INFO] [com.alessandro.astages.AStages/]: AStages client recipe update started!
[04May2026 00:33:30.961] [Render thread/INFO] [com.alessandro.astages.AStages/]: AStages recipe update completed in 0 ms!
[04May2026 00:33:31.216] [Render thread/INFO] [Cucumber Library/]: Loaded cucumber-tags.json in 0 ms
[04May2026 00:33:31.254] [Render thread/INFO] [kittyconfig/]: Received configs from server: [createestrogen/common, estrogen/common]
[04May2026 00:33:31.255] [Render thread/INFO] [mezz.jei.library.ingredients.IngredientManager/]: Ingredients are being removed at runtime: 1418 de.melanx.jea.api.client.IAdvancementInfo
[04May2026 00:33:31.256] [Render thread/INFO] [mezz.jei.library.ingredients.IngredientManager/]: Ingredients are being added at runtime: 1568 de.melanx.jea.api.client.IAdvancementInfo
[04May2026 00:33:31.348] [Render thread/ERROR] [ModularItem API/]: Module modules/blade/blade_katana.json contains invalid property healthPercent-old
[04May2026 00:33:31.349] [Render thread/ERROR] [ModularItem API/]: This indicates either a broken Module, Outdated API version or missing dependency!
[04May2026 00:33:31.349] [Render thread/ERROR] [ModularItem API/]: Module modules/blade/blade_katana.json contains invalid property armor_pen-old
[04May2026 00:33:31.349] [Render thread/ERROR] [ModularItem API/]: This indicates either a broken Module, Outdated API version or missing dependency!
[04May2026 00:33:31.453] [Render thread/INFO] [ModularItem API/]: Loaded 1 Injectors/Property Substitutors
[04May2026 00:33:31.453] [Render thread/INFO] [ModularItem API/]: Loaded 92 Modules
[04May2026 00:33:31.453] [Render thread/INFO] [ModularItem API/]: Loaded 416 Skins
[04May2026 00:33:31.453] [Render thread/INFO] [ModularItem API/]: Loaded 72 Synergies
[04May2026 00:33:31.453] [Render thread/INFO] [ModularItem API/]: Found 168 Enchantments
[04May2026 00:33:31.453] [Render thread/INFO] [ModularItem API/]: Loaded 33 Modular Converters
[04May2026 00:33:31.453] [Render thread/INFO] [ModularItem API/]: Loaded 239 Materials
[04May2026 00:33:31.453] [Render thread/INFO] [ModularItem API/]: Client load took 1.0820278230899999E7 ms
[04May2026 00:33:31.454] [Render thread/INFO] [net.minecraft.client.gui.components.ChatComponent/]: [CHAT] KubeJS errors found [22]! Run '/kubejs errors server' for more info
[04May2026 00:33:31.455] [Render thread/INFO] [net.minecraft.client.gui.components.ChatComponent/]: [CHAT] [Load My F***ing Tags]: It seems that some tags are a bit cooked. Look at the Logs for more details on broken functions. Click me for more info about this feature.
[04May2026 00:33:31.459] [Render thread/WARN] [net.minecraft.client.renderer.EffectInstance/]: Shader estrogen:aberration could not find uniform named InSize in the specified shader program.
[04May2026 00:33:31.460] [Render thread/WARN] [net.minecraft.client.renderer.EffectInstance/]: Shader estrogen:cel could not find sampler named DiffuseDepthSampler in the specified shader program.
[04May2026 00:33:31.460] [Render thread/WARN] [net.minecraft.client.renderer.EffectInstance/]: Shader estrogen:cel could not find uniform named EstrogenFarPlane in the specified shader program.
[04May2026 00:33:31.462] [Render thread/INFO] [ChunkBuilder/]: Stopping worker threads
[04May2026 00:33:31.463] [Render thread/INFO] [ChunkBuilder/]: Started 2 worker threads
[04May2026 00:33:31.464] [Render thread/INFO] [com.alessandro.astages.AStages/]: Started CACHE building!
[04May2026 00:33:31.646] [Render thread/INFO] [com.alessandro.astages.AStages/]: Ended CACHE building! In 949.4 ms!
[04May2026 00:33:31.646] [Render thread/INFO] [mezz.jei.library.ingredients.IngredientManager/]: Ingredients are being removed at runtime: 8 net.minecraft.world.item.ItemStack
[04May2026 00:33:31.647] [Render thread/INFO] [mezz.jei.library.ingredients.IngredientManager/]: Ingredients are being removed at runtime: 18 de.melanx.jea.api.client.IAdvancementInfo
[04May2026 00:33:31.647] [Render thread/INFO] [mezz.jei.library.ingredients.IngredientManager/]: Ingredients are being removed at runtime: 132 de.melanx.jea.api.client.IAdvancementInfo
[04May2026 00:33:31.647] [Render thread/INFO] [com.alessandro.astages.AStages/]: AStages client recipe update started!
[04May2026 00:33:31.647] [Render thread/INFO] [com.alessandro.astages.AStages/]: AStages recipe update completed in 0 ms!
[04May2026 00:33:31.648] [Render thread/INFO] [se.mickelus.mutil.data.DataStore/]: Loaded   2 tiers
[04May2026 00:33:31.648] [Render thread/INFO] [se.mickelus.mutil.data.DataStore/]: Loaded   9 tweaks
[04May2026 00:33:31.649] [Render thread/INFO] [se.mickelus.mutil.data.MergingDataStore/]: Loaded 369 materials
[04May2026 00:33:31.654] [Render thread/INFO] [se.mickelus.mutil.data.DataStore/]: Loaded 283 improvements
[04May2026 00:33:31.661] [Render thread/INFO] [se.mickelus.mutil.data.MergingDataStore/]: Loaded 213 modules
[04May2026 00:33:31.775] [Render thread/INFO] [se.mickelus.tetra.client.model.ModularModelLoader/]: Clearing model cache for 10 items, let's get bakin'
[04May2026 00:33:31.776] [Render thread/INFO] [se.mickelus.mutil.data.DataStore/]: Loaded   0 enchantments
[04May2026 00:33:31.776] [Render thread/INFO] [se.mickelus.mutil.data.DataStore/]: Loaded  28 synergies
[04May2026 00:33:31.777] [Render thread/INFO] [se.mickelus.mutil.data.DataStore/]: Loaded 326 replacements
[04May2026 00:33:31.783] [Render thread/INFO] [se.mickelus.mutil.data.MergingDataStore/]: Loaded 678 schematics
[04May2026 00:33:31.868] [Render thread/INFO] [se.mickelus.mutil.data.MergingDataStore/]: Loaded  55 crafting_effects
[04May2026 00:33:31.869] [Render thread/INFO] [se.mickelus.mutil.data.DataStore/]: Loaded 131 repairs
[04May2026 00:33:31.873] [Render thread/INFO] [se.mickelus.mutil.data.DataStore/]: Loaded   2 actions
[04May2026 00:33:31.873] [Render thread/INFO] [se.mickelus.mutil.data.DataStore/]: Loaded   0 unlocks
[04May2026 00:33:31.873] [Render thread/INFO] [se.mickelus.mutil.data.DataStore/]: Loaded   0 archetypes
[04May2026 00:33:31.874] [Render thread/INFO] [se.mickelus.mutil.data.DataStore/]: Loaded   1 item_effects
[04May2026 00:33:31.874] [Render thread/INFO] [se.mickelus.mutil.data.DataStore/]: Loaded  28 modifier_effects
[04May2026 00:33:31.875] [Render thread/INFO] [YetAnotherConfigLib/]: Serializing class com.seniors.justlevelingfork.handler.HandlerCommonConfig to 'C:\Users\Silvaria Zemaitis\AppData\Roaming\PrismLauncher\instances\IridescentCraft\.minecraft\config\JLFork\justleveling-fork.common.json5'
[04May2026 00:33:31.876] [Render thread/INFO] [YetAnotherConfigLib/]: Serializing class com.seniors.justlevelingfork.handler.HandlerCommonConfig to 'C:\Users\Silvaria Zemaitis\AppData\Roaming\PrismLauncher\instances\IridescentCraft\.minecraft\config\JLFork\justleveling-fork.common.json5'
[04May2026 00:33:31.877] [Render thread/INFO] [net.minecraft.client.gui.components.ChatComponent/]: [CHAT] [SebastrnLib] If you're getting this message, it means you've installed either Refined Cooking or Applied Cooking. If you want to know more about them, you can craft the manual/book called Sebastrn's Mods!, you can find it using JEI or REI!
[04May2026 00:33:31.877] [Render thread/INFO] [Moonlight/]: Synced moonlight-common.toml configs
[04May2026 00:33:31.878] [Render thread/INFO] [Jade/]: Received config from the server: {}
[04May2026 00:33:31.879] [Render thread/INFO] [Moonlight/]: Synced supplementaries-common.toml configs
[04May2026 00:33:31.886] [Render thread/INFO] [net.minecraft.advancements.AdvancementList/]: Loaded 443 advancements
[04May2026 00:33:31.897] [Render thread/INFO] [patchouli/]: BookContentResourceListenerLoader: Files found in 10.67 ms
[04May2026 00:33:31.898] [Render thread/INFO] [patchouli/]: BookContentResourceListenerLoader: Files found in 518.4 ?s
[04May2026 00:33:31.899] [Render thread/INFO] [patchouli/]: BookContentResourceListenerLoader: Files found in 461.4 ?s
[04May2026 00:33:31.900] [Render thread/WARN] [patchouli/]: Recipe minecraft:bookshelf (of type minecraft:crafting) not found
[04May2026 00:33:31.900] [Render thread/WARN] [patchouli/]: Recipe apotheosis:augmenting_table (of type minecraft:crafting) not found
[04May2026 00:33:31.900] [Render thread/WARN] [patchouli/]: Recipe apotheosis:gem_cutting_table (of type minecraft:crafting) not found
[04May2026 00:33:31.900] [Render thread/WARN] [patchouli/]: Recipe apotheosis:simple_reforging_table (of type minecraft:crafting) not found
[04May2026 00:33:31.900] [Render thread/WARN] [patchouli/]: Recipe apotheosis:reforging_table (of type minecraft:crafting) not found
[04May2026 00:33:31.900] [Render thread/INFO] [patchouli/]: BookContentResourceListenerLoader: Files found in 134.6 ?s
[04May2026 00:33:31.900] [Render thread/INFO] [patchouli/]: BookContentResourceListenerLoader: Files found in 45.80 ?s
[04May2026 00:33:31.900] [Render thread/INFO] [patchouli/]: BookContentResourceListenerLoader: Files found in 38.10 ?s
[04May2026 00:33:31.901] [Render thread/INFO] [patchouli/]: BookContentResourceListenerLoader: Files found in 635.0 ?s
[04May2026 00:33:31.901] [Render thread/INFO] [patchouli/]: BookContentResourceListenerLoader: Files found in 179.6 ?s
[04May2026 00:33:31.904] [Render thread/INFO] [patchouli/]: BookContentResourceListenerLoader: Files found in 145.7 ?s
[04May2026 00:33:31.920] [Render thread/INFO] [patchouli/]: BookContentResourceListenerLoader: Files found in 133.6 ?s
[04May2026 00:33:31.920] [Render thread/INFO] [patchouli/]: BookContentResourceListenerLoader: Files found in 46.90 ?s
[04May2026 00:33:31.921] [Render thread/INFO] [patchouli/]: BookContentResourceListenerLoader: Files found in 40.30 ?s
[04May2026 00:33:31.921] [Render thread/WARN] [patchouli/]: Recipe theabyss:arcane_workbench_rcp (of type minecraft:crafting) not found
[04May2026 00:33:31.923] [Render thread/INFO] [patchouli/]: BookContentResourceListenerLoader: Files found in 1.524 ms
[04May2026 00:33:31.924] [Render thread/WARN] [patchouli/]: Invalid icon item stack: Unknown item ID: thermal:lumium_rail
[04May2026 00:33:31.924] [Render thread/INFO] [patchouli/]: BookContentResourceListenerLoader: Files found in 682.5 ?s
[04May2026 00:33:31.925] [Render thread/WARN] [patchouli/]: Invalid icon item stack: Unknown item ID: thermal:prismarine_rail
[04May2026 00:33:31.925] [Render thread/WARN] [patchouli/]: Invalid icon item stack: Unknown item ID: thermal:lumium_rail
[04May2026 00:33:31.925] [Render thread/WARN] [patchouli/]: Invalid icon item stack: Unknown item ID: thermal:underwater_minecart
[04May2026 00:33:31.925] [Render thread/WARN] [patchouli/]: Invalid icon item stack: Unknown item ID: thermal:fluid_minecart
[04May2026 00:33:31.925] [Render thread/WARN] [patchouli/]: Invalid icon item stack: Unknown item ID: thermal:crossover_rail
[04May2026 00:33:31.925] [Render thread/WARN] [patchouli/]: Invalid icon item stack: Unknown item ID: thermal:energy_minecart
[04May2026 00:33:31.927] [Render thread/INFO] [patchouli/]: BookContentResourceListenerLoader: Files found in 606.8 ?s
[04May2026 00:33:31.930] [Render thread/WARN] [cofh.thermal.core.compat.patchouli.CraftingProcessor/]: Thermalpedia missing the crafting recipe: thermal:machine_frame
[04May2026 00:33:31.936] [Render thread/WARN] [cofh.thermal.core.compat.patchouli.CraftingProcessor/]: Thermalpedia missing the crafting recipe: thermal:storage/apple_block
[04May2026 00:33:31.936] [Render thread/WARN] [cofh.thermal.core.compat.patchouli.CraftingProcessor/]: Thermalpedia missing the crafting recipe: thermal:storage/carrot_block
[04May2026 00:33:31.936] [Render thread/WARN] [cofh.thermal.core.compat.patchouli.CraftingProcessor/]: Thermalpedia missing the crafting recipe: thermal:storage/potato_block
[04May2026 00:33:31.936] [Render thread/WARN] [cofh.thermal.core.compat.patchouli.CraftingProcessor/]: Thermalpedia missing the crafting recipe: thermal:storage/beetroot_block
[04May2026 00:33:31.944] [Render thread/WARN] [cofh.thermal.core.compat.patchouli.CraftingProcessor/]: Thermalpedia missing the crafting recipe: thermal:storage/charcoal_block
[04May2026 00:33:31.944] [Render thread/WARN] [cofh.thermal.core.compat.patchouli.CraftingProcessor/]: Thermalpedia missing the crafting recipe: thermal:storage/gunpowder_block
[04May2026 00:33:31.945] [Render thread/INFO] [patchouli/]: BookContentResourceListenerLoader: Files found in 62.50 ?s
[04May2026 00:33:31.945] [Render thread/INFO] [patchouli/]: BookContentResourceListenerLoader: Files found in 27.90 ?s
[04May2026 00:33:31.946] [Render thread/INFO] [patchouli/]: BookContentResourceListenerLoader: Files found in 25.30 ?s
[04May2026 00:33:31.946] [Render thread/WARN] [patchouli/]: Recipe irons_spellbooks:arcane_anvil (of type minecraft:crafting) not found
[04May2026 00:33:31.946] [Render thread/WARN] [patchouli/]: Recipe irons_spellbooks:cryomancer_helmet (of type minecraft:crafting) not found
[04May2026 00:33:31.946] [Render thread/WARN] [patchouli/]: Recipe irons_spellbooks:pyromancer_helmet (of type minecraft:crafting) not found
[04May2026 00:33:31.946] [Render thread/INFO] [patchouli/]: BookContentResourceListenerLoader: Files found in 188.8 ?s
[04May2026 00:33:31.946] [Render thread/INFO] [patchouli/]: BookContentResourceListenerLoader: Files found in 123.8 ?s
[04May2026 00:33:31.947] [Render thread/INFO] [patchouli/]: BookContentResourceListenerLoader: Files found in 108.7 ?s
[04May2026 00:33:31.947] [Render thread/WARN] [patchouli/]: Recipe simplyswords:waking_lichblade (of type minecraft:crafting) not found
[04May2026 00:33:31.947] [Render thread/WARN] [patchouli/]: Recipe simplyswords:awakened_lichblade (of type minecraft:crafting) not found
[04May2026 00:33:31.947] [Render thread/WARN] [patchouli/]: Recipe simplyswords:sunfire (of type minecraft:crafting) not found
[04May2026 00:33:31.947] [Render thread/WARN] [patchouli/]: Recipe simplyswords:harbinger (of type minecraft:crafting) not found
[04May2026 00:33:31.948] [Render thread/INFO] [patchouli/]: BookContentResourceListenerLoader: Files found in 536.9 ?s
[04May2026 00:33:31.948] [Render thread/INFO] [patchouli/]: BookContentResourceListenerLoader: Files found in 315.8 ?s
[04May2026 00:33:31.949] [Render thread/WARN] [patchouli/]: Invalid icon item stack: Unknown item ID: minecraft:ultra_sniffer_fur
[04May2026 00:33:31.950] [Render thread/INFO] [patchouli/]: BookContentResourceListenerLoader: Files found in 303.8 ?s
[04May2026 00:33:31.950] [Render thread/WARN] [patchouli/]: Recipe terramity:moondrill_cannon_recipe (of type minecraft:crafting) not found
[04May2026 00:33:31.950] [Render thread/WARN] [patchouli/]: Recipe terramity:advanced_gun_parts_recipe (of type minecraft:crafting) not found
[04May2026 00:33:31.950] [Render thread/WARN] [patchouli/]: Recipe terramity:copper_round_recipe (of type minecraft:crafting) not found
[04May2026 00:33:31.950] [Render thread/WARN] [patchouli/]: Recipe terramity:gold_round_recipe (of type minecraft:crafting) not found
[04May2026 00:33:31.950] [Render thread/WARN] [patchouli/]: Recipe terramity:dimlite_round_recipe (of type minecraft:crafting) not found
[04May2026 00:33:31.950] [Render thread/WARN] [patchouli/]: Recipe terramity:gunsmith_station_recipe (of type minecraft:crafting) not found
[04May2026 00:33:31.950] [Render thread/INFO] [patchouli/]: BookContentResourceListenerLoader: Files found in 197.6 ?s
[04May2026 00:33:31.950] [Render thread/INFO] [patchouli/]: BookContentResourceListenerLoader: Files found in 109.0 ?s
[04May2026 00:33:31.951] [Render thread/INFO] [patchouli/]: BookContentResourceListenerLoader: Files found in 98.60 ?s
[04May2026 00:33:31.951] [Render thread/WARN] [patchouli/]: Recipe ad_astra:nasa_workbench (of type minecraft:crafting) not found
[04May2026 00:33:31.951] [Render thread/WARN] [patchouli/]: Recipe ad_astra:jet_suit_helmet (of type minecraft:crafting) not found
[04May2026 00:33:31.951] [Render thread/WARN] [patchouli/]: Recipe ad_astra:jet_suit_boots (of type minecraft:crafting) not found
[04May2026 00:33:31.951] [Render thread/INFO] [patchouli/]: BookContentResourceListenerLoader: Files found in 13.70 ?s
[04May2026 00:33:31.951] [Render thread/INFO] [patchouli/]: BookContentResourceListenerLoader: Files found in 7.700 ?s
[04May2026 00:33:31.951] [Render thread/WARN] [patchouli/]: Invalid icon item stack: Unknown item ID: appliedcooking:kitchen_station
[04May2026 00:33:31.951] [Render thread/INFO] [patchouli/]: BookContentResourceListenerLoader: Files found in 6.700 ?s
[04May2026 00:33:31.952] [Render thread/INFO] [patchouli/]: BookContentResourceListenerLoader: Files found in 366.6 ?s
[04May2026 00:33:31.952] [Render thread/INFO] [patchouli/]: BookContentResourceListenerLoader: Files found in 87.40 ?s
[04May2026 00:33:31.952] [Render thread/WARN] [patchouli/]: Invalid icon item stack: Unknown item ID: apotheosis:infusion_table
[04May2026 00:33:31.952] [Render thread/WARN] [patchouli/]: Invalid icon item stack: Unknown item ID: rftools:dimension_editor
[04May2026 00:33:31.952] [Render thread/WARN] [patchouli/]: Invalid icon item stack: Unknown item ID: iridescent_modular_spells:modular_copper_spell_book
[04May2026 00:33:31.952] [Render thread/WARN] [patchouli/]: Invalid icon item stack: Unknown item ID: mahou_tsukai:mahou_book
[04May2026 00:33:31.952] [Render thread/WARN] [patchouli/]: Invalid icon item stack: Unknown item ID: kubejs:iron_loot_box
[04May2026 00:33:31.952] [Render thread/WARN] [patchouli/]: Invalid icon item stack: Unknown item ID: blue_skies:lunar_fragment
[04May2026 00:33:31.952] [Render thread/WARN] [patchouli/]: Invalid icon item stack: Unknown item ID: footwork:combat_manual
[04May2026 00:33:31.952] [Render thread/WARN] [patchouli/]: Invalid icon item stack: Unknown item ID: terramity:terramity_guidebook
[04May2026 00:33:31.952] [Render thread/WARN] [patchouli/]: Invalid icon item stack: Unknown item ID: irons_spellbooks:fire_spell_book
[04May2026 00:33:31.953] [Render thread/WARN] [patchouli/]: Invalid icon item stack: Unknown item ID: ars_nouveau:spell_book_1
[04May2026 00:33:31.953] [Render thread/INFO] [patchouli/]: BookContentResourceListenerLoader: Files found in 71.20 ?s
[04May2026 00:33:31.953] [Render thread/WARN] [patchouli/]: Recipe footwork:combat_manual (of type minecraft:crafting) not found
[04May2026 00:33:31.953] [Render thread/WARN] [patchouli/]: Recipe mahoutsukai:mahou_tsukai_guidebook (of type minecraft:crafting) not found
[04May2026 00:33:31.953] [Render thread/WARN] [patchouli/]: Recipe occultism:dictionary_of_spirits (of type minecraft:crafting) not found
[04May2026 00:33:31.953] [Render thread/WARN] [patchouli/]: Recipe apotheosis:enchanting/tome (of type minecraft:crafting) not found
[04May2026 00:33:31.953] [Render thread/WARN] [patchouli/]: Recipe apotheosis:apoth_chronicle (of type minecraft:crafting) not found
[04May2026 00:33:31.953] [Render thread/WARN] [patchouli/]: Recipe simplyswords:runic_grimoire (of type minecraft:crafting) not found
[04May2026 00:33:31.953] [Render thread/WARN] [patchouli/]: Recipe forbidden_arcanus:tome_of_arcana (of type minecraft:crafting) not found
[04May2026 00:33:31.953] [Render thread/WARN] [patchouli/]: Recipe terramity:terramity_guidebook (of type minecraft:crafting) not found
[04May2026 00:33:31.953] [Render thread/WARN] [patchouli/]: Recipe irons_spellbooks:arcane_compendium (of type minecraft:crafting) not found
[04May2026 00:33:31.953] [Render thread/INFO] [patchouli/]: BookContentResourceListenerLoader: Files found in 83.00 ?s
[04May2026 00:33:31.953] [Render thread/INFO] [patchouli/]: BookContentResourceListenerLoader: Files found in 66.30 ?s
[04May2026 00:33:31.954] [Render thread/INFO] [patchouli/]: BookContentResourceListenerLoader: Files found in 54.30 ?s
[04May2026 00:33:31.954] [Render thread/INFO] [patchouli/]: BookContentResourceListenerLoader: Files found in 240.0 ?s
[04May2026 00:33:31.955] [Render thread/INFO] [patchouli/]: BookContentResourceListenerLoader: Files found in 204.4 ?s
[04May2026 00:33:31.957] [Render thread/INFO] [patchouli/]: BookContentResourceListenerLoader: Files found in 188.4 ?s
[04May2026 00:33:31.959] [Render thread/WARN] [patchouli/]: Recipe ars_nouveau:apprentice_spell_book_upgrade (of type minecraft:crafting) not found
[04May2026 00:33:31.975] [Render thread/INFO] [ModernFix/]: Cleared 2045 unneeded book NBT tags
[04May2026 00:33:31.976] [Render thread/INFO] [voicechat/]: [voicechat] Received secret
[04May2026 00:33:31.976] [Render thread/INFO] [voicechat/]: [voicechat] Connecting to voice chat server: '10.0.0.10:24454'
[04May2026 00:33:31.976] [VoiceChatAuthenticationThread/INFO] [voicechat/]: [voicechat] Trying to authenticate voice chat connection
[04May2026 00:33:31.977] [Render thread/INFO] [net.minecraft.client.gui.components.ChatComponent/]: [CHAT] [Simple Voice Chat] Press Not Bound to set up
[04May2026 00:33:32.029] [Render thread/WARN] [net.minecraft.client.multiplayer.ClientPacketListener/]: Received passengers for unknown entity
[04May2026 00:33:32.030] [Render thread/WARN] [net.minecraft.client.multiplayer.ClientPacketListener/]: Received passengers for unknown entity
[04May2026 00:33:32.047] [Render thread/INFO] [net.minecraft.client.renderer.texture.TextureAtlas/]: Created: 512x32x0 miapi:textures/atlas/materials.png-atlas
[04May2026 00:33:32.051] [Render thread/INFO] [ModularItem API/]: Created material atlas with size 256x18
[04May2026 00:33:32.157] [Render thread/WARN] [net.minecraft.client.renderer.EffectInstance/]: Shader estrogen:aberration could not find uniform named InSize in the specified shader program.
[04May2026 00:33:32.160] [Render thread/WARN] [net.minecraft.client.renderer.EffectInstance/]: Shader estrogen:cel could not find sampler named DiffuseDepthSampler in the specified shader program.
[04May2026 00:33:32.160] [Render thread/WARN] [net.minecraft.client.renderer.EffectInstance/]: Shader estrogen:cel could not find uniform named EstrogenFarPlane in the specified shader program.
[04May2026 00:33:32.163] [Render thread/INFO] [ChunkBuilder/]: Stopping worker threads
[04May2026 00:33:32.164] [Render thread/INFO] [ChunkBuilder/]: Started 2 worker threads
[04May2026 00:33:32.482] [Render thread/WARN] [ModernFix/]: Time from main menu to in-game was 32.550793 seconds
[04May2026 00:33:32.482] [Render thread/WARN] [ModernFix/]: Total time to load game and open world was 97.1978 seconds
[04May2026 00:33:32.978] [VoiceChatAuthenticationThread/INFO] [voicechat/]: [voicechat] Trying to authenticate voice chat connection
[04May2026 00:33:33.979] [VoiceChatAuthenticationThread/INFO] [voicechat/]: [voicechat] Trying to authenticate voice chat connection
[04May2026 00:33:34.980] [VoiceChatAuthenticationThread/INFO] [voicechat/]: [voicechat] Trying to authenticate voice chat connection
[04May2026 00:33:35.980] [VoiceChatAuthenticationThread/INFO] [voicechat/]: [voicechat] Trying to authenticate voice chat connection
[04May2026 00:33:36.981] [VoiceChatAuthenticationThread/INFO] [voicechat/]: [voicechat] Trying to authenticate voice chat connection
[04May2026 00:33:37.982] [VoiceChatAuthenticationThread/INFO] [voicechat/]: [voicechat] Trying to authenticate voice chat connection
[04May2026 00:33:38.985] [VoiceChatAuthenticationThread/INFO] [voicechat/]: [voicechat] Trying to authenticate voice chat connection
[04May2026 00:33:39.985] [VoiceChatAuthenticationThread/INFO] [voicechat/]: [voicechat] Trying to authenticate voice chat connection
[04May2026 00:33:40.411] [Render thread/INFO] [net.minecraft.client.gui.components.ChatComponent/]: [CHAT] [OriginDump] {"origins:class":"icraft:archmage","origins:gender":"origins_gender:female","origins:origin":"icraft:witch_of_ink","origins:race":"icraft:faefolk"}
[04May2026 00:33:40.411] [Render thread/INFO] [net.minecraft.client.gui.components.ChatComponent/]: [CHAT] [Debug] Matched: <none matched known origins>
[04May2026 00:33:40.986] [VoiceChatAuthenticationThread/INFO] [voicechat/]: [voicechat] Trying to authenticate voice chat connection
[04May2026 00:33:41.987] [VoiceChatAuthenticationThread/WARN] [voicechat/]: [voicechat] Trying to authenticate voice chat connection (this message will not be logged again)
[04May2026 00:33:55.348] [Thread-106/WARN] [ModularItem API/]: Couldnt retrieve Miapi Permissions
[04May2026 00:35:17.925] [Render thread/INFO] [FluxNetworks/]: Released client Flux Networks cache
[04May2026 00:35:17.926] [Render thread/INFO] [mezz.jei.forge.startup.StartEventObserver/]: JEI StartEventObserver received class net.minecraftforge.client.event.ClientPlayerNetworkEvent$LoggingOut
[04May2026 00:35:17.926] [Render thread/INFO] [mezz.jei.forge.startup.StartEventObserver/]: JEI StartEventObserver transitioning state from JEI_STARTED to DISABLED
[04May2026 00:35:17.926] [Render thread/INFO] [mezz.jei.library.startup.JeiStarter/]: Stopping JEI
[04May2026 00:35:17.926] [Render thread/INFO] [mezz.jei.library.load.PluginCaller/]: Sending Runtime Unavailable...
[04May2026 00:35:17.926] [Render thread/INFO] [mezz.jei.forge.plugins.forge.ForgeGuiPlugin/]: Stopping JEI GUI
[04May2026 00:35:17.932] [Render thread/INFO] [mezz.jei.library.load.PluginCaller/]: Sending Runtime Unavailable took 5.903 ms
[04May2026 00:35:17.932] [Render thread/INFO] [inventoryhud/]: Curios disabled
[04May2026 00:35:17.940] [Render thread/INFO] [voicechat/]: [voicechat] Clearing audio channels
[04May2026 00:35:17.949] [Render thread/INFO] [voicechat/]: [voicechat] Disconnecting voicechat
[04May2026 00:35:18.140] [Render thread/INFO] [ChunkBuilder/]: Stopping worker threads
[04May2026 00:35:18.143] [Render thread/INFO] [Entity Texture Features/]: [ETF]: emissive suffixes loaded: {_e}
[04May2026 00:35:18.144] [Render thread/WARN] [structurize/]: Client logged off. Resetting Pack Meta and Reloading State
[04May2026 00:35:18.148] [Structurize IO Worker #0/INFO] [structurize/]: Registered structure pack: silvieserene
[04May2026 00:35:18.148] [Structurize IO Worker #0/WARN] [structurize/]: Finished discovering Client Structure packs
[04May2026 01:10:06.209] [Render thread/INFO] [FluxNetworks/]: Released client Flux Networks cache
[04May2026 01:10:06.212] [Render thread/INFO] [inventoryhud/]: Curios disabled
[04May2026 01:10:06.231] [Render thread/INFO] [Entity Texture Features/]: [ETF]: emissive suffixes loaded: {_e}
[04May2026 01:10:06.232] [Render thread/INFO] [net.minecraft.client.gui.screens.ConnectScreen/]: Connecting to 10.0.0.10, 25565
[04May2026 01:10:11.399] [Netty Client IO #5/INFO] [Puzzles Lib/]: Reloading server config for mutantmonsters
[04May2026 01:10:11.698] [Netty Client IO #5/WARN] [net.minecraftforge.common.ForgeConfigSpec/CORE]: Configuration file SimpleCommentedConfig:{biggerstacks=SimpleCommentedConfig:{Increase transfer rate=true}} is not correct. Correcting
[04May2026 01:10:12.599] [Netty Client IO #5/INFO] [Puzzles Lib/]: Reloading server config for easyanvils
[04May2026 01:10:15.096] [Netty Client IO #5/INFO] [quickstack/]: [quickstack]: Configuration changed.
[04May2026 01:10:16.647] [Netty Client IO #5/INFO] [Puzzles Lib/]: Reloading server config for easymagic
[04May2026 01:10:16.796] [Netty Client IO #5/INFO] [FluxNetworks/Energy]: Energy blacklist loaded: 1 block entries, 0 item entries
[04May2026 01:10:17.696] [Netty Client IO #5/INFO] [com.tom.createores.CreateOreExcavation/]: Create Ore Excavation config just got changed on the file system!
[04May2026 01:10:18.965] [Netty Client IO #5/INFO] [net.minecraftforge.network.NetworkHooks/]: Connected to a modded server.
[04May2026 01:10:19.333] [Render thread/INFO] [Oculus/]: Reloading pipeline on dimension change: NamespacedId{namespace='minecraft', name='overworld'} => NamespacedId{namespace='minecraft', name='overworld'}
[04May2026 01:10:19.333] [Render thread/INFO] [Oculus/]: Destroying pipeline NamespacedId{namespace='minecraft', name='overworld'}
[04May2026 01:10:19.333] [Render thread/INFO] [Oculus/]: Creating pipeline for dimension NamespacedId{namespace='minecraft', name='overworld'}
[04May2026 01:10:19.337] [Render thread/WARN] [net.minecraft.client.renderer.EffectInstance/]: Shader estrogen:aberration could not find uniform named InSize in the specified shader program.
[04May2026 01:10:19.339] [Render thread/WARN] [net.minecraft.client.renderer.EffectInstance/]: Shader estrogen:cel could not find sampler named DiffuseDepthSampler in the specified shader program.
[04May2026 01:10:19.339] [Render thread/WARN] [net.minecraft.client.renderer.EffectInstance/]: Shader estrogen:cel could not find uniform named EstrogenFarPlane in the specified shader program.
[04May2026 01:10:19.343] [Render thread/WARN] [net.minecraft.client.renderer.EffectInstance/]: Shader estrogen:aberration could not find uniform named InSize in the specified shader program.
[04May2026 01:10:19.344] [Render thread/WARN] [net.minecraft.client.renderer.EffectInstance/]: Shader estrogen:cel could not find sampler named DiffuseDepthSampler in the specified shader program.
[04May2026 01:10:19.344] [Render thread/WARN] [net.minecraft.client.renderer.EffectInstance/]: Shader estrogen:cel could not find uniform named EstrogenFarPlane in the specified shader program.
[04May2026 01:10:19.349] [Render thread/INFO] [ChunkBuilder/]: Started 2 worker threads
[04May2026 01:10:19.361] [Render thread/INFO] [net.minecraft.client.gui.components.ChatComponent/]: [CHAT] Just Enough Resources 1.20.1-1.4.0.247 Release is broken on servers. Please Remove it.
[04May2026 01:10:19.361] [Render thread/INFO] [net.minecraft.client.gui.components.ChatComponent/]: [CHAT] For more information you can read this
[04May2026 01:10:19.361] [Render thread/INFO] [net.minecraft.client.gui.components.ChatComponent/]: [CHAT] This message was sent by Truly Modular.
[04May2026 01:10:19.365] [Render thread/WARN] [KubeJS Client/]: auto_fix_prism_prelaunch.js#39: [auto_fix_prism] Failed: InternalError: Failed to load Java class 'java.io.File': Class is not allowed by class filter!
[04May2026 01:10:19.368] [Render thread/INFO] [mezz.jei.forge.startup.StartEventObserver/]: JEI StartEventObserver received class net.minecraftforge.client.event.ClientPlayerNetworkEvent$LoggingIn
[04May2026 01:10:19.368] [Render thread/INFO] [mezz.jei.forge.startup.StartEventObserver/]: JEI StartEventObserver transitioning state from DISABLED to ENABLED
[04May2026 01:10:19.370] [Render thread/INFO] [voicechat/]: [voicechat] Sending secret request to the server
[04May2026 01:10:19.371] [Render thread/WARN] [voicechat/]: [voicechat] Failed to open audio device 'OpenAL Soft on Realtek HD Audio 2nd output (Realtek(R) Audio)', falling back to default
[04May2026 01:10:19.389] [Render thread/INFO] [Sound Physics - General/]: Initializing sound physics for voice chat audio
[04May2026 01:10:19.389] [Render thread/INFO] [Sound Physics - General/]: Initializing Sound Physics
[04May2026 01:10:19.389] [Render thread/INFO] [Sound Physics - General/]: EFX Extension recognized
[04May2026 01:10:19.389] [Render thread/INFO] [Sound Physics - General/]: Max auxiliary sends: 2
[04May2026 01:10:19.389] [Render thread/INFO] [Sound Physics - General/]: Aux slot 1 created
[04May2026 01:10:19.389] [Render thread/INFO] [Sound Physics - General/]: Aux slot 2 created
[04May2026 01:10:19.389] [Render thread/INFO] [Sound Physics - General/]: Aux slot 3 created
[04May2026 01:10:19.389] [Render thread/INFO] [Sound Physics - General/]: Aux slot 4 created
[04May2026 01:10:19.389] [Render thread/INFO] [Sound Physics - General/]: EFX ready
[04May2026 01:10:19.391] [Render thread/INFO] [net.minecraft.client.gui.components.ChatComponent/]: [CHAT] ProbeJS is enabled! You should exclude .probe generated when you finished development, and disable the mod by: /probejs disable
[04May2026 01:10:19.412] [Render thread/INFO] [net.minecraft.client.gui.components.ChatComponent/]: [CHAT] Congratulations! Your code passed linting!
[04May2026 01:10:19.413] [Render thread/INFO] [net.minecraft.client.gui.components.ChatComponent/]: [CHAT] To learn about how to use ProbeJS (or report issue), please go to the Github Page
[04May2026 01:10:19.424] [Render thread/INFO] [mezz.jei.library.ingredients.IngredientManager/]: Ingredients are being removed at runtime: 1418 de.melanx.jea.api.client.IAdvancementInfo
[04May2026 01:10:19.433] [Render thread/INFO] [mezz.jei.library.ingredients.IngredientManager/]: Ingredients are being added at runtime: 1568 de.melanx.jea.api.client.IAdvancementInfo
[04May2026 01:10:19.447] [Render thread/INFO] [io.redspace.ironsspellbooks.IronsSpellbooks/]: Handling spell config sync 0 files
[04May2026 01:10:19.448] [Render thread/INFO] [net.minecraft.client.gui.components.ChatComponent/]: [CHAT] [Mekanism] Broken tags in Mekanism recipes detected, please check server logs for details. You will be missing some recipes and machines may not accept expected inputs.
[04May2026 01:10:19.448] [Render thread/INFO] [ModdingLegacy/blue_skies/]: Recieved ToolHandleTypeManager from the server
[04May2026 01:10:19.448] [Render thread/INFO] [ModdingLegacy/blue_skies/]: Recieved SnowcapOvenFreezingManager from the server
[04May2026 01:10:19.448] [Render thread/INFO] [ModdingLegacy/blue_skies/]: Recieved HorizoniteForgeFuelManager from the server
[04May2026 01:10:19.448] [Render thread/INFO] [ModdingLegacy/blue_skies/]: Recieved AlchemyRecipeManager from the server
[04May2026 01:10:19.448] [Render thread/INFO] [ModdingLegacy/blue_skies/]: Recieved JournalEntryManager from the server
[04May2026 01:10:19.448] [Render thread/INFO] [ModdingLegacy/blue_skies/]: Recieved JournalSectionManager from the server
[04May2026 01:10:19.448] [Render thread/INFO] [ModdingLegacy/blue_skies/]: Recieved JournalRequirementManager from the server
[04May2026 01:10:19.450] [Render thread/INFO] [Supplementaries/]: Synced Flute Songs
[04May2026 01:10:19.451] [Render thread/INFO] [Supplementaries/]: Synced Captured Mobs settings
[04May2026 01:10:19.451] [Render thread/INFO] [Supplementaries/]: Synced Globe data
[04May2026 01:10:19.451] [Render thread/INFO] [Supplementaries/]: Synced Hourglass data
[04May2026 01:10:19.451] [Render thread/INFO] [placebo/]: Starting sync for enchanting_stats
[04May2026 01:10:19.452] [Render thread/INFO] [Apotheosis : Enchantment/]: Registered 31 enchanting_stats.
[04May2026 01:10:19.452] [Render thread/INFO] [placebo/]: Starting sync for rarities
[04May2026 01:10:19.452] [Render thread/INFO] [Apotheosis : Adventure/]: Registered 6 rarities.
[04May2026 01:10:19.453] [Render thread/INFO] [placebo/]: Starting sync for affixes
[04May2026 01:10:19.456] [Render thread/INFO] [Apotheosis : Adventure/]: Registered 137 affixes.
[04May2026 01:10:19.456] [Render thread/WARN] [Apotheosis : Adventure/]: Insufficient number of affixes to satisfy the loot rules (ignoring backup rules) of rarity apotheosis:mythic for category helmetRequired: 3; Provided: 2
[04May2026 01:10:19.456] [Render thread/WARN] [Apotheosis : Adventure/]: Insufficient number of affixes to satisfy the loot rules (ignoring backup rules) of rarity apotheosis:mythic for category bootsRequired: 3; Provided: 2
[04May2026 01:10:19.457] [Render thread/WARN] [Apotheosis : Adventure/]: Insufficient number of affixes to satisfy the loot rules (ignoring backup rules) of rarity apotheosis:ancient for category helmetRequired: 4; Provided: 2
[04May2026 01:10:19.457] [Render thread/WARN] [Apotheosis : Adventure/]: Insufficient number of affixes to satisfy the loot rules (ignoring backup rules) of rarity apotheosis:ancient for category bootsRequired: 4; Provided: 2
[04May2026 01:10:19.457] [Render thread/WARN] [Apotheosis : Adventure/]: Insufficient number of affixes to satisfy the loot rules (ignoring backup rules) of rarity apotheosis:ancient for category pickaxeRequired: 5; Provided: 4
[04May2026 01:10:19.457] [Render thread/WARN] [Apotheosis : Adventure/]: Insufficient number of affixes to satisfy the loot rules (ignoring backup rules) of rarity apotheosis:ancient for category shovelRequired: 5; Provided: 4
[04May2026 01:10:19.457] [Render thread/INFO] [placebo/]: Starting sync for gems
[04May2026 01:10:19.459] [Render thread/INFO] [Apotheosis : Adventure/]: Registered 34 gems.
[04May2026 01:10:19.459] [Render thread/INFO] [Iron Jetpacks/]: Loaded 14 jetpacks from the server
[04May2026 01:10:19.463] [Render thread/INFO] [dev.corgitaco.enhancedcelestials.EnhancedCelestials/]: Possible lunar events for dimension "minecraft:overworld" are [enhancedcelestials:super_moon, enhancedcelestials:super_blue_moon, enhancedcelestials:blood_moon, enhancedcelestials:super_harvest_moon, enhancedcelestials:harvest_moon, enhancedcelestials:blue_moon, enhancedcelestials:super_blood_moon].
[04May2026 01:10:19.535] [Render thread/INFO] [inventoryhud/]: Curios has been initialized with 35 slot(s) after 1 tries
[04May2026 01:10:20.607] [Netty Client IO #5/WARN] [com.simibubi.create.Create/]: Your custom createaddition:rolling/straw recipe (createaddition:rolling/straw) specified a duration. Durations have no impact on this type of recipe.
[04May2026 01:10:20.613] [Netty Client IO #5/WARN] [com.simibubi.create.Create/]: Your custom createaddition:rolling/brass_ingot recipe (createaddition:rolling/brass_ingot) specified a duration. Durations have no impact on this type of recipe.
[04May2026 01:10:21.048] [Netty Client IO #5/WARN] [com.simibubi.create.Create/]: Your custom createaddition:rolling/electrum_ingot recipe (createaddition:rolling/electrum_ingot) specified a duration. Durations have no impact on this type of recipe.
[04May2026 01:10:21.068] [Netty Client IO #5/WARN] [com.simibubi.create.Create/]: Your custom createaddition:rolling/gold_plate recipe (createaddition:rolling/gold_plate) specified a duration. Durations have no impact on this type of recipe.
[04May2026 01:10:21.116] [Netty Client IO #5/WARN] [com.simibubi.create.Create/]: Your custom createaddition:rolling/copper_plate recipe (createaddition:rolling/copper_plate) specified a duration. Durations have no impact on this type of recipe.
[04May2026 01:10:21.161] [Netty Client IO #5/WARN] [com.simibubi.create.Create/]: Your custom createaddition:rolling/electrum_plate recipe (createaddition:rolling/electrum_plate) specified a duration. Durations have no impact on this type of recipe.
[04May2026 01:10:21.178] [Netty Client IO #5/WARN] [com.simibubi.create.Create/]: Your custom createaddition:rolling/iron_ingot recipe (createaddition:rolling/iron_ingot) specified a duration. Durations have no impact on this type of recipe.
[04May2026 01:10:21.208] [Netty Client IO #5/WARN] [com.simibubi.create.Create/]: Your custom createaddition:rolling/iron_plate recipe (createaddition:rolling/iron_plate) specified a duration. Durations have no impact on this type of recipe.
[04May2026 01:10:21.428] [Netty Client IO #5/WARN] [com.simibubi.create.Create/]: Your custom createaddition:rolling/gold_ingot recipe (createaddition:rolling/gold_ingot) specified a duration. Durations have no impact on this type of recipe.
[04May2026 01:10:21.449] [Netty Client IO #5/WARN] [com.simibubi.create.Create/]: Your custom createaddition:rolling/copper_ingot recipe (createaddition:rolling/copper_ingot) specified a duration. Durations have no impact on this type of recipe.
[04May2026 01:10:21.572] [Render thread/WARN] [net.minecraft.client.ClientRecipeBook/]: Unknown recipe category: [!!!com.mojang.logging.LogUtils$1ToString@658ecfe2=>java.lang.NullPointerException:Cannot invoke "Object.toString()" because the return value of "java.util.function.Supplier.get()" is null!!!]/theabyss:crimson_crystal_rcp
[04May2026 01:10:21.573] [Render thread/WARN] [net.minecraft.client.ClientRecipeBook/]: Unknown recipe category: apotheosis:fletching/apotheosis:fletching/diamond_mining_arrow
[04May2026 01:10:21.574] [Render thread/WARN] [net.minecraft.client.ClientRecipeBook/]: Unknown recipe category: apotheosis:fletching/apotheosis:fletching/iron_mining_arrow
[04May2026 01:10:21.574] [Render thread/WARN] [net.minecraft.client.ClientRecipeBook/]: Unknown recipe category: forbidden_arcanus:clibano_combustion/forbidden_arcanus:clibano_combustion/lapis_lazuli_from_clibano_combusting
[04May2026 01:10:21.574] [Render thread/WARN] [net.minecraft.client.ClientRecipeBook/]: Unknown recipe category: deep_aether:poison_recipe/deep_aether:holystone_from_poison
[04May2026 01:10:21.576] [Render thread/WARN] [net.minecraft.client.ClientRecipeBook/]: Unknown recipe category: forbidden_arcanus:clibano_combustion/forbidden_arcanus:clibano_combustion/gold_ingot_from_clibano_combusting
[04May2026 01:10:21.576] [Render thread/WARN] [net.minecraft.client.ClientRecipeBook/]: Unknown recipe category: forbidden_arcanus:clibano_combustion/forbidden_arcanus:clibano_combustion/copper_ingot_from_clibano_combusting_raw_copper
[04May2026 01:10:21.576] [Render thread/WARN] [net.minecraft.client.ClientRecipeBook/]: Unknown recipe category: forbidden_arcanus:clibano_combustion/forbidden_arcanus:clibano_combustion/coal_from_clibano_combusting
[04May2026 01:10:21.577] [Render thread/WARN] [net.minecraft.client.ClientRecipeBook/]: Unknown recipe category: [!!!com.mojang.logging.LogUtils$1ToString@3d084c1f=>java.lang.NullPointerException:Cannot invoke "Object.toString()" because the return value of "java.util.function.Supplier.get()" is null!!!]/simplefarming:vodka
[04May2026 01:10:21.577] [Render thread/WARN] [net.minecraft.client.ClientRecipeBook/]: Unknown recipe category: [!!!com.mojang.logging.LogUtils$1ToString@294d7da4=>java.lang.NullPointerException:Cannot invoke "Object.toString()" because the return value of "java.util.function.Supplier.get()" is null!!!]/theabyss:warped_crystal_rcp
[04May2026 01:10:21.577] [Render thread/WARN] [net.minecraft.client.ClientRecipeBook/]: Unknown recipe category: [!!!com.mojang.logging.LogUtils$1ToString@7f63125c=>java.lang.NullPointerException:Cannot invoke "Object.toString()" because the return value of "java.util.function.Supplier.get()" is null!!!]/theabyss:warped_powder_rcp
[04May2026 01:10:21.577] [Render thread/WARN] [net.minecraft.client.ClientRecipeBook/]: Unknown recipe category: [!!!com.mojang.logging.LogUtils$1ToString@6c01338d=>java.lang.NullPointerException:Cannot invoke "Object.toString()" because the return value of "java.util.function.Supplier.get()" is null!!!]/theabyss:somnium_upgrade_cooldown_rcp
[04May2026 01:10:21.578] [Render thread/WARN] [net.minecraft.client.ClientRecipeBook/]: Unknown recipe category: deep_aether:poison_recipe/deep_aether:skyroot_poison_bucket_from_poison
[04May2026 01:10:21.578] [Render thread/WARN] [net.minecraft.client.ClientRecipeBook/]: Unknown recipe category: forbidden_arcanus:clibano_combustion/forbidden_arcanus:clibano_combustion/deorum_nugget_from_clibano_combusting
[04May2026 01:10:21.578] [Render thread/WARN] [net.minecraft.client.ClientRecipeBook/]: Unknown recipe category: brewinandchewin:fermenting/culturaldelights:fermenting/pickle
[04May2026 01:10:21.579] [Render thread/WARN] [net.minecraft.client.ClientRecipeBook/]: Unknown recipe category: [!!!com.mojang.logging.LogUtils$1ToString@1396f2a6=>java.lang.NullPointerException:Cannot invoke "Object.toString()" because the return value of "java.util.function.Supplier.get()" is null!!!]/simplefarming:sake
[04May2026 01:10:21.579] [Render thread/WARN] [net.minecraft.client.ClientRecipeBook/]: Unknown recipe category: forbidden_arcanus:clibano_combustion/forbidden_arcanus:clibano_combustion/rune_from_clibano_combusting
[04May2026 01:10:21.579] [Netty Client IO #5/INFO] [net.bettercombat.logic.WeaponRegistry/]: Decoded and decompressed Weapon Attribute registry in 2 string chunks
[04May2026 01:10:21.580] [Render thread/WARN] [net.minecraft.client.ClientRecipeBook/]: Unknown recipe category: [!!!com.mojang.logging.LogUtils$1ToString@51f40d2d=>java.lang.NullPointerException:Cannot invoke "Object.toString()" because the return value of "java.util.function.Supplier.get()" is null!!!]/theabyss:ender_crystal_rcp
[04May2026 01:10:21.580] [Render thread/WARN] [net.minecraft.client.ClientRecipeBook/]: Unknown recipe category: deep_aether:poison_recipe/deep_aether:purple_squash_from_green_squash
[04May2026 01:10:21.581] [Render thread/WARN] [net.minecraft.client.ClientRecipeBook/]: Unknown recipe category: deep_aether:poison_recipe/deep_aether:gravitite_ore_from_poison
[04May2026 01:10:21.581] [Render thread/WARN] [net.minecraft.client.ClientRecipeBook/]: Unknown recipe category: [!!!com.mojang.logging.LogUtils$1ToString@366214bd=>java.lang.NullPointerException:Cannot invoke "Object.toString()" because the return value of "java.util.function.Supplier.get()" is null!!!]/theabyss:somnium_upgrade_regen_rcp
[04May2026 01:10:21.581] [Render thread/WARN] [net.minecraft.client.ClientRecipeBook/]: Unknown recipe category: [!!!com.mojang.logging.LogUtils$1ToString@531ac4a7=>java.lang.NullPointerException:Cannot invoke "Object.toString()" because the return value of "java.util.function.Supplier.get()" is null!!!]/theabyss:anti_infection_rcp
[04May2026 01:10:21.581] [Render thread/WARN] [net.minecraft.client.ClientRecipeBook/]: Unknown recipe category: [!!!com.mojang.logging.LogUtils$1ToString@77bd0fa0=>java.lang.NullPointerException:Cannot invoke "Object.toString()" because the return value of "java.util.function.Supplier.get()" is null!!!]/simplefarming:wine
[04May2026 01:10:21.582] [Render thread/WARN] [net.minecraft.client.ClientRecipeBook/]: Unknown recipe category: forbidden_arcanus:clibano_combustion/forbidden_arcanus:clibano_combustion/arcane_crystal_dust_from_clibano_combusting
[04May2026 01:10:21.583] [Render thread/WARN] [net.minecraft.client.ClientRecipeBook/]: Unknown recipe category: cataclysm:weapon_fusion/cataclysm:weapon_infusion/the_immolator
[04May2026 01:10:21.583] [Render thread/WARN] [net.minecraft.client.ClientRecipeBook/]: Unknown recipe category: [!!!com.mojang.logging.LogUtils$1ToString@651e91f=>java.lang.NullPointerException:Cannot invoke "Object.toString()" because the return value of "java.util.function.Supplier.get()" is null!!!]/theabyss:anti_fear_essence_rcp
[04May2026 01:10:21.583] [Render thread/WARN] [net.minecraft.client.ClientRecipeBook/]: Unknown recipe category: cataclysm:weapon_fusion/cataclysm:weapon_infusion/ignitium_elytra_chestplate
[04May2026 01:10:21.583] [Render thread/WARN] [net.minecraft.client.ClientRecipeBook/]: Unknown recipe category: [!!!com.mojang.logging.LogUtils$1ToString@2030c294=>java.lang.NullPointerException:Cannot invoke "Object.toString()" because the return value of "java.util.function.Supplier.get()" is null!!!]/theabyss:lurker_juice_rcp
[04May2026 01:10:21.583] [Render thread/WARN] [net.minecraft.client.ClientRecipeBook/]: Unknown recipe category: [!!!com.mojang.logging.LogUtils$1ToString@258a05c9=>java.lang.NullPointerException:Cannot invoke "Object.toString()" because the return value of "java.util.function.Supplier.get()" is null!!!]/theabyss:ardor_powder_rcp
[04May2026 01:10:21.584] [Render thread/WARN] [net.minecraft.client.ClientRecipeBook/]: Unknown recipe category: [!!!com.mojang.logging.LogUtils$1ToString@3a55ded7=>java.lang.NullPointerException:Cannot invoke "Object.toString()" because the return value of "java.util.function.Supplier.get()" is null!!!]/theabyss:somnium_upgrade_usage_rcp
[04May2026 01:10:21.584] [Render thread/WARN] [net.minecraft.client.ClientRecipeBook/]: Unknown recipe category: [!!!com.mojang.logging.LogUtils$1ToString@3345c193=>java.lang.NullPointerException:Cannot invoke "Object.toString()" because the return value of "java.util.function.Supplier.get()" is null!!!]/theabyss:hollow_powder_rcp
[04May2026 01:10:21.585] [Render thread/WARN] [net.minecraft.client.ClientRecipeBook/]: Unknown recipe category: deep_aether:poison_recipe/deep_aether:purple_squash_from_blue_squash
[04May2026 01:10:21.585] [Render thread/WARN] [net.minecraft.client.ClientRecipeBook/]: Unknown recipe category: [!!!com.mojang.logging.LogUtils$1ToString@15c7910d=>java.lang.NullPointerException:Cannot invoke "Object.toString()" because the return value of "java.util.function.Supplier.get()" is null!!!]/theabyss:crimson_powder_rcp
[04May2026 01:10:21.585] [Render thread/WARN] [net.minecraft.client.ClientRecipeBook/]: Unknown recipe category: [!!!com.mojang.logging.LogUtils$1ToString@60967a31=>java.lang.NullPointerException:Cannot invoke "Object.toString()" because the return value of "java.util.function.Supplier.get()" is null!!!]/theabyss:fear_powder_rcp
[04May2026 01:10:21.585] [Render thread/WARN] [net.minecraft.client.ClientRecipeBook/]: Unknown recipe category: [!!!com.mojang.logging.LogUtils$1ToString@7421a392=>java.lang.NullPointerException:Cannot invoke "Object.toString()" because the return value of "java.util.function.Supplier.get()" is null!!!]/theabyss:frost_powder_rcp
[04May2026 01:10:21.586] [Render thread/WARN] [net.minecraft.client.ClientRecipeBook/]: Unknown recipe category: forbidden_arcanus:clibano_combustion/forbidden_arcanus:clibano_combustion/arcane_crystal_from_clibano_combusting
[04May2026 01:10:21.586] [Render thread/WARN] [net.minecraft.client.ClientRecipeBook/]: Unknown recipe category: cataclysm:weapon_fusion/cataclysm:weapon_infusion/void_forge
[04May2026 01:10:21.586] [Render thread/WARN] [net.minecraft.client.ClientRecipeBook/]: Unknown recipe category: estrogen:entity_interaction/estrogen:entity_interaction/horse_urine_bottle
[04May2026 01:10:21.586] [Render thread/WARN] [net.minecraft.client.ClientRecipeBook/]: Unknown recipe category: forbidden_arcanus:clibano_combustion/forbidden_arcanus:clibano_combustion/iron_ingot_from_clibano_combusting
[04May2026 01:10:21.587] [Render thread/WARN] [net.minecraft.client.ClientRecipeBook/]: Unknown recipe category: deep_aether:poison_recipe/deep_aether:quicksoil_from_poison
[04May2026 01:10:21.587] [Render thread/WARN] [net.minecraft.client.ClientRecipeBook/]: Unknown recipe category: apotheosis:fletching/apotheosis:fletching/broadhead_arrow
[04May2026 01:10:21.587] [Render thread/WARN] [net.minecraft.client.ClientRecipeBook/]: Unknown recipe category: [!!!com.mojang.logging.LogUtils$1ToString@69f5addc=>java.lang.NullPointerException:Cannot invoke "Object.toString()" because the return value of "java.util.function.Supplier.get()" is null!!!]/simplefarming:cauim
[04May2026 01:10:21.587] [Render thread/WARN] [net.minecraft.client.ClientRecipeBook/]: Unknown recipe category: [!!!com.mojang.logging.LogUtils$1ToString@40931616=>java.lang.NullPointerException:Cannot invoke "Object.toString()" because the return value of "java.util.function.Supplier.get()" is null!!!]/theabyss:vit_powder_rcp
[04May2026 01:10:21.588] [Render thread/WARN] [net.minecraft.client.ClientRecipeBook/]: Unknown recipe category: forbidden_arcanus:clibano_combustion/forbidden_arcanus:clibano_combustion/emerald_from_clibano_combusting
[04May2026 01:10:21.589] [Render thread/WARN] [net.minecraft.client.ClientRecipeBook/]: Unknown recipe category: apotheosis:fletching/apotheosis:fletching/spectral_arrow
[04May2026 01:10:21.589] [Render thread/WARN] [net.minecraft.client.ClientRecipeBook/]: Unknown recipe category: forbidden_arcanus:clibano_combustion/forbidden_arcanus:clibano_combustion/gold_ingot_from_clibano_combusting_raw_gold
[04May2026 01:10:21.589] [Render thread/WARN] [net.minecraft.client.ClientRecipeBook/]: Unknown recipe category: [!!!com.mojang.logging.LogUtils$1ToString@1387abc7=>java.lang.NullPointerException:Cannot invoke "Object.toString()" because the return value of "java.util.function.Supplier.get()" is null!!!]/theabyss:aurel_powder_rcp
[04May2026 01:10:21.590] [Render thread/WARN] [net.minecraft.client.ClientRecipeBook/]: Unknown recipe category: [!!!com.mojang.logging.LogUtils$1ToString@6a43a716=>java.lang.NullPointerException:Cannot invoke "Object.toString()" because the return value of "java.util.function.Supplier.get()" is null!!!]/simplefarming:cider
[04May2026 01:10:21.590] [Render thread/WARN] [net.minecraft.client.ClientRecipeBook/]: Unknown recipe category: [!!!com.mojang.logging.LogUtils$1ToString@2e1c6ccf=>java.lang.NullPointerException:Cannot invoke "Object.toString()" because the return value of "java.util.function.Supplier.get()" is null!!!]/simplefarming:whiskey
[04May2026 01:10:21.591] [Render thread/WARN] [net.minecraft.client.ClientRecipeBook/]: Unknown recipe category: apotheosis:fletching/apotheosis:fletching/obsidian_arrow
[04May2026 01:10:21.591] [Render thread/WARN] [net.minecraft.client.ClientRecipeBook/]: Unknown recipe category: [!!!com.mojang.logging.LogUtils$1ToString@76e7ecbc=>java.lang.NullPointerException:Cannot invoke "Object.toString()" because the return value of "java.util.function.Supplier.get()" is null!!!]/theabyss:immortal_substance_rcp
[04May2026 01:10:21.591] [Render thread/WARN] [net.minecraft.client.ClientRecipeBook/]: Unknown recipe category: [!!!com.mojang.logging.LogUtils$1ToString@5810b834=>java.lang.NullPointerException:Cannot invoke "Object.toString()" because the return value of "java.util.function.Supplier.get()" is null!!!]/theabyss:caverna_crystal_rcp
[04May2026 01:10:21.592] [Render thread/WARN] [net.minecraft.client.ClientRecipeBook/]: Unknown recipe category: apotheosis:fletching/apotheosis:fletching/arrow
[04May2026 01:10:21.592] [Render thread/WARN] [net.minecraft.client.ClientRecipeBook/]: Unknown recipe category: cataclysm:weapon_fusion/cataclysm:weapon_infusion/gauntlet_of_bulwark
[04May2026 01:10:21.592] [Render thread/WARN] [net.minecraft.client.ClientRecipeBook/]: Unknown recipe category: forbidden_arcanus:clibano_combustion/forbidden_arcanus:clibano_combustion/copper_ingot_from_clibano_combusting
[04May2026 01:10:21.592] [Render thread/WARN] [net.minecraft.client.ClientRecipeBook/]: Unknown recipe category: [!!!com.mojang.logging.LogUtils$1ToString@2f9ccf37=>java.lang.NullPointerException:Cannot invoke "Object.toString()" because the return value of "java.util.function.Supplier.get()" is null!!!]/theabyss:somnium_upgrade_damage_rcp
[04May2026 01:10:21.593] [Render thread/WARN] [net.minecraft.client.ClientRecipeBook/]: Unknown recipe category: forbidden_arcanus:clibano_combustion/forbidden_arcanus:clibano_combustion/iron_ingot_from_clibano_combusting_raw_iron
[04May2026 01:10:21.595] [Render thread/WARN] [net.minecraft.client.ClientRecipeBook/]: Unknown recipe category: [!!!com.mojang.logging.LogUtils$1ToString@622ba41f=>java.lang.NullPointerException:Cannot invoke "Object.toString()" because the return value of "java.util.function.Supplier.get()" is null!!!]/simplefarming:mead
[04May2026 01:10:21.595] [Render thread/WARN] [net.minecraft.client.ClientRecipeBook/]: Unknown recipe category: [!!!com.mojang.logging.LogUtils$1ToString@2b6036ea=>java.lang.NullPointerException:Cannot invoke "Object.toString()" because the return value of "java.util.function.Supplier.get()" is null!!!]/theabyss:hollow_crystal_rcp
[04May2026 01:10:21.595] [Render thread/WARN] [net.minecraft.client.ClientRecipeBook/]: Unknown recipe category: [!!!com.mojang.logging.LogUtils$1ToString@76ecfaaa=>java.lang.NullPointerException:Cannot invoke "Object.toString()" because the return value of "java.util.function.Supplier.get()" is null!!!]/theabyss:ender_powder_rcp
[04May2026 01:10:21.595] [Render thread/WARN] [net.minecraft.client.ClientRecipeBook/]: Unknown recipe category: cataclysm:weapon_fusion/cataclysm:weapon_infusion/void_assault_shoulder_weapon
[04May2026 01:10:21.595] [Render thread/WARN] [net.minecraft.client.ClientRecipeBook/]: Unknown recipe category: [!!!com.mojang.logging.LogUtils$1ToString@3fc06637=>java.lang.NullPointerException:Cannot invoke "Object.toString()" because the return value of "java.util.function.Supplier.get()" is null!!!]/theabyss:abyss_crystal_rcp
[04May2026 01:10:21.595] [Render thread/WARN] [net.minecraft.client.ClientRecipeBook/]: Unknown recipe category: [!!!com.mojang.logging.LogUtils$1ToString@74268c=>java.lang.NullPointerException:Cannot invoke "Object.toString()" because the return value of "java.util.function.Supplier.get()" is null!!!]/theabyss:frost_crystal_rcp
[04May2026 01:10:21.596] [Render thread/WARN] [net.minecraft.client.ClientRecipeBook/]: Unknown recipe category: forbidden_arcanus:clibano_combustion/forbidden_arcanus:clibano_combustion/netherite_scrap_from_clibano_combusting
[04May2026 01:10:21.596] [Render thread/WARN] [net.minecraft.client.ClientRecipeBook/]: Unknown recipe category: deep_aether:poison_recipe/deep_aether:golden_dart_from_poison
[04May2026 01:10:21.598] [Render thread/WARN] [net.minecraft.client.ClientRecipeBook/]: Unknown recipe category: [!!!com.mojang.logging.LogUtils$1ToString@2a89970e=>java.lang.NullPointerException:Cannot invoke "Object.toString()" because the return value of "java.util.function.Supplier.get()" is null!!!]/simplefarming:beer
[04May2026 01:10:21.598] [Render thread/WARN] [net.minecraft.client.ClientRecipeBook/]: Unknown recipe category: deep_aether:poison_recipe/deep_aether:blueberry_from_poison
[04May2026 01:10:21.599] [Render thread/WARN] [net.minecraft.client.ClientRecipeBook/]: Unknown recipe category: apotheosis:fletching/apotheosis:fletching/explosive_arrow
[04May2026 01:10:21.600] [Render thread/WARN] [net.minecraft.client.ClientRecipeBook/]: Unknown recipe category: [!!!com.mojang.logging.LogUtils$1ToString@3ba1015f=>java.lang.NullPointerException:Cannot invoke "Object.toString()" because the return value of "java.util.function.Supplier.get()" is null!!!]/theabyss:tenebris_powder_rcp
[04May2026 01:10:21.600] [Render thread/WARN] [net.minecraft.client.ClientRecipeBook/]: Unknown recipe category: [!!!com.mojang.logging.LogUtils$1ToString@7ec29c2=>java.lang.NullPointerException:Cannot invoke "Object.toString()" because the return value of "java.util.function.Supplier.get()" is null!!!]/simplefarming:tiswin
[04May2026 01:10:21.601] [Render thread/WARN] [net.minecraft.client.ClientRecipeBook/]: Unknown recipe category: cataclysm:weapon_fusion/cataclysm:weapon_infusion/brontes
[04May2026 01:10:21.601] [Render thread/WARN] [net.minecraft.client.ClientRecipeBook/]: Unknown recipe category: [!!!com.mojang.logging.LogUtils$1ToString@260d3ff5=>java.lang.NullPointerException:Cannot invoke "Object.toString()" because the return value of "java.util.function.Supplier.get()" is null!!!]/theabyss:aurel_crystal_rcp
[04May2026 01:10:21.602] [Render thread/WARN] [net.minecraft.client.ClientRecipeBook/]: Unknown recipe category: [!!!com.mojang.logging.LogUtils$1ToString@405aeddd=>java.lang.NullPointerException:Cannot invoke "Object.toString()" because the return value of "java.util.function.Supplier.get()" is null!!!]/theabyss:caverna_powder_rcp
[04May2026 01:10:21.602] [Render thread/WARN] [net.minecraft.client.ClientRecipeBook/]: Unknown recipe category: cataclysm:weapon_fusion/cataclysm:weapon_infusion/gauntlet_of_maelstrom
[04May2026 01:10:21.602] [Render thread/WARN] [net.minecraft.client.ClientRecipeBook/]: Unknown recipe category: cataclysm:weapon_fusion/cataclysm:weapon_infusion/wrath_of_the_desert
[04May2026 01:10:21.603] [Render thread/WARN] [net.minecraft.client.ClientRecipeBook/]: Unknown recipe category: [!!!com.mojang.logging.LogUtils$1ToString@73c2b770=>java.lang.NullPointerException:Cannot invoke "Object.toString()" because the return value of "java.util.function.Supplier.get()" is null!!!]/theabyss:abyss_powder_rcp
[04May2026 01:10:21.607] [Render thread/INFO] [mezz.jei.forge.startup.StartEventObserver/]: JEI StartEventObserver received class net.minecraftforge.client.event.RecipesUpdatedEvent
[04May2026 01:10:21.879] [Render thread/INFO] [Modonomicon/]: Building books ...
[04May2026 01:10:21.883] [Render thread/INFO] [Modonomicon/]: Books built.
[04May2026 01:10:21.883] [Render thread/INFO] [Modonomicon/]: Pre-rendering markdown ...
[04May2026 01:10:21.899] [Render thread/INFO] [Modonomicon/]: Finished pre-rendering markdown.
[04May2026 01:10:21.978] [Render thread/ERROR] [Moonlight/]: Failed to restore original behavior for item: lunch_basket, net.mehvahdjukaar.moonlight.api.util.DispenserHelper$PlaceBlockDispenseBehavior@78495d63
[04May2026 01:10:22.031] [Render thread/INFO] [mezz.jei.forge.startup.StartEventObserver/]: JEI StartEventObserver received class net.minecraftforge.event.TagsUpdatedEvent
[04May2026 01:10:22.031] [Render thread/INFO] [mezz.jei.forge.startup.StartEventObserver/]: JEI StartEventObserver transitioning state from ENABLED to JEI_STARTED
[04May2026 01:10:22.031] [Render thread/INFO] [mezz.jei.core.util.LoggedTimer/]: Starting JEI...
[04May2026 01:10:22.031] [Render thread/INFO] [mezz.jei.library.load.PluginCaller/]: Registering item subtypes...
[04May2026 01:10:22.035] [Render thread/INFO] [mezz.jei.library.load.PluginCaller/]: Registering item subtypes took 3.915 ms
[04May2026 01:10:22.035] [Render thread/INFO] [mezz.jei.library.load.PluginCaller/]: Registering fluid subtypes...
[04May2026 01:10:22.036] [Render thread/INFO] [mezz.jei.library.load.PluginCaller/]: Registering fluid subtypes took 608.3 ?s
[04May2026 01:10:22.036] [Render thread/INFO] [mezz.jei.library.load.PluginCaller/]: Registering ingredients...
[04May2026 01:10:22.113] [Render thread/ERROR] [zeta/]: Creative tab loop found when adding Block{quark:monster_box} next to Block{minecraft:spawner}
[04May2026 01:10:22.113] [Render thread/ERROR] [zeta/]: For more info enable Creative Verbose Logging in the Zeta config, or set Force Creative Tab Appends to true to disable this behavior
[04May2026 01:10:22.113] [Render thread/ERROR] [zeta/]: Creative tab loop found when adding Block{quark:monster_box} next to Block{minecraft:spawner}
[04May2026 01:10:22.113] [Render thread/ERROR] [zeta/]: For more info enable Creative Verbose Logging in the Zeta config, or set Force Creative Tab Appends to true to disable this behavior
[04May2026 01:10:22.113] [Render thread/ERROR] [zeta/]: Creative tab loop found when adding Block{quark:monster_box} next to Block{minecraft:spawner}
[04May2026 01:10:22.113] [Render thread/ERROR] [zeta/]: For more info enable Creative Verbose Logging in the Zeta config, or set Force Creative Tab Appends to true to disable this behavior
[04May2026 01:10:22.113] [Render thread/ERROR] [zeta/]: Creative tab loop found when adding Block{quark:monster_box} next to Block{minecraft:spawner}
[04May2026 01:10:22.113] [Render thread/ERROR] [zeta/]: For more info enable Creative Verbose Logging in the Zeta config, or set Force Creative Tab Appends to true to disable this behavior
[04May2026 01:10:22.113] [Render thread/ERROR] [zeta/]: Creative tab loop found when adding Block{quark:monster_box} next to Block{minecraft:spawner}
[04May2026 01:10:22.113] [Render thread/ERROR] [zeta/]: For more info enable Creative Verbose Logging in the Zeta config, or set Force Creative Tab Appends to true to disable this behavior
[04May2026 01:10:22.113] [Render thread/ERROR] [zeta/]: Creative tab loop found when adding Block{quark:monster_box} next to Block{minecraft:spawner}
[04May2026 01:10:22.113] [Render thread/ERROR] [zeta/]: For more info enable Creative Verbose Logging in the Zeta config, or set Force Creative Tab Appends to true to disable this behavior
[04May2026 01:10:22.113] [Render thread/ERROR] [zeta/]: Creative tab loop found when adding Block{quark:monster_box} next to Block{minecraft:spawner}
[04May2026 01:10:22.113] [Render thread/ERROR] [zeta/]: For more info enable Creative Verbose Logging in the Zeta config, or set Force Creative Tab Appends to true to disable this behavior
[04May2026 01:10:22.113] [Render thread/ERROR] [zeta/]: Creative tab loop found when adding Block{quark:monster_box} next to Block{minecraft:spawner}
[04May2026 01:10:22.113] [Render thread/ERROR] [zeta/]: For more info enable Creative Verbose Logging in the Zeta config, or set Force Creative Tab Appends to true to disable this behavior
[04May2026 01:10:22.113] [Render thread/ERROR] [zeta/]: Creative tab loop found when adding Block{quark:monster_box} next to Block{minecraft:spawner}
[04May2026 01:10:22.113] [Render thread/ERROR] [zeta/]: For more info enable Creative Verbose Logging in the Zeta config, or set Force Creative Tab Appends to true to disable this behavior
[04May2026 01:10:22.113] [Render thread/ERROR] [zeta/]: Creative tab loop found when adding Block{quark:monster_box} next to Block{minecraft:spawner}
[04May2026 01:10:22.113] [Render thread/ERROR] [zeta/]: For more info enable Creative Verbose Logging in the Zeta config, or set Force Creative Tab Appends to true to disable this behavior
[04May2026 01:10:22.115] [Render thread/INFO] [STDERR/]: [org.violetmoon.zeta.registry.CreativeTabManager:buildContents:173]: java.lang.RuntimeException: Creative tab placement misses exceeded failsafe, aborting logic
[04May2026 01:10:22.115] [Render thread/INFO] [STDERR/]: [org.violetmoon.zeta.registry.CreativeTabManager:buildContents:173]: 	at TRANSFORMER/zeta@1.0-31/org.violetmoon.zeta.registry.CreativeTabManager.buildContents(CreativeTabManager.java:173)
[04May2026 01:10:22.115] [Render thread/INFO] [STDERR/]: [org.violetmoon.zeta.registry.CreativeTabManager:buildContents:173]: 	at MC-BOOTSTRAP/net.minecraftforge.eventbus/net.minecraftforge.eventbus.EventBus.doCastFilter(EventBus.java:260)
[04May2026 01:10:22.115] [Render thread/INFO] [STDERR/]: [org.violetmoon.zeta.registry.CreativeTabManager:buildContents:173]: 	at MC-BOOTSTRAP/net.minecraftforge.eventbus/net.minecraftforge.eventbus.EventBus.lambda$addListener$11(EventBus.java:252)
[04May2026 01:10:22.115] [Render thread/INFO] [STDERR/]: [org.violetmoon.zeta.registry.CreativeTabManager:buildContents:173]: 	at MC-BOOTSTRAP/net.minecraftforge.eventbus/net.minecraftforge.eventbus.EventBus.post(EventBus.java:315)
[04May2026 01:10:22.115] [Render thread/INFO] [STDERR/]: [org.violetmoon.zeta.registry.CreativeTabManager:buildContents:173]: 	at MC-BOOTSTRAP/net.minecraftforge.eventbus/net.minecraftforge.eventbus.EventBus.post(EventBus.java:296)
[04May2026 01:10:22.115] [Render thread/INFO] [STDERR/]: [org.violetmoon.zeta.registry.CreativeTabManager:buildContents:173]: 	at LAYER PLUGIN/javafmllanguage@1.20.1-47.4.6/net.minecraftforge.fml.javafmlmod.FMLModContainer.acceptEvent(FMLModContainer.java:121)
[04May2026 01:10:22.115] [Render thread/INFO] [STDERR/]: [org.violetmoon.zeta.registry.CreativeTabManager:buildContents:173]: 	at LAYER PLUGIN/fmlcore@1.20.1-47.4.6/net.minecraftforge.fml.ModLoader.lambda$postEvent$29(ModLoader.java:326)
[04May2026 01:10:22.115] [Render thread/INFO] [STDERR/]: [org.violetmoon.zeta.registry.CreativeTabManager:buildContents:173]: 	at java.base/java.lang.Iterable.forEach(Iterable.java:75)
[04May2026 01:10:22.115] [Render thread/INFO] [STDERR/]: [org.violetmoon.zeta.registry.CreativeTabManager:buildContents:173]: 	at LAYER PLUGIN/fmlcore@1.20.1-47.4.6/net.minecraftforge.fml.ModList.forEachModInOrder(ModList.java:227)
[04May2026 01:10:22.115] [Render thread/INFO] [STDERR/]: [org.violetmoon.zeta.registry.CreativeTabManager:buildContents:173]: 	at LAYER PLUGIN/fmlcore@1.20.1-47.4.6/net.minecraftforge.fml.ModLoader.postEvent(ModLoader.java:326)
[04May2026 01:10:22.115] [Render thread/INFO] [STDERR/]: [org.violetmoon.zeta.registry.CreativeTabManager:buildContents:173]: 	at TRANSFORMER/forge@47.4.6/net.minecraftforge.common.ForgeHooks.onCreativeModeTabBuildContents(ForgeHooks.java:1634)
[04May2026 01:10:22.115] [Render thread/INFO] [STDERR/]: [org.violetmoon.zeta.registry.CreativeTabManager:buildContents:173]: 	at TRANSFORMER/minecraft@1.20.1/net.minecraft.world.item.CreativeModeTab.m_269498_$mixinextras$wrapped$36(CreativeModeTab.java:129)
[04May2026 01:10:22.115] [Render thread/INFO] [STDERR/]: [org.violetmoon.zeta.registry.CreativeTabManager:buildContents:173]: 	at TRANSFORMER/minecraft@1.20.1/net.minecraft.world.item.CreativeModeTab.mixinextras$bridge$m_269498_$mixinextras$wrapped$36$37(CreativeModeTab.java)
[04May2026 01:10:22.115] [Render thread/INFO] [STDERR/]: [org.violetmoon.zeta.registry.CreativeTabManager:buildContents:173]: 	at TRANSFORMER/minecraft@1.20.1/net.minecraft.world.item.CreativeModeTab.wrapMethod$zhd000$modernfix$buildContentsIfChanged(CreativeModeTab.java:532)
[04May2026 01:10:22.116] [Render thread/INFO] [STDERR/]: [org.violetmoon.zeta.registry.CreativeTabManager:buildContents:173]: 	at TRANSFORMER/minecraft@1.20.1/net.minecraft.world.item.CreativeModeTab.m_269498_(CreativeModeTab.java)
[04May2026 01:10:22.116] [Render thread/INFO] [STDERR/]: [org.violetmoon.zeta.registry.CreativeTabManager:buildContents:173]: 	at TRANSFORMER/jei@15.20.0.129/mezz.jei.library.plugins.vanilla.ingredients.ItemStackListFactory.create(ItemStackListFactory.java:80)
[04May2026 01:10:22.116] [Render thread/INFO] [STDERR/]: [org.violetmoon.zeta.registry.CreativeTabManager:buildContents:173]: 	at TRANSFORMER/jei@15.20.0.129/mezz.jei.library.plugins.vanilla.VanillaPlugin.registerIngredients(VanillaPlugin.java:168)
[04May2026 01:10:22.116] [Render thread/INFO] [STDERR/]: [org.violetmoon.zeta.registry.CreativeTabManager:buildContents:173]: 	at TRANSFORMER/jei@15.20.0.129/mezz.jei.library.load.PluginLoader.lambda$registerIngredients$2(PluginLoader.java:79)
[04May2026 01:10:22.116] [Render thread/INFO] [STDERR/]: [org.violetmoon.zeta.registry.CreativeTabManager:buildContents:173]: 	at TRANSFORMER/jei@15.20.0.129/mezz.jei.library.load.PluginCaller.callOnPlugins(PluginCaller.java:25)
[04May2026 01:10:22.116] [Render thread/INFO] [STDERR/]: [org.violetmoon.zeta.registry.CreativeTabManager:buildContents:173]: 	at TRANSFORMER/jei@15.20.0.129/mezz.jei.library.load.PluginLoader.registerIngredients(PluginLoader.java:79)
[04May2026 01:10:22.116] [Render thread/INFO] [STDERR/]: [org.violetmoon.zeta.registry.CreativeTabManager:buildContents:173]: 	at TRANSFORMER/jei@15.20.0.129/mezz.jei.library.startup.JeiStarter.start(JeiStarter.java:106)
[04May2026 01:10:22.116] [Render thread/INFO] [STDERR/]: [org.violetmoon.zeta.registry.CreativeTabManager:buildContents:173]: 	at TRANSFORMER/jei@15.20.0.129/mezz.jei.forge.startup.StartEventObserver.transitionState(StartEventObserver.java:130)
[04May2026 01:10:22.116] [Render thread/INFO] [STDERR/]: [org.violetmoon.zeta.registry.CreativeTabManager:buildContents:173]: 	at TRANSFORMER/jei@15.20.0.129/mezz.jei.forge.startup.StartEventObserver.onEvent(StartEventObserver.java:98)
[04May2026 01:10:22.116] [Render thread/INFO] [STDERR/]: [org.violetmoon.zeta.registry.CreativeTabManager:buildContents:173]: 	at MC-BOOTSTRAP/net.minecraftforge.eventbus/net.minecraftforge.eventbus.EventBus.doCastFilter(EventBus.java:260)
[04May2026 01:10:22.116] [Render thread/INFO] [STDERR/]: [org.violetmoon.zeta.registry.CreativeTabManager:buildContents:173]: 	at MC-BOOTSTRAP/net.minecraftforge.eventbus/net.minecraftforge.eventbus.EventBus.lambda$addListener$11(EventBus.java:252)
[04May2026 01:10:22.116] [Render thread/INFO] [STDERR/]: [org.violetmoon.zeta.registry.CreativeTabManager:buildContents:173]: 	at MC-BOOTSTRAP/net.minecraftforge.eventbus/net.minecraftforge.eventbus.EventBus.post(EventBus.java:315)
[04May2026 01:10:22.116] [Render thread/INFO] [STDERR/]: [org.violetmoon.zeta.registry.CreativeTabManager:buildContents:173]: 	at MC-BOOTSTRAP/net.minecraftforge.eventbus/net.minecraftforge.eventbus.EventBus.post(EventBus.java:296)
[04May2026 01:10:22.116] [Render thread/INFO] [STDERR/]: [org.violetmoon.zeta.registry.CreativeTabManager:buildContents:173]: 	at TRANSFORMER/minecraft@1.20.1/net.minecraft.client.multiplayer.ClientPacketListener.m_5859_(ClientPacketListener.java:1451)
[04May2026 01:10:22.116] [Render thread/INFO] [STDERR/]: [org.violetmoon.zeta.registry.CreativeTabManager:buildContents:173]: 	at TRANSFORMER/minecraft@1.20.1/net.minecraft.network.protocol.game.ClientboundUpdateTagsPacket.m_5797_(ClientboundUpdateTagsPacket.java:35)
[04May2026 01:10:22.116] [Render thread/INFO] [STDERR/]: [org.violetmoon.zeta.registry.CreativeTabManager:buildContents:173]: 	at TRANSFORMER/minecraft@1.20.1/net.minecraft.network.protocol.game.ClientboundUpdateTagsPacket.m_5797_(ClientboundUpdateTagsPacket.java:11)
[04May2026 01:10:22.116] [Render thread/INFO] [STDERR/]: [org.violetmoon.zeta.registry.CreativeTabManager:buildContents:173]: 	at TRANSFORMER/minecraft@1.20.1/net.minecraft.network.protocol.PacketUtils.m_263899_(PacketUtils.java:22)
[04May2026 01:10:22.116] [Render thread/INFO] [STDERR/]: [org.violetmoon.zeta.registry.CreativeTabManager:buildContents:173]: 	at TRANSFORMER/minecraft@1.20.1/net.minecraft.util.thread.BlockableEventLoop.m_6367_(BlockableEventLoop.java:156)
[04May2026 01:10:22.116] [Render thread/INFO] [STDERR/]: [org.violetmoon.zeta.registry.CreativeTabManager:buildContents:173]: 	at TRANSFORMER/minecraft@1.20.1/net.minecraft.util.thread.ReentrantBlockableEventLoop.m_6367_(ReentrantBlockableEventLoop.java:23)
[04May2026 01:10:22.116] [Render thread/INFO] [STDERR/]: [org.violetmoon.zeta.registry.CreativeTabManager:buildContents:173]: 	at TRANSFORMER/minecraft@1.20.1/net.minecraft.util.thread.BlockableEventLoop.m_7245_(BlockableEventLoop.java:130)
[04May2026 01:10:22.116] [Render thread/INFO] [STDERR/]: [org.violetmoon.zeta.registry.CreativeTabManager:buildContents:173]: 	at TRANSFORMER/minecraft@1.20.1/net.minecraft.util.thread.BlockableEventLoop.m_18699_(BlockableEventLoop.java:115)
[04May2026 01:10:22.116] [Render thread/INFO] [STDERR/]: [org.violetmoon.zeta.registry.CreativeTabManager:buildContents:173]: 	at TRANSFORMER/minecraft@1.20.1/net.minecraft.client.Minecraft.m_91383_(Minecraft.java:1106)
[04May2026 01:10:22.116] [Render thread/INFO] [STDERR/]: [org.violetmoon.zeta.registry.CreativeTabManager:buildContents:173]: 	at TRANSFORMER/minecraft@1.20.1/net.minecraft.client.Minecraft.m_91374_(Minecraft.java:718)
[04May2026 01:10:22.116] [Render thread/INFO] [STDERR/]: [org.violetmoon.zeta.registry.CreativeTabManager:buildContents:173]: 	at TRANSFORMER/minecraft@1.20.1/net.minecraft.client.main.Main.main(Main.java:218)
[04May2026 01:10:22.117] [Render thread/INFO] [STDERR/]: [org.violetmoon.zeta.registry.CreativeTabManager:buildContents:173]: 	at java.base/jdk.internal.reflect.NativeMethodAccessorImpl.invoke0(Native Method)
[04May2026 01:10:22.117] [Render thread/INFO] [STDERR/]: [org.violetmoon.zeta.registry.CreativeTabManager:buildContents:173]: 	at java.base/jdk.internal.reflect.NativeMethodAccessorImpl.invoke(NativeMethodAccessorImpl.java:77)
[04May2026 01:10:22.117] [Render thread/INFO] [STDERR/]: [org.violetmoon.zeta.registry.CreativeTabManager:buildContents:173]: 	at java.base/jdk.internal.reflect.DelegatingMethodAccessorImpl.invoke(DelegatingMethodAccessorImpl.java:43)
[04May2026 01:10:22.117] [Render thread/INFO] [STDERR/]: [org.violetmoon.zeta.registry.CreativeTabManager:buildContents:173]: 	at java.base/java.lang.reflect.Method.invoke(Method.java:568)
[04May2026 01:10:22.117] [Render thread/INFO] [STDERR/]: [org.violetmoon.zeta.registry.CreativeTabManager:buildContents:173]: 	at MC-BOOTSTRAP/fmlloader@1.20.1-47.4.6/net.minecraftforge.fml.loading.targets.CommonLaunchHandler.runTarget(CommonLaunchHandler.java:111)
[04May2026 01:10:22.117] [Render thread/INFO] [STDERR/]: [org.violetmoon.zeta.registry.CreativeTabManager:buildContents:173]: 	at MC-BOOTSTRAP/fmlloader@1.20.1-47.4.6/net.minecraftforge.fml.loading.targets.CommonLaunchHandler.clientService(CommonLaunchHandler.java:99)
[04May2026 01:10:22.117] [Render thread/INFO] [STDERR/]: [org.violetmoon.zeta.registry.CreativeTabManager:buildContents:173]: 	at MC-BOOTSTRAP/fmlloader@1.20.1-47.4.6/net.minecraftforge.fml.loading.targets.CommonClientLaunchHandler.lambda$makeService$0(CommonClientLaunchHandler.java:25)
[04May2026 01:10:22.117] [Render thread/INFO] [STDERR/]: [org.violetmoon.zeta.registry.CreativeTabManager:buildContents:173]: 	at MC-BOOTSTRAP/cpw.mods.modlauncher@10.0.9/cpw.mods.modlauncher.LaunchServiceHandlerDecorator.launch(LaunchServiceHandlerDecorator.java:30)
[04May2026 01:10:22.117] [Render thread/INFO] [STDERR/]: [org.violetmoon.zeta.registry.CreativeTabManager:buildContents:173]: 	at MC-BOOTSTRAP/cpw.mods.modlauncher@10.0.9/cpw.mods.modlauncher.LaunchServiceHandler.launch(LaunchServiceHandler.java:53)
[04May2026 01:10:22.117] [Render thread/INFO] [STDERR/]: [org.violetmoon.zeta.registry.CreativeTabManager:buildContents:173]: 	at MC-BOOTSTRAP/cpw.mods.modlauncher@10.0.9/cpw.mods.modlauncher.LaunchServiceHandler.launch(LaunchServiceHandler.java:71)
[04May2026 01:10:22.117] [Render thread/INFO] [STDERR/]: [org.violetmoon.zeta.registry.CreativeTabManager:buildContents:173]: 	at MC-BOOTSTRAP/cpw.mods.modlauncher@10.0.9/cpw.mods.modlauncher.Launcher.run(Launcher.java:108)
[04May2026 01:10:22.117] [Render thread/INFO] [STDERR/]: [org.violetmoon.zeta.registry.CreativeTabManager:buildContents:173]: 	at MC-BOOTSTRAP/cpw.mods.modlauncher@10.0.9/cpw.mods.modlauncher.Launcher.main(Launcher.java:78)
[04May2026 01:10:22.117] [Render thread/INFO] [STDERR/]: [org.violetmoon.zeta.registry.CreativeTabManager:buildContents:173]: 	at MC-BOOTSTRAP/cpw.mods.modlauncher@10.0.9/cpw.mods.modlauncher.BootstrapLaunchConsumer.accept(BootstrapLaunchConsumer.java:26)
[04May2026 01:10:22.117] [Render thread/INFO] [STDERR/]: [org.violetmoon.zeta.registry.CreativeTabManager:buildContents:173]: 	at MC-BOOTSTRAP/cpw.mods.modlauncher@10.0.9/cpw.mods.modlauncher.BootstrapLaunchConsumer.accept(BootstrapLaunchConsumer.java:23)
[04May2026 01:10:22.117] [Render thread/INFO] [STDERR/]: [org.violetmoon.zeta.registry.CreativeTabManager:buildContents:173]: 	at cpw.mods.bootstraplauncher@1.1.2/cpw.mods.bootstraplauncher.BootstrapLauncher.main(BootstrapLauncher.java:141)
[04May2026 01:10:22.117] [Render thread/INFO] [STDERR/]: [org.violetmoon.zeta.registry.CreativeTabManager:buildContents:173]: 	at java.base/jdk.internal.reflect.NativeMethodAccessorImpl.invoke0(Native Method)
[04May2026 01:10:22.117] [Render thread/INFO] [STDERR/]: [org.violetmoon.zeta.registry.CreativeTabManager:buildContents:173]: 	at java.base/jdk.internal.reflect.NativeMethodAccessorImpl.invoke(NativeMethodAccessorImpl.java:77)
[04May2026 01:10:22.117] [Render thread/INFO] [STDERR/]: [org.violetmoon.zeta.registry.CreativeTabManager:buildContents:173]: 	at java.base/jdk.internal.reflect.DelegatingMethodAccessorImpl.invoke(DelegatingMethodAccessorImpl.java:43)
[04May2026 01:10:22.117] [Render thread/INFO] [STDERR/]: [org.violetmoon.zeta.registry.CreativeTabManager:buildContents:173]: 	at java.base/java.lang.reflect.Method.invoke(Method.java:568)
[04May2026 01:10:22.117] [Render thread/INFO] [STDERR/]: [org.violetmoon.zeta.registry.CreativeTabManager:buildContents:173]: 	at io.github.zekerzhayard.forgewrapper.installer.Main.main(Main.java:67)
[04May2026 01:10:22.117] [Render thread/INFO] [STDERR/]: [org.violetmoon.zeta.registry.CreativeTabManager:buildContents:173]: 	at org.prismlauncher.launcher.impl.StandardLauncher.launch(StandardLauncher.java:115)
[04May2026 01:10:22.117] [Render thread/INFO] [STDERR/]: [org.violetmoon.zeta.registry.CreativeTabManager:buildContents:173]: 	at org.prismlauncher.EntryPoint.listen(EntryPoint.java:129)
[04May2026 01:10:22.117] [Render thread/INFO] [STDERR/]: [org.violetmoon.zeta.registry.CreativeTabManager:buildContents:173]: 	at org.prismlauncher.EntryPoint.main(EntryPoint.java:70)
[04May2026 01:10:22.118] [Render thread/ERROR] [zeta/]: Creative tab loop found when adding Block{quark:monster_box} next to Block{minecraft:spawner}
[04May2026 01:10:22.118] [Render thread/ERROR] [zeta/]: For more info enable Creative Verbose Logging in the Zeta config, or set Force Creative Tab Appends to true to disable this behavior
[04May2026 01:10:22.118] [Render thread/ERROR] [zeta/]: Creative tab loop found when adding Block{quark:monster_box} next to Block{minecraft:spawner}
[04May2026 01:10:22.118] [Render thread/ERROR] [zeta/]: For more info enable Creative Verbose Logging in the Zeta config, or set Force Creative Tab Appends to true to disable this behavior
[04May2026 01:10:22.118] [Render thread/ERROR] [zeta/]: Creative tab loop found when adding Block{quark:monster_box} next to Block{minecraft:spawner}
[04May2026 01:10:22.118] [Render thread/ERROR] [zeta/]: For more info enable Creative Verbose Logging in the Zeta config, or set Force Creative Tab Appends to true to disable this behavior
[04May2026 01:10:22.118] [Render thread/ERROR] [zeta/]: Creative tab loop found when adding Block{quark:monster_box} next to Block{minecraft:spawner}
[04May2026 01:10:22.118] [Render thread/ERROR] [zeta/]: For more info enable Creative Verbose Logging in the Zeta config, or set Force Creative Tab Appends to true to disable this behavior
[04May2026 01:10:22.118] [Render thread/ERROR] [zeta/]: Creative tab loop found when adding Block{quark:monster_box} next to Block{minecraft:spawner}
[04May2026 01:10:22.118] [Render thread/ERROR] [zeta/]: For more info enable Creative Verbose Logging in the Zeta config, or set Force Creative Tab Appends to true to disable this behavior
[04May2026 01:10:22.118] [Render thread/ERROR] [zeta/]: Creative tab loop found when adding Block{quark:monster_box} next to Block{minecraft:spawner}
[04May2026 01:10:22.118] [Render thread/ERROR] [zeta/]: For more info enable Creative Verbose Logging in the Zeta config, or set Force Creative Tab Appends to true to disable this behavior
[04May2026 01:10:22.118] [Render thread/ERROR] [zeta/]: Creative tab loop found when adding Block{quark:monster_box} next to Block{minecraft:spawner}
[04May2026 01:10:22.118] [Render thread/ERROR] [zeta/]: For more info enable Creative Verbose Logging in the Zeta config, or set Force Creative Tab Appends to true to disable this behavior
[04May2026 01:10:22.118] [Render thread/ERROR] [zeta/]: Creative tab loop found when adding Block{quark:monster_box} next to Block{minecraft:spawner}
[04May2026 01:10:22.118] [Render thread/ERROR] [zeta/]: For more info enable Creative Verbose Logging in the Zeta config, or set Force Creative Tab Appends to true to disable this behavior
[04May2026 01:10:22.118] [Render thread/ERROR] [zeta/]: Creative tab loop found when adding Block{quark:monster_box} next to Block{minecraft:spawner}
[04May2026 01:10:22.118] [Render thread/ERROR] [zeta/]: For more info enable Creative Verbose Logging in the Zeta config, or set Force Creative Tab Appends to true to disable this behavior
[04May2026 01:10:22.118] [Render thread/ERROR] [zeta/]: Creative tab loop found when adding Block{quark:monster_box} next to Block{minecraft:spawner}
[04May2026 01:10:22.118] [Render thread/ERROR] [zeta/]: For more info enable Creative Verbose Logging in the Zeta config, or set Force Creative Tab Appends to true to disable this behavior
[04May2026 01:10:22.118] [Render thread/INFO] [STDERR/]: [org.violetmoon.zeta.registry.CreativeTabManager:buildContents:173]: java.lang.RuntimeException: Creative tab placement misses exceeded failsafe, aborting logic
[04May2026 01:10:22.118] [Render thread/INFO] [STDERR/]: [org.violetmoon.zeta.registry.CreativeTabManager:buildContents:173]: 	at TRANSFORMER/zeta@1.0-31/org.violetmoon.zeta.registry.CreativeTabManager.buildContents(CreativeTabManager.java:173)
[04May2026 01:10:22.118] [Render thread/INFO] [STDERR/]: [org.violetmoon.zeta.registry.CreativeTabManager:buildContents:173]: 	at MC-BOOTSTRAP/net.minecraftforge.eventbus/net.minecraftforge.eventbus.EventBus.doCastFilter(EventBus.java:260)
[04May2026 01:10:22.118] [Render thread/INFO] [STDERR/]: [org.violetmoon.zeta.registry.CreativeTabManager:buildContents:173]: 	at MC-BOOTSTRAP/net.minecraftforge.eventbus/net.minecraftforge.eventbus.EventBus.lambda$addListener$11(EventBus.java:252)
[04May2026 01:10:22.118] [Render thread/INFO] [STDERR/]: [org.violetmoon.zeta.registry.CreativeTabManager:buildContents:173]: 	at MC-BOOTSTRAP/net.minecraftforge.eventbus/net.minecraftforge.eventbus.EventBus.post(EventBus.java:315)
[04May2026 01:10:22.118] [Render thread/INFO] [STDERR/]: [org.violetmoon.zeta.registry.CreativeTabManager:buildContents:173]: 	at MC-BOOTSTRAP/net.minecraftforge.eventbus/net.minecraftforge.eventbus.EventBus.post(EventBus.java:296)
[04May2026 01:10:22.119] [Render thread/INFO] [STDERR/]: [org.violetmoon.zeta.registry.CreativeTabManager:buildContents:173]: 	at LAYER PLUGIN/javafmllanguage@1.20.1-47.4.6/net.minecraftforge.fml.javafmlmod.FMLModContainer.acceptEvent(FMLModContainer.java:121)
[04May2026 01:10:22.119] [Render thread/INFO] [STDERR/]: [org.violetmoon.zeta.registry.CreativeTabManager:buildContents:173]: 	at LAYER PLUGIN/fmlcore@1.20.1-47.4.6/net.minecraftforge.fml.ModLoader.lambda$postEvent$29(ModLoader.java:326)
[04May2026 01:10:22.119] [Render thread/INFO] [STDERR/]: [org.violetmoon.zeta.registry.CreativeTabManager:buildContents:173]: 	at java.base/java.lang.Iterable.forEach(Iterable.java:75)
[04May2026 01:10:22.119] [Render thread/INFO] [STDERR/]: [org.violetmoon.zeta.registry.CreativeTabManager:buildContents:173]: 	at LAYER PLUGIN/fmlcore@1.20.1-47.4.6/net.minecraftforge.fml.ModList.forEachModInOrder(ModList.java:227)
[04May2026 01:10:22.119] [Render thread/INFO] [STDERR/]: [org.violetmoon.zeta.registry.CreativeTabManager:buildContents:173]: 	at LAYER PLUGIN/fmlcore@1.20.1-47.4.6/net.minecraftforge.fml.ModLoader.postEvent(ModLoader.java:326)
[04May2026 01:10:22.119] [Render thread/INFO] [STDERR/]: [org.violetmoon.zeta.registry.CreativeTabManager:buildContents:173]: 	at TRANSFORMER/forge@47.4.6/net.minecraftforge.common.ForgeHooks.onCreativeModeTabBuildContents(ForgeHooks.java:1634)
[04May2026 01:10:22.119] [Render thread/INFO] [STDERR/]: [org.violetmoon.zeta.registry.CreativeTabManager:buildContents:173]: 	at TRANSFORMER/minecraft@1.20.1/net.minecraft.world.item.CreativeModeTab.m_269498_$mixinextras$wrapped$36(CreativeModeTab.java:129)
[04May2026 01:10:22.119] [Render thread/INFO] [STDERR/]: [org.violetmoon.zeta.registry.CreativeTabManager:buildContents:173]: 	at TRANSFORMER/minecraft@1.20.1/net.minecraft.world.item.CreativeModeTab.mixinextras$bridge$m_269498_$mixinextras$wrapped$36$37(CreativeModeTab.java)
[04May2026 01:10:22.119] [Render thread/INFO] [STDERR/]: [org.violetmoon.zeta.registry.CreativeTabManager:buildContents:173]: 	at TRANSFORMER/minecraft@1.20.1/net.minecraft.world.item.CreativeModeTab.wrapMethod$zhd000$modernfix$buildContentsIfChanged(CreativeModeTab.java:532)
[04May2026 01:10:22.119] [Render thread/INFO] [STDERR/]: [org.violetmoon.zeta.registry.CreativeTabManager:buildContents:173]: 	at TRANSFORMER/minecraft@1.20.1/net.minecraft.world.item.CreativeModeTab.m_269498_(CreativeModeTab.java)
[04May2026 01:10:22.119] [Render thread/INFO] [STDERR/]: [org.violetmoon.zeta.registry.CreativeTabManager:buildContents:173]: 	at TRANSFORMER/jei@15.20.0.129/mezz.jei.library.plugins.vanilla.ingredients.ItemStackListFactory.create(ItemStackListFactory.java:80)
[04May2026 01:10:22.119] [Render thread/INFO] [STDERR/]: [org.violetmoon.zeta.registry.CreativeTabManager:buildContents:173]: 	at TRANSFORMER/jei@15.20.0.129/mezz.jei.library.plugins.vanilla.VanillaPlugin.registerIngredients(VanillaPlugin.java:168)
[04May2026 01:10:22.119] [Render thread/INFO] [STDERR/]: [org.violetmoon.zeta.registry.CreativeTabManager:buildContents:173]: 	at TRANSFORMER/jei@15.20.0.129/mezz.jei.library.load.PluginLoader.lambda$registerIngredients$2(PluginLoader.java:79)
[04May2026 01:10:22.119] [Render thread/INFO] [STDERR/]: [org.violetmoon.zeta.registry.CreativeTabManager:buildContents:173]: 	at TRANSFORMER/jei@15.20.0.129/mezz.jei.library.load.PluginCaller.callOnPlugins(PluginCaller.java:25)
[04May2026 01:10:22.119] [Render thread/INFO] [STDERR/]: [org.violetmoon.zeta.registry.CreativeTabManager:buildContents:173]: 	at TRANSFORMER/jei@15.20.0.129/mezz.jei.library.load.PluginLoader.registerIngredients(PluginLoader.java:79)
[04May2026 01:10:22.119] [Render thread/INFO] [STDERR/]: [org.violetmoon.zeta.registry.CreativeTabManager:buildContents:173]: 	at TRANSFORMER/jei@15.20.0.129/mezz.jei.library.startup.JeiStarter.start(JeiStarter.java:106)
[04May2026 01:10:22.119] [Render thread/INFO] [STDERR/]: [org.violetmoon.zeta.registry.CreativeTabManager:buildContents:173]: 	at TRANSFORMER/jei@15.20.0.129/mezz.jei.forge.startup.StartEventObserver.transitionState(StartEventObserver.java:130)
[04May2026 01:10:22.119] [Render thread/INFO] [STDERR/]: [org.violetmoon.zeta.registry.CreativeTabManager:buildContents:173]: 	at TRANSFORMER/jei@15.20.0.129/mezz.jei.forge.startup.StartEventObserver.onEvent(StartEventObserver.java:98)
[04May2026 01:10:22.119] [Render thread/INFO] [STDERR/]: [org.violetmoon.zeta.registry.CreativeTabManager:buildContents:173]: 	at MC-BOOTSTRAP/net.minecraftforge.eventbus/net.minecraftforge.eventbus.EventBus.doCastFilter(EventBus.java:260)
[04May2026 01:10:22.119] [Render thread/INFO] [STDERR/]: [org.violetmoon.zeta.registry.CreativeTabManager:buildContents:173]: 	at MC-BOOTSTRAP/net.minecraftforge.eventbus/net.minecraftforge.eventbus.EventBus.lambda$addListener$11(EventBus.java:252)
[04May2026 01:10:22.119] [Render thread/INFO] [STDERR/]: [org.violetmoon.zeta.registry.CreativeTabManager:buildContents:173]: 	at MC-BOOTSTRAP/net.minecraftforge.eventbus/net.minecraftforge.eventbus.EventBus.post(EventBus.java:315)
[04May2026 01:10:22.119] [Render thread/INFO] [STDERR/]: [org.violetmoon.zeta.registry.CreativeTabManager:buildContents:173]: 	at MC-BOOTSTRAP/net.minecraftforge.eventbus/net.minecraftforge.eventbus.EventBus.post(EventBus.java:296)
[04May2026 01:10:22.119] [Render thread/INFO] [STDERR/]: [org.violetmoon.zeta.registry.CreativeTabManager:buildContents:173]: 	at TRANSFORMER/minecraft@1.20.1/net.minecraft.client.multiplayer.ClientPacketListener.m_5859_(ClientPacketListener.java:1451)
[04May2026 01:10:22.119] [Render thread/INFO] [STDERR/]: [org.violetmoon.zeta.registry.CreativeTabManager:buildContents:173]: 	at TRANSFORMER/minecraft@1.20.1/net.minecraft.network.protocol.game.ClientboundUpdateTagsPacket.m_5797_(ClientboundUpdateTagsPacket.java:35)
[04May2026 01:10:22.119] [Render thread/INFO] [STDERR/]: [org.violetmoon.zeta.registry.CreativeTabManager:buildContents:173]: 	at TRANSFORMER/minecraft@1.20.1/net.minecraft.network.protocol.game.ClientboundUpdateTagsPacket.m_5797_(ClientboundUpdateTagsPacket.java:11)
[04May2026 01:10:22.119] [Render thread/INFO] [STDERR/]: [org.violetmoon.zeta.registry.CreativeTabManager:buildContents:173]: 	at TRANSFORMER/minecraft@1.20.1/net.minecraft.network.protocol.PacketUtils.m_263899_(PacketUtils.java:22)
[04May2026 01:10:22.119] [Render thread/INFO] [STDERR/]: [org.violetmoon.zeta.registry.CreativeTabManager:buildContents:173]: 	at TRANSFORMER/minecraft@1.20.1/net.minecraft.util.thread.BlockableEventLoop.m_6367_(BlockableEventLoop.java:156)
[04May2026 01:10:22.119] [Render thread/INFO] [STDERR/]: [org.violetmoon.zeta.registry.CreativeTabManager:buildContents:173]: 	at TRANSFORMER/minecraft@1.20.1/net.minecraft.util.thread.ReentrantBlockableEventLoop.m_6367_(ReentrantBlockableEventLoop.java:23)
[04May2026 01:10:22.119] [Render thread/INFO] [STDERR/]: [org.violetmoon.zeta.registry.CreativeTabManager:buildContents:173]: 	at TRANSFORMER/minecraft@1.20.1/net.minecraft.util.thread.BlockableEventLoop.m_7245_(BlockableEventLoop.java:130)
[04May2026 01:10:22.120] [Render thread/INFO] [STDERR/]: [org.violetmoon.zeta.registry.CreativeTabManager:buildContents:173]: 	at TRANSFORMER/minecraft@1.20.1/net.minecraft.util.thread.BlockableEventLoop.m_18699_(BlockableEventLoop.java:115)
[04May2026 01:10:22.120] [Render thread/INFO] [STDERR/]: [org.violetmoon.zeta.registry.CreativeTabManager:buildContents:173]: 	at TRANSFORMER/minecraft@1.20.1/net.minecraft.client.Minecraft.m_91383_(Minecraft.java:1106)
[04May2026 01:10:22.120] [Render thread/INFO] [STDERR/]: [org.violetmoon.zeta.registry.CreativeTabManager:buildContents:173]: 	at TRANSFORMER/minecraft@1.20.1/net.minecraft.client.Minecraft.m_91374_(Minecraft.java:718)
[04May2026 01:10:22.120] [Render thread/INFO] [STDERR/]: [org.violetmoon.zeta.registry.CreativeTabManager:buildContents:173]: 	at TRANSFORMER/minecraft@1.20.1/net.minecraft.client.main.Main.main(Main.java:218)
[04May2026 01:10:22.120] [Render thread/INFO] [STDERR/]: [org.violetmoon.zeta.registry.CreativeTabManager:buildContents:173]: 	at java.base/jdk.internal.reflect.NativeMethodAccessorImpl.invoke0(Native Method)
[04May2026 01:10:22.120] [Render thread/INFO] [STDERR/]: [org.violetmoon.zeta.registry.CreativeTabManager:buildContents:173]: 	at java.base/jdk.internal.reflect.NativeMethodAccessorImpl.invoke(NativeMethodAccessorImpl.java:77)
[04May2026 01:10:22.120] [Render thread/INFO] [STDERR/]: [org.violetmoon.zeta.registry.CreativeTabManager:buildContents:173]: 	at java.base/jdk.internal.reflect.DelegatingMethodAccessorImpl.invoke(DelegatingMethodAccessorImpl.java:43)
[04May2026 01:10:22.120] [Render thread/INFO] [STDERR/]: [org.violetmoon.zeta.registry.CreativeTabManager:buildContents:173]: 	at java.base/java.lang.reflect.Method.invoke(Method.java:568)
[04May2026 01:10:22.120] [Render thread/INFO] [STDERR/]: [org.violetmoon.zeta.registry.CreativeTabManager:buildContents:173]: 	at MC-BOOTSTRAP/fmlloader@1.20.1-47.4.6/net.minecraftforge.fml.loading.targets.CommonLaunchHandler.runTarget(CommonLaunchHandler.java:111)
[04May2026 01:10:22.120] [Render thread/INFO] [STDERR/]: [org.violetmoon.zeta.registry.CreativeTabManager:buildContents:173]: 	at MC-BOOTSTRAP/fmlloader@1.20.1-47.4.6/net.minecraftforge.fml.loading.targets.CommonLaunchHandler.clientService(CommonLaunchHandler.java:99)
[04May2026 01:10:22.120] [Render thread/INFO] [STDERR/]: [org.violetmoon.zeta.registry.CreativeTabManager:buildContents:173]: 	at MC-BOOTSTRAP/fmlloader@1.20.1-47.4.6/net.minecraftforge.fml.loading.targets.CommonClientLaunchHandler.lambda$makeService$0(CommonClientLaunchHandler.java:25)
[04May2026 01:10:22.120] [Render thread/INFO] [STDERR/]: [org.violetmoon.zeta.registry.CreativeTabManager:buildContents:173]: 	at MC-BOOTSTRAP/cpw.mods.modlauncher@10.0.9/cpw.mods.modlauncher.LaunchServiceHandlerDecorator.launch(LaunchServiceHandlerDecorator.java:30)
[04May2026 01:10:22.120] [Render thread/INFO] [STDERR/]: [org.violetmoon.zeta.registry.CreativeTabManager:buildContents:173]: 	at MC-BOOTSTRAP/cpw.mods.modlauncher@10.0.9/cpw.mods.modlauncher.LaunchServiceHandler.launch(LaunchServiceHandler.java:53)
[04May2026 01:10:22.120] [Render thread/INFO] [STDERR/]: [org.violetmoon.zeta.registry.CreativeTabManager:buildContents:173]: 	at MC-BOOTSTRAP/cpw.mods.modlauncher@10.0.9/cpw.mods.modlauncher.LaunchServiceHandler.launch(LaunchServiceHandler.java:71)
[04May2026 01:10:22.120] [Render thread/INFO] [STDERR/]: [org.violetmoon.zeta.registry.CreativeTabManager:buildContents:173]: 	at MC-BOOTSTRAP/cpw.mods.modlauncher@10.0.9/cpw.mods.modlauncher.Launcher.run(Launcher.java:108)
[04May2026 01:10:22.120] [Render thread/INFO] [STDERR/]: [org.violetmoon.zeta.registry.CreativeTabManager:buildContents:173]: 	at MC-BOOTSTRAP/cpw.mods.modlauncher@10.0.9/cpw.mods.modlauncher.Launcher.main(Launcher.java:78)
[04May2026 01:10:22.120] [Render thread/INFO] [STDERR/]: [org.violetmoon.zeta.registry.CreativeTabManager:buildContents:173]: 	at MC-BOOTSTRAP/cpw.mods.modlauncher@10.0.9/cpw.mods.modlauncher.BootstrapLaunchConsumer.accept(BootstrapLaunchConsumer.java:26)
[04May2026 01:10:22.120] [Render thread/INFO] [STDERR/]: [org.violetmoon.zeta.registry.CreativeTabManager:buildContents:173]: 	at MC-BOOTSTRAP/cpw.mods.modlauncher@10.0.9/cpw.mods.modlauncher.BootstrapLaunchConsumer.accept(BootstrapLaunchConsumer.java:23)
[04May2026 01:10:22.120] [Render thread/INFO] [STDERR/]: [org.violetmoon.zeta.registry.CreativeTabManager:buildContents:173]: 	at cpw.mods.bootstraplauncher@1.1.2/cpw.mods.bootstraplauncher.BootstrapLauncher.main(BootstrapLauncher.java:141)
[04May2026 01:10:22.120] [Render thread/INFO] [STDERR/]: [org.violetmoon.zeta.registry.CreativeTabManager:buildContents:173]: 	at java.base/jdk.internal.reflect.NativeMethodAccessorImpl.invoke0(Native Method)
[04May2026 01:10:22.120] [Render thread/INFO] [STDERR/]: [org.violetmoon.zeta.registry.CreativeTabManager:buildContents:173]: 	at java.base/jdk.internal.reflect.NativeMethodAccessorImpl.invoke(NativeMethodAccessorImpl.java:77)
[04May2026 01:10:22.120] [Render thread/INFO] [STDERR/]: [org.violetmoon.zeta.registry.CreativeTabManager:buildContents:173]: 	at java.base/jdk.internal.reflect.DelegatingMethodAccessorImpl.invoke(DelegatingMethodAccessorImpl.java:43)
[04May2026 01:10:22.120] [Render thread/INFO] [STDERR/]: [org.violetmoon.zeta.registry.CreativeTabManager:buildContents:173]: 	at java.base/java.lang.reflect.Method.invoke(Method.java:568)
[04May2026 01:10:22.120] [Render thread/INFO] [STDERR/]: [org.violetmoon.zeta.registry.CreativeTabManager:buildContents:173]: 	at io.github.zekerzhayard.forgewrapper.installer.Main.main(Main.java:67)
[04May2026 01:10:22.120] [Render thread/INFO] [STDERR/]: [org.violetmoon.zeta.registry.CreativeTabManager:buildContents:173]: 	at org.prismlauncher.launcher.impl.StandardLauncher.launch(StandardLauncher.java:115)
[04May2026 01:10:22.120] [Render thread/INFO] [STDERR/]: [org.violetmoon.zeta.registry.CreativeTabManager:buildContents:173]: 	at org.prismlauncher.EntryPoint.listen(EntryPoint.java:129)
[04May2026 01:10:22.120] [Render thread/INFO] [STDERR/]: [org.violetmoon.zeta.registry.CreativeTabManager:buildContents:173]: 	at org.prismlauncher.EntryPoint.main(EntryPoint.java:70)
[04May2026 01:10:22.122] [Render thread/WARN] [mezz.jei.library.plugins.vanilla.ingredients.ItemStackListFactory/]: Item Group has no display items and no search tab display items. Items from this group will be missing from the JEI ingredient list. Operator Utilities
[04May2026 01:10:22.306] [Render thread/INFO] [net.acetheeldritchking.art_of_forging.ArtOfForging/]: Registering AoF schematics with Tetra creative tab
[04May2026 01:10:22.400] [Render thread/WARN] [mezz.jei.library.plugins.vanilla.ingredients.ItemStackListFactory/]: Item Group has no display items and no search tab display items. Items from this group will be missing from the JEI ingredient list. Modonomicon
[04May2026 01:10:22.482] [Render thread/WARN] [mezz.jei.library.plugins.vanilla.ingredients.ItemStackListFactory/]: Item Group has no display items and no search tab display items. Items from this group will be missing from the JEI ingredient list. Chisels & Bits Clipboard
[04May2026 01:10:22.500] [Render thread/WARN] [mezz.jei.library.ingredients.IngredientSet/]: Found a broken ingredient 1 air dev.latvian.mods.kubejs.item.custom.BasicItemJS
java.lang.IllegalStateException: Item has no registry name: 1 air dev.latvian.mods.kubejs.item.custom.BasicItemJS
	at mezz.jei.common.util.StackHelper.lambda$getRegistryNameForStack$0(StackHelper.java:65) ~[jei-1.20.1-forge-15.20.0.129.jar%23816!/:15.20.0.129]
	at java.util.Optional.orElseThrow(Optional.java:403) ~[?:?]
	at mezz.jei.common.util.StackHelper.getRegistryNameForStack(StackHelper.java:63) ~[jei-1.20.1-forge-15.20.0.129.jar%23816!/:15.20.0.129]
	at mezz.jei.common.util.StackHelper.getUniqueIdentifierForStack(StackHelper.java:43) ~[jei-1.20.1-forge-15.20.0.129.jar%23816!/:15.20.0.129]
	at mezz.jei.library.plugins.vanilla.ingredients.ItemStackHelper.getUniqueId(ItemStackHelper.java:69) ~[jei-1.20.1-forge-15.20.0.129.jar%23816!/:15.20.0.129]
	at mezz.jei.library.plugins.vanilla.ingredients.ItemStackHelper.getUniqueId(ItemStackHelper.java:36) ~[jei-1.20.1-forge-15.20.0.129.jar%23816!/:15.20.0.129]
	at mezz.jei.library.ingredients.IngredientSet.getUid(IngredientSet.java:34) ~[jei-1.20.1-forge-15.20.0.129.jar%23816!/:15.20.0.129]
	at mezz.jei.library.ingredients.IngredientSet.add(IngredientSet.java:48) ~[jei-1.20.1-forge-15.20.0.129.jar%23816!/:15.20.0.129]
	at java.util.AbstractCollection.addAll(AbstractCollection.java:336) ~[?:?]
	at mezz.jei.library.ingredients.IngredientInfo.<init>(IngredientInfo.java:27) ~[jei-1.20.1-forge-15.20.0.129.jar%23816!/:15.20.0.129]
	at mezz.jei.library.load.registration.IngredientManagerBuilder.register(IngredientManagerBuilder.java:50) ~[jei-1.20.1-forge-15.20.0.129.jar%23816!/:15.20.0.129]
	at mezz.jei.library.plugins.vanilla.VanillaPlugin.registerIngredients(VanillaPlugin.java:172) ~[jei-1.20.1-forge-15.20.0.129.jar%23816!/:15.20.0.129]
	at mezz.jei.library.load.PluginLoader.lambda$registerIngredients$2(PluginLoader.java:79) ~[jei-1.20.1-forge-15.20.0.129.jar%23816!/:15.20.0.129]
	at mezz.jei.library.load.PluginCaller.callOnPlugins(PluginCaller.java:25) ~[jei-1.20.1-forge-15.20.0.129.jar%23816!/:15.20.0.129]
	at mezz.jei.library.load.PluginLoader.registerIngredients(PluginLoader.java:79) ~[jei-1.20.1-forge-15.20.0.129.jar%23816!/:15.20.0.129]
	at mezz.jei.library.startup.JeiStarter.start(JeiStarter.java:106) ~[jei-1.20.1-forge-15.20.0.129.jar%23816!/:15.20.0.129]
	at mezz.jei.forge.startup.StartEventObserver.transitionState(StartEventObserver.java:130) ~[jei-1.20.1-forge-15.20.0.129.jar%23816!/:15.20.0.129]
	at mezz.jei.forge.startup.StartEventObserver.onEvent(StartEventObserver.java:98) ~[jei-1.20.1-forge-15.20.0.129.jar%23816!/:15.20.0.129]
	at net.minecraftforge.eventbus.EventBus.doCastFilter(EventBus.java:260) ~[eventbus-6.0.5.jar%23137!/:?]
	at net.minecraftforge.eventbus.EventBus.lambda$addListener$11(EventBus.java:252) ~[eventbus-6.0.5.jar%23137!/:?]
	at net.minecraftforge.eventbus.EventBus.post(EventBus.java:315) ~[eventbus-6.0.5.jar%23137!/:?]
	at net.minecraftforge.eventbus.EventBus.post(EventBus.java:296) ~[eventbus-6.0.5.jar%23137!/:?]
	at net.minecraft.client.multiplayer.ClientPacketListener.m_5859_(ClientPacketListener.java:1451) ~[client-1.20.1-20230612.114412-srg.jar%231048!/:?]
	at net.minecraft.network.protocol.game.ClientboundUpdateTagsPacket.m_5797_(ClientboundUpdateTagsPacket.java:35) ~[client-1.20.1-20230612.114412-srg.jar%231048!/:?]
	at net.minecraft.network.protocol.game.ClientboundUpdateTagsPacket.m_5797_(ClientboundUpdateTagsPacket.java:11) ~[client-1.20.1-20230612.114412-srg.jar%231048!/:?]
	at net.minecraft.network.protocol.PacketUtils.m_263899_(PacketUtils.java:22) ~[client-1.20.1-20230612.114412-srg.jar%231048!/:?]
	at net.minecraft.util.thread.BlockableEventLoop.m_6367_(BlockableEventLoop.java:156) ~[client-1.20.1-20230612.114412-srg.jar%231048!/:?]
	at net.minecraft.util.thread.ReentrantBlockableEventLoop.m_6367_(ReentrantBlockableEventLoop.java:23) ~[client-1.20.1-20230612.114412-srg.jar%231048!/:?]
	at net.minecraft.util.thread.BlockableEventLoop.m_7245_(BlockableEventLoop.java:130) ~[client-1.20.1-20230612.114412-srg.jar%231048!/:?]
	at net.minecraft.util.thread.BlockableEventLoop.m_18699_(BlockableEventLoop.java:115) ~[client-1.20.1-20230612.114412-srg.jar%231048!/:?]
	at net.minecraft.client.Minecraft.m_91383_(Minecraft.java:1106) ~[client-1.20.1-20230612.114412-srg.jar%231048!/:?]
	at net.minecraft.client.Minecraft.m_91374_(Minecraft.java:718) ~[client-1.20.1-20230612.114412-srg.jar%231048!/:?]
	at net.minecraft.client.main.Main.main(Main.java:218) ~[minecraft-1.20.1-client.jar:?]
	at jdk.internal.reflect.NativeMethodAccessorImpl.invoke0(Native Method) ~[?:?]
	at jdk.internal.reflect.NativeMethodAccessorImpl.invoke(NativeMethodAccessorImpl.java:77) ~[?:?]
	at jdk.internal.reflect.DelegatingMethodAccessorImpl.invoke(DelegatingMethodAccessorImpl.java:43) ~[?:?]
	at java.lang.reflect.Method.invoke(Method.java:568) ~[?:?]
	at net.minecraftforge.fml.loading.targets.CommonLaunchHandler.runTarget(CommonLaunchHandler.java:111) ~[fmlloader-1.20.1-47.4.6.jar:?]
	at net.minecraftforge.fml.loading.targets.CommonLaunchHandler.clientService(CommonLaunchHandler.java:99) ~[fmlloader-1.20.1-47.4.6.jar:?]
	at net.minecraftforge.fml.loading.targets.CommonClientLaunchHandler.lambda$makeService$0(CommonClientLaunchHandler.java:25) ~[fmlloader-1.20.1-47.4.6.jar:?]
	at cpw.mods.modlauncher.LaunchServiceHandlerDecorator.launch(LaunchServiceHandlerDecorator.java:30) ~[modlauncher-10.0.9.jar:?]
	at cpw.mods.modlauncher.LaunchServiceHandler.launch(LaunchServiceHandler.java:53) ~[modlauncher-10.0.9.jar:?]
	at cpw.mods.modlauncher.LaunchServiceHandler.launch(LaunchServiceHandler.java:71) ~[modlauncher-10.0.9.jar:?]
	at cpw.mods.modlauncher.Launcher.run(Launcher.java:108) ~[modlauncher-10.0.9.jar:?]
	at cpw.mods.modlauncher.Launcher.main(Launcher.java:78) ~[modlauncher-10.0.9.jar:?]
	at cpw.mods.modlauncher.BootstrapLaunchConsumer.accept(BootstrapLaunchConsumer.java:26) ~[modlauncher-10.0.9.jar:?]
	at cpw.mods.modlauncher.BootstrapLaunchConsumer.accept(BootstrapLaunchConsumer.java:23) ~[modlauncher-10.0.9.jar:?]
	at cpw.mods.bootstraplauncher.BootstrapLauncher.main(BootstrapLauncher.java:141) ~[bootstraplauncher-1.1.2.jar:?]
	at jdk.internal.reflect.NativeMethodAccessorImpl.invoke0(Native Method) ~[?:?]
	at jdk.internal.reflect.NativeMethodAccessorImpl.invoke(NativeMethodAccessorImpl.java:77) ~[?:?]
	at jdk.internal.reflect.DelegatingMethodAccessorImpl.invoke(DelegatingMethodAccessorImpl.java:43) ~[?:?]
	at java.lang.reflect.Method.invoke(Method.java:568) ~[?:?]
	at io.github.zekerzhayard.forgewrapper.installer.Main.main(Main.java:67) ~[?:?]
	at org.prismlauncher.launcher.impl.StandardLauncher.launch(StandardLauncher.java:115) ~[?:?]
	at org.prismlauncher.EntryPoint.listen(EntryPoint.java:129) ~[?:?]
	at org.prismlauncher.EntryPoint.main(EntryPoint.java:70) ~[?:?]
[04May2026 01:10:22.507] [Render thread/INFO] [mezz.jei.library.load.PluginCallerTimerRunnable/]: Registering ingredients: jei:minecraft took 471.4 milliseconds
[04May2026 01:10:22.509] [Render thread/INFO] [mezz.jei.library.load.PluginCaller/]: Registering ingredients took 473.1 ms
[04May2026 01:10:22.509] [Render thread/INFO] [mezz.jei.library.load.PluginCaller/]: Registering extra ingredients...
[04May2026 01:10:22.510] [Render thread/INFO] [mezz.jei.library.load.PluginCaller/]: Registering extra ingredients took 1.214 ms
[04May2026 01:10:22.510] [Render thread/INFO] [mezz.jei.library.load.PluginCaller/]: Registering search ingredient aliases...
[04May2026 01:10:22.511] [Render thread/INFO] [mezz.jei.library.load.PluginCaller/]: Registering search ingredient aliases took 553.8 ?s
[04May2026 01:10:22.511] [Render thread/INFO] [mezz.jei.library.load.PluginCaller/]: Registering categories...
[04May2026 01:10:22.542] [Render thread/WARN] [jeresources/]: Failed loading villager cartographer registered at cartographer
[04May2026 01:10:22.542] [Render thread/WARN] [jeresources/]: Exception caught when registering villager
java.lang.NullPointerException: Cannot invoke "net.minecraft.world.entity.Entity.m_9236_()" because "trader" is null
	at net.minecraft.world.entity.npc.VillagerTrades$TreasureMapForEmeralds.handler$kkg000$supplementaries$turnToQuill(VillagerTrades.java:551) ~[client-1.20.1-20230612.114412-srg.jar%231048!/:?]
	at net.minecraft.world.entity.npc.VillagerTrades$TreasureMapForEmeralds.m_213663_(VillagerTrades.java) ~[client-1.20.1-20230612.114412-srg.jar%231048!/:?]
	at jeresources.collection.TradeList.addMerchantRecipe(TradeList.java:58) ~[JustEnoughResources-1.20.1-1.4.0.247.jar%23823!/:1.4.0.247]
	at jeresources.collection.TradeList.addITradeList(TradeList.java:69) ~[JustEnoughResources-1.20.1-1.4.0.247.jar%23823!/:1.4.0.247]
	at jeresources.entry.AbstractVillagerEntry.addITradeLists(AbstractVillagerEntry.java:29) ~[JustEnoughResources-1.20.1-1.4.0.247.jar%23823!/:1.4.0.247]
	at jeresources.entry.AbstractVillagerEntry.<init>(AbstractVillagerEntry.java:22) ~[JustEnoughResources-1.20.1-1.4.0.247.jar%23823!/:1.4.0.247]
	at jeresources.entry.VillagerEntry.<init>(VillagerEntry.java:19) ~[JustEnoughResources-1.20.1-1.4.0.247.jar%23823!/:1.4.0.247]
	at jeresources.util.VillagersHelper.initRegistry(VillagersHelper.java:23) ~[JustEnoughResources-1.20.1-1.4.0.247.jar%23823!/:1.4.0.247]
	at jeresources.compatibility.Compatibility.init(Compatibility.java:33) ~[JustEnoughResources-1.20.1-1.4.0.247.jar%23823!/:1.4.0.247]
	at jeresources.proxy.CommonProxy.initCompatibility(CommonProxy.java:14) ~[JustEnoughResources-1.20.1-1.4.0.247.jar%23823!/:1.4.0.247]
	at jeresources.jei.JEIConfig.registerCategories(JEIConfig.java:98) ~[JustEnoughResources-1.20.1-1.4.0.247.jar%23823!/:1.4.0.247]
	at mezz.jei.library.load.PluginLoader.lambda$createRecipeCategories$5(PluginLoader.java:119) ~[jei-1.20.1-forge-15.20.0.129.jar%23816!/:15.20.0.129]
	at mezz.jei.library.load.PluginCaller.callOnPlugins(PluginCaller.java:25) ~[jei-1.20.1-forge-15.20.0.129.jar%23816!/:15.20.0.129]
	at mezz.jei.library.load.PluginLoader.createRecipeCategories(PluginLoader.java:119) ~[jei-1.20.1-forge-15.20.0.129.jar%23816!/:15.20.0.129]
	at mezz.jei.library.load.PluginLoader.createRecipeManager(PluginLoader.java:154) ~[jei-1.20.1-forge-15.20.0.129.jar%23816!/:15.20.0.129]
	at mezz.jei.library.startup.JeiStarter.start(JeiStarter.java:115) ~[jei-1.20.1-forge-15.20.0.129.jar%23816!/:15.20.0.129]
	at mezz.jei.forge.startup.StartEventObserver.transitionState(StartEventObserver.java:130) ~[jei-1.20.1-forge-15.20.0.129.jar%23816!/:15.20.0.129]
	at mezz.jei.forge.startup.StartEventObserver.onEvent(StartEventObserver.java:98) ~[jei-1.20.1-forge-15.20.0.129.jar%23816!/:15.20.0.129]
	at net.minecraftforge.eventbus.EventBus.doCastFilter(EventBus.java:260) ~[eventbus-6.0.5.jar%23137!/:?]
	at net.minecraftforge.eventbus.EventBus.lambda$addListener$11(EventBus.java:252) ~[eventbus-6.0.5.jar%23137!/:?]
	at net.minecraftforge.eventbus.EventBus.post(EventBus.java:315) ~[eventbus-6.0.5.jar%23137!/:?]
	at net.minecraftforge.eventbus.EventBus.post(EventBus.java:296) ~[eventbus-6.0.5.jar%23137!/:?]
	at net.minecraft.client.multiplayer.ClientPacketListener.m_5859_(ClientPacketListener.java:1451) ~[client-1.20.1-20230612.114412-srg.jar%231048!/:?]
	at net.minecraft.network.protocol.game.ClientboundUpdateTagsPacket.m_5797_(ClientboundUpdateTagsPacket.java:35) ~[client-1.20.1-20230612.114412-srg.jar%231048!/:?]
	at net.minecraft.network.protocol.game.ClientboundUpdateTagsPacket.m_5797_(ClientboundUpdateTagsPacket.java:11) ~[client-1.20.1-20230612.114412-srg.jar%231048!/:?]
	at net.minecraft.network.protocol.PacketUtils.m_263899_(PacketUtils.java:22) ~[client-1.20.1-20230612.114412-srg.jar%231048!/:?]
	at net.minecraft.util.thread.BlockableEventLoop.m_6367_(BlockableEventLoop.java:156) ~[client-1.20.1-20230612.114412-srg.jar%231048!/:?]
	at net.minecraft.util.thread.ReentrantBlockableEventLoop.m_6367_(ReentrantBlockableEventLoop.java:23) ~[client-1.20.1-20230612.114412-srg.jar%231048!/:?]
	at net.minecraft.util.thread.BlockableEventLoop.m_7245_(BlockableEventLoop.java:130) ~[client-1.20.1-20230612.114412-srg.jar%231048!/:?]
	at net.minecraft.util.thread.BlockableEventLoop.m_18699_(BlockableEventLoop.java:115) ~[client-1.20.1-20230612.114412-srg.jar%231048!/:?]
	at net.minecraft.client.Minecraft.m_91383_(Minecraft.java:1106) ~[client-1.20.1-20230612.114412-srg.jar%231048!/:?]
	at net.minecraft.client.Minecraft.m_91374_(Minecraft.java:718) ~[client-1.20.1-20230612.114412-srg.jar%231048!/:?]
	at net.minecraft.client.main.Main.main(Main.java:218) ~[minecraft-1.20.1-client.jar:?]
	at jdk.internal.reflect.NativeMethodAccessorImpl.invoke0(Native Method) ~[?:?]
	at jdk.internal.reflect.NativeMethodAccessorImpl.invoke(NativeMethodAccessorImpl.java:77) ~[?:?]
	at jdk.internal.reflect.DelegatingMethodAccessorImpl.invoke(DelegatingMethodAccessorImpl.java:43) ~[?:?]
	at java.lang.reflect.Method.invoke(Method.java:568) ~[?:?]
	at net.minecraftforge.fml.loading.targets.CommonLaunchHandler.runTarget(CommonLaunchHandler.java:111) ~[fmlloader-1.20.1-47.4.6.jar:?]
	at net.minecraftforge.fml.loading.targets.CommonLaunchHandler.clientService(CommonLaunchHandler.java:99) ~[fmlloader-1.20.1-47.4.6.jar:?]
	at net.minecraftforge.fml.loading.targets.CommonClientLaunchHandler.lambda$makeService$0(CommonClientLaunchHandler.java:25) ~[fmlloader-1.20.1-47.4.6.jar:?]
	at cpw.mods.modlauncher.LaunchServiceHandlerDecorator.launch(LaunchServiceHandlerDecorator.java:30) ~[modlauncher-10.0.9.jar:?]
	at cpw.mods.modlauncher.LaunchServiceHandler.launch(LaunchServiceHandler.java:53) ~[modlauncher-10.0.9.jar:?]
	at cpw.mods.modlauncher.LaunchServiceHandler.launch(LaunchServiceHandler.java:71) ~[modlauncher-10.0.9.jar:?]
	at cpw.mods.modlauncher.Launcher.run(Launcher.java:108) ~[modlauncher-10.0.9.jar:?]
	at cpw.mods.modlauncher.Launcher.main(Launcher.java:78) ~[modlauncher-10.0.9.jar:?]
	at cpw.mods.modlauncher.BootstrapLaunchConsumer.accept(BootstrapLaunchConsumer.java:26) ~[modlauncher-10.0.9.jar:?]
	at cpw.mods.modlauncher.BootstrapLaunchConsumer.accept(BootstrapLaunchConsumer.java:23) ~[modlauncher-10.0.9.jar:?]
	at cpw.mods.bootstraplauncher.BootstrapLauncher.main(BootstrapLauncher.java:141) ~[bootstraplauncher-1.1.2.jar:?]
	at jdk.internal.reflect.NativeMethodAccessorImpl.invoke0(Native Method) ~[?:?]
	at jdk.internal.reflect.NativeMethodAccessorImpl.invoke(NativeMethodAccessorImpl.java:77) ~[?:?]
	at jdk.internal.reflect.DelegatingMethodAccessorImpl.invoke(DelegatingMethodAccessorImpl.java:43) ~[?:?]
	at java.lang.reflect.Method.invoke(Method.java:568) ~[?:?]
	at io.github.zekerzhayard.forgewrapper.installer.Main.main(Main.java:67) ~[?:?]
	at org.prismlauncher.launcher.impl.StandardLauncher.launch(StandardLauncher.java:115) ~[?:?]
	at org.prismlauncher.EntryPoint.listen(EntryPoint.java:129) ~[?:?]
	at org.prismlauncher.EntryPoint.main(EntryPoint.java:70) ~[?:?]
[04May2026 01:10:22.697] [Render thread/WARN] [jeresources/]: Failed loading villager stargazer registered at stargazer
[04May2026 01:10:22.697] [Render thread/WARN] [jeresources/]: Exception caught when registering villager
java.lang.NullPointerException: Cannot invoke "net.minecraft.world.entity.Entity.m_9236_()" because "trader" is null
	at com.legacy.blue_skies.entities.villager.SkiesVillagerTrades$EmeraldForMapTrade.m_213663_(SkiesVillagerTrades.java:417) ~[blue_skies-1.20.1-1.3.31.jar%23667!/:1.3.31]
	at jeresources.collection.TradeList.addMerchantRecipe(TradeList.java:58) ~[JustEnoughResources-1.20.1-1.4.0.247.jar%23823!/:1.4.0.247]
	at jeresources.collection.TradeList.addITradeList(TradeList.java:69) ~[JustEnoughResources-1.20.1-1.4.0.247.jar%23823!/:1.4.0.247]
	at jeresources.entry.AbstractVillagerEntry.addITradeLists(AbstractVillagerEntry.java:29) ~[JustEnoughResources-1.20.1-1.4.0.247.jar%23823!/:1.4.0.247]
	at jeresources.entry.AbstractVillagerEntry.<init>(AbstractVillagerEntry.java:22) ~[JustEnoughResources-1.20.1-1.4.0.247.jar%23823!/:1.4.0.247]
	at jeresources.entry.VillagerEntry.<init>(VillagerEntry.java:19) ~[JustEnoughResources-1.20.1-1.4.0.247.jar%23823!/:1.4.0.247]
	at jeresources.util.VillagersHelper.initRegistry(VillagersHelper.java:23) ~[JustEnoughResources-1.20.1-1.4.0.247.jar%23823!/:1.4.0.247]
	at jeresources.compatibility.Compatibility.init(Compatibility.java:33) ~[JustEnoughResources-1.20.1-1.4.0.247.jar%23823!/:1.4.0.247]
	at jeresources.proxy.CommonProxy.initCompatibility(CommonProxy.java:14) ~[JustEnoughResources-1.20.1-1.4.0.247.jar%23823!/:1.4.0.247]
	at jeresources.jei.JEIConfig.registerCategories(JEIConfig.java:98) ~[JustEnoughResources-1.20.1-1.4.0.247.jar%23823!/:1.4.0.247]
	at mezz.jei.library.load.PluginLoader.lambda$createRecipeCategories$5(PluginLoader.java:119) ~[jei-1.20.1-forge-15.20.0.129.jar%23816!/:15.20.0.129]
	at mezz.jei.library.load.PluginCaller.callOnPlugins(PluginCaller.java:25) ~[jei-1.20.1-forge-15.20.0.129.jar%23816!/:15.20.0.129]
	at mezz.jei.library.load.PluginLoader.createRecipeCategories(PluginLoader.java:119) ~[jei-1.20.1-forge-15.20.0.129.jar%23816!/:15.20.0.129]
	at mezz.jei.library.load.PluginLoader.createRecipeManager(PluginLoader.java:154) ~[jei-1.20.1-forge-15.20.0.129.jar%23816!/:15.20.0.129]
	at mezz.jei.library.startup.JeiStarter.start(JeiStarter.java:115) ~[jei-1.20.1-forge-15.20.0.129.jar%23816!/:15.20.0.129]
	at mezz.jei.forge.startup.StartEventObserver.transitionState(StartEventObserver.java:130) ~[jei-1.20.1-forge-15.20.0.129.jar%23816!/:15.20.0.129]
	at mezz.jei.forge.startup.StartEventObserver.onEvent(StartEventObserver.java:98) ~[jei-1.20.1-forge-15.20.0.129.jar%23816!/:15.20.0.129]
	at net.minecraftforge.eventbus.EventBus.doCastFilter(EventBus.java:260) ~[eventbus-6.0.5.jar%23137!/:?]
	at net.minecraftforge.eventbus.EventBus.lambda$addListener$11(EventBus.java:252) ~[eventbus-6.0.5.jar%23137!/:?]
	at net.minecraftforge.eventbus.EventBus.post(EventBus.java:315) ~[eventbus-6.0.5.jar%23137!/:?]
	at net.minecraftforge.eventbus.EventBus.post(EventBus.java:296) ~[eventbus-6.0.5.jar%23137!/:?]
	at net.minecraft.client.multiplayer.ClientPacketListener.m_5859_(ClientPacketListener.java:1451) ~[client-1.20.1-20230612.114412-srg.jar%231048!/:?]
	at net.minecraft.network.protocol.game.ClientboundUpdateTagsPacket.m_5797_(ClientboundUpdateTagsPacket.java:35) ~[client-1.20.1-20230612.114412-srg.jar%231048!/:?]
	at net.minecraft.network.protocol.game.ClientboundUpdateTagsPacket.m_5797_(ClientboundUpdateTagsPacket.java:11) ~[client-1.20.1-20230612.114412-srg.jar%231048!/:?]
	at net.minecraft.network.protocol.PacketUtils.m_263899_(PacketUtils.java:22) ~[client-1.20.1-20230612.114412-srg.jar%231048!/:?]
	at net.minecraft.util.thread.BlockableEventLoop.m_6367_(BlockableEventLoop.java:156) ~[client-1.20.1-20230612.114412-srg.jar%231048!/:?]
	at net.minecraft.util.thread.ReentrantBlockableEventLoop.m_6367_(ReentrantBlockableEventLoop.java:23) ~[client-1.20.1-20230612.114412-srg.jar%231048!/:?]
	at net.minecraft.util.thread.BlockableEventLoop.m_7245_(BlockableEventLoop.java:130) ~[client-1.20.1-20230612.114412-srg.jar%231048!/:?]
	at net.minecraft.util.thread.BlockableEventLoop.m_18699_(BlockableEventLoop.java:115) ~[client-1.20.1-20230612.114412-srg.jar%231048!/:?]
	at net.minecraft.client.Minecraft.m_91383_(Minecraft.java:1106) ~[client-1.20.1-20230612.114412-srg.jar%231048!/:?]
	at net.minecraft.client.Minecraft.m_91374_(Minecraft.java:718) ~[client-1.20.1-20230612.114412-srg.jar%231048!/:?]
	at net.minecraft.client.main.Main.main(Main.java:218) ~[minecraft-1.20.1-client.jar:?]
	at jdk.internal.reflect.NativeMethodAccessorImpl.invoke0(Native Method) ~[?:?]
	at jdk.internal.reflect.NativeMethodAccessorImpl.invoke(NativeMethodAccessorImpl.java:77) ~[?:?]
	at jdk.internal.reflect.DelegatingMethodAccessorImpl.invoke(DelegatingMethodAccessorImpl.java:43) ~[?:?]
	at java.lang.reflect.Method.invoke(Method.java:568) ~[?:?]
	at net.minecraftforge.fml.loading.targets.CommonLaunchHandler.runTarget(CommonLaunchHandler.java:111) ~[fmlloader-1.20.1-47.4.6.jar:?]
	at net.minecraftforge.fml.loading.targets.CommonLaunchHandler.clientService(CommonLaunchHandler.java:99) ~[fmlloader-1.20.1-47.4.6.jar:?]
	at net.minecraftforge.fml.loading.targets.CommonClientLaunchHandler.lambda$makeService$0(CommonClientLaunchHandler.java:25) ~[fmlloader-1.20.1-47.4.6.jar:?]
	at cpw.mods.modlauncher.LaunchServiceHandlerDecorator.launch(LaunchServiceHandlerDecorator.java:30) ~[modlauncher-10.0.9.jar:?]
	at cpw.mods.modlauncher.LaunchServiceHandler.launch(LaunchServiceHandler.java:53) ~[modlauncher-10.0.9.jar:?]
	at cpw.mods.modlauncher.LaunchServiceHandler.launch(LaunchServiceHandler.java:71) ~[modlauncher-10.0.9.jar:?]
	at cpw.mods.modlauncher.Launcher.run(Launcher.java:108) ~[modlauncher-10.0.9.jar:?]
	at cpw.mods.modlauncher.Launcher.main(Launcher.java:78) ~[modlauncher-10.0.9.jar:?]
	at cpw.mods.modlauncher.BootstrapLaunchConsumer.accept(BootstrapLaunchConsumer.java:26) ~[modlauncher-10.0.9.jar:?]
	at cpw.mods.modlauncher.BootstrapLaunchConsumer.accept(BootstrapLaunchConsumer.java:23) ~[modlauncher-10.0.9.jar:?]
	at cpw.mods.bootstraplauncher.BootstrapLauncher.main(BootstrapLauncher.java:141) ~[bootstraplauncher-1.1.2.jar:?]
	at jdk.internal.reflect.NativeMethodAccessorImpl.invoke0(Native Method) ~[?:?]
	at jdk.internal.reflect.NativeMethodAccessorImpl.invoke(NativeMethodAccessorImpl.java:77) ~[?:?]
	at jdk.internal.reflect.DelegatingMethodAccessorImpl.invoke(DelegatingMethodAccessorImpl.java:43) ~[?:?]
	at java.lang.reflect.Method.invoke(Method.java:568) ~[?:?]
	at io.github.zekerzhayard.forgewrapper.installer.Main.main(Main.java:67) ~[?:?]
	at org.prismlauncher.launcher.impl.StandardLauncher.launch(StandardLauncher.java:115) ~[?:?]
	at org.prismlauncher.EntryPoint.listen(EntryPoint.java:129) ~[?:?]
	at org.prismlauncher.EntryPoint.main(EntryPoint.java:70) ~[?:?]
[04May2026 01:10:22.704] [Render thread/WARN] [jeresources/]: Failed loading villager shoveler registered at shoveler
[04May2026 01:10:22.704] [Render thread/WARN] [jeresources/]: Exception caught when registering villager
java.lang.NullPointerException: Cannot invoke "net.minecraft.world.entity.Entity.m_9236_()" because "trader" is null
	at com.legacy.blue_skies.entities.villager.SkiesVillagerTrades$ToolWithFalsiteTrade.m_213663_(SkiesVillagerTrades.java:528) ~[blue_skies-1.20.1-1.3.31.jar%23667!/:1.3.31]
	at jeresources.collection.TradeList.addMerchantRecipe(TradeList.java:58) ~[JustEnoughResources-1.20.1-1.4.0.247.jar%23823!/:1.4.0.247]
	at jeresources.collection.TradeList.addITradeList(TradeList.java:69) ~[JustEnoughResources-1.20.1-1.4.0.247.jar%23823!/:1.4.0.247]
	at jeresources.entry.AbstractVillagerEntry.addITradeLists(AbstractVillagerEntry.java:29) ~[JustEnoughResources-1.20.1-1.4.0.247.jar%23823!/:1.4.0.247]
	at jeresources.entry.AbstractVillagerEntry.<init>(AbstractVillagerEntry.java:22) ~[JustEnoughResources-1.20.1-1.4.0.247.jar%23823!/:1.4.0.247]
	at jeresources.entry.VillagerEntry.<init>(VillagerEntry.java:19) ~[JustEnoughResources-1.20.1-1.4.0.247.jar%23823!/:1.4.0.247]
	at jeresources.util.VillagersHelper.initRegistry(VillagersHelper.java:23) ~[JustEnoughResources-1.20.1-1.4.0.247.jar%23823!/:1.4.0.247]
	at jeresources.compatibility.Compatibility.init(Compatibility.java:33) ~[JustEnoughResources-1.20.1-1.4.0.247.jar%23823!/:1.4.0.247]
	at jeresources.proxy.CommonProxy.initCompatibility(CommonProxy.java:14) ~[JustEnoughResources-1.20.1-1.4.0.247.jar%23823!/:1.4.0.247]
	at jeresources.jei.JEIConfig.registerCategories(JEIConfig.java:98) ~[JustEnoughResources-1.20.1-1.4.0.247.jar%23823!/:1.4.0.247]
	at mezz.jei.library.load.PluginLoader.lambda$createRecipeCategories$5(PluginLoader.java:119) ~[jei-1.20.1-forge-15.20.0.129.jar%23816!/:15.20.0.129]
	at mezz.jei.library.load.PluginCaller.callOnPlugins(PluginCaller.java:25) ~[jei-1.20.1-forge-15.20.0.129.jar%23816!/:15.20.0.129]
	at mezz.jei.library.load.PluginLoader.createRecipeCategories(PluginLoader.java:119) ~[jei-1.20.1-forge-15.20.0.129.jar%23816!/:15.20.0.129]
	at mezz.jei.library.load.PluginLoader.createRecipeManager(PluginLoader.java:154) ~[jei-1.20.1-forge-15.20.0.129.jar%23816!/:15.20.0.129]
	at mezz.jei.library.startup.JeiStarter.start(JeiStarter.java:115) ~[jei-1.20.1-forge-15.20.0.129.jar%23816!/:15.20.0.129]
	at mezz.jei.forge.startup.StartEventObserver.transitionState(StartEventObserver.java:130) ~[jei-1.20.1-forge-15.20.0.129.jar%23816!/:15.20.0.129]
	at mezz.jei.forge.startup.StartEventObserver.onEvent(StartEventObserver.java:98) ~[jei-1.20.1-forge-15.20.0.129.jar%23816!/:15.20.0.129]
	at net.minecraftforge.eventbus.EventBus.doCastFilter(EventBus.java:260) ~[eventbus-6.0.5.jar%23137!/:?]
	at net.minecraftforge.eventbus.EventBus.lambda$addListener$11(EventBus.java:252) ~[eventbus-6.0.5.jar%23137!/:?]
	at net.minecraftforge.eventbus.EventBus.post(EventBus.java:315) ~[eventbus-6.0.5.jar%23137!/:?]
	at net.minecraftforge.eventbus.EventBus.post(EventBus.java:296) ~[eventbus-6.0.5.jar%23137!/:?]
	at net.minecraft.client.multiplayer.ClientPacketListener.m_5859_(ClientPacketListener.java:1451) ~[client-1.20.1-20230612.114412-srg.jar%231048!/:?]
	at net.minecraft.network.protocol.game.ClientboundUpdateTagsPacket.m_5797_(ClientboundUpdateTagsPacket.java:35) ~[client-1.20.1-20230612.114412-srg.jar%231048!/:?]
	at net.minecraft.network.protocol.game.ClientboundUpdateTagsPacket.m_5797_(ClientboundUpdateTagsPacket.java:11) ~[client-1.20.1-20230612.114412-srg.jar%231048!/:?]
	at net.minecraft.network.protocol.PacketUtils.m_263899_(PacketUtils.java:22) ~[client-1.20.1-20230612.114412-srg.jar%231048!/:?]
	at net.minecraft.util.thread.BlockableEventLoop.m_6367_(BlockableEventLoop.java:156) ~[client-1.20.1-20230612.114412-srg.jar%231048!/:?]
	at net.minecraft.util.thread.ReentrantBlockableEventLoop.m_6367_(ReentrantBlockableEventLoop.java:23) ~[client-1.20.1-20230612.114412-srg.jar%231048!/:?]
	at net.minecraft.util.thread.BlockableEventLoop.m_7245_(BlockableEventLoop.java:130) ~[client-1.20.1-20230612.114412-srg.jar%231048!/:?]
	at net.minecraft.util.thread.BlockableEventLoop.m_18699_(BlockableEventLoop.java:115) ~[client-1.20.1-20230612.114412-srg.jar%231048!/:?]
	at net.minecraft.client.Minecraft.m_91383_(Minecraft.java:1106) ~[client-1.20.1-20230612.114412-srg.jar%231048!/:?]
	at net.minecraft.client.Minecraft.m_91374_(Minecraft.java:718) ~[client-1.20.1-20230612.114412-srg.jar%231048!/:?]
	at net.minecraft.client.main.Main.main(Main.java:218) ~[minecraft-1.20.1-client.jar:?]
	at jdk.internal.reflect.NativeMethodAccessorImpl.invoke0(Native Method) ~[?:?]
	at jdk.internal.reflect.NativeMethodAccessorImpl.invoke(NativeMethodAccessorImpl.java:77) ~[?:?]
	at jdk.internal.reflect.DelegatingMethodAccessorImpl.invoke(DelegatingMethodAccessorImpl.java:43) ~[?:?]
	at java.lang.reflect.Method.invoke(Method.java:568) ~[?:?]
	at net.minecraftforge.fml.loading.targets.CommonLaunchHandler.runTarget(CommonLaunchHandler.java:111) ~[fmlloader-1.20.1-47.4.6.jar:?]
	at net.minecraftforge.fml.loading.targets.CommonLaunchHandler.clientService(CommonLaunchHandler.java:99) ~[fmlloader-1.20.1-47.4.6.jar:?]
	at net.minecraftforge.fml.loading.targets.CommonClientLaunchHandler.lambda$makeService$0(CommonClientLaunchHandler.java:25) ~[fmlloader-1.20.1-47.4.6.jar:?]
	at cpw.mods.modlauncher.LaunchServiceHandlerDecorator.launch(LaunchServiceHandlerDecorator.java:30) ~[modlauncher-10.0.9.jar:?]
	at cpw.mods.modlauncher.LaunchServiceHandler.launch(LaunchServiceHandler.java:53) ~[modlauncher-10.0.9.jar:?]
	at cpw.mods.modlauncher.LaunchServiceHandler.launch(LaunchServiceHandler.java:71) ~[modlauncher-10.0.9.jar:?]
	at cpw.mods.modlauncher.Launcher.run(Launcher.java:108) ~[modlauncher-10.0.9.jar:?]
	at cpw.mods.modlauncher.Launcher.main(Launcher.java:78) ~[modlauncher-10.0.9.jar:?]
	at cpw.mods.modlauncher.BootstrapLaunchConsumer.accept(BootstrapLaunchConsumer.java:26) ~[modlauncher-10.0.9.jar:?]
	at cpw.mods.modlauncher.BootstrapLaunchConsumer.accept(BootstrapLaunchConsumer.java:23) ~[modlauncher-10.0.9.jar:?]
	at cpw.mods.bootstraplauncher.BootstrapLauncher.main(BootstrapLauncher.java:141) ~[bootstraplauncher-1.1.2.jar:?]
	at jdk.internal.reflect.NativeMethodAccessorImpl.invoke0(Native Method) ~[?:?]
	at jdk.internal.reflect.NativeMethodAccessorImpl.invoke(NativeMethodAccessorImpl.java:77) ~[?:?]
	at jdk.internal.reflect.DelegatingMethodAccessorImpl.invoke(DelegatingMethodAccessorImpl.java:43) ~[?:?]
	at java.lang.reflect.Method.invoke(Method.java:568) ~[?:?]
	at io.github.zekerzhayard.forgewrapper.installer.Main.main(Main.java:67) ~[?:?]
	at org.prismlauncher.launcher.impl.StandardLauncher.launch(StandardLauncher.java:115) ~[?:?]
	at org.prismlauncher.EntryPoint.listen(EntryPoint.java:129) ~[?:?]
	at org.prismlauncher.EntryPoint.main(EntryPoint.java:70) ~[?:?]
[04May2026 01:10:22.772] [Render thread/INFO] [mezz.jei.library.load.PluginCallerTimerRunnable/]: Registering categories: minecraft:jeresources took 258.7 milliseconds
[04May2026 01:10:22.776] [Render thread/INFO] [mezz.jei.library.load.PluginCaller/]: Registering categories took 265.1 ms
[04May2026 01:10:22.776] [Render thread/INFO] [mezz.jei.library.load.PluginCaller/]: Registering vanilla category extensions...
[04May2026 01:10:22.777] [Render thread/INFO] [mezz.jei.library.load.PluginCaller/]: Registering vanilla category extensions took 729.5 ?s
[04May2026 01:10:22.777] [Render thread/INFO] [mezz.jei.library.load.PluginCaller/]: Registering recipe catalysts...
[04May2026 01:10:22.779] [Render thread/INFO] [mezz.jei.library.load.PluginCaller/]: Registering recipe catalysts took 1.542 ms
[04May2026 01:10:22.779] [Render thread/INFO] [mezz.jei.core.util.LoggedTimer/]: Building recipe registry...
[04May2026 01:10:22.784] [Render thread/INFO] [mezz.jei.core.util.LoggedTimer/]: Building recipe registry took 5.585 ms
[04May2026 01:10:22.785] [Render thread/INFO] [mezz.jei.library.load.PluginCaller/]: Registering advanced plugins...
[04May2026 01:10:22.785] [Render thread/INFO] [mezz.jei.library.load.registration.AdvancedRegistration/]: Added recipe manager plugin: class io.redspace.ironsspellbooks.jei.AlchemistCauldronAdvancedHandler
[04May2026 01:10:22.785] [Render thread/INFO] [mezz.jei.library.load.registration.AdvancedRegistration/]: Added recipe manager plugin: class cofh.thermal.expansion.compat.jei.plugins.PotionFluidRecipeManagerPlugin
[04May2026 01:10:22.785] [Render thread/INFO] [mezz.jei.library.load.PluginCaller/]: Registering advanced plugins took 433.7 ?s
[04May2026 01:10:22.785] [Render thread/INFO] [mezz.jei.library.load.PluginCaller/]: Registering recipes...
[04May2026 01:10:25.317] [Render thread/ERROR] [mezz.jei.library.util.IngredientSupplierHelper/]: Found a broken recipe, failed to setRecipe with RecipeLayoutBuilder: Apotheosis apotheosis:socketing class dev.shadowsoffire.apotheosis.adventure.socket.SocketingRecipe

java.lang.IndexOutOfBoundsException: Index 0 out of bounds for length 0
	at jdk.internal.util.Preconditions.outOfBounds(Preconditions.java:64) ~[?:?]
	at jdk.internal.util.Preconditions.outOfBoundsCheckIndex(Preconditions.java:70) ~[?:?]
	at jdk.internal.util.Preconditions.checkIndex(Preconditions.java:266) ~[?:?]
	at java.util.Objects.checkIndex(Objects.java:361) ~[?:?]
	at java.util.ArrayList.set(ArrayList.java:441) ~[?:?]
	at dev.shadowsoffire.apotheosis.adventure.socket.SocketingRecipe.m_5874_(SocketingRecipe.java:63) ~[Apotheosis-1.20.1-7.4.8.jar%23632!/:7.4.8]
	at mezz.jei.library.util.RecipeUtil.assembleResultItem(RecipeUtil.java:28) ~[jei-1.20.1-forge-15.20.0.129.jar%23816!/:15.20.0.129]
	at mezz.jei.library.plugins.vanilla.anvil.SmithingCategoryExtension.setOutput(SmithingCategoryExtension.java:65) ~[jei-1.20.1-forge-15.20.0.129.jar%23816!/:15.20.0.129]
	at mezz.jei.library.plugins.vanilla.anvil.SmithingRecipeCategory.setRecipe(SmithingRecipeCategory.java:59) ~[jei-1.20.1-forge-15.20.0.129.jar%23816!/:15.20.0.129]
	at mezz.jei.library.plugins.vanilla.anvil.SmithingRecipeCategory.setRecipe(SmithingRecipeCategory.java:24) ~[jei-1.20.1-forge-15.20.0.129.jar%23816!/:15.20.0.129]
	at mezz.jei.library.util.IngredientSupplierHelper.getIngredientSupplier(IngredientSupplierHelper.java:22) ~[jei-1.20.1-forge-15.20.0.129.jar%23816!/:15.20.0.129]
	at mezz.jei.library.recipes.RecipeManagerInternal.addRecipe(RecipeManagerInternal.java:148) ~[jei-1.20.1-forge-15.20.0.129.jar%23816!/:15.20.0.129]
	at mezz.jei.library.recipes.RecipeManagerInternal.addRecipes(RecipeManagerInternal.java:121) ~[jei-1.20.1-forge-15.20.0.129.jar%23816!/:15.20.0.129]
	at mezz.jei.library.load.registration.RecipeRegistration.addRecipes(RecipeRegistration.java:52) ~[jei-1.20.1-forge-15.20.0.129.jar%23816!/:15.20.0.129]
	at mezz.jei.library.plugins.vanilla.VanillaPlugin.registerRecipes(VanillaPlugin.java:252) ~[jei-1.20.1-forge-15.20.0.129.jar%23816!/:15.20.0.129]
	at mezz.jei.library.load.PluginLoader.lambda$createRecipeManager$13(PluginLoader.java:182) ~[jei-1.20.1-forge-15.20.0.129.jar%23816!/:15.20.0.129]
	at mezz.jei.library.load.PluginCaller.callOnPlugins(PluginCaller.java:25) ~[jei-1.20.1-forge-15.20.0.129.jar%23816!/:15.20.0.129]
	at mezz.jei.library.load.PluginLoader.createRecipeManager(PluginLoader.java:182) ~[jei-1.20.1-forge-15.20.0.129.jar%23816!/:15.20.0.129]
	at mezz.jei.library.startup.JeiStarter.start(JeiStarter.java:115) ~[jei-1.20.1-forge-15.20.0.129.jar%23816!/:15.20.0.129]
	at mezz.jei.forge.startup.StartEventObserver.transitionState(StartEventObserver.java:130) ~[jei-1.20.1-forge-15.20.0.129.jar%23816!/:15.20.0.129]
	at mezz.jei.forge.startup.StartEventObserver.onEvent(StartEventObserver.java:98) ~[jei-1.20.1-forge-15.20.0.129.jar%23816!/:15.20.0.129]
	at net.minecraftforge.eventbus.EventBus.doCastFilter(EventBus.java:260) ~[eventbus-6.0.5.jar%23137!/:?]
	at net.minecraftforge.eventbus.EventBus.lambda$addListener$11(EventBus.java:252) ~[eventbus-6.0.5.jar%23137!/:?]
	at net.minecraftforge.eventbus.EventBus.post(EventBus.java:315) ~[eventbus-6.0.5.jar%23137!/:?]
	at net.minecraftforge.eventbus.EventBus.post(EventBus.java:296) ~[eventbus-6.0.5.jar%23137!/:?]
	at net.minecraft.client.multiplayer.ClientPacketListener.m_5859_(ClientPacketListener.java:1451) ~[client-1.20.1-20230612.114412-srg.jar%231048!/:?]
	at net.minecraft.network.protocol.game.ClientboundUpdateTagsPacket.m_5797_(ClientboundUpdateTagsPacket.java:35) ~[client-1.20.1-20230612.114412-srg.jar%231048!/:?]
	at net.minecraft.network.protocol.game.ClientboundUpdateTagsPacket.m_5797_(ClientboundUpdateTagsPacket.java:11) ~[client-1.20.1-20230612.114412-srg.jar%231048!/:?]
	at net.minecraft.network.protocol.PacketUtils.m_263899_(PacketUtils.java:22) ~[client-1.20.1-20230612.114412-srg.jar%231048!/:?]
	at net.minecraft.util.thread.BlockableEventLoop.m_6367_(BlockableEventLoop.java:156) ~[client-1.20.1-20230612.114412-srg.jar%231048!/:?]
	at net.minecraft.util.thread.ReentrantBlockableEventLoop.m_6367_(ReentrantBlockableEventLoop.java:23) ~[client-1.20.1-20230612.114412-srg.jar%231048!/:?]
	at net.minecraft.util.thread.BlockableEventLoop.m_7245_(BlockableEventLoop.java:130) ~[client-1.20.1-20230612.114412-srg.jar%231048!/:?]
	at net.minecraft.util.thread.BlockableEventLoop.m_18699_(BlockableEventLoop.java:115) ~[client-1.20.1-20230612.114412-srg.jar%231048!/:?]
	at net.minecraft.client.Minecraft.m_91383_(Minecraft.java:1106) ~[client-1.20.1-20230612.114412-srg.jar%231048!/:?]
	at net.minecraft.client.Minecraft.m_91374_(Minecraft.java:718) ~[client-1.20.1-20230612.114412-srg.jar%231048!/:?]
	at net.minecraft.client.main.Main.main(Main.java:218) ~[minecraft-1.20.1-client.jar:?]
	at jdk.internal.reflect.NativeMethodAccessorImpl.invoke0(Native Method) ~[?:?]
	at jdk.internal.reflect.NativeMethodAccessorImpl.invoke(NativeMethodAccessorImpl.java:77) ~[?:?]
	at jdk.internal.reflect.DelegatingMethodAccessorImpl.invoke(DelegatingMethodAccessorImpl.java:43) ~[?:?]
	at java.lang.reflect.Method.invoke(Method.java:568) ~[?:?]
	at net.minecraftforge.fml.loading.targets.CommonLaunchHandler.runTarget(CommonLaunchHandler.java:111) ~[fmlloader-1.20.1-47.4.6.jar:?]
	at net.minecraftforge.fml.loading.targets.CommonLaunchHandler.clientService(CommonLaunchHandler.java:99) ~[fmlloader-1.20.1-47.4.6.jar:?]
	at net.minecraftforge.fml.loading.targets.CommonClientLaunchHandler.lambda$makeService$0(CommonClientLaunchHandler.java:25) ~[fmlloader-1.20.1-47.4.6.jar:?]
	at cpw.mods.modlauncher.LaunchServiceHandlerDecorator.launch(LaunchServiceHandlerDecorator.java:30) ~[modlauncher-10.0.9.jar:?]
	at cpw.mods.modlauncher.LaunchServiceHandler.launch(LaunchServiceHandler.java:53) ~[modlauncher-10.0.9.jar:?]
	at cpw.mods.modlauncher.LaunchServiceHandler.launch(LaunchServiceHandler.java:71) ~[modlauncher-10.0.9.jar:?]
	at cpw.mods.modlauncher.Launcher.run(Launcher.java:108) ~[modlauncher-10.0.9.jar:?]
	at cpw.mods.modlauncher.Launcher.main(Launcher.java:78) ~[modlauncher-10.0.9.jar:?]
	at cpw.mods.modlauncher.BootstrapLaunchConsumer.accept(BootstrapLaunchConsumer.java:26) ~[modlauncher-10.0.9.jar:?]
	at cpw.mods.modlauncher.BootstrapLaunchConsumer.accept(BootstrapLaunchConsumer.java:23) ~[modlauncher-10.0.9.jar:?]
	at cpw.mods.bootstraplauncher.BootstrapLauncher.main(BootstrapLauncher.java:141) ~[bootstraplauncher-1.1.2.jar:?]
	at jdk.internal.reflect.NativeMethodAccessorImpl.invoke0(Native Method) ~[?:?]
	at jdk.internal.reflect.NativeMethodAccessorImpl.invoke(NativeMethodAccessorImpl.java:77) ~[?:?]
	at jdk.internal.reflect.DelegatingMethodAccessorImpl.invoke(DelegatingMethodAccessorImpl.java:43) ~[?:?]
	at java.lang.reflect.Method.invoke(Method.java:568) ~[?:?]
	at io.github.zekerzhayard.forgewrapper.installer.Main.main(Main.java:67) ~[?:?]
	at org.prismlauncher.launcher.impl.StandardLauncher.launch(StandardLauncher.java:115) ~[?:?]
	at org.prismlauncher.EntryPoint.listen(EntryPoint.java:129) ~[?:?]
	at org.prismlauncher.EntryPoint.main(EntryPoint.java:70) ~[?:?]
[04May2026 01:10:25.772] [Render thread/INFO] [mezz.jei.library.load.PluginCallerTimerRunnable/]: Registering recipes: jei:minecraft took 2.987 seconds
[04May2026 01:10:25.933] [Render thread/INFO] [fastsuite/]: Constructed recipe list for minecraft:crafting in 5.843 ms. 15842/16406 recipes are parallelized.
[04May2026 01:10:26.165] [Render thread/INFO] [mezz.jei.library.load.PluginCallerTimerRunnable/]: Registering recipes: industrialforegoing:default took 366.3 milliseconds
[04May2026 01:10:26.361] [Render thread/INFO] [mezz.jei.library.load.PluginCallerTimerRunnable/]: Registering recipes: minecraft:domum_ornamentum took 184.7 milliseconds
[04May2026 01:10:26.587] [Render thread/INFO] [mezz.jei.library.load.PluginCallerTimerRunnable/]: Registering recipes: chipped:chipped took 212.6 milliseconds
[04May2026 01:10:26.602] [Render thread/INFO] [mezz.jei.library.load.PluginCallerTimerRunnable/]: Registering recipes: valhelsia_structures:main took 15.53 milliseconds
[04May2026 01:10:28.557] [Render thread/INFO] [mezz.jei.library.load.PluginCallerTimerRunnable/]: Registering recipes: irons_spellbooks:jei_plugin took 1.954 seconds
[04May2026 01:10:28.866] [Render thread/ERROR] [mezz.jei.library.util.IngredientSupplierHelper/]: Found a broken recipe, failed to setRecipe with RecipeLayoutBuilder: jeresources.jei.villager.VillagerWrapper@45baaa40

java.util.NoSuchElementException: No value present
	at java.util.Optional.get(Optional.java:143) ~[?:?]
	at jeresources.util.VillagersHelper.getPoiBlocks(VillagersHelper.java:56) ~[JustEnoughResources-1.20.1-1.4.0.247.jar%23823!/:1.4.0.247]
	at jeresources.entry.VillagerEntry.hasPois(VillagerEntry.java:59) ~[JustEnoughResources-1.20.1-1.4.0.247.jar%23823!/:1.4.0.247]
	at jeresources.jei.villager.VillagerWrapper.hasPois(VillagerWrapper.java:47) ~[JustEnoughResources-1.20.1-1.4.0.247.jar%23823!/:1.4.0.247]
	at jeresources.jei.villager.VillagerCategory.setRecipe(VillagerCategory.java:47) ~[JustEnoughResources-1.20.1-1.4.0.247.jar%23823!/:1.4.0.247]
	at jeresources.jei.villager.VillagerCategory.setRecipe(VillagerCategory.java:20) ~[JustEnoughResources-1.20.1-1.4.0.247.jar%23823!/:1.4.0.247]
	at mezz.jei.library.util.IngredientSupplierHelper.getIngredientSupplier(IngredientSupplierHelper.java:22) ~[jei-1.20.1-forge-15.20.0.129.jar%23816!/:15.20.0.129]
	at mezz.jei.library.recipes.RecipeManagerInternal.addRecipe(RecipeManagerInternal.java:148) ~[jei-1.20.1-forge-15.20.0.129.jar%23816!/:15.20.0.129]
	at mezz.jei.library.recipes.RecipeManagerInternal.addRecipes(RecipeManagerInternal.java:121) ~[jei-1.20.1-forge-15.20.0.129.jar%23816!/:15.20.0.129]
	at mezz.jei.library.load.registration.RecipeRegistration.addRecipes(RecipeRegistration.java:52) ~[jei-1.20.1-forge-15.20.0.129.jar%23816!/:15.20.0.129]
	at jeresources.jei.JEIConfig.registerRecipes(JEIConfig.java:77) ~[JustEnoughResources-1.20.1-1.4.0.247.jar%23823!/:1.4.0.247]
	at mezz.jei.library.load.PluginLoader.lambda$createRecipeManager$13(PluginLoader.java:182) ~[jei-1.20.1-forge-15.20.0.129.jar%23816!/:15.20.0.129]
	at mezz.jei.library.load.PluginCaller.callOnPlugins(PluginCaller.java:25) ~[jei-1.20.1-forge-15.20.0.129.jar%23816!/:15.20.0.129]
	at mezz.jei.library.load.PluginLoader.createRecipeManager(PluginLoader.java:182) ~[jei-1.20.1-forge-15.20.0.129.jar%23816!/:15.20.0.129]
	at mezz.jei.library.startup.JeiStarter.start(JeiStarter.java:115) ~[jei-1.20.1-forge-15.20.0.129.jar%23816!/:15.20.0.129]
	at mezz.jei.forge.startup.StartEventObserver.transitionState(StartEventObserver.java:130) ~[jei-1.20.1-forge-15.20.0.129.jar%23816!/:15.20.0.129]
	at mezz.jei.forge.startup.StartEventObserver.onEvent(StartEventObserver.java:98) ~[jei-1.20.1-forge-15.20.0.129.jar%23816!/:15.20.0.129]
	at net.minecraftforge.eventbus.EventBus.doCastFilter(EventBus.java:260) ~[eventbus-6.0.5.jar%23137!/:?]
	at net.minecraftforge.eventbus.EventBus.lambda$addListener$11(EventBus.java:252) ~[eventbus-6.0.5.jar%23137!/:?]
	at net.minecraftforge.eventbus.EventBus.post(EventBus.java:315) ~[eventbus-6.0.5.jar%23137!/:?]
	at net.minecraftforge.eventbus.EventBus.post(EventBus.java:296) ~[eventbus-6.0.5.jar%23137!/:?]
	at net.minecraft.client.multiplayer.ClientPacketListener.m_5859_(ClientPacketListener.java:1451) ~[client-1.20.1-20230612.114412-srg.jar%231048!/:?]
	at net.minecraft.network.protocol.game.ClientboundUpdateTagsPacket.m_5797_(ClientboundUpdateTagsPacket.java:35) ~[client-1.20.1-20230612.114412-srg.jar%231048!/:?]
	at net.minecraft.network.protocol.game.ClientboundUpdateTagsPacket.m_5797_(ClientboundUpdateTagsPacket.java:11) ~[client-1.20.1-20230612.114412-srg.jar%231048!/:?]
	at net.minecraft.network.protocol.PacketUtils.m_263899_(PacketUtils.java:22) ~[client-1.20.1-20230612.114412-srg.jar%231048!/:?]
	at net.minecraft.util.thread.BlockableEventLoop.m_6367_(BlockableEventLoop.java:156) ~[client-1.20.1-20230612.114412-srg.jar%231048!/:?]
	at net.minecraft.util.thread.ReentrantBlockableEventLoop.m_6367_(ReentrantBlockableEventLoop.java:23) ~[client-1.20.1-20230612.114412-srg.jar%231048!/:?]
	at net.minecraft.util.thread.BlockableEventLoop.m_7245_(BlockableEventLoop.java:130) ~[client-1.20.1-20230612.114412-srg.jar%231048!/:?]
	at net.minecraft.util.thread.BlockableEventLoop.m_18699_(BlockableEventLoop.java:115) ~[client-1.20.1-20230612.114412-srg.jar%231048!/:?]
	at net.minecraft.client.Minecraft.m_91383_(Minecraft.java:1106) ~[client-1.20.1-20230612.114412-srg.jar%231048!/:?]
	at net.minecraft.client.Minecraft.m_91374_(Minecraft.java:718) ~[client-1.20.1-20230612.114412-srg.jar%231048!/:?]
	at net.minecraft.client.main.Main.main(Main.java:218) ~[minecraft-1.20.1-client.jar:?]
	at jdk.internal.reflect.NativeMethodAccessorImpl.invoke0(Native Method) ~[?:?]
	at jdk.internal.reflect.NativeMethodAccessorImpl.invoke(NativeMethodAccessorImpl.java:77) ~[?:?]
	at jdk.internal.reflect.DelegatingMethodAccessorImpl.invoke(DelegatingMethodAccessorImpl.java:43) ~[?:?]
	at java.lang.reflect.Method.invoke(Method.java:568) ~[?:?]
	at net.minecraftforge.fml.loading.targets.CommonLaunchHandler.runTarget(CommonLaunchHandler.java:111) ~[fmlloader-1.20.1-47.4.6.jar:?]
	at net.minecraftforge.fml.loading.targets.CommonLaunchHandler.clientService(CommonLaunchHandler.java:99) ~[fmlloader-1.20.1-47.4.6.jar:?]
	at net.minecraftforge.fml.loading.targets.CommonClientLaunchHandler.lambda$makeService$0(CommonClientLaunchHandler.java:25) ~[fmlloader-1.20.1-47.4.6.jar:?]
	at cpw.mods.modlauncher.LaunchServiceHandlerDecorator.launch(LaunchServiceHandlerDecorator.java:30) ~[modlauncher-10.0.9.jar:?]
	at cpw.mods.modlauncher.LaunchServiceHandler.launch(LaunchServiceHandler.java:53) ~[modlauncher-10.0.9.jar:?]
	at cpw.mods.modlauncher.LaunchServiceHandler.launch(LaunchServiceHandler.java:71) ~[modlauncher-10.0.9.jar:?]
	at cpw.mods.modlauncher.Launcher.run(Launcher.java:108) ~[modlauncher-10.0.9.jar:?]
	at cpw.mods.modlauncher.Launcher.main(Launcher.java:78) ~[modlauncher-10.0.9.jar:?]
	at cpw.mods.modlauncher.BootstrapLaunchConsumer.accept(BootstrapLaunchConsumer.java:26) ~[modlauncher-10.0.9.jar:?]
	at cpw.mods.modlauncher.BootstrapLaunchConsumer.accept(BootstrapLaunchConsumer.java:23) ~[modlauncher-10.0.9.jar:?]
	at cpw.mods.bootstraplauncher.BootstrapLauncher.main(BootstrapLauncher.java:141) ~[bootstraplauncher-1.1.2.jar:?]
	at jdk.internal.reflect.NativeMethodAccessorImpl.invoke0(Native Method) ~[?:?]
	at jdk.internal.reflect.NativeMethodAccessorImpl.invoke(NativeMethodAccessorImpl.java:77) ~[?:?]
	at jdk.internal.reflect.DelegatingMethodAccessorImpl.invoke(DelegatingMethodAccessorImpl.java:43) ~[?:?]
	at java.lang.reflect.Method.invoke(Method.java:568) ~[?:?]
	at io.github.zekerzhayard.forgewrapper.installer.Main.main(Main.java:67) ~[?:?]
	at org.prismlauncher.launcher.impl.StandardLauncher.launch(StandardLauncher.java:115) ~[?:?]
	at org.prismlauncher.EntryPoint.listen(EntryPoint.java:129) ~[?:?]
	at org.prismlauncher.EntryPoint.main(EntryPoint.java:70) ~[?:?]
[04May2026 01:10:28.867] [Render thread/ERROR] [mezz.jei.library.util.IngredientSupplierHelper/]: Found a broken recipe, failed to setRecipe with RecipeLayoutBuilder: jeresources.jei.villager.VillagerWrapper@3e8ea2cd

java.util.NoSuchElementException: No value present
	at java.util.Optional.get(Optional.java:143) ~[?:?]
	at jeresources.util.VillagersHelper.getPoiBlocks(VillagersHelper.java:56) ~[JustEnoughResources-1.20.1-1.4.0.247.jar%23823!/:1.4.0.247]
	at jeresources.entry.VillagerEntry.hasPois(VillagerEntry.java:59) ~[JustEnoughResources-1.20.1-1.4.0.247.jar%23823!/:1.4.0.247]
	at jeresources.jei.villager.VillagerWrapper.hasPois(VillagerWrapper.java:47) ~[JustEnoughResources-1.20.1-1.4.0.247.jar%23823!/:1.4.0.247]
	at jeresources.jei.villager.VillagerCategory.setRecipe(VillagerCategory.java:47) ~[JustEnoughResources-1.20.1-1.4.0.247.jar%23823!/:1.4.0.247]
	at jeresources.jei.villager.VillagerCategory.setRecipe(VillagerCategory.java:20) ~[JustEnoughResources-1.20.1-1.4.0.247.jar%23823!/:1.4.0.247]
	at mezz.jei.library.util.IngredientSupplierHelper.getIngredientSupplier(IngredientSupplierHelper.java:22) ~[jei-1.20.1-forge-15.20.0.129.jar%23816!/:15.20.0.129]
	at mezz.jei.library.recipes.RecipeManagerInternal.addRecipe(RecipeManagerInternal.java:148) ~[jei-1.20.1-forge-15.20.0.129.jar%23816!/:15.20.0.129]
	at mezz.jei.library.recipes.RecipeManagerInternal.addRecipes(RecipeManagerInternal.java:121) ~[jei-1.20.1-forge-15.20.0.129.jar%23816!/:15.20.0.129]
	at mezz.jei.library.load.registration.RecipeRegistration.addRecipes(RecipeRegistration.java:52) ~[jei-1.20.1-forge-15.20.0.129.jar%23816!/:15.20.0.129]
	at jeresources.jei.JEIConfig.registerRecipes(JEIConfig.java:77) ~[JustEnoughResources-1.20.1-1.4.0.247.jar%23823!/:1.4.0.247]
	at mezz.jei.library.load.PluginLoader.lambda$createRecipeManager$13(PluginLoader.java:182) ~[jei-1.20.1-forge-15.20.0.129.jar%23816!/:15.20.0.129]
	at mezz.jei.library.load.PluginCaller.callOnPlugins(PluginCaller.java:25) ~[jei-1.20.1-forge-15.20.0.129.jar%23816!/:15.20.0.129]
	at mezz.jei.library.load.PluginLoader.createRecipeManager(PluginLoader.java:182) ~[jei-1.20.1-forge-15.20.0.129.jar%23816!/:15.20.0.129]
	at mezz.jei.library.startup.JeiStarter.start(JeiStarter.java:115) ~[jei-1.20.1-forge-15.20.0.129.jar%23816!/:15.20.0.129]
	at mezz.jei.forge.startup.StartEventObserver.transitionState(StartEventObserver.java:130) ~[jei-1.20.1-forge-15.20.0.129.jar%23816!/:15.20.0.129]
	at mezz.jei.forge.startup.StartEventObserver.onEvent(StartEventObserver.java:98) ~[jei-1.20.1-forge-15.20.0.129.jar%23816!/:15.20.0.129]
	at net.minecraftforge.eventbus.EventBus.doCastFilter(EventBus.java:260) ~[eventbus-6.0.5.jar%23137!/:?]
	at net.minecraftforge.eventbus.EventBus.lambda$addListener$11(EventBus.java:252) ~[eventbus-6.0.5.jar%23137!/:?]
	at net.minecraftforge.eventbus.EventBus.post(EventBus.java:315) ~[eventbus-6.0.5.jar%23137!/:?]
	at net.minecraftforge.eventbus.EventBus.post(EventBus.java:296) ~[eventbus-6.0.5.jar%23137!/:?]
	at net.minecraft.client.multiplayer.ClientPacketListener.m_5859_(ClientPacketListener.java:1451) ~[client-1.20.1-20230612.114412-srg.jar%231048!/:?]
	at net.minecraft.network.protocol.game.ClientboundUpdateTagsPacket.m_5797_(ClientboundUpdateTagsPacket.java:35) ~[client-1.20.1-20230612.114412-srg.jar%231048!/:?]
	at net.minecraft.network.protocol.game.ClientboundUpdateTagsPacket.m_5797_(ClientboundUpdateTagsPacket.java:11) ~[client-1.20.1-20230612.114412-srg.jar%231048!/:?]
	at net.minecraft.network.protocol.PacketUtils.m_263899_(PacketUtils.java:22) ~[client-1.20.1-20230612.114412-srg.jar%231048!/:?]
	at net.minecraft.util.thread.BlockableEventLoop.m_6367_(BlockableEventLoop.java:156) ~[client-1.20.1-20230612.114412-srg.jar%231048!/:?]
	at net.minecraft.util.thread.ReentrantBlockableEventLoop.m_6367_(ReentrantBlockableEventLoop.java:23) ~[client-1.20.1-20230612.114412-srg.jar%231048!/:?]
	at net.minecraft.util.thread.BlockableEventLoop.m_7245_(BlockableEventLoop.java:130) ~[client-1.20.1-20230612.114412-srg.jar%231048!/:?]
	at net.minecraft.util.thread.BlockableEventLoop.m_18699_(BlockableEventLoop.java:115) ~[client-1.20.1-20230612.114412-srg.jar%231048!/:?]
	at net.minecraft.client.Minecraft.m_91383_(Minecraft.java:1106) ~[client-1.20.1-20230612.114412-srg.jar%231048!/:?]
	at net.minecraft.client.Minecraft.m_91374_(Minecraft.java:718) ~[client-1.20.1-20230612.114412-srg.jar%231048!/:?]
	at net.minecraft.client.main.Main.main(Main.java:218) ~[minecraft-1.20.1-client.jar:?]
	at jdk.internal.reflect.NativeMethodAccessorImpl.invoke0(Native Method) ~[?:?]
	at jdk.internal.reflect.NativeMethodAccessorImpl.invoke(NativeMethodAccessorImpl.java:77) ~[?:?]
	at jdk.internal.reflect.DelegatingMethodAccessorImpl.invoke(DelegatingMethodAccessorImpl.java:43) ~[?:?]
	at java.lang.reflect.Method.invoke(Method.java:568) ~[?:?]
	at net.minecraftforge.fml.loading.targets.CommonLaunchHandler.runTarget(CommonLaunchHandler.java:111) ~[fmlloader-1.20.1-47.4.6.jar:?]
	at net.minecraftforge.fml.loading.targets.CommonLaunchHandler.clientService(CommonLaunchHandler.java:99) ~[fmlloader-1.20.1-47.4.6.jar:?]
	at net.minecraftforge.fml.loading.targets.CommonClientLaunchHandler.lambda$makeService$0(CommonClientLaunchHandler.java:25) ~[fmlloader-1.20.1-47.4.6.jar:?]
	at cpw.mods.modlauncher.LaunchServiceHandlerDecorator.launch(LaunchServiceHandlerDecorator.java:30) ~[modlauncher-10.0.9.jar:?]
	at cpw.mods.modlauncher.LaunchServiceHandler.launch(LaunchServiceHandler.java:53) ~[modlauncher-10.0.9.jar:?]
	at cpw.mods.modlauncher.LaunchServiceHandler.launch(LaunchServiceHandler.java:71) ~[modlauncher-10.0.9.jar:?]
	at cpw.mods.modlauncher.Launcher.run(Launcher.java:108) ~[modlauncher-10.0.9.jar:?]
	at cpw.mods.modlauncher.Launcher.main(Launcher.java:78) ~[modlauncher-10.0.9.jar:?]
	at cpw.mods.modlauncher.BootstrapLaunchConsumer.accept(BootstrapLaunchConsumer.java:26) ~[modlauncher-10.0.9.jar:?]
	at cpw.mods.modlauncher.BootstrapLaunchConsumer.accept(BootstrapLaunchConsumer.java:23) ~[modlauncher-10.0.9.jar:?]
	at cpw.mods.bootstraplauncher.BootstrapLauncher.main(BootstrapLauncher.java:141) ~[bootstraplauncher-1.1.2.jar:?]
	at jdk.internal.reflect.NativeMethodAccessorImpl.invoke0(Native Method) ~[?:?]
	at jdk.internal.reflect.NativeMethodAccessorImpl.invoke(NativeMethodAccessorImpl.java:77) ~[?:?]
	at jdk.internal.reflect.DelegatingMethodAccessorImpl.invoke(DelegatingMethodAccessorImpl.java:43) ~[?:?]
	at java.lang.reflect.Method.invoke(Method.java:568) ~[?:?]
	at io.github.zekerzhayard.forgewrapper.installer.Main.main(Main.java:67) ~[?:?]
	at org.prismlauncher.launcher.impl.StandardLauncher.launch(StandardLauncher.java:115) ~[?:?]
	at org.prismlauncher.EntryPoint.listen(EntryPoint.java:129) ~[?:?]
	at org.prismlauncher.EntryPoint.main(EntryPoint.java:70) ~[?:?]
[04May2026 01:10:28.869] [Render thread/INFO] [mezz.jei.library.load.PluginCallerTimerRunnable/]: Registering recipes: minecraft:jeresources took 312.0 milliseconds
[04May2026 01:10:28.953] [Render thread/INFO] [mezz.jei.library.load.PluginCallerTimerRunnable/]: Registering recipes: ironfurnaces:plugin_ironfurnaces took 82.95 milliseconds
[04May2026 01:10:28.955] [Render thread/INFO] [jea/]: Collected 1568 advancement criterion recipes.
[04May2026 01:10:29.095] [Render thread/INFO] [mezz.jei.library.load.PluginCallerTimerRunnable/]: Registering recipes: mekanism:jei_plugin took 137.5 milliseconds
[04May2026 01:10:29.112] [Render thread/INFO] [mezz.jei.library.load.PluginCallerTimerRunnable/]: Registering recipes: zeta:zeta took 15.68 milliseconds
[04May2026 01:10:29.117] [Render thread/INFO] [mezz.jei.library.ingredients.IngredientManager/]: Ingredients are being removed at runtime: 13 net.minecraft.world.item.ItemStack
[04May2026 01:10:29.141] [Render thread/INFO] [mezz.jei.library.load.PluginCallerTimerRunnable/]: Registering recipes: ars_nouveau:main took 16.49 milliseconds
[04May2026 01:10:29.835] [Render thread/INFO] [mezz.jei.library.load.PluginCallerTimerRunnable/]: Registering recipes: twilightforest:jei_plugin took 682.1 milliseconds
[04May2026 01:10:29.864] [Render thread/INFO] [mezz.jei.library.load.PluginCallerTimerRunnable/]: Registering recipes: farmersdelight:jei_plugin took 28.45 milliseconds
[04May2026 01:10:29.901] [Render thread/INFO] [mezz.jei.library.load.PluginCallerTimerRunnable/]: Registering recipes: thermal:expansion took 36.65 milliseconds
[04May2026 01:10:29.962] [Render thread/INFO] [mezz.jei.library.load.PluginCallerTimerRunnable/]: Registering recipes: sophisticatedstorage:default took 60.61 milliseconds
[04May2026 01:10:31.967] [Render thread/INFO] [mezz.jei.library.load.PluginCallerTimerRunnable/]: Registering recipes: create:jei_plugin took 2.004 seconds
[04May2026 01:10:32.148] [Render thread/INFO] [mezz.jei.library.load.PluginCallerTimerRunnable/]: Registering recipes: forbidden_arcanus:main took 180.9 milliseconds
[04May2026 01:10:32.158] [Render thread/INFO] [mezz.jei.library.ingredients.IngredientManager/]: Ingredients are being removed at runtime: 86 net.minecraft.world.item.ItemStack
[04May2026 01:10:32.159] [Render thread/INFO] [mezz.jei.library.ingredients.IngredientManager/]: Ingredients are being removed at runtime: 9 net.minecraftforge.fluids.FluidStack
[04May2026 01:10:32.188] [Render thread/INFO] [mezz.jei.library.ingredients.IngredientManager/]: Ingredients are being removed at runtime: 1 net.minecraft.world.item.ItemStack
[04May2026 01:10:32.188] [Render thread/INFO] [mezz.jei.library.load.PluginCallerTimerRunnable/]: Registering recipes: estrogen:jei_plugin took 22.80 milliseconds
[04May2026 01:10:32.204] [Render thread/INFO] [mezz.jei.library.load.PluginCallerTimerRunnable/]: Registering recipes: createestrogen:jei_plugin took 16.07 milliseconds
[04May2026 01:10:32.204] [Render thread/INFO] [mezz.jei.library.load.PluginCaller/]: Registering recipes took 9.419 s
[04May2026 01:10:32.213] [Render thread/INFO] [mezz.jei.library.load.PluginCaller/]: Registering recipes transfer handlers...
[04May2026 01:10:32.214] [Render thread/INFO] [mezz.jei.library.load.PluginCaller/]: Registering recipes transfer handlers took 1.025 ms
[04May2026 01:10:32.215] [Render thread/INFO] [mezz.jei.core.util.LoggedTimer/]: Building runtime...
[04May2026 01:10:32.215] [Render thread/INFO] [mezz.jei.library.load.PluginCaller/]: Registering gui handlers...
[04May2026 01:10:32.216] [Render thread/INFO] [mezz.jei.library.load.PluginCaller/]: Registering gui handlers took 1.210 ms
[04May2026 01:10:32.216] [Render thread/INFO] [mezz.jei.library.load.PluginCaller/]: Registering Runtime...
[04May2026 01:10:32.216] [Render thread/INFO] [mezz.jei.gui.startup.JeiGuiStarter/]: Starting JEI GUI
[04May2026 01:10:32.216] [Render thread/INFO] [mezz.jei.core.util.LoggedTimer/]: Building ingredient list...
[04May2026 01:10:32.361] [Render thread/INFO] [mezz.jei.core.util.LoggedTimer/]: Building ingredient list took 144.9 ms
[04May2026 01:10:32.361] [Render thread/INFO] [mezz.jei.core.util.LoggedTimer/]: Building ingredient filter...
[04May2026 01:10:32.642] [Render thread/INFO] [mezz.jei.gui.ingredients.IngredientFilter/]: Adding 35355 ingredients
[04May2026 01:10:37.317] [pool-83-thread-1/ERROR] [mezz.jei.library.load.PluginCallerTimerRunnable/]: Registering Runtime: jei:forge_gui is running and has taken 5.100 seconds so far
[04May2026 01:10:38.054] [Render thread/INFO] [mezz.jei.gui.ingredients.IngredientFilter/]: Added 35355 ingredients
[04May2026 01:10:38.054] [Render thread/INFO] [mezz.jei.core.util.LoggedTimer/]: Building ingredient filter took 5.692 s
[04May2026 01:10:38.061] [Render thread/INFO] [mezz.jei.library.load.PluginCallerTimerRunnable/]: Registering Runtime: jei:forge_gui took 5.845 seconds
[04May2026 01:10:38.062] [Render thread/INFO] [mezz.jei.library.load.PluginCaller/]: Registering Runtime took 5.845 s
[04May2026 01:10:38.062] [Render thread/INFO] [mezz.jei.core.util.LoggedTimer/]: Building runtime took 5.847 s
[04May2026 01:10:38.062] [Render thread/INFO] [mezz.jei.library.load.PluginCaller/]: Sending Runtime...
[04May2026 01:10:38.062] [Render thread/INFO] [mezz.jei.library.ingredients.IngredientManager/]: Ingredients are being removed at runtime: 5 net.minecraft.world.item.ItemStack
[04May2026 01:10:38.156] [Render thread/INFO] [mezz.jei.library.ingredients.IngredientManager/]: Ingredients are being removed at runtime: 41 net.minecraft.world.item.ItemStack
[04May2026 01:10:38.157] [Render thread/INFO] [mezz.jei.library.load.PluginCallerTimerRunnable/]: Sending Runtime: kubejs:jei took 93.75 milliseconds
[04May2026 01:10:38.161] [Render thread/INFO] [mezz.jei.library.load.PluginCaller/]: Sending Runtime took 98.60 ms
[04May2026 01:10:38.161] [Render thread/INFO] [mezz.jei.core.util.LoggedTimer/]: Starting JEI took 16.13 s
[04May2026 01:10:38.161] [Render thread/INFO] [com.alessandro.astages.AStages/]: Started CACHE building!
[04May2026 01:10:38.350] [Render thread/INFO] [com.alessandro.astages.AStages/]: Ended CACHE building! In 1.139 s!
[04May2026 01:10:38.350] [Render thread/INFO] [mezz.jei.library.ingredients.IngredientManager/]: Ingredients are being removed at runtime: 295 net.minecraft.world.item.ItemStack
[04May2026 01:10:38.352] [Render thread/INFO] [mezz.jei.library.ingredients.IngredientManager/]: Ingredients are being removed at runtime: 267 net.minecraft.world.item.ItemStack
[04May2026 01:10:38.353] [Render thread/INFO] [mezz.jei.library.ingredients.IngredientManager/]: Ingredients are being removed at runtime: 1138 net.minecraft.world.item.ItemStack
[04May2026 01:10:38.358] [Render thread/INFO] [mezz.jei.library.ingredients.IngredientManager/]: Ingredients are being removed at runtime: 10 net.minecraftforge.fluids.FluidStack
[04May2026 01:10:38.358] [Render thread/INFO] [mezz.jei.library.ingredients.IngredientManager/]: Ingredients are being removed at runtime: 34 net.minecraft.world.effect.MobEffectInstance
[04May2026 01:10:38.358] [Render thread/INFO] [mezz.jei.library.ingredients.IngredientManager/]: Ingredients are being removed at runtime: 18 de.melanx.jea.api.client.IAdvancementInfo
[04May2026 01:10:38.358] [Render thread/INFO] [mezz.jei.library.ingredients.IngredientManager/]: Ingredients are being removed at runtime: 1 net.minecraftforge.fluids.FluidStack
[04May2026 01:10:38.358] [Render thread/INFO] [mezz.jei.library.ingredients.IngredientManager/]: Ingredients are being removed at runtime: 8 mekanism.api.chemical.infuse.InfusionStack
[04May2026 01:10:38.358] [Render thread/INFO] [mezz.jei.library.ingredients.IngredientManager/]: Ingredients are being removed at runtime: 18 mekanism.api.chemical.pigment.PigmentStack
[04May2026 01:10:38.358] [Render thread/INFO] [mezz.jei.library.ingredients.IngredientManager/]: Ingredients are being removed at runtime: 27 mekanism.api.chemical.gas.GasStack
[04May2026 01:10:38.358] [Render thread/INFO] [mezz.jei.library.ingredients.IngredientManager/]: Ingredients are being removed at runtime: 132 de.melanx.jea.api.client.IAdvancementInfo
[04May2026 01:10:38.358] [Render thread/INFO] [mezz.jei.library.ingredients.IngredientManager/]: Ingredients are being removed at runtime: 14 mekanism.api.chemical.slurry.SlurryStack
[04May2026 01:10:38.358] [Render thread/INFO] [mezz.jei.library.ingredients.IngredientManager/]: Ingredients are being removed at runtime: 22 net.minecraftforge.fluids.FluidStack
[04May2026 01:10:38.358] [Render thread/INFO] [com.alessandro.astages.AStages/]: AStages client recipe update started!
[04May2026 01:10:38.358] [Render thread/INFO] [com.alessandro.astages.AStages/]: AStages recipe update completed in 0 ms!
[04May2026 01:10:38.733] [Render thread/INFO] [Cucumber Library/]: Loaded cucumber-tags.json in 0 ms
[04May2026 01:10:38.769] [Render thread/INFO] [kittyconfig/]: Received configs from server: [createestrogen/common, estrogen/common]
[04May2026 01:10:38.769] [Render thread/INFO] [mezz.jei.library.ingredients.IngredientManager/]: Ingredients are being removed at runtime: 1418 de.melanx.jea.api.client.IAdvancementInfo
[04May2026 01:10:38.771] [Render thread/INFO] [mezz.jei.library.ingredients.IngredientManager/]: Ingredients are being added at runtime: 1568 de.melanx.jea.api.client.IAdvancementInfo
[04May2026 01:10:38.818] [Render thread/ERROR] [ModularItem API/]: Module modules/blade/blade_katana.json contains invalid property healthPercent-old
[04May2026 01:10:38.818] [Render thread/ERROR] [ModularItem API/]: This indicates either a broken Module, Outdated API version or missing dependency!
[04May2026 01:10:38.818] [Render thread/ERROR] [ModularItem API/]: Module modules/blade/blade_katana.json contains invalid property armor_pen-old
[04May2026 01:10:38.818] [Render thread/ERROR] [ModularItem API/]: This indicates either a broken Module, Outdated API version or missing dependency!
[04May2026 01:10:38.920] [Render thread/INFO] [ModularItem API/]: Loaded 1 Injectors/Property Substitutors
[04May2026 01:10:38.920] [Render thread/INFO] [ModularItem API/]: Loaded 92 Modules
[04May2026 01:10:38.920] [Render thread/INFO] [ModularItem API/]: Loaded 416 Skins
[04May2026 01:10:38.920] [Render thread/INFO] [ModularItem API/]: Loaded 72 Synergies
[04May2026 01:10:38.920] [Render thread/INFO] [ModularItem API/]: Found 168 Enchantments
[04May2026 01:10:38.920] [Render thread/INFO] [ModularItem API/]: Loaded 33 Modular Converters
[04May2026 01:10:38.920] [Render thread/INFO] [ModularItem API/]: Loaded 239 Materials
[04May2026 01:10:38.920] [Render thread/INFO] [ModularItem API/]: Client load took 1.30477039591E7 ms
[04May2026 01:10:38.920] [Render thread/INFO] [net.minecraft.client.gui.components.ChatComponent/]: [CHAT] KubeJS errors found [22]! Run '/kubejs errors server' for more info
[04May2026 01:10:38.921] [Render thread/INFO] [net.minecraft.client.gui.components.ChatComponent/]: [CHAT] [Load My F***ing Tags]: It seems that some tags are a bit cooked. Look at the Logs for more details on broken functions. Click me for more info about this feature.
[04May2026 01:10:38.925] [Render thread/WARN] [net.minecraft.client.renderer.EffectInstance/]: Shader estrogen:aberration could not find uniform named InSize in the specified shader program.
[04May2026 01:10:38.927] [Render thread/WARN] [net.minecraft.client.renderer.EffectInstance/]: Shader estrogen:cel could not find sampler named DiffuseDepthSampler in the specified shader program.
[04May2026 01:10:38.927] [Render thread/WARN] [net.minecraft.client.renderer.EffectInstance/]: Shader estrogen:cel could not find uniform named EstrogenFarPlane in the specified shader program.
[04May2026 01:10:38.929] [Render thread/INFO] [ChunkBuilder/]: Stopping worker threads
[04May2026 01:10:38.930] [Render thread/INFO] [ChunkBuilder/]: Started 2 worker threads
[04May2026 01:10:38.931] [Render thread/INFO] [com.alessandro.astages.AStages/]: Started CACHE building!
[04May2026 01:10:39.113] [Render thread/INFO] [com.alessandro.astages.AStages/]: Ended CACHE building! In 1.320 s!
[04May2026 01:10:39.113] [Render thread/INFO] [mezz.jei.library.ingredients.IngredientManager/]: Ingredients are being removed at runtime: 8 net.minecraft.world.item.ItemStack
[04May2026 01:10:39.114] [Render thread/INFO] [mezz.jei.library.ingredients.IngredientManager/]: Ingredients are being removed at runtime: 18 de.melanx.jea.api.client.IAdvancementInfo
[04May2026 01:10:39.114] [Render thread/INFO] [mezz.jei.library.ingredients.IngredientManager/]: Ingredients are being removed at runtime: 132 de.melanx.jea.api.client.IAdvancementInfo
[04May2026 01:10:39.114] [Render thread/INFO] [com.alessandro.astages.AStages/]: AStages client recipe update started!
[04May2026 01:10:39.114] [Render thread/INFO] [com.alessandro.astages.AStages/]: AStages recipe update completed in 0 ms!
[04May2026 01:10:39.114] [Render thread/INFO] [se.mickelus.mutil.data.DataStore/]: Loaded   2 tiers
[04May2026 01:10:39.114] [Render thread/INFO] [se.mickelus.mutil.data.DataStore/]: Loaded   9 tweaks
[04May2026 01:10:39.115] [Render thread/INFO] [se.mickelus.mutil.data.MergingDataStore/]: Loaded 369 materials
[04May2026 01:10:39.119] [Render thread/INFO] [se.mickelus.mutil.data.DataStore/]: Loaded 283 improvements
[04May2026 01:10:39.125] [Render thread/INFO] [se.mickelus.mutil.data.MergingDataStore/]: Loaded 213 modules
[04May2026 01:10:39.209] [Render thread/INFO] [se.mickelus.tetra.client.model.ModularModelLoader/]: Clearing model cache for 10 items, let's get bakin'
[04May2026 01:10:39.209] [Render thread/INFO] [se.mickelus.mutil.data.DataStore/]: Loaded   0 enchantments
[04May2026 01:10:39.209] [Render thread/INFO] [se.mickelus.mutil.data.DataStore/]: Loaded  28 synergies
[04May2026 01:10:39.211] [Render thread/INFO] [se.mickelus.mutil.data.DataStore/]: Loaded 326 replacements
[04May2026 01:10:39.217] [Render thread/INFO] [se.mickelus.mutil.data.MergingDataStore/]: Loaded 678 schematics
[04May2026 01:10:39.305] [Render thread/INFO] [se.mickelus.mutil.data.MergingDataStore/]: Loaded  55 crafting_effects
[04May2026 01:10:39.307] [Render thread/INFO] [se.mickelus.mutil.data.DataStore/]: Loaded 131 repairs
[04May2026 01:10:39.310] [Render thread/INFO] [se.mickelus.mutil.data.DataStore/]: Loaded   2 actions
[04May2026 01:10:39.310] [Render thread/INFO] [se.mickelus.mutil.data.DataStore/]: Loaded   0 unlocks
[04May2026 01:10:39.310] [Render thread/INFO] [se.mickelus.mutil.data.DataStore/]: Loaded   0 archetypes
[04May2026 01:10:39.310] [Render thread/INFO] [se.mickelus.mutil.data.DataStore/]: Loaded   1 item_effects
[04May2026 01:10:39.310] [Render thread/INFO] [se.mickelus.mutil.data.DataStore/]: Loaded  28 modifier_effects
[04May2026 01:10:39.311] [Render thread/INFO] [YetAnotherConfigLib/]: Serializing class com.seniors.justlevelingfork.handler.HandlerCommonConfig to 'C:\Users\Silvaria Zemaitis\AppData\Roaming\PrismLauncher\instances\IridescentCraft\.minecraft\config\JLFork\justleveling-fork.common.json5'
[04May2026 01:10:39.312] [Render thread/INFO] [YetAnotherConfigLib/]: Serializing class com.seniors.justlevelingfork.handler.HandlerCommonConfig to 'C:\Users\Silvaria Zemaitis\AppData\Roaming\PrismLauncher\instances\IridescentCraft\.minecraft\config\JLFork\justleveling-fork.common.json5'
[04May2026 01:10:39.313] [Render thread/INFO] [net.minecraft.client.gui.components.ChatComponent/]: [CHAT] [SebastrnLib] If you're getting this message, it means you've installed either Refined Cooking or Applied Cooking. If you want to know more about them, you can craft the manual/book called Sebastrn's Mods!, you can find it using JEI or REI!
[04May2026 01:10:39.313] [Render thread/INFO] [Moonlight/]: Synced moonlight-common.toml configs
[04May2026 01:10:39.313] [Render thread/INFO] [Jade/]: Received config from the server: {}
[04May2026 01:10:39.314] [Render thread/INFO] [Moonlight/]: Synced supplementaries-common.toml configs
[04May2026 01:10:39.319] [Render thread/INFO] [net.minecraft.advancements.AdvancementList/]: Loaded 443 advancements
[04May2026 01:10:39.320] [Render thread/INFO] [patchouli/]: BookContentResourceListenerLoader: Files found in 585.6 ?s
[04May2026 01:10:39.321] [Render thread/INFO] [patchouli/]: BookContentResourceListenerLoader: Files found in 559.4 ?s
[04May2026 01:10:39.322] [Render thread/INFO] [patchouli/]: BookContentResourceListenerLoader: Files found in 441.6 ?s
[04May2026 01:10:39.322] [Render thread/WARN] [patchouli/]: Recipe minecraft:bookshelf (of type minecraft:crafting) not found
[04May2026 01:10:39.323] [Render thread/WARN] [patchouli/]: Recipe apotheosis:augmenting_table (of type minecraft:crafting) not found
[04May2026 01:10:39.323] [Render thread/WARN] [patchouli/]: Recipe apotheosis:gem_cutting_table (of type minecraft:crafting) not found
[04May2026 01:10:39.323] [Render thread/WARN] [patchouli/]: Recipe apotheosis:simple_reforging_table (of type minecraft:crafting) not found
[04May2026 01:10:39.323] [Render thread/WARN] [patchouli/]: Recipe apotheosis:reforging_table (of type minecraft:crafting) not found
[04May2026 01:10:39.323] [Render thread/INFO] [patchouli/]: BookContentResourceListenerLoader: Files found in 63.50 ?s
[04May2026 01:10:39.323] [Render thread/INFO] [patchouli/]: BookContentResourceListenerLoader: Files found in 44.60 ?s
[04May2026 01:10:39.323] [Render thread/INFO] [patchouli/]: BookContentResourceListenerLoader: Files found in 37.20 ?s
[04May2026 01:10:39.324] [Render thread/INFO] [patchouli/]: BookContentResourceListenerLoader: Files found in 195.5 ?s
[04May2026 01:10:39.324] [Render thread/INFO] [patchouli/]: BookContentResourceListenerLoader: Files found in 181.3 ?s
[04May2026 01:10:39.326] [Render thread/INFO] [patchouli/]: BookContentResourceListenerLoader: Files found in 141.3 ?s
[04May2026 01:10:39.340] [Render thread/INFO] [patchouli/]: BookContentResourceListenerLoader: Files found in 92.10 ?s
[04May2026 01:10:39.341] [Render thread/INFO] [patchouli/]: BookContentResourceListenerLoader: Files found in 58.20 ?s
[04May2026 01:10:39.341] [Render thread/INFO] [patchouli/]: BookContentResourceListenerLoader: Files found in 39.20 ?s
[04May2026 01:10:39.342] [Render thread/WARN] [patchouli/]: Recipe theabyss:arcane_workbench_rcp (of type minecraft:crafting) not found
[04May2026 01:10:39.344] [Render thread/INFO] [patchouli/]: BookContentResourceListenerLoader: Files found in 834.7 ?s
[04May2026 01:10:39.344] [Render thread/WARN] [patchouli/]: Invalid icon item stack: Unknown item ID: thermal:lumium_rail
[04May2026 01:10:39.344] [Render thread/INFO] [patchouli/]: BookContentResourceListenerLoader: Files found in 685.8 ?s
[04May2026 01:10:39.345] [Render thread/WARN] [patchouli/]: Invalid icon item stack: Unknown item ID: thermal:prismarine_rail
[04May2026 01:10:39.345] [Render thread/WARN] [patchouli/]: Invalid icon item stack: Unknown item ID: thermal:lumium_rail
[04May2026 01:10:39.345] [Render thread/WARN] [patchouli/]: Invalid icon item stack: Unknown item ID: thermal:underwater_minecart
[04May2026 01:10:39.345] [Render thread/WARN] [patchouli/]: Invalid icon item stack: Unknown item ID: thermal:fluid_minecart
[04May2026 01:10:39.345] [Render thread/WARN] [patchouli/]: Invalid icon item stack: Unknown item ID: thermal:crossover_rail
[04May2026 01:10:39.345] [Render thread/WARN] [patchouli/]: Invalid icon item stack: Unknown item ID: thermal:energy_minecart
[04May2026 01:10:39.346] [Render thread/INFO] [patchouli/]: BookContentResourceListenerLoader: Files found in 589.6 ?s
[04May2026 01:10:39.349] [Render thread/WARN] [cofh.thermal.core.compat.patchouli.CraftingProcessor/]: Thermalpedia missing the crafting recipe: thermal:machine_frame
[04May2026 01:10:39.353] [Render thread/WARN] [cofh.thermal.core.compat.patchouli.CraftingProcessor/]: Thermalpedia missing the crafting recipe: thermal:storage/apple_block
[04May2026 01:10:39.353] [Render thread/WARN] [cofh.thermal.core.compat.patchouli.CraftingProcessor/]: Thermalpedia missing the crafting recipe: thermal:storage/carrot_block
[04May2026 01:10:39.353] [Render thread/WARN] [cofh.thermal.core.compat.patchouli.CraftingProcessor/]: Thermalpedia missing the crafting recipe: thermal:storage/potato_block
[04May2026 01:10:39.353] [Render thread/WARN] [cofh.thermal.core.compat.patchouli.CraftingProcessor/]: Thermalpedia missing the crafting recipe: thermal:storage/beetroot_block
[04May2026 01:10:39.361] [Render thread/WARN] [cofh.thermal.core.compat.patchouli.CraftingProcessor/]: Thermalpedia missing the crafting recipe: thermal:storage/charcoal_block
[04May2026 01:10:39.361] [Render thread/WARN] [cofh.thermal.core.compat.patchouli.CraftingProcessor/]: Thermalpedia missing the crafting recipe: thermal:storage/gunpowder_block
[04May2026 01:10:39.363] [Render thread/INFO] [patchouli/]: BookContentResourceListenerLoader: Files found in 41.10 ?s
[04May2026 01:10:39.363] [Render thread/INFO] [patchouli/]: BookContentResourceListenerLoader: Files found in 27.70 ?s
[04May2026 01:10:39.363] [Render thread/INFO] [patchouli/]: BookContentResourceListenerLoader: Files found in 24.50 ?s
[04May2026 01:10:39.363] [Render thread/WARN] [patchouli/]: Recipe irons_spellbooks:arcane_anvil (of type minecraft:crafting) not found
[04May2026 01:10:39.363] [Render thread/WARN] [patchouli/]: Recipe irons_spellbooks:cryomancer_helmet (of type minecraft:crafting) not found
[04May2026 01:10:39.363] [Render thread/WARN] [patchouli/]: Recipe irons_spellbooks:pyromancer_helmet (of type minecraft:crafting) not found
[04May2026 01:10:39.364] [Render thread/INFO] [patchouli/]: BookContentResourceListenerLoader: Files found in 132.6 ?s
[04May2026 01:10:39.364] [Render thread/INFO] [patchouli/]: BookContentResourceListenerLoader: Files found in 122.0 ?s
[04May2026 01:10:39.365] [Render thread/INFO] [patchouli/]: BookContentResourceListenerLoader: Files found in 104.0 ?s
[04May2026 01:10:39.365] [Render thread/WARN] [patchouli/]: Recipe simplyswords:waking_lichblade (of type minecraft:crafting) not found
[04May2026 01:10:39.365] [Render thread/WARN] [patchouli/]: Recipe simplyswords:awakened_lichblade (of type minecraft:crafting) not found
[04May2026 01:10:39.365] [Render thread/WARN] [patchouli/]: Recipe simplyswords:sunfire (of type minecraft:crafting) not found
[04May2026 01:10:39.365] [Render thread/WARN] [patchouli/]: Recipe simplyswords:harbinger (of type minecraft:crafting) not found
[04May2026 01:10:39.365] [Render thread/INFO] [patchouli/]: BookContentResourceListenerLoader: Files found in 327.3 ?s
[04May2026 01:10:39.366] [Render thread/INFO] [patchouli/]: BookContentResourceListenerLoader: Files found in 304.4 ?s
[04May2026 01:10:39.366] [Render thread/WARN] [patchouli/]: Invalid icon item stack: Unknown item ID: minecraft:ultra_sniffer_fur
[04May2026 01:10:39.367] [Render thread/INFO] [patchouli/]: BookContentResourceListenerLoader: Files found in 279.2 ?s
[04May2026 01:10:39.367] [Render thread/WARN] [patchouli/]: Recipe terramity:moondrill_cannon_recipe (of type minecraft:crafting) not found
[04May2026 01:10:39.367] [Render thread/WARN] [patchouli/]: Recipe terramity:advanced_gun_parts_recipe (of type minecraft:crafting) not found
[04May2026 01:10:39.367] [Render thread/WARN] [patchouli/]: Recipe terramity:copper_round_recipe (of type minecraft:crafting) not found
[04May2026 01:10:39.367] [Render thread/WARN] [patchouli/]: Recipe terramity:gold_round_recipe (of type minecraft:crafting) not found
[04May2026 01:10:39.367] [Render thread/WARN] [patchouli/]: Recipe terramity:dimlite_round_recipe (of type minecraft:crafting) not found
[04May2026 01:10:39.367] [Render thread/WARN] [patchouli/]: Recipe terramity:gunsmith_station_recipe (of type minecraft:crafting) not found
[04May2026 01:10:39.367] [Render thread/INFO] [patchouli/]: BookContentResourceListenerLoader: Files found in 120.2 ?s
[04May2026 01:10:39.367] [Render thread/INFO] [patchouli/]: BookContentResourceListenerLoader: Files found in 107.7 ?s
[04May2026 01:10:39.368] [Render thread/INFO] [patchouli/]: BookContentResourceListenerLoader: Files found in 98.00 ?s
[04May2026 01:10:39.368] [Render thread/WARN] [patchouli/]: Recipe ad_astra:nasa_workbench (of type minecraft:crafting) not found
[04May2026 01:10:39.368] [Render thread/WARN] [patchouli/]: Recipe ad_astra:jet_suit_helmet (of type minecraft:crafting) not found
[04May2026 01:10:39.368] [Render thread/WARN] [patchouli/]: Recipe ad_astra:jet_suit_boots (of type minecraft:crafting) not found
[04May2026 01:10:39.368] [Render thread/INFO] [patchouli/]: BookContentResourceListenerLoader: Files found in 9.600 ?s
[04May2026 01:10:39.368] [Render thread/INFO] [patchouli/]: BookContentResourceListenerLoader: Files found in 7.700 ?s
[04May2026 01:10:39.368] [Render thread/WARN] [patchouli/]: Invalid icon item stack: Unknown item ID: appliedcooking:kitchen_station
[04May2026 01:10:39.368] [Render thread/INFO] [patchouli/]: BookContentResourceListenerLoader: Files found in 6.700 ?s
[04May2026 01:10:39.368] [Render thread/INFO] [patchouli/]: BookContentResourceListenerLoader: Files found in 85.90 ?s
[04May2026 01:10:39.368] [Render thread/INFO] [patchouli/]: BookContentResourceListenerLoader: Files found in 86.00 ?s
[04May2026 01:10:39.368] [Render thread/WARN] [patchouli/]: Invalid icon item stack: Unknown item ID: apotheosis:infusion_table
[04May2026 01:10:39.368] [Render thread/WARN] [patchouli/]: Invalid icon item stack: Unknown item ID: rftools:dimension_editor
[04May2026 01:10:39.368] [Render thread/WARN] [patchouli/]: Invalid icon item stack: Unknown item ID: iridescent_modular_spells:modular_copper_spell_book
[04May2026 01:10:39.369] [Render thread/WARN] [patchouli/]: Invalid icon item stack: Unknown item ID: mahou_tsukai:mahou_book
[04May2026 01:10:39.369] [Render thread/WARN] [patchouli/]: Invalid icon item stack: Unknown item ID: kubejs:iron_loot_box
[04May2026 01:10:39.369] [Render thread/WARN] [patchouli/]: Invalid icon item stack: Unknown item ID: blue_skies:lunar_fragment
[04May2026 01:10:39.369] [Render thread/WARN] [patchouli/]: Invalid icon item stack: Unknown item ID: footwork:combat_manual
[04May2026 01:10:39.369] [Render thread/WARN] [patchouli/]: Invalid icon item stack: Unknown item ID: terramity:terramity_guidebook
[04May2026 01:10:39.369] [Render thread/WARN] [patchouli/]: Invalid icon item stack: Unknown item ID: irons_spellbooks:fire_spell_book
[04May2026 01:10:39.370] [Render thread/WARN] [patchouli/]: Invalid icon item stack: Unknown item ID: ars_nouveau:spell_book_1
[04May2026 01:10:39.370] [Render thread/INFO] [patchouli/]: BookContentResourceListenerLoader: Files found in 97.00 ?s
[04May2026 01:10:39.370] [Render thread/WARN] [patchouli/]: Recipe footwork:combat_manual (of type minecraft:crafting) not found
[04May2026 01:10:39.370] [Render thread/WARN] [patchouli/]: Recipe mahoutsukai:mahou_tsukai_guidebook (of type minecraft:crafting) not found
[04May2026 01:10:39.370] [Render thread/WARN] [patchouli/]: Recipe occultism:dictionary_of_spirits (of type minecraft:crafting) not found
[04May2026 01:10:39.370] [Render thread/WARN] [patchouli/]: Recipe apotheosis:enchanting/tome (of type minecraft:crafting) not found
[04May2026 01:10:39.370] [Render thread/WARN] [patchouli/]: Recipe apotheosis:apoth_chronicle (of type minecraft:crafting) not found
[04May2026 01:10:39.370] [Render thread/WARN] [patchouli/]: Recipe simplyswords:runic_grimoire (of type minecraft:crafting) not found
[04May2026 01:10:39.370] [Render thread/WARN] [patchouli/]: Recipe forbidden_arcanus:tome_of_arcana (of type minecraft:crafting) not found
[04May2026 01:10:39.370] [Render thread/WARN] [patchouli/]: Recipe terramity:terramity_guidebook (of type minecraft:crafting) not found
[04May2026 01:10:39.370] [Render thread/WARN] [patchouli/]: Recipe irons_spellbooks:arcane_compendium (of type minecraft:crafting) not found
[04May2026 01:10:39.370] [Render thread/INFO] [patchouli/]: BookContentResourceListenerLoader: Files found in 70.20 ?s
[04May2026 01:10:39.370] [Render thread/INFO] [patchouli/]: BookContentResourceListenerLoader: Files found in 68.10 ?s
[04May2026 01:10:39.371] [Render thread/INFO] [patchouli/]: BookContentResourceListenerLoader: Files found in 58.60 ?s
[04May2026 01:10:39.371] [Render thread/INFO] [patchouli/]: BookContentResourceListenerLoader: Files found in 196.8 ?s
[04May2026 01:10:39.371] [Render thread/INFO] [patchouli/]: BookContentResourceListenerLoader: Files found in 201.4 ?s
[04May2026 01:10:39.373] [Render thread/INFO] [patchouli/]: BookContentResourceListenerLoader: Files found in 163.8 ?s
[04May2026 01:10:39.374] [Render thread/WARN] [patchouli/]: Recipe ars_nouveau:apprentice_spell_book_upgrade (of type minecraft:crafting) not found
[04May2026 01:10:39.388] [Render thread/INFO] [ModernFix/]: Cleared 2045 unneeded book NBT tags
[04May2026 01:10:39.389] [Render thread/INFO] [voicechat/]: [voicechat] Received secret
[04May2026 01:10:39.389] [Render thread/INFO] [voicechat/]: [voicechat] Connecting to voice chat server: '10.0.0.10:24454'
[04May2026 01:10:39.390] [VoiceChatAuthenticationThread/INFO] [voicechat/]: [voicechat] Trying to authenticate voice chat connection
[04May2026 01:10:39.390] [Render thread/INFO] [net.minecraft.client.gui.components.ChatComponent/]: [CHAT] [Simple Voice Chat] Press Not Bound to set up
[04May2026 01:10:39.436] [Render thread/WARN] [net.minecraft.client.multiplayer.ClientPacketListener/]: Received passengers for unknown entity
[04May2026 01:10:39.436] [Render thread/WARN] [net.minecraft.client.multiplayer.ClientPacketListener/]: Received passengers for unknown entity
[04May2026 01:10:39.453] [Render thread/INFO] [net.minecraft.client.renderer.texture.TextureAtlas/]: Created: 512x32x0 miapi:textures/atlas/materials.png-atlas
[04May2026 01:10:39.454] [Render thread/INFO] [ModularItem API/]: Created material atlas with size 256x22
[04May2026 01:10:39.706] [Render thread/WARN] [ModernFix/]: Time from main menu to in-game was 33.473377 seconds
[04May2026 01:10:39.706] [Render thread/WARN] [ModernFix/]: Total time to load game and open world was 98.12038 seconds
[04May2026 01:10:40.391] [VoiceChatAuthenticationThread/INFO] [voicechat/]: [voicechat] Trying to authenticate voice chat connection
[04May2026 01:10:41.393] [VoiceChatAuthenticationThread/INFO] [voicechat/]: [voicechat] Trying to authenticate voice chat connection
[04May2026 01:10:42.394] [VoiceChatAuthenticationThread/INFO] [voicechat/]: [voicechat] Trying to authenticate voice chat connection
[04May2026 01:10:43.022] [Render thread/WARN] [io.github.apace100.apoli.Apoli/]: Received unknown attacker
[04May2026 01:10:43.398] [VoiceChatAuthenticationThread/INFO] [voicechat/]: [voicechat] Trying to authenticate voice chat connection
[04May2026 01:10:44.399] [VoiceChatAuthenticationThread/INFO] [voicechat/]: [voicechat] Trying to authenticate voice chat connection
[04May2026 01:10:45.400] [VoiceChatAuthenticationThread/INFO] [voicechat/]: [voicechat] Trying to authenticate voice chat connection
[04May2026 01:10:46.400] [VoiceChatAuthenticationThread/INFO] [voicechat/]: [voicechat] Trying to authenticate voice chat connection
[04May2026 01:10:47.401] [VoiceChatAuthenticationThread/INFO] [voicechat/]: [voicechat] Trying to authenticate voice chat connection
[04May2026 01:10:48.403] [VoiceChatAuthenticationThread/INFO] [voicechat/]: [voicechat] Trying to authenticate voice chat connection
[04May2026 01:10:49.436] [VoiceChatAuthenticationThread/WARN] [voicechat/]: [voicechat] Trying to authenticate voice chat connection (this message will not be logged again)
[04May2026 01:10:52.746] [Render thread/INFO] [net.minecraft.client.gui.components.ChatComponent/]: [CHAT] [OriginDump] {"origins:class":"icraft:archmage","origins:gender":"origins_gender:female","origins:origin":"icraft:witch_of_ink","origins:race":"icraft:faefolk"}
[04May2026 01:10:52.747] [Render thread/INFO] [net.minecraft.client.gui.components.ChatComponent/]: [CHAT] [Debug] Matched: <none matched known origins>
[04May2026 01:11:01.563] [Thread-174/WARN] [ModularItem API/]: Couldnt retrieve Miapi Permissions
[04May2026 01:11:17.935] [Render thread/INFO] [net.minecraft.client.gui.components.ChatComponent/]: [CHAT] silvieserene drowned
[04May2026 01:11:24.857] [Render thread/WARN] [net.minecraft.client.multiplayer.ClientPacketListener/]: Received passengers for unknown entity
[04May2026 01:11:55.416] [Render thread/INFO] [FluxNetworks/]: Released client Flux Networks cache
[04May2026 01:11:55.417] [Render thread/INFO] [mezz.jei.forge.startup.StartEventObserver/]: JEI StartEventObserver received class net.minecraftforge.client.event.ClientPlayerNetworkEvent$LoggingOut
[04May2026 01:11:55.417] [Render thread/INFO] [mezz.jei.forge.startup.StartEventObserver/]: JEI StartEventObserver transitioning state from JEI_STARTED to DISABLED
[04May2026 01:11:55.417] [Render thread/INFO] [mezz.jei.library.startup.JeiStarter/]: Stopping JEI
[04May2026 01:11:55.417] [Render thread/INFO] [mezz.jei.library.load.PluginCaller/]: Sending Runtime Unavailable...
[04May2026 01:11:55.417] [Render thread/INFO] [mezz.jei.forge.plugins.forge.ForgeGuiPlugin/]: Stopping JEI GUI
[04May2026 01:11:55.419] [Render thread/INFO] [mezz.jei.library.load.PluginCaller/]: Sending Runtime Unavailable took 2.034 ms
[04May2026 01:11:55.419] [Render thread/INFO] [inventoryhud/]: Curios disabled
[04May2026 01:11:55.432] [Render thread/INFO] [voicechat/]: [voicechat] Clearing audio channels
[04May2026 01:11:55.434] [Render thread/INFO] [voicechat/]: [voicechat] Disconnecting voicechat
[04May2026 01:11:55.609] [Render thread/INFO] [ChunkBuilder/]: Stopping worker threads
[04May2026 01:11:55.615] [Render thread/INFO] [Entity Texture Features/]: [ETF]: emissive suffixes loaded: {_e}
[04May2026 01:11:55.617] [Render thread/WARN] [structurize/]: Client logged off. Resetting Pack Meta and Reloading State
[04May2026 01:11:55.618] [Structurize IO Worker #0/INFO] [structurize/]: Registered structure pack: silvieserene
[04May2026 01:11:55.618] [Structurize IO Worker #0/WARN] [structurize/]: Finished discovering Client Structure packs
[04May2026 01:17:37.210] [Render thread/INFO] [FluxNetworks/]: Released client Flux Networks cache
[04May2026 01:17:37.211] [Render thread/INFO] [inventoryhud/]: Curios disabled
[04May2026 01:17:37.217] [Render thread/INFO] [Entity Texture Features/]: [ETF]: emissive suffixes loaded: {_e}
[04May2026 01:17:37.217] [Render thread/INFO] [net.minecraft.client.gui.screens.ConnectScreen/]: Connecting to 10.0.0.10, 25565
[04May2026 01:17:42.228] [Netty Client IO #7/INFO] [Puzzles Lib/]: Reloading server config for mutantmonsters
[04May2026 01:17:42.529] [Netty Client IO #7/WARN] [net.minecraftforge.common.ForgeConfigSpec/CORE]: Configuration file SimpleCommentedConfig:{biggerstacks=SimpleCommentedConfig:{Increase transfer rate=true}} is not correct. Correcting
[04May2026 01:17:43.431] [Netty Client IO #7/INFO] [Puzzles Lib/]: Reloading server config for easyanvils
[04May2026 01:17:45.928] [Netty Client IO #7/INFO] [quickstack/]: [quickstack]: Configuration changed.
[04May2026 01:17:47.478] [Netty Client IO #7/INFO] [Puzzles Lib/]: Reloading server config for easymagic
[04May2026 01:17:47.629] [Netty Client IO #7/INFO] [FluxNetworks/Energy]: Energy blacklist loaded: 1 block entries, 0 item entries
[04May2026 01:17:48.528] [Netty Client IO #7/INFO] [com.tom.createores.CreateOreExcavation/]: Create Ore Excavation config just got changed on the file system!
[04May2026 01:17:49.829] [Netty Client IO #7/INFO] [net.minecraftforge.network.NetworkHooks/]: Connected to a modded server.
[04May2026 01:17:50.210] [Render thread/INFO] [Oculus/]: Reloading pipeline on dimension change: NamespacedId{namespace='minecraft', name='overworld'} => NamespacedId{namespace='minecraft', name='overworld'}
[04May2026 01:17:50.210] [Render thread/INFO] [Oculus/]: Destroying pipeline NamespacedId{namespace='minecraft', name='overworld'}
[04May2026 01:17:50.210] [Render thread/INFO] [Oculus/]: Creating pipeline for dimension NamespacedId{namespace='minecraft', name='overworld'}
[04May2026 01:17:50.213] [Render thread/WARN] [net.minecraft.client.renderer.EffectInstance/]: Shader estrogen:aberration could not find uniform named InSize in the specified shader program.
[04May2026 01:17:50.214] [Render thread/WARN] [net.minecraft.client.renderer.EffectInstance/]: Shader estrogen:cel could not find sampler named DiffuseDepthSampler in the specified shader program.
[04May2026 01:17:50.214] [Render thread/WARN] [net.minecraft.client.renderer.EffectInstance/]: Shader estrogen:cel could not find uniform named EstrogenFarPlane in the specified shader program.
[04May2026 01:17:50.218] [Render thread/WARN] [net.minecraft.client.renderer.EffectInstance/]: Shader estrogen:aberration could not find uniform named InSize in the specified shader program.
[04May2026 01:17:50.219] [Render thread/WARN] [net.minecraft.client.renderer.EffectInstance/]: Shader estrogen:cel could not find sampler named DiffuseDepthSampler in the specified shader program.
[04May2026 01:17:50.219] [Render thread/WARN] [net.minecraft.client.renderer.EffectInstance/]: Shader estrogen:cel could not find uniform named EstrogenFarPlane in the specified shader program.
[04May2026 01:17:50.222] [Render thread/INFO] [ChunkBuilder/]: Started 2 worker threads
[04May2026 01:17:50.224] [Render thread/INFO] [net.minecraft.client.gui.components.ChatComponent/]: [CHAT] Just Enough Resources 1.20.1-1.4.0.247 Release is broken on servers. Please Remove it.
[04May2026 01:17:50.224] [Render thread/INFO] [net.minecraft.client.gui.components.ChatComponent/]: [CHAT] For more information you can read this
[04May2026 01:17:50.224] [Render thread/INFO] [net.minecraft.client.gui.components.ChatComponent/]: [CHAT] This message was sent by Truly Modular.
[04May2026 01:17:50.224] [Render thread/WARN] [KubeJS Client/]: auto_fix_prism_prelaunch.js#39: [auto_fix_prism] Failed: InternalError: Failed to load Java class 'java.io.File': Class is not allowed by class filter!
[04May2026 01:17:50.225] [Render thread/INFO] [mezz.jei.forge.startup.StartEventObserver/]: JEI StartEventObserver received class net.minecraftforge.client.event.ClientPlayerNetworkEvent$LoggingIn
[04May2026 01:17:50.225] [Render thread/INFO] [mezz.jei.forge.startup.StartEventObserver/]: JEI StartEventObserver transitioning state from DISABLED to ENABLED
[04May2026 01:17:50.225] [Render thread/INFO] [voicechat/]: [voicechat] Sending secret request to the server
[04May2026 01:17:50.225] [Render thread/WARN] [voicechat/]: [voicechat] Failed to open audio device 'OpenAL Soft on Realtek HD Audio 2nd output (Realtek(R) Audio)', falling back to default
[04May2026 01:17:50.255] [Render thread/INFO] [Sound Physics - General/]: Initializing sound physics for voice chat audio
[04May2026 01:17:50.256] [Render thread/INFO] [Sound Physics - General/]: Initializing Sound Physics
[04May2026 01:17:50.256] [Render thread/INFO] [Sound Physics - General/]: EFX Extension recognized
[04May2026 01:17:50.256] [Render thread/INFO] [Sound Physics - General/]: Max auxiliary sends: 2
[04May2026 01:17:50.256] [Render thread/INFO] [Sound Physics - General/]: Aux slot 1 created
[04May2026 01:17:50.256] [Render thread/INFO] [Sound Physics - General/]: Aux slot 2 created
[04May2026 01:17:50.256] [Render thread/INFO] [Sound Physics - General/]: Aux slot 3 created
[04May2026 01:17:50.256] [Render thread/INFO] [Sound Physics - General/]: Aux slot 4 created
[04May2026 01:17:50.256] [Render thread/INFO] [Sound Physics - General/]: EFX ready
[04May2026 01:17:50.257] [Render thread/INFO] [net.minecraft.client.gui.components.ChatComponent/]: [CHAT] ProbeJS is enabled! You should exclude .probe generated when you finished development, and disable the mod by: /probejs disable
[04May2026 01:17:50.275] [Render thread/INFO] [net.minecraft.client.gui.components.ChatComponent/]: [CHAT] Congratulations! Your code passed linting!
[04May2026 01:17:50.275] [Render thread/INFO] [net.minecraft.client.gui.components.ChatComponent/]: [CHAT] To learn about how to use ProbeJS (or report issue), please go to the Github Page
[04May2026 01:17:50.277] [Render thread/INFO] [mezz.jei.library.ingredients.IngredientManager/]: Ingredients are being removed at runtime: 1418 de.melanx.jea.api.client.IAdvancementInfo
[04May2026 01:17:50.278] [Render thread/INFO] [mezz.jei.library.ingredients.IngredientManager/]: Ingredients are being added at runtime: 1568 de.melanx.jea.api.client.IAdvancementInfo
[04May2026 01:17:50.280] [Render thread/INFO] [io.redspace.ironsspellbooks.IronsSpellbooks/]: Handling spell config sync 0 files
[04May2026 01:17:50.280] [Render thread/INFO] [net.minecraft.client.gui.components.ChatComponent/]: [CHAT] [Mekanism] Broken tags in Mekanism recipes detected, please check server logs for details. You will be missing some recipes and machines may not accept expected inputs.
[04May2026 01:17:50.280] [Render thread/INFO] [ModdingLegacy/blue_skies/]: Recieved ToolHandleTypeManager from the server
[04May2026 01:17:50.280] [Render thread/INFO] [ModdingLegacy/blue_skies/]: Recieved SnowcapOvenFreezingManager from the server
[04May2026 01:17:50.280] [Render thread/INFO] [ModdingLegacy/blue_skies/]: Recieved HorizoniteForgeFuelManager from the server
[04May2026 01:17:50.280] [Render thread/INFO] [ModdingLegacy/blue_skies/]: Recieved AlchemyRecipeManager from the server
[04May2026 01:17:50.280] [Render thread/INFO] [ModdingLegacy/blue_skies/]: Recieved JournalEntryManager from the server
[04May2026 01:17:50.280] [Render thread/INFO] [ModdingLegacy/blue_skies/]: Recieved JournalSectionManager from the server
[04May2026 01:17:50.280] [Render thread/INFO] [ModdingLegacy/blue_skies/]: Recieved JournalRequirementManager from the server
[04May2026 01:17:50.281] [Render thread/INFO] [Supplementaries/]: Synced Flute Songs
[04May2026 01:17:50.281] [Render thread/INFO] [Supplementaries/]: Synced Captured Mobs settings
[04May2026 01:17:50.281] [Render thread/INFO] [Supplementaries/]: Synced Globe data
[04May2026 01:17:50.281] [Render thread/INFO] [Supplementaries/]: Synced Hourglass data
[04May2026 01:17:50.281] [Render thread/INFO] [placebo/]: Starting sync for enchanting_stats
[04May2026 01:17:50.281] [Render thread/INFO] [Apotheosis : Enchantment/]: Registered 31 enchanting_stats.
[04May2026 01:17:50.281] [Render thread/INFO] [placebo/]: Starting sync for rarities
[04May2026 01:17:50.281] [Render thread/INFO] [Apotheosis : Adventure/]: Registered 6 rarities.
[04May2026 01:17:50.281] [Render thread/INFO] [placebo/]: Starting sync for affixes
[04May2026 01:17:50.283] [Render thread/INFO] [Apotheosis : Adventure/]: Registered 137 affixes.
[04May2026 01:17:50.284] [Render thread/WARN] [Apotheosis : Adventure/]: Insufficient number of affixes to satisfy the loot rules (ignoring backup rules) of rarity apotheosis:mythic for category helmetRequired: 3; Provided: 2
[04May2026 01:17:50.284] [Render thread/WARN] [Apotheosis : Adventure/]: Insufficient number of affixes to satisfy the loot rules (ignoring backup rules) of rarity apotheosis:mythic for category bootsRequired: 3; Provided: 2
[04May2026 01:17:50.284] [Render thread/WARN] [Apotheosis : Adventure/]: Insufficient number of affixes to satisfy the loot rules (ignoring backup rules) of rarity apotheosis:ancient for category helmetRequired: 4; Provided: 2
[04May2026 01:17:50.284] [Render thread/WARN] [Apotheosis : Adventure/]: Insufficient number of affixes to satisfy the loot rules (ignoring backup rules) of rarity apotheosis:ancient for category bootsRequired: 4; Provided: 2
[04May2026 01:17:50.284] [Render thread/WARN] [Apotheosis : Adventure/]: Insufficient number of affixes to satisfy the loot rules (ignoring backup rules) of rarity apotheosis:ancient for category pickaxeRequired: 5; Provided: 4
[04May2026 01:17:50.284] [Render thread/WARN] [Apotheosis : Adventure/]: Insufficient number of affixes to satisfy the loot rules (ignoring backup rules) of rarity apotheosis:ancient for category shovelRequired: 5; Provided: 4
[04May2026 01:17:50.284] [Render thread/INFO] [placebo/]: Starting sync for gems
[04May2026 01:17:50.286] [Render thread/INFO] [Apotheosis : Adventure/]: Registered 34 gems.
[04May2026 01:17:50.286] [Render thread/INFO] [Iron Jetpacks/]: Loaded 14 jetpacks from the server
[04May2026 01:17:50.291] [Render thread/INFO] [dev.corgitaco.enhancedcelestials.EnhancedCelestials/]: Possible lunar events for dimension "minecraft:overworld" are [enhancedcelestials:super_blood_moon, enhancedcelestials:blue_moon, enhancedcelestials:blood_moon, enhancedcelestials:super_moon, enhancedcelestials:super_harvest_moon, enhancedcelestials:super_blue_moon, enhancedcelestials:harvest_moon].
[04May2026 01:17:50.341] [Render thread/INFO] [inventoryhud/]: Curios has been initialized with 35 slot(s) after 1 tries
[04May2026 01:17:51.213] [Netty Client IO #7/WARN] [com.simibubi.create.Create/]: Your custom createaddition:rolling/brass_ingot recipe (createaddition:rolling/brass_ingot) specified a duration. Durations have no impact on this type of recipe.
[04May2026 01:17:51.408] [Netty Client IO #7/WARN] [com.simibubi.create.Create/]: Your custom createaddition:rolling/gold_ingot recipe (createaddition:rolling/gold_ingot) specified a duration. Durations have no impact on this type of recipe.
[04May2026 01:17:51.494] [Netty Client IO #7/WARN] [com.simibubi.create.Create/]: Your custom createaddition:rolling/gold_plate recipe (createaddition:rolling/gold_plate) specified a duration. Durations have no impact on this type of recipe.
[04May2026 01:17:51.530] [Netty Client IO #7/WARN] [com.simibubi.create.Create/]: Your custom createaddition:rolling/iron_plate recipe (createaddition:rolling/iron_plate) specified a duration. Durations have no impact on this type of recipe.
[04May2026 01:17:51.564] [Netty Client IO #7/WARN] [com.simibubi.create.Create/]: Your custom createaddition:rolling/copper_ingot recipe (createaddition:rolling/copper_ingot) specified a duration. Durations have no impact on this type of recipe.
[04May2026 01:17:51.698] [Netty Client IO #7/WARN] [com.simibubi.create.Create/]: Your custom createaddition:rolling/straw recipe (createaddition:rolling/straw) specified a duration. Durations have no impact on this type of recipe.
[04May2026 01:17:51.923] [Netty Client IO #7/WARN] [com.simibubi.create.Create/]: Your custom createaddition:rolling/electrum_ingot recipe (createaddition:rolling/electrum_ingot) specified a duration. Durations have no impact on this type of recipe.
[04May2026 01:17:51.971] [Netty Client IO #7/WARN] [com.simibubi.create.Create/]: Your custom createaddition:rolling/iron_ingot recipe (createaddition:rolling/iron_ingot) specified a duration. Durations have no impact on this type of recipe.
[04May2026 01:17:52.076] [Netty Client IO #7/WARN] [com.simibubi.create.Create/]: Your custom createaddition:rolling/electrum_plate recipe (createaddition:rolling/electrum_plate) specified a duration. Durations have no impact on this type of recipe.
[04May2026 01:17:52.176] [Netty Client IO #7/WARN] [com.simibubi.create.Create/]: Your custom createaddition:rolling/copper_plate recipe (createaddition:rolling/copper_plate) specified a duration. Durations have no impact on this type of recipe.
[04May2026 01:17:52.326] [Render thread/WARN] [net.minecraft.client.ClientRecipeBook/]: Unknown recipe category: apotheosis:fletching/apotheosis:fletching/obsidian_arrow
[04May2026 01:17:52.328] [Render thread/WARN] [net.minecraft.client.ClientRecipeBook/]: Unknown recipe category: forbidden_arcanus:clibano_combustion/forbidden_arcanus:clibano_combustion/copper_ingot_from_clibano_combusting
[04May2026 01:17:52.328] [Render thread/WARN] [net.minecraft.client.ClientRecipeBook/]: Unknown recipe category: forbidden_arcanus:clibano_combustion/forbidden_arcanus:clibano_combustion/gold_ingot_from_clibano_combusting_raw_gold
[04May2026 01:17:52.330] [Netty Client IO #7/INFO] [net.bettercombat.logic.WeaponRegistry/]: Decoded and decompressed Weapon Attribute registry in 2 string chunks
[04May2026 01:17:52.330] [Render thread/WARN] [net.minecraft.client.ClientRecipeBook/]: Unknown recipe category: cataclysm:weapon_fusion/cataclysm:weapon_infusion/void_assault_shoulder_weapon
[04May2026 01:17:52.332] [Render thread/WARN] [net.minecraft.client.ClientRecipeBook/]: Unknown recipe category: cataclysm:weapon_fusion/cataclysm:weapon_infusion/void_forge
[04May2026 01:17:52.333] [Render thread/WARN] [net.minecraft.client.ClientRecipeBook/]: Unknown recipe category: apotheosis:fletching/apotheosis:fletching/diamond_mining_arrow
[04May2026 01:17:52.333] [Render thread/WARN] [net.minecraft.client.ClientRecipeBook/]: Unknown recipe category: cataclysm:weapon_fusion/cataclysm:weapon_infusion/gauntlet_of_bulwark
[04May2026 01:17:52.333] [Render thread/WARN] [net.minecraft.client.ClientRecipeBook/]: Unknown recipe category: [!!!com.mojang.logging.LogUtils$1ToString@73ceae47=>java.lang.NullPointerException:Cannot invoke "Object.toString()" because the return value of "java.util.function.Supplier.get()" is null!!!]/theabyss:lurker_juice_rcp
[04May2026 01:17:52.334] [Render thread/WARN] [net.minecraft.client.ClientRecipeBook/]: Unknown recipe category: deep_aether:poison_recipe/deep_aether:golden_dart_from_poison
[04May2026 01:17:52.334] [Render thread/WARN] [net.minecraft.client.ClientRecipeBook/]: Unknown recipe category: [!!!com.mojang.logging.LogUtils$1ToString@6e0ac95b=>java.lang.NullPointerException:Cannot invoke "Object.toString()" because the return value of "java.util.function.Supplier.get()" is null!!!]/theabyss:fear_powder_rcp
[04May2026 01:17:52.335] [Render thread/WARN] [net.minecraft.client.ClientRecipeBook/]: Unknown recipe category: forbidden_arcanus:clibano_combustion/forbidden_arcanus:clibano_combustion/iron_ingot_from_clibano_combusting_raw_iron
[04May2026 01:17:52.335] [Render thread/WARN] [net.minecraft.client.ClientRecipeBook/]: Unknown recipe category: [!!!com.mojang.logging.LogUtils$1ToString@4c9d3743=>java.lang.NullPointerException:Cannot invoke "Object.toString()" because the return value of "java.util.function.Supplier.get()" is null!!!]/theabyss:anti_fear_essence_rcp
[04May2026 01:17:52.336] [Render thread/WARN] [net.minecraft.client.ClientRecipeBook/]: Unknown recipe category: [!!!com.mojang.logging.LogUtils$1ToString@8c489c2=>java.lang.NullPointerException:Cannot invoke "Object.toString()" because the return value of "java.util.function.Supplier.get()" is null!!!]/theabyss:somnium_upgrade_damage_rcp
[04May2026 01:17:52.336] [Render thread/WARN] [net.minecraft.client.ClientRecipeBook/]: Unknown recipe category: [!!!com.mojang.logging.LogUtils$1ToString@e7ea20b=>java.lang.NullPointerException:Cannot invoke "Object.toString()" because the return value of "java.util.function.Supplier.get()" is null!!!]/simplefarming:wine
[04May2026 01:17:52.336] [Render thread/WARN] [net.minecraft.client.ClientRecipeBook/]: Unknown recipe category: deep_aether:poison_recipe/deep_aether:purple_squash_from_green_squash
[04May2026 01:17:52.336] [Render thread/WARN] [net.minecraft.client.ClientRecipeBook/]: Unknown recipe category: [!!!com.mojang.logging.LogUtils$1ToString@3606f28e=>java.lang.NullPointerException:Cannot invoke "Object.toString()" because the return value of "java.util.function.Supplier.get()" is null!!!]/theabyss:hollow_powder_rcp
[04May2026 01:17:52.337] [Render thread/WARN] [net.minecraft.client.ClientRecipeBook/]: Unknown recipe category: forbidden_arcanus:clibano_combustion/forbidden_arcanus:clibano_combustion/arcane_crystal_from_clibano_combusting
[04May2026 01:17:52.337] [Render thread/WARN] [net.minecraft.client.ClientRecipeBook/]: Unknown recipe category: cataclysm:weapon_fusion/cataclysm:weapon_infusion/the_immolator
[04May2026 01:17:52.338] [Render thread/WARN] [net.minecraft.client.ClientRecipeBook/]: Unknown recipe category: forbidden_arcanus:clibano_combustion/forbidden_arcanus:clibano_combustion/deorum_nugget_from_clibano_combusting
[04May2026 01:17:52.338] [Render thread/WARN] [net.minecraft.client.ClientRecipeBook/]: Unknown recipe category: [!!!com.mojang.logging.LogUtils$1ToString@1304fc22=>java.lang.NullPointerException:Cannot invoke "Object.toString()" because the return value of "java.util.function.Supplier.get()" is null!!!]/theabyss:somnium_upgrade_regen_rcp
[04May2026 01:17:52.338] [Render thread/WARN] [net.minecraft.client.ClientRecipeBook/]: Unknown recipe category: [!!!com.mojang.logging.LogUtils$1ToString@3fa2ed19=>java.lang.NullPointerException:Cannot invoke "Object.toString()" because the return value of "java.util.function.Supplier.get()" is null!!!]/simplefarming:vodka
[04May2026 01:17:52.339] [Render thread/WARN] [net.minecraft.client.ClientRecipeBook/]: Unknown recipe category: deep_aether:poison_recipe/deep_aether:quicksoil_from_poison
[04May2026 01:17:52.339] [Render thread/WARN] [net.minecraft.client.ClientRecipeBook/]: Unknown recipe category: [!!!com.mojang.logging.LogUtils$1ToString@44377e1c=>java.lang.NullPointerException:Cannot invoke "Object.toString()" because the return value of "java.util.function.Supplier.get()" is null!!!]/simplefarming:beer
[04May2026 01:17:52.339] [Render thread/WARN] [net.minecraft.client.ClientRecipeBook/]: Unknown recipe category: [!!!com.mojang.logging.LogUtils$1ToString@45a47696=>java.lang.NullPointerException:Cannot invoke "Object.toString()" because the return value of "java.util.function.Supplier.get()" is null!!!]/theabyss:abyss_crystal_rcp
[04May2026 01:17:52.339] [Render thread/WARN] [net.minecraft.client.ClientRecipeBook/]: Unknown recipe category: forbidden_arcanus:clibano_combustion/forbidden_arcanus:clibano_combustion/gold_ingot_from_clibano_combusting
[04May2026 01:17:52.339] [Render thread/WARN] [net.minecraft.client.ClientRecipeBook/]: Unknown recipe category: [!!!com.mojang.logging.LogUtils$1ToString@717567ec=>java.lang.NullPointerException:Cannot invoke "Object.toString()" because the return value of "java.util.function.Supplier.get()" is null!!!]/theabyss:caverna_crystal_rcp
[04May2026 01:17:52.339] [Render thread/WARN] [net.minecraft.client.ClientRecipeBook/]: Unknown recipe category: [!!!com.mojang.logging.LogUtils$1ToString@599796fe=>java.lang.NullPointerException:Cannot invoke "Object.toString()" because the return value of "java.util.function.Supplier.get()" is null!!!]/simplefarming:tiswin
[04May2026 01:17:52.340] [Render thread/WARN] [net.minecraft.client.ClientRecipeBook/]: Unknown recipe category: deep_aether:poison_recipe/deep_aether:purple_squash_from_blue_squash
[04May2026 01:17:52.340] [Render thread/WARN] [net.minecraft.client.ClientRecipeBook/]: Unknown recipe category: [!!!com.mojang.logging.LogUtils$1ToString@262fd44e=>java.lang.NullPointerException:Cannot invoke "Object.toString()" because the return value of "java.util.function.Supplier.get()" is null!!!]/theabyss:frost_powder_rcp
[04May2026 01:17:52.340] [Render thread/WARN] [net.minecraft.client.ClientRecipeBook/]: Unknown recipe category: [!!!com.mojang.logging.LogUtils$1ToString@40d916db=>java.lang.NullPointerException:Cannot invoke "Object.toString()" because the return value of "java.util.function.Supplier.get()" is null!!!]/theabyss:caverna_powder_rcp
[04May2026 01:17:52.340] [Render thread/WARN] [net.minecraft.client.ClientRecipeBook/]: Unknown recipe category: forbidden_arcanus:clibano_combustion/forbidden_arcanus:clibano_combustion/lapis_lazuli_from_clibano_combusting
[04May2026 01:17:52.341] [Render thread/WARN] [net.minecraft.client.ClientRecipeBook/]: Unknown recipe category: [!!!com.mojang.logging.LogUtils$1ToString@1ac9532b=>java.lang.NullPointerException:Cannot invoke "Object.toString()" because the return value of "java.util.function.Supplier.get()" is null!!!]/theabyss:ender_crystal_rcp
[04May2026 01:17:52.341] [Render thread/WARN] [net.minecraft.client.ClientRecipeBook/]: Unknown recipe category: [!!!com.mojang.logging.LogUtils$1ToString@7f8c16ea=>java.lang.NullPointerException:Cannot invoke "Object.toString()" because the return value of "java.util.function.Supplier.get()" is null!!!]/simplefarming:mead
[04May2026 01:17:52.341] [Render thread/WARN] [net.minecraft.client.ClientRecipeBook/]: Unknown recipe category: apotheosis:fletching/apotheosis:fletching/broadhead_arrow
[04May2026 01:17:52.342] [Render thread/WARN] [net.minecraft.client.ClientRecipeBook/]: Unknown recipe category: apotheosis:fletching/apotheosis:fletching/arrow
[04May2026 01:17:52.343] [Render thread/WARN] [net.minecraft.client.ClientRecipeBook/]: Unknown recipe category: [!!!com.mojang.logging.LogUtils$1ToString@27d930f1=>java.lang.NullPointerException:Cannot invoke "Object.toString()" because the return value of "java.util.function.Supplier.get()" is null!!!]/theabyss:warped_powder_rcp
[04May2026 01:17:52.343] [Render thread/WARN] [net.minecraft.client.ClientRecipeBook/]: Unknown recipe category: [!!!com.mojang.logging.LogUtils$1ToString@2f3e851f=>java.lang.NullPointerException:Cannot invoke "Object.toString()" because the return value of "java.util.function.Supplier.get()" is null!!!]/theabyss:crimson_powder_rcp
[04May2026 01:17:52.344] [Render thread/WARN] [net.minecraft.client.ClientRecipeBook/]: Unknown recipe category: [!!!com.mojang.logging.LogUtils$1ToString@7f3edbd8=>java.lang.NullPointerException:Cannot invoke "Object.toString()" because the return value of "java.util.function.Supplier.get()" is null!!!]/theabyss:hollow_crystal_rcp
[04May2026 01:17:52.344] [Render thread/WARN] [net.minecraft.client.ClientRecipeBook/]: Unknown recipe category: [!!!com.mojang.logging.LogUtils$1ToString@601aa993=>java.lang.NullPointerException:Cannot invoke "Object.toString()" because the return value of "java.util.function.Supplier.get()" is null!!!]/theabyss:crimson_crystal_rcp
[04May2026 01:17:52.344] [Render thread/WARN] [net.minecraft.client.ClientRecipeBook/]: Unknown recipe category: cataclysm:weapon_fusion/cataclysm:weapon_infusion/ignitium_elytra_chestplate
[04May2026 01:17:52.344] [Render thread/WARN] [net.minecraft.client.ClientRecipeBook/]: Unknown recipe category: forbidden_arcanus:clibano_combustion/forbidden_arcanus:clibano_combustion/coal_from_clibano_combusting
[04May2026 01:17:52.345] [Render thread/WARN] [net.minecraft.client.ClientRecipeBook/]: Unknown recipe category: [!!!com.mojang.logging.LogUtils$1ToString@e2a43d9=>java.lang.NullPointerException:Cannot invoke "Object.toString()" because the return value of "java.util.function.Supplier.get()" is null!!!]/theabyss:somnium_upgrade_cooldown_rcp
[04May2026 01:17:52.345] [Render thread/WARN] [net.minecraft.client.ClientRecipeBook/]: Unknown recipe category: [!!!com.mojang.logging.LogUtils$1ToString@55e7297e=>java.lang.NullPointerException:Cannot invoke "Object.toString()" because the return value of "java.util.function.Supplier.get()" is null!!!]/theabyss:aurel_powder_rcp
[04May2026 01:17:52.346] [Render thread/WARN] [net.minecraft.client.ClientRecipeBook/]: Unknown recipe category: forbidden_arcanus:clibano_combustion/forbidden_arcanus:clibano_combustion/netherite_scrap_from_clibano_combusting
[04May2026 01:17:52.346] [Render thread/WARN] [net.minecraft.client.ClientRecipeBook/]: Unknown recipe category: [!!!com.mojang.logging.LogUtils$1ToString@5c8ec801=>java.lang.NullPointerException:Cannot invoke "Object.toString()" because the return value of "java.util.function.Supplier.get()" is null!!!]/theabyss:ardor_powder_rcp
[04May2026 01:17:52.346] [Render thread/WARN] [net.minecraft.client.ClientRecipeBook/]: Unknown recipe category: [!!!com.mojang.logging.LogUtils$1ToString@696da432=>java.lang.NullPointerException:Cannot invoke "Object.toString()" because the return value of "java.util.function.Supplier.get()" is null!!!]/theabyss:immortal_substance_rcp
[04May2026 01:17:52.347] [Render thread/WARN] [net.minecraft.client.ClientRecipeBook/]: Unknown recipe category: deep_aether:poison_recipe/deep_aether:skyroot_poison_bucket_from_poison
[04May2026 01:17:52.347] [Render thread/WARN] [net.minecraft.client.ClientRecipeBook/]: Unknown recipe category: [!!!com.mojang.logging.LogUtils$1ToString@3505064d=>java.lang.NullPointerException:Cannot invoke "Object.toString()" because the return value of "java.util.function.Supplier.get()" is null!!!]/theabyss:vit_powder_rcp
[04May2026 01:17:52.347] [Render thread/WARN] [net.minecraft.client.ClientRecipeBook/]: Unknown recipe category: forbidden_arcanus:clibano_combustion/forbidden_arcanus:clibano_combustion/emerald_from_clibano_combusting
[04May2026 01:17:52.348] [Render thread/WARN] [net.minecraft.client.ClientRecipeBook/]: Unknown recipe category: [!!!com.mojang.logging.LogUtils$1ToString@5945654a=>java.lang.NullPointerException:Cannot invoke "Object.toString()" because the return value of "java.util.function.Supplier.get()" is null!!!]/simplefarming:cider
[04May2026 01:17:52.349] [Render thread/WARN] [net.minecraft.client.ClientRecipeBook/]: Unknown recipe category: [!!!com.mojang.logging.LogUtils$1ToString@73a160a3=>java.lang.NullPointerException:Cannot invoke "Object.toString()" because the return value of "java.util.function.Supplier.get()" is null!!!]/simplefarming:cauim
[04May2026 01:17:52.349] [Render thread/WARN] [net.minecraft.client.ClientRecipeBook/]: Unknown recipe category: cataclysm:weapon_fusion/cataclysm:weapon_infusion/wrath_of_the_desert
[04May2026 01:17:52.349] [Render thread/WARN] [net.minecraft.client.ClientRecipeBook/]: Unknown recipe category: forbidden_arcanus:clibano_combustion/forbidden_arcanus:clibano_combustion/rune_from_clibano_combusting
[04May2026 01:17:52.349] [Render thread/WARN] [net.minecraft.client.ClientRecipeBook/]: Unknown recipe category: [!!!com.mojang.logging.LogUtils$1ToString@776916d1=>java.lang.NullPointerException:Cannot invoke "Object.toString()" because the return value of "java.util.function.Supplier.get()" is null!!!]/theabyss:abyss_powder_rcp
[04May2026 01:17:52.349] [Render thread/WARN] [net.minecraft.client.ClientRecipeBook/]: Unknown recipe category: apotheosis:fletching/apotheosis:fletching/spectral_arrow
[04May2026 01:17:52.349] [Render thread/WARN] [net.minecraft.client.ClientRecipeBook/]: Unknown recipe category: [!!!com.mojang.logging.LogUtils$1ToString@6ac3511f=>java.lang.NullPointerException:Cannot invoke "Object.toString()" because the return value of "java.util.function.Supplier.get()" is null!!!]/theabyss:aurel_crystal_rcp
[04May2026 01:17:52.349] [Render thread/WARN] [net.minecraft.client.ClientRecipeBook/]: Unknown recipe category: deep_aether:poison_recipe/deep_aether:gravitite_ore_from_poison
[04May2026 01:17:52.349] [Render thread/WARN] [net.minecraft.client.ClientRecipeBook/]: Unknown recipe category: forbidden_arcanus:clibano_combustion/forbidden_arcanus:clibano_combustion/iron_ingot_from_clibano_combusting
[04May2026 01:17:52.349] [Render thread/WARN] [net.minecraft.client.ClientRecipeBook/]: Unknown recipe category: [!!!com.mojang.logging.LogUtils$1ToString@18de0638=>java.lang.NullPointerException:Cannot invoke "Object.toString()" because the return value of "java.util.function.Supplier.get()" is null!!!]/theabyss:ender_powder_rcp
[04May2026 01:17:52.350] [Render thread/WARN] [net.minecraft.client.ClientRecipeBook/]: Unknown recipe category: [!!!com.mojang.logging.LogUtils$1ToString@6002d9f8=>java.lang.NullPointerException:Cannot invoke "Object.toString()" because the return value of "java.util.function.Supplier.get()" is null!!!]/theabyss:warped_crystal_rcp
[04May2026 01:17:52.350] [Render thread/WARN] [net.minecraft.client.ClientRecipeBook/]: Unknown recipe category: [!!!com.mojang.logging.LogUtils$1ToString@5f6294b7=>java.lang.NullPointerException:Cannot invoke "Object.toString()" because the return value of "java.util.function.Supplier.get()" is null!!!]/theabyss:anti_infection_rcp
[04May2026 01:17:52.350] [Render thread/WARN] [net.minecraft.client.ClientRecipeBook/]: Unknown recipe category: deep_aether:poison_recipe/deep_aether:holystone_from_poison
[04May2026 01:17:52.350] [Render thread/WARN] [net.minecraft.client.ClientRecipeBook/]: Unknown recipe category: [!!!com.mojang.logging.LogUtils$1ToString@2f596ded=>java.lang.NullPointerException:Cannot invoke "Object.toString()" because the return value of "java.util.function.Supplier.get()" is null!!!]/theabyss:tenebris_powder_rcp
[04May2026 01:17:52.351] [Render thread/WARN] [net.minecraft.client.ClientRecipeBook/]: Unknown recipe category: [!!!com.mojang.logging.LogUtils$1ToString@475e51f8=>java.lang.NullPointerException:Cannot invoke "Object.toString()" because the return value of "java.util.function.Supplier.get()" is null!!!]/theabyss:somnium_upgrade_usage_rcp
[04May2026 01:17:52.351] [Render thread/WARN] [net.minecraft.client.ClientRecipeBook/]: Unknown recipe category: [!!!com.mojang.logging.LogUtils$1ToString@31e58df2=>java.lang.NullPointerException:Cannot invoke "Object.toString()" because the return value of "java.util.function.Supplier.get()" is null!!!]/theabyss:frost_crystal_rcp
[04May2026 01:17:52.351] [Render thread/WARN] [net.minecraft.client.ClientRecipeBook/]: Unknown recipe category: [!!!com.mojang.logging.LogUtils$1ToString@7ae96055=>java.lang.NullPointerException:Cannot invoke "Object.toString()" because the return value of "java.util.function.Supplier.get()" is null!!!]/simplefarming:whiskey
[04May2026 01:17:52.352] [Render thread/WARN] [net.minecraft.client.ClientRecipeBook/]: Unknown recipe category: brewinandchewin:fermenting/culturaldelights:fermenting/pickle
[04May2026 01:17:52.352] [Render thread/WARN] [net.minecraft.client.ClientRecipeBook/]: Unknown recipe category: apotheosis:fletching/apotheosis:fletching/iron_mining_arrow
[04May2026 01:17:52.352] [Render thread/WARN] [net.minecraft.client.ClientRecipeBook/]: Unknown recipe category: forbidden_arcanus:clibano_combustion/forbidden_arcanus:clibano_combustion/copper_ingot_from_clibano_combusting_raw_copper
[04May2026 01:17:52.353] [Render thread/WARN] [net.minecraft.client.ClientRecipeBook/]: Unknown recipe category: [!!!com.mojang.logging.LogUtils$1ToString@1ebb4ce0=>java.lang.NullPointerException:Cannot invoke "Object.toString()" because the return value of "java.util.function.Supplier.get()" is null!!!]/simplefarming:sake
[04May2026 01:17:52.353] [Render thread/WARN] [net.minecraft.client.ClientRecipeBook/]: Unknown recipe category: apotheosis:fletching/apotheosis:fletching/explosive_arrow
[04May2026 01:17:52.354] [Render thread/WARN] [net.minecraft.client.ClientRecipeBook/]: Unknown recipe category: deep_aether:poison_recipe/deep_aether:blueberry_from_poison
[04May2026 01:17:52.354] [Render thread/WARN] [net.minecraft.client.ClientRecipeBook/]: Unknown recipe category: cataclysm:weapon_fusion/cataclysm:weapon_infusion/brontes
[04May2026 01:17:52.356] [Render thread/WARN] [net.minecraft.client.ClientRecipeBook/]: Unknown recipe category: cataclysm:weapon_fusion/cataclysm:weapon_infusion/gauntlet_of_maelstrom
[04May2026 01:17:52.356] [Render thread/WARN] [net.minecraft.client.ClientRecipeBook/]: Unknown recipe category: forbidden_arcanus:clibano_combustion/forbidden_arcanus:clibano_combustion/arcane_crystal_dust_from_clibano_combusting
[04May2026 01:17:52.357] [Render thread/WARN] [net.minecraft.client.ClientRecipeBook/]: Unknown recipe category: estrogen:entity_interaction/estrogen:entity_interaction/horse_urine_bottle
[04May2026 01:17:52.361] [Render thread/INFO] [mezz.jei.forge.startup.StartEventObserver/]: JEI StartEventObserver received class net.minecraftforge.client.event.RecipesUpdatedEvent
[04May2026 01:17:52.594] [Render thread/INFO] [Modonomicon/]: Building books ...
[04May2026 01:17:52.594] [Render thread/INFO] [Modonomicon/]: Books built.
[04May2026 01:17:52.594] [Render thread/INFO] [Modonomicon/]: Pre-rendering markdown ...
[04May2026 01:17:52.601] [Render thread/INFO] [Modonomicon/]: Finished pre-rendering markdown.
[04May2026 01:17:52.707] [Render thread/INFO] [mezz.jei.forge.startup.StartEventObserver/]: JEI StartEventObserver received class net.minecraftforge.event.TagsUpdatedEvent
[04May2026 01:17:52.707] [Render thread/INFO] [mezz.jei.forge.startup.StartEventObserver/]: JEI StartEventObserver transitioning state from ENABLED to JEI_STARTED
[04May2026 01:17:52.707] [Render thread/INFO] [mezz.jei.core.util.LoggedTimer/]: Starting JEI...
[04May2026 01:17:52.707] [Render thread/INFO] [mezz.jei.library.load.PluginCaller/]: Registering item subtypes...
[04May2026 01:17:52.709] [Render thread/INFO] [mezz.jei.library.load.PluginCaller/]: Registering item subtypes took 2.448 ms
[04May2026 01:17:52.709] [Render thread/INFO] [mezz.jei.library.load.PluginCaller/]: Registering fluid subtypes...
[04May2026 01:17:52.710] [Render thread/INFO] [mezz.jei.library.load.PluginCaller/]: Registering fluid subtypes took 404.8 ?s
[04May2026 01:17:52.710] [Render thread/INFO] [mezz.jei.library.load.PluginCaller/]: Registering ingredients...
[04May2026 01:17:52.763] [Render thread/ERROR] [zeta/]: Creative tab loop found when adding Block{quark:monster_box} next to Block{minecraft:spawner}
[04May2026 01:17:52.763] [Render thread/ERROR] [zeta/]: For more info enable Creative Verbose Logging in the Zeta config, or set Force Creative Tab Appends to true to disable this behavior
[04May2026 01:17:52.763] [Render thread/ERROR] [zeta/]: Creative tab loop found when adding Block{quark:monster_box} next to Block{minecraft:spawner}
[04May2026 01:17:52.763] [Render thread/ERROR] [zeta/]: For more info enable Creative Verbose Logging in the Zeta config, or set Force Creative Tab Appends to true to disable this behavior
[04May2026 01:17:52.763] [Render thread/ERROR] [zeta/]: Creative tab loop found when adding Block{quark:monster_box} next to Block{minecraft:spawner}
[04May2026 01:17:52.763] [Render thread/ERROR] [zeta/]: For more info enable Creative Verbose Logging in the Zeta config, or set Force Creative Tab Appends to true to disable this behavior
[04May2026 01:17:52.763] [Render thread/ERROR] [zeta/]: Creative tab loop found when adding Block{quark:monster_box} next to Block{minecraft:spawner}
[04May2026 01:17:52.763] [Render thread/ERROR] [zeta/]: For more info enable Creative Verbose Logging in the Zeta config, or set Force Creative Tab Appends to true to disable this behavior
[04May2026 01:17:52.763] [Render thread/ERROR] [zeta/]: Creative tab loop found when adding Block{quark:monster_box} next to Block{minecraft:spawner}
[04May2026 01:17:52.763] [Render thread/ERROR] [zeta/]: For more info enable Creative Verbose Logging in the Zeta config, or set Force Creative Tab Appends to true to disable this behavior
[04May2026 01:17:52.763] [Render thread/ERROR] [zeta/]: Creative tab loop found when adding Block{quark:monster_box} next to Block{minecraft:spawner}
[04May2026 01:17:52.763] [Render thread/ERROR] [zeta/]: For more info enable Creative Verbose Logging in the Zeta config, or set Force Creative Tab Appends to true to disable this behavior
[04May2026 01:17:52.763] [Render thread/ERROR] [zeta/]: Creative tab loop found when adding Block{quark:monster_box} next to Block{minecraft:spawner}
[04May2026 01:17:52.763] [Render thread/ERROR] [zeta/]: For more info enable Creative Verbose Logging in the Zeta config, or set Force Creative Tab Appends to true to disable this behavior
[04May2026 01:17:52.763] [Render thread/ERROR] [zeta/]: Creative tab loop found when adding Block{quark:monster_box} next to Block{minecraft:spawner}
[04May2026 01:17:52.763] [Render thread/ERROR] [zeta/]: For more info enable Creative Verbose Logging in the Zeta config, or set Force Creative Tab Appends to true to disable this behavior
[04May2026 01:17:52.763] [Render thread/ERROR] [zeta/]: Creative tab loop found when adding Block{quark:monster_box} next to Block{minecraft:spawner}
[04May2026 01:17:52.763] [Render thread/ERROR] [zeta/]: For more info enable Creative Verbose Logging in the Zeta config, or set Force Creative Tab Appends to true to disable this behavior
[04May2026 01:17:52.763] [Render thread/ERROR] [zeta/]: Creative tab loop found when adding Block{quark:monster_box} next to Block{minecraft:spawner}
[04May2026 01:17:52.763] [Render thread/ERROR] [zeta/]: For more info enable Creative Verbose Logging in the Zeta config, or set Force Creative Tab Appends to true to disable this behavior
[04May2026 01:17:52.763] [Render thread/INFO] [STDERR/]: [org.violetmoon.zeta.registry.CreativeTabManager:buildContents:173]: java.lang.RuntimeException: Creative tab placement misses exceeded failsafe, aborting logic
[04May2026 01:17:52.763] [Render thread/INFO] [STDERR/]: [org.violetmoon.zeta.registry.CreativeTabManager:buildContents:173]: 	at TRANSFORMER/zeta@1.0-31/org.violetmoon.zeta.registry.CreativeTabManager.buildContents(CreativeTabManager.java:173)
[04May2026 01:17:52.763] [Render thread/INFO] [STDERR/]: [org.violetmoon.zeta.registry.CreativeTabManager:buildContents:173]: 	at MC-BOOTSTRAP/net.minecraftforge.eventbus/net.minecraftforge.eventbus.EventBus.doCastFilter(EventBus.java:260)
[04May2026 01:17:52.763] [Render thread/INFO] [STDERR/]: [org.violetmoon.zeta.registry.CreativeTabManager:buildContents:173]: 	at MC-BOOTSTRAP/net.minecraftforge.eventbus/net.minecraftforge.eventbus.EventBus.lambda$addListener$11(EventBus.java:252)
[04May2026 01:17:52.763] [Render thread/INFO] [STDERR/]: [org.violetmoon.zeta.registry.CreativeTabManager:buildContents:173]: 	at MC-BOOTSTRAP/net.minecraftforge.eventbus/net.minecraftforge.eventbus.EventBus.post(EventBus.java:315)
[04May2026 01:17:52.763] [Render thread/INFO] [STDERR/]: [org.violetmoon.zeta.registry.CreativeTabManager:buildContents:173]: 	at MC-BOOTSTRAP/net.minecraftforge.eventbus/net.minecraftforge.eventbus.EventBus.post(EventBus.java:296)
[04May2026 01:17:52.763] [Render thread/INFO] [STDERR/]: [org.violetmoon.zeta.registry.CreativeTabManager:buildContents:173]: 	at LAYER PLUGIN/javafmllanguage@1.20.1-47.4.6/net.minecraftforge.fml.javafmlmod.FMLModContainer.acceptEvent(FMLModContainer.java:121)
[04May2026 01:17:52.763] [Render thread/INFO] [STDERR/]: [org.violetmoon.zeta.registry.CreativeTabManager:buildContents:173]: 	at LAYER PLUGIN/fmlcore@1.20.1-47.4.6/net.minecraftforge.fml.ModLoader.lambda$postEvent$29(ModLoader.java:326)
[04May2026 01:17:52.763] [Render thread/INFO] [STDERR/]: [org.violetmoon.zeta.registry.CreativeTabManager:buildContents:173]: 	at java.base/java.lang.Iterable.forEach(Iterable.java:75)
[04May2026 01:17:52.763] [Render thread/INFO] [STDERR/]: [org.violetmoon.zeta.registry.CreativeTabManager:buildContents:173]: 	at LAYER PLUGIN/fmlcore@1.20.1-47.4.6/net.minecraftforge.fml.ModList.forEachModInOrder(ModList.java:227)
[04May2026 01:17:52.763] [Render thread/INFO] [STDERR/]: [org.violetmoon.zeta.registry.CreativeTabManager:buildContents:173]: 	at LAYER PLUGIN/fmlcore@1.20.1-47.4.6/net.minecraftforge.fml.ModLoader.postEvent(ModLoader.java:326)
[04May2026 01:17:52.763] [Render thread/INFO] [STDERR/]: [org.violetmoon.zeta.registry.CreativeTabManager:buildContents:173]: 	at TRANSFORMER/forge@47.4.6/net.minecraftforge.common.ForgeHooks.onCreativeModeTabBuildContents(ForgeHooks.java:1634)
[04May2026 01:17:52.763] [Render thread/INFO] [STDERR/]: [org.violetmoon.zeta.registry.CreativeTabManager:buildContents:173]: 	at TRANSFORMER/minecraft@1.20.1/net.minecraft.world.item.CreativeModeTab.m_269498_$mixinextras$wrapped$36(CreativeModeTab.java:129)
[04May2026 01:17:52.763] [Render thread/INFO] [STDERR/]: [org.violetmoon.zeta.registry.CreativeTabManager:buildContents:173]: 	at TRANSFORMER/minecraft@1.20.1/net.minecraft.world.item.CreativeModeTab.mixinextras$bridge$m_269498_$mixinextras$wrapped$36$37(CreativeModeTab.java)
[04May2026 01:17:52.764] [Render thread/INFO] [STDERR/]: [org.violetmoon.zeta.registry.CreativeTabManager:buildContents:173]: 	at TRANSFORMER/minecraft@1.20.1/net.minecraft.world.item.CreativeModeTab.wrapMethod$zhd000$modernfix$buildContentsIfChanged(CreativeModeTab.java:532)
[04May2026 01:17:52.764] [Render thread/INFO] [STDERR/]: [org.violetmoon.zeta.registry.CreativeTabManager:buildContents:173]: 	at TRANSFORMER/minecraft@1.20.1/net.minecraft.world.item.CreativeModeTab.m_269498_(CreativeModeTab.java)
[04May2026 01:17:52.764] [Render thread/INFO] [STDERR/]: [org.violetmoon.zeta.registry.CreativeTabManager:buildContents:173]: 	at TRANSFORMER/jei@15.20.0.129/mezz.jei.library.plugins.vanilla.ingredients.ItemStackListFactory.create(ItemStackListFactory.java:80)
[04May2026 01:17:52.764] [Render thread/INFO] [STDERR/]: [org.violetmoon.zeta.registry.CreativeTabManager:buildContents:173]: 	at TRANSFORMER/jei@15.20.0.129/mezz.jei.library.plugins.vanilla.VanillaPlugin.registerIngredients(VanillaPlugin.java:168)
[04May2026 01:17:52.764] [Render thread/INFO] [STDERR/]: [org.violetmoon.zeta.registry.CreativeTabManager:buildContents:173]: 	at TRANSFORMER/jei@15.20.0.129/mezz.jei.library.load.PluginLoader.lambda$registerIngredients$2(PluginLoader.java:79)
[04May2026 01:17:52.764] [Render thread/INFO] [STDERR/]: [org.violetmoon.zeta.registry.CreativeTabManager:buildContents:173]: 	at TRANSFORMER/jei@15.20.0.129/mezz.jei.library.load.PluginCaller.callOnPlugins(PluginCaller.java:25)
[04May2026 01:17:52.764] [Render thread/INFO] [STDERR/]: [org.violetmoon.zeta.registry.CreativeTabManager:buildContents:173]: 	at TRANSFORMER/jei@15.20.0.129/mezz.jei.library.load.PluginLoader.registerIngredients(PluginLoader.java:79)
[04May2026 01:17:52.764] [Render thread/INFO] [STDERR/]: [org.violetmoon.zeta.registry.CreativeTabManager:buildContents:173]: 	at TRANSFORMER/jei@15.20.0.129/mezz.jei.library.startup.JeiStarter.start(JeiStarter.java:106)
[04May2026 01:17:52.764] [Render thread/INFO] [STDERR/]: [org.violetmoon.zeta.registry.CreativeTabManager:buildContents:173]: 	at TRANSFORMER/jei@15.20.0.129/mezz.jei.forge.startup.StartEventObserver.transitionState(StartEventObserver.java:130)
[04May2026 01:17:52.764] [Render thread/INFO] [STDERR/]: [org.violetmoon.zeta.registry.CreativeTabManager:buildContents:173]: 	at TRANSFORMER/jei@15.20.0.129/mezz.jei.forge.startup.StartEventObserver.onEvent(StartEventObserver.java:98)
[04May2026 01:17:52.764] [Render thread/INFO] [STDERR/]: [org.violetmoon.zeta.registry.CreativeTabManager:buildContents:173]: 	at MC-BOOTSTRAP/net.minecraftforge.eventbus/net.minecraftforge.eventbus.EventBus.doCastFilter(EventBus.java:260)
[04May2026 01:17:52.764] [Render thread/INFO] [STDERR/]: [org.violetmoon.zeta.registry.CreativeTabManager:buildContents:173]: 	at MC-BOOTSTRAP/net.minecraftforge.eventbus/net.minecraftforge.eventbus.EventBus.lambda$addListener$11(EventBus.java:252)
[04May2026 01:17:52.764] [Render thread/INFO] [STDERR/]: [org.violetmoon.zeta.registry.CreativeTabManager:buildContents:173]: 	at MC-BOOTSTRAP/net.minecraftforge.eventbus/net.minecraftforge.eventbus.EventBus.post(EventBus.java:315)
[04May2026 01:17:52.764] [Render thread/INFO] [STDERR/]: [org.violetmoon.zeta.registry.CreativeTabManager:buildContents:173]: 	at MC-BOOTSTRAP/net.minecraftforge.eventbus/net.minecraftforge.eventbus.EventBus.post(EventBus.java:296)
[04May2026 01:17:52.764] [Render thread/INFO] [STDERR/]: [org.violetmoon.zeta.registry.CreativeTabManager:buildContents:173]: 	at TRANSFORMER/minecraft@1.20.1/net.minecraft.client.multiplayer.ClientPacketListener.m_5859_(ClientPacketListener.java:1451)
[04May2026 01:17:52.764] [Render thread/INFO] [STDERR/]: [org.violetmoon.zeta.registry.CreativeTabManager:buildContents:173]: 	at TRANSFORMER/minecraft@1.20.1/net.minecraft.network.protocol.game.ClientboundUpdateTagsPacket.m_5797_(ClientboundUpdateTagsPacket.java:35)
[04May2026 01:17:52.764] [Render thread/INFO] [STDERR/]: [org.violetmoon.zeta.registry.CreativeTabManager:buildContents:173]: 	at TRANSFORMER/minecraft@1.20.1/net.minecraft.network.protocol.game.ClientboundUpdateTagsPacket.m_5797_(ClientboundUpdateTagsPacket.java:11)
[04May2026 01:17:52.764] [Render thread/INFO] [STDERR/]: [org.violetmoon.zeta.registry.CreativeTabManager:buildContents:173]: 	at TRANSFORMER/minecraft@1.20.1/net.minecraft.network.protocol.PacketUtils.m_263899_(PacketUtils.java:22)
[04May2026 01:17:52.764] [Render thread/INFO] [STDERR/]: [org.violetmoon.zeta.registry.CreativeTabManager:buildContents:173]: 	at TRANSFORMER/minecraft@1.20.1/net.minecraft.util.thread.BlockableEventLoop.m_6367_(BlockableEventLoop.java:156)
[04May2026 01:17:52.764] [Render thread/INFO] [STDERR/]: [org.violetmoon.zeta.registry.CreativeTabManager:buildContents:173]: 	at TRANSFORMER/minecraft@1.20.1/net.minecraft.util.thread.ReentrantBlockableEventLoop.m_6367_(ReentrantBlockableEventLoop.java:23)
[04May2026 01:17:52.764] [Render thread/INFO] [STDERR/]: [org.violetmoon.zeta.registry.CreativeTabManager:buildContents:173]: 	at TRANSFORMER/minecraft@1.20.1/net.minecraft.util.thread.BlockableEventLoop.m_7245_(BlockableEventLoop.java:130)
[04May2026 01:17:52.764] [Render thread/INFO] [STDERR/]: [org.violetmoon.zeta.registry.CreativeTabManager:buildContents:173]: 	at TRANSFORMER/minecraft@1.20.1/net.minecraft.util.thread.BlockableEventLoop.m_18699_(BlockableEventLoop.java:115)
[04May2026 01:17:52.764] [Render thread/INFO] [STDERR/]: [org.violetmoon.zeta.registry.CreativeTabManager:buildContents:173]: 	at TRANSFORMER/minecraft@1.20.1/net.minecraft.client.Minecraft.m_91383_(Minecraft.java:1106)
[04May2026 01:17:52.764] [Render thread/INFO] [STDERR/]: [org.violetmoon.zeta.registry.CreativeTabManager:buildContents:173]: 	at TRANSFORMER/minecraft@1.20.1/net.minecraft.client.Minecraft.m_91374_(Minecraft.java:718)
[04May2026 01:17:52.764] [Render thread/INFO] [STDERR/]: [org.violetmoon.zeta.registry.CreativeTabManager:buildContents:173]: 	at TRANSFORMER/minecraft@1.20.1/net.minecraft.client.main.Main.main(Main.java:218)
[04May2026 01:17:52.764] [Render thread/INFO] [STDERR/]: [org.violetmoon.zeta.registry.CreativeTabManager:buildContents:173]: 	at java.base/jdk.internal.reflect.NativeMethodAccessorImpl.invoke0(Native Method)
[04May2026 01:17:52.764] [Render thread/INFO] [STDERR/]: [org.violetmoon.zeta.registry.CreativeTabManager:buildContents:173]: 	at java.base/jdk.internal.reflect.NativeMethodAccessorImpl.invoke(NativeMethodAccessorImpl.java:77)
[04May2026 01:17:52.764] [Render thread/INFO] [STDERR/]: [org.violetmoon.zeta.registry.CreativeTabManager:buildContents:173]: 	at java.base/jdk.internal.reflect.DelegatingMethodAccessorImpl.invoke(DelegatingMethodAccessorImpl.java:43)
[04May2026 01:17:52.764] [Render thread/INFO] [STDERR/]: [org.violetmoon.zeta.registry.CreativeTabManager:buildContents:173]: 	at java.base/java.lang.reflect.Method.invoke(Method.java:568)
[04May2026 01:17:52.764] [Render thread/INFO] [STDERR/]: [org.violetmoon.zeta.registry.CreativeTabManager:buildContents:173]: 	at MC-BOOTSTRAP/fmlloader@1.20.1-47.4.6/net.minecraftforge.fml.loading.targets.CommonLaunchHandler.runTarget(CommonLaunchHandler.java:111)
[04May2026 01:17:52.764] [Render thread/INFO] [STDERR/]: [org.violetmoon.zeta.registry.CreativeTabManager:buildContents:173]: 	at MC-BOOTSTRAP/fmlloader@1.20.1-47.4.6/net.minecraftforge.fml.loading.targets.CommonLaunchHandler.clientService(CommonLaunchHandler.java:99)
[04May2026 01:17:52.765] [Render thread/INFO] [STDERR/]: [org.violetmoon.zeta.registry.CreativeTabManager:buildContents:173]: 	at MC-BOOTSTRAP/fmlloader@1.20.1-47.4.6/net.minecraftforge.fml.loading.targets.CommonClientLaunchHandler.lambda$makeService$0(CommonClientLaunchHandler.java:25)
[04May2026 01:17:52.765] [Render thread/INFO] [STDERR/]: [org.violetmoon.zeta.registry.CreativeTabManager:buildContents:173]: 	at MC-BOOTSTRAP/cpw.mods.modlauncher@10.0.9/cpw.mods.modlauncher.LaunchServiceHandlerDecorator.launch(LaunchServiceHandlerDecorator.java:30)
[04May2026 01:17:52.765] [Render thread/INFO] [STDERR/]: [org.violetmoon.zeta.registry.CreativeTabManager:buildContents:173]: 	at MC-BOOTSTRAP/cpw.mods.modlauncher@10.0.9/cpw.mods.modlauncher.LaunchServiceHandler.launch(LaunchServiceHandler.java:53)
[04May2026 01:17:52.765] [Render thread/INFO] [STDERR/]: [org.violetmoon.zeta.registry.CreativeTabManager:buildContents:173]: 	at MC-BOOTSTRAP/cpw.mods.modlauncher@10.0.9/cpw.mods.modlauncher.LaunchServiceHandler.launch(LaunchServiceHandler.java:71)
[04May2026 01:17:52.765] [Render thread/INFO] [STDERR/]: [org.violetmoon.zeta.registry.CreativeTabManager:buildContents:173]: 	at MC-BOOTSTRAP/cpw.mods.modlauncher@10.0.9/cpw.mods.modlauncher.Launcher.run(Launcher.java:108)
[04May2026 01:17:52.765] [Render thread/INFO] [STDERR/]: [org.violetmoon.zeta.registry.CreativeTabManager:buildContents:173]: 	at MC-BOOTSTRAP/cpw.mods.modlauncher@10.0.9/cpw.mods.modlauncher.Launcher.main(Launcher.java:78)
[04May2026 01:17:52.765] [Render thread/INFO] [STDERR/]: [org.violetmoon.zeta.registry.CreativeTabManager:buildContents:173]: 	at MC-BOOTSTRAP/cpw.mods.modlauncher@10.0.9/cpw.mods.modlauncher.BootstrapLaunchConsumer.accept(BootstrapLaunchConsumer.java:26)
[04May2026 01:17:52.765] [Render thread/INFO] [STDERR/]: [org.violetmoon.zeta.registry.CreativeTabManager:buildContents:173]: 	at MC-BOOTSTRAP/cpw.mods.modlauncher@10.0.9/cpw.mods.modlauncher.BootstrapLaunchConsumer.accept(BootstrapLaunchConsumer.java:23)
[04May2026 01:17:52.765] [Render thread/INFO] [STDERR/]: [org.violetmoon.zeta.registry.CreativeTabManager:buildContents:173]: 	at cpw.mods.bootstraplauncher@1.1.2/cpw.mods.bootstraplauncher.BootstrapLauncher.main(BootstrapLauncher.java:141)
[04May2026 01:17:52.765] [Render thread/INFO] [STDERR/]: [org.violetmoon.zeta.registry.CreativeTabManager:buildContents:173]: 	at java.base/jdk.internal.reflect.NativeMethodAccessorImpl.invoke0(Native Method)
[04May2026 01:17:52.765] [Render thread/INFO] [STDERR/]: [org.violetmoon.zeta.registry.CreativeTabManager:buildContents:173]: 	at java.base/jdk.internal.reflect.NativeMethodAccessorImpl.invoke(NativeMethodAccessorImpl.java:77)
[04May2026 01:17:52.765] [Render thread/INFO] [STDERR/]: [org.violetmoon.zeta.registry.CreativeTabManager:buildContents:173]: 	at java.base/jdk.internal.reflect.DelegatingMethodAccessorImpl.invoke(DelegatingMethodAccessorImpl.java:43)
[04May2026 01:17:52.765] [Render thread/INFO] [STDERR/]: [org.violetmoon.zeta.registry.CreativeTabManager:buildContents:173]: 	at java.base/java.lang.reflect.Method.invoke(Method.java:568)
[04May2026 01:17:52.765] [Render thread/INFO] [STDERR/]: [org.violetmoon.zeta.registry.CreativeTabManager:buildContents:173]: 	at io.github.zekerzhayard.forgewrapper.installer.Main.main(Main.java:67)
[04May2026 01:17:52.765] [Render thread/INFO] [STDERR/]: [org.violetmoon.zeta.registry.CreativeTabManager:buildContents:173]: 	at org.prismlauncher.launcher.impl.StandardLauncher.launch(StandardLauncher.java:115)
[04May2026 01:17:52.765] [Render thread/INFO] [STDERR/]: [org.violetmoon.zeta.registry.CreativeTabManager:buildContents:173]: 	at org.prismlauncher.EntryPoint.listen(EntryPoint.java:129)
[04May2026 01:17:52.765] [Render thread/INFO] [STDERR/]: [org.violetmoon.zeta.registry.CreativeTabManager:buildContents:173]: 	at org.prismlauncher.EntryPoint.main(EntryPoint.java:70)
[04May2026 01:17:52.766] [Render thread/ERROR] [zeta/]: Creative tab loop found when adding Block{quark:monster_box} next to Block{minecraft:spawner}
[04May2026 01:17:52.766] [Render thread/ERROR] [zeta/]: For more info enable Creative Verbose Logging in the Zeta config, or set Force Creative Tab Appends to true to disable this behavior
[04May2026 01:17:52.766] [Render thread/ERROR] [zeta/]: Creative tab loop found when adding Block{quark:monster_box} next to Block{minecraft:spawner}
[04May2026 01:17:52.766] [Render thread/ERROR] [zeta/]: For more info enable Creative Verbose Logging in the Zeta config, or set Force Creative Tab Appends to true to disable this behavior
[04May2026 01:17:52.766] [Render thread/ERROR] [zeta/]: Creative tab loop found when adding Block{quark:monster_box} next to Block{minecraft:spawner}
[04May2026 01:17:52.766] [Render thread/ERROR] [zeta/]: For more info enable Creative Verbose Logging in the Zeta config, or set Force Creative Tab Appends to true to disable this behavior
[04May2026 01:17:52.766] [Render thread/ERROR] [zeta/]: Creative tab loop found when adding Block{quark:monster_box} next to Block{minecraft:spawner}
[04May2026 01:17:52.766] [Render thread/ERROR] [zeta/]: For more info enable Creative Verbose Logging in the Zeta config, or set Force Creative Tab Appends to true to disable this behavior
[04May2026 01:17:52.766] [Render thread/ERROR] [zeta/]: Creative tab loop found when adding Block{quark:monster_box} next to Block{minecraft:spawner}
[04May2026 01:17:52.766] [Render thread/ERROR] [zeta/]: For more info enable Creative Verbose Logging in the Zeta config, or set Force Creative Tab Appends to true to disable this behavior
[04May2026 01:17:52.766] [Render thread/ERROR] [zeta/]: Creative tab loop found when adding Block{quark:monster_box} next to Block{minecraft:spawner}
[04May2026 01:17:52.766] [Render thread/ERROR] [zeta/]: For more info enable Creative Verbose Logging in the Zeta config, or set Force Creative Tab Appends to true to disable this behavior
[04May2026 01:17:52.766] [Render thread/ERROR] [zeta/]: Creative tab loop found when adding Block{quark:monster_box} next to Block{minecraft:spawner}
[04May2026 01:17:52.766] [Render thread/ERROR] [zeta/]: For more info enable Creative Verbose Logging in the Zeta config, or set Force Creative Tab Appends to true to disable this behavior
[04May2026 01:17:52.766] [Render thread/ERROR] [zeta/]: Creative tab loop found when adding Block{quark:monster_box} next to Block{minecraft:spawner}
[04May2026 01:17:52.766] [Render thread/ERROR] [zeta/]: For more info enable Creative Verbose Logging in the Zeta config, or set Force Creative Tab Appends to true to disable this behavior
[04May2026 01:17:52.766] [Render thread/ERROR] [zeta/]: Creative tab loop found when adding Block{quark:monster_box} next to Block{minecraft:spawner}
[04May2026 01:17:52.766] [Render thread/ERROR] [zeta/]: For more info enable Creative Verbose Logging in the Zeta config, or set Force Creative Tab Appends to true to disable this behavior
[04May2026 01:17:52.766] [Render thread/ERROR] [zeta/]: Creative tab loop found when adding Block{quark:monster_box} next to Block{minecraft:spawner}
[04May2026 01:17:52.766] [Render thread/ERROR] [zeta/]: For more info enable Creative Verbose Logging in the Zeta config, or set Force Creative Tab Appends to true to disable this behavior
[04May2026 01:17:52.766] [Render thread/INFO] [STDERR/]: [org.violetmoon.zeta.registry.CreativeTabManager:buildContents:173]: java.lang.RuntimeException: Creative tab placement misses exceeded failsafe, aborting logic
[04May2026 01:17:52.766] [Render thread/INFO] [STDERR/]: [org.violetmoon.zeta.registry.CreativeTabManager:buildContents:173]: 	at TRANSFORMER/zeta@1.0-31/org.violetmoon.zeta.registry.CreativeTabManager.buildContents(CreativeTabManager.java:173)
[04May2026 01:17:52.766] [Render thread/INFO] [STDERR/]: [org.violetmoon.zeta.registry.CreativeTabManager:buildContents:173]: 	at MC-BOOTSTRAP/net.minecraftforge.eventbus/net.minecraftforge.eventbus.EventBus.doCastFilter(EventBus.java:260)
[04May2026 01:17:52.766] [Render thread/INFO] [STDERR/]: [org.violetmoon.zeta.registry.CreativeTabManager:buildContents:173]: 	at MC-BOOTSTRAP/net.minecraftforge.eventbus/net.minecraftforge.eventbus.EventBus.lambda$addListener$11(EventBus.java:252)
[04May2026 01:17:52.766] [Render thread/INFO] [STDERR/]: [org.violetmoon.zeta.registry.CreativeTabManager:buildContents:173]: 	at MC-BOOTSTRAP/net.minecraftforge.eventbus/net.minecraftforge.eventbus.EventBus.post(EventBus.java:315)
[04May2026 01:17:52.766] [Render thread/INFO] [STDERR/]: [org.violetmoon.zeta.registry.CreativeTabManager:buildContents:173]: 	at MC-BOOTSTRAP/net.minecraftforge.eventbus/net.minecraftforge.eventbus.EventBus.post(EventBus.java:296)
[04May2026 01:17:52.766] [Render thread/INFO] [STDERR/]: [org.violetmoon.zeta.registry.CreativeTabManager:buildContents:173]: 	at LAYER PLUGIN/javafmllanguage@1.20.1-47.4.6/net.minecraftforge.fml.javafmlmod.FMLModContainer.acceptEvent(FMLModContainer.java:121)
[04May2026 01:17:52.766] [Render thread/INFO] [STDERR/]: [org.violetmoon.zeta.registry.CreativeTabManager:buildContents:173]: 	at LAYER PLUGIN/fmlcore@1.20.1-47.4.6/net.minecraftforge.fml.ModLoader.lambda$postEvent$29(ModLoader.java:326)
[04May2026 01:17:52.766] [Render thread/INFO] [STDERR/]: [org.violetmoon.zeta.registry.CreativeTabManager:buildContents:173]: 	at java.base/java.lang.Iterable.forEach(Iterable.java:75)
[04May2026 01:17:52.766] [Render thread/INFO] [STDERR/]: [org.violetmoon.zeta.registry.CreativeTabManager:buildContents:173]: 	at LAYER PLUGIN/fmlcore@1.20.1-47.4.6/net.minecraftforge.fml.ModList.forEachModInOrder(ModList.java:227)
[04May2026 01:17:52.766] [Render thread/INFO] [STDERR/]: [org.violetmoon.zeta.registry.CreativeTabManager:buildContents:173]: 	at LAYER PLUGIN/fmlcore@1.20.1-47.4.6/net.minecraftforge.fml.ModLoader.postEvent(ModLoader.java:326)
[04May2026 01:17:52.766] [Render thread/INFO] [STDERR/]: [org.violetmoon.zeta.registry.CreativeTabManager:buildContents:173]: 	at TRANSFORMER/forge@47.4.6/net.minecraftforge.common.ForgeHooks.onCreativeModeTabBuildContents(ForgeHooks.java:1634)
[04May2026 01:17:52.766] [Render thread/INFO] [STDERR/]: [org.violetmoon.zeta.registry.CreativeTabManager:buildContents:173]: 	at TRANSFORMER/minecraft@1.20.1/net.minecraft.world.item.CreativeModeTab.m_269498_$mixinextras$wrapped$36(CreativeModeTab.java:129)
[04May2026 01:17:52.766] [Render thread/INFO] [STDERR/]: [org.violetmoon.zeta.registry.CreativeTabManager:buildContents:173]: 	at TRANSFORMER/minecraft@1.20.1/net.minecraft.world.item.CreativeModeTab.mixinextras$bridge$m_269498_$mixinextras$wrapped$36$37(CreativeModeTab.java)
[04May2026 01:17:52.766] [Render thread/INFO] [STDERR/]: [org.violetmoon.zeta.registry.CreativeTabManager:buildContents:173]: 	at TRANSFORMER/minecraft@1.20.1/net.minecraft.world.item.CreativeModeTab.wrapMethod$zhd000$modernfix$buildContentsIfChanged(CreativeModeTab.java:532)
[04May2026 01:17:52.766] [Render thread/INFO] [STDERR/]: [org.violetmoon.zeta.registry.CreativeTabManager:buildContents:173]: 	at TRANSFORMER/minecraft@1.20.1/net.minecraft.world.item.CreativeModeTab.m_269498_(CreativeModeTab.java)
[04May2026 01:17:52.766] [Render thread/INFO] [STDERR/]: [org.violetmoon.zeta.registry.CreativeTabManager:buildContents:173]: 	at TRANSFORMER/jei@15.20.0.129/mezz.jei.library.plugins.vanilla.ingredients.ItemStackListFactory.create(ItemStackListFactory.java:80)
[04May2026 01:17:52.766] [Render thread/INFO] [STDERR/]: [org.violetmoon.zeta.registry.CreativeTabManager:buildContents:173]: 	at TRANSFORMER/jei@15.20.0.129/mezz.jei.library.plugins.vanilla.VanillaPlugin.registerIngredients(VanillaPlugin.java:168)
[04May2026 01:17:52.766] [Render thread/INFO] [STDERR/]: [org.violetmoon.zeta.registry.CreativeTabManager:buildContents:173]: 	at TRANSFORMER/jei@15.20.0.129/mezz.jei.library.load.PluginLoader.lambda$registerIngredients$2(PluginLoader.java:79)
[04May2026 01:17:52.766] [Render thread/INFO] [STDERR/]: [org.violetmoon.zeta.registry.CreativeTabManager:buildContents:173]: 	at TRANSFORMER/jei@15.20.0.129/mezz.jei.library.load.PluginCaller.callOnPlugins(PluginCaller.java:25)
[04May2026 01:17:52.766] [Render thread/INFO] [STDERR/]: [org.violetmoon.zeta.registry.CreativeTabManager:buildContents:173]: 	at TRANSFORMER/jei@15.20.0.129/mezz.jei.library.load.PluginLoader.registerIngredients(PluginLoader.java:79)
[04May2026 01:17:52.766] [Render thread/INFO] [STDERR/]: [org.violetmoon.zeta.registry.CreativeTabManager:buildContents:173]: 	at TRANSFORMER/jei@15.20.0.129/mezz.jei.library.startup.JeiStarter.start(JeiStarter.java:106)
[04May2026 01:17:52.766] [Render thread/INFO] [STDERR/]: [org.violetmoon.zeta.registry.CreativeTabManager:buildContents:173]: 	at TRANSFORMER/jei@15.20.0.129/mezz.jei.forge.startup.StartEventObserver.transitionState(StartEventObserver.java:130)
[04May2026 01:17:52.766] [Render thread/INFO] [STDERR/]: [org.violetmoon.zeta.registry.CreativeTabManager:buildContents:173]: 	at TRANSFORMER/jei@15.20.0.129/mezz.jei.forge.startup.StartEventObserver.onEvent(StartEventObserver.java:98)
[04May2026 01:17:52.767] [Render thread/INFO] [STDERR/]: [org.violetmoon.zeta.registry.CreativeTabManager:buildContents:173]: 	at MC-BOOTSTRAP/net.minecraftforge.eventbus/net.minecraftforge.eventbus.EventBus.doCastFilter(EventBus.java:260)
[04May2026 01:17:52.767] [Render thread/INFO] [STDERR/]: [org.violetmoon.zeta.registry.CreativeTabManager:buildContents:173]: 	at MC-BOOTSTRAP/net.minecraftforge.eventbus/net.minecraftforge.eventbus.EventBus.lambda$addListener$11(EventBus.java:252)
[04May2026 01:17:52.767] [Render thread/INFO] [STDERR/]: [org.violetmoon.zeta.registry.CreativeTabManager:buildContents:173]: 	at MC-BOOTSTRAP/net.minecraftforge.eventbus/net.minecraftforge.eventbus.EventBus.post(EventBus.java:315)
[04May2026 01:17:52.767] [Render thread/INFO] [STDERR/]: [org.violetmoon.zeta.registry.CreativeTabManager:buildContents:173]: 	at MC-BOOTSTRAP/net.minecraftforge.eventbus/net.minecraftforge.eventbus.EventBus.post(EventBus.java:296)
[04May2026 01:17:52.767] [Render thread/INFO] [STDERR/]: [org.violetmoon.zeta.registry.CreativeTabManager:buildContents:173]: 	at TRANSFORMER/minecraft@1.20.1/net.minecraft.client.multiplayer.ClientPacketListener.m_5859_(ClientPacketListener.java:1451)
[04May2026 01:17:52.767] [Render thread/INFO] [STDERR/]: [org.violetmoon.zeta.registry.CreativeTabManager:buildContents:173]: 	at TRANSFORMER/minecraft@1.20.1/net.minecraft.network.protocol.game.ClientboundUpdateTagsPacket.m_5797_(ClientboundUpdateTagsPacket.java:35)
[04May2026 01:17:52.767] [Render thread/INFO] [STDERR/]: [org.violetmoon.zeta.registry.CreativeTabManager:buildContents:173]: 	at TRANSFORMER/minecraft@1.20.1/net.minecraft.network.protocol.game.ClientboundUpdateTagsPacket.m_5797_(ClientboundUpdateTagsPacket.java:11)
[04May2026 01:17:52.767] [Render thread/INFO] [STDERR/]: [org.violetmoon.zeta.registry.CreativeTabManager:buildContents:173]: 	at TRANSFORMER/minecraft@1.20.1/net.minecraft.network.protocol.PacketUtils.m_263899_(PacketUtils.java:22)
[04May2026 01:17:52.767] [Render thread/INFO] [STDERR/]: [org.violetmoon.zeta.registry.CreativeTabManager:buildContents:173]: 	at TRANSFORMER/minecraft@1.20.1/net.minecraft.util.thread.BlockableEventLoop.m_6367_(BlockableEventLoop.java:156)
[04May2026 01:17:52.767] [Render thread/INFO] [STDERR/]: [org.violetmoon.zeta.registry.CreativeTabManager:buildContents:173]: 	at TRANSFORMER/minecraft@1.20.1/net.minecraft.util.thread.ReentrantBlockableEventLoop.m_6367_(ReentrantBlockableEventLoop.java:23)
[04May2026 01:17:52.767] [Render thread/INFO] [STDERR/]: [org.violetmoon.zeta.registry.CreativeTabManager:buildContents:173]: 	at TRANSFORMER/minecraft@1.20.1/net.minecraft.util.thread.BlockableEventLoop.m_7245_(BlockableEventLoop.java:130)
[04May2026 01:17:52.767] [Render thread/INFO] [STDERR/]: [org.violetmoon.zeta.registry.CreativeTabManager:buildContents:173]: 	at TRANSFORMER/minecraft@1.20.1/net.minecraft.util.thread.BlockableEventLoop.m_18699_(BlockableEventLoop.java:115)
[04May2026 01:17:52.767] [Render thread/INFO] [STDERR/]: [org.violetmoon.zeta.registry.CreativeTabManager:buildContents:173]: 	at TRANSFORMER/minecraft@1.20.1/net.minecraft.client.Minecraft.m_91383_(Minecraft.java:1106)
[04May2026 01:17:52.767] [Render thread/INFO] [STDERR/]: [org.violetmoon.zeta.registry.CreativeTabManager:buildContents:173]: 	at TRANSFORMER/minecraft@1.20.1/net.minecraft.client.Minecraft.m_91374_(Minecraft.java:718)
[04May2026 01:17:52.767] [Render thread/INFO] [STDERR/]: [org.violetmoon.zeta.registry.CreativeTabManager:buildContents:173]: 	at TRANSFORMER/minecraft@1.20.1/net.minecraft.client.main.Main.main(Main.java:218)
[04May2026 01:17:52.767] [Render thread/INFO] [STDERR/]: [org.violetmoon.zeta.registry.CreativeTabManager:buildContents:173]: 	at java.base/jdk.internal.reflect.NativeMethodAccessorImpl.invoke0(Native Method)
[04May2026 01:17:52.767] [Render thread/INFO] [STDERR/]: [org.violetmoon.zeta.registry.CreativeTabManager:buildContents:173]: 	at java.base/jdk.internal.reflect.NativeMethodAccessorImpl.invoke(NativeMethodAccessorImpl.java:77)
[04May2026 01:17:52.767] [Render thread/INFO] [STDERR/]: [org.violetmoon.zeta.registry.CreativeTabManager:buildContents:173]: 	at java.base/jdk.internal.reflect.DelegatingMethodAccessorImpl.invoke(DelegatingMethodAccessorImpl.java:43)
[04May2026 01:17:52.767] [Render thread/INFO] [STDERR/]: [org.violetmoon.zeta.registry.CreativeTabManager:buildContents:173]: 	at java.base/java.lang.reflect.Method.invoke(Method.java:568)
[04May2026 01:17:52.767] [Render thread/INFO] [STDERR/]: [org.violetmoon.zeta.registry.CreativeTabManager:buildContents:173]: 	at MC-BOOTSTRAP/fmlloader@1.20.1-47.4.6/net.minecraftforge.fml.loading.targets.CommonLaunchHandler.runTarget(CommonLaunchHandler.java:111)
[04May2026 01:17:52.767] [Render thread/INFO] [STDERR/]: [org.violetmoon.zeta.registry.CreativeTabManager:buildContents:173]: 	at MC-BOOTSTRAP/fmlloader@1.20.1-47.4.6/net.minecraftforge.fml.loading.targets.CommonLaunchHandler.clientService(CommonLaunchHandler.java:99)
[04May2026 01:17:52.767] [Render thread/INFO] [STDERR/]: [org.violetmoon.zeta.registry.CreativeTabManager:buildContents:173]: 	at MC-BOOTSTRAP/fmlloader@1.20.1-47.4.6/net.minecraftforge.fml.loading.targets.CommonClientLaunchHandler.lambda$makeService$0(CommonClientLaunchHandler.java:25)
[04May2026 01:17:52.767] [Render thread/INFO] [STDERR/]: [org.violetmoon.zeta.registry.CreativeTabManager:buildContents:173]: 	at MC-BOOTSTRAP/cpw.mods.modlauncher@10.0.9/cpw.mods.modlauncher.LaunchServiceHandlerDecorator.launch(LaunchServiceHandlerDecorator.java:30)
[04May2026 01:17:52.767] [Render thread/INFO] [STDERR/]: [org.violetmoon.zeta.registry.CreativeTabManager:buildContents:173]: 	at MC-BOOTSTRAP/cpw.mods.modlauncher@10.0.9/cpw.mods.modlauncher.LaunchServiceHandler.launch(LaunchServiceHandler.java:53)
[04May2026 01:17:52.767] [Render thread/INFO] [STDERR/]: [org.violetmoon.zeta.registry.CreativeTabManager:buildContents:173]: 	at MC-BOOTSTRAP/cpw.mods.modlauncher@10.0.9/cpw.mods.modlauncher.LaunchServiceHandler.launch(LaunchServiceHandler.java:71)
[04May2026 01:17:52.767] [Render thread/INFO] [STDERR/]: [org.violetmoon.zeta.registry.CreativeTabManager:buildContents:173]: 	at MC-BOOTSTRAP/cpw.mods.modlauncher@10.0.9/cpw.mods.modlauncher.Launcher.run(Launcher.java:108)
[04May2026 01:17:52.767] [Render thread/INFO] [STDERR/]: [org.violetmoon.zeta.registry.CreativeTabManager:buildContents:173]: 	at MC-BOOTSTRAP/cpw.mods.modlauncher@10.0.9/cpw.mods.modlauncher.Launcher.main(Launcher.java:78)
[04May2026 01:17:52.767] [Render thread/INFO] [STDERR/]: [org.violetmoon.zeta.registry.CreativeTabManager:buildContents:173]: 	at MC-BOOTSTRAP/cpw.mods.modlauncher@10.0.9/cpw.mods.modlauncher.BootstrapLaunchConsumer.accept(BootstrapLaunchConsumer.java:26)
[04May2026 01:17:52.767] [Render thread/INFO] [STDERR/]: [org.violetmoon.zeta.registry.CreativeTabManager:buildContents:173]: 	at MC-BOOTSTRAP/cpw.mods.modlauncher@10.0.9/cpw.mods.modlauncher.BootstrapLaunchConsumer.accept(BootstrapLaunchConsumer.java:23)
[04May2026 01:17:52.767] [Render thread/INFO] [STDERR/]: [org.violetmoon.zeta.registry.CreativeTabManager:buildContents:173]: 	at cpw.mods.bootstraplauncher@1.1.2/cpw.mods.bootstraplauncher.BootstrapLauncher.main(BootstrapLauncher.java:141)
[04May2026 01:17:52.767] [Render thread/INFO] [STDERR/]: [org.violetmoon.zeta.registry.CreativeTabManager:buildContents:173]: 	at java.base/jdk.internal.reflect.NativeMethodAccessorImpl.invoke0(Native Method)
[04May2026 01:17:52.768] [Render thread/INFO] [STDERR/]: [org.violetmoon.zeta.registry.CreativeTabManager:buildContents:173]: 	at java.base/jdk.internal.reflect.NativeMethodAccessorImpl.invoke(NativeMethodAccessorImpl.java:77)
[04May2026 01:17:52.768] [Render thread/INFO] [STDERR/]: [org.violetmoon.zeta.registry.CreativeTabManager:buildContents:173]: 	at java.base/jdk.internal.reflect.DelegatingMethodAccessorImpl.invoke(DelegatingMethodAccessorImpl.java:43)
[04May2026 01:17:52.768] [Render thread/INFO] [STDERR/]: [org.violetmoon.zeta.registry.CreativeTabManager:buildContents:173]: 	at java.base/java.lang.reflect.Method.invoke(Method.java:568)
[04May2026 01:17:52.768] [Render thread/INFO] [STDERR/]: [org.violetmoon.zeta.registry.CreativeTabManager:buildContents:173]: 	at io.github.zekerzhayard.forgewrapper.installer.Main.main(Main.java:67)
[04May2026 01:17:52.768] [Render thread/INFO] [STDERR/]: [org.violetmoon.zeta.registry.CreativeTabManager:buildContents:173]: 	at org.prismlauncher.launcher.impl.StandardLauncher.launch(StandardLauncher.java:115)
[04May2026 01:17:52.768] [Render thread/INFO] [STDERR/]: [org.violetmoon.zeta.registry.CreativeTabManager:buildContents:173]: 	at org.prismlauncher.EntryPoint.listen(EntryPoint.java:129)
[04May2026 01:17:52.768] [Render thread/INFO] [STDERR/]: [org.violetmoon.zeta.registry.CreativeTabManager:buildContents:173]: 	at org.prismlauncher.EntryPoint.main(EntryPoint.java:70)
[04May2026 01:17:52.769] [Render thread/WARN] [mezz.jei.library.plugins.vanilla.ingredients.ItemStackListFactory/]: Item Group has no display items and no search tab display items. Items from this group will be missing from the JEI ingredient list. Operator Utilities
[04May2026 01:17:52.899] [Render thread/INFO] [net.acetheeldritchking.art_of_forging.ArtOfForging/]: Registering AoF schematics with Tetra creative tab
[04May2026 01:17:52.979] [Render thread/WARN] [mezz.jei.library.plugins.vanilla.ingredients.ItemStackListFactory/]: Item Group has no display items and no search tab display items. Items from this group will be missing from the JEI ingredient list. Modonomicon
[04May2026 01:17:53.042] [Render thread/WARN] [mezz.jei.library.plugins.vanilla.ingredients.ItemStackListFactory/]: Item Group has no display items and no search tab display items. Items from this group will be missing from the JEI ingredient list. Chisels & Bits Clipboard
[04May2026 01:17:53.057] [Render thread/WARN] [mezz.jei.library.ingredients.IngredientSet/]: Found a broken ingredient 1 air dev.latvian.mods.kubejs.item.custom.BasicItemJS
java.lang.IllegalStateException: Item has no registry name: 1 air dev.latvian.mods.kubejs.item.custom.BasicItemJS
	at mezz.jei.common.util.StackHelper.lambda$getRegistryNameForStack$0(StackHelper.java:65) ~[jei-1.20.1-forge-15.20.0.129.jar%23816!/:15.20.0.129]
	at java.util.Optional.orElseThrow(Optional.java:403) ~[?:?]
	at mezz.jei.common.util.StackHelper.getRegistryNameForStack(StackHelper.java:63) ~[jei-1.20.1-forge-15.20.0.129.jar%23816!/:15.20.0.129]
	at mezz.jei.common.util.StackHelper.getUniqueIdentifierForStack(StackHelper.java:43) ~[jei-1.20.1-forge-15.20.0.129.jar%23816!/:15.20.0.129]
	at mezz.jei.library.plugins.vanilla.ingredients.ItemStackHelper.getUniqueId(ItemStackHelper.java:69) ~[jei-1.20.1-forge-15.20.0.129.jar%23816!/:15.20.0.129]
	at mezz.jei.library.plugins.vanilla.ingredients.ItemStackHelper.getUniqueId(ItemStackHelper.java:36) ~[jei-1.20.1-forge-15.20.0.129.jar%23816!/:15.20.0.129]
	at mezz.jei.library.ingredients.IngredientSet.getUid(IngredientSet.java:34) ~[jei-1.20.1-forge-15.20.0.129.jar%23816!/:15.20.0.129]
	at mezz.jei.library.ingredients.IngredientSet.add(IngredientSet.java:48) ~[jei-1.20.1-forge-15.20.0.129.jar%23816!/:15.20.0.129]
	at java.util.AbstractCollection.addAll(AbstractCollection.java:336) ~[?:?]
	at mezz.jei.library.ingredients.IngredientInfo.<init>(IngredientInfo.java:27) ~[jei-1.20.1-forge-15.20.0.129.jar%23816!/:15.20.0.129]
	at mezz.jei.library.load.registration.IngredientManagerBuilder.register(IngredientManagerBuilder.java:50) ~[jei-1.20.1-forge-15.20.0.129.jar%23816!/:15.20.0.129]
	at mezz.jei.library.plugins.vanilla.VanillaPlugin.registerIngredients(VanillaPlugin.java:172) ~[jei-1.20.1-forge-15.20.0.129.jar%23816!/:15.20.0.129]
	at mezz.jei.library.load.PluginLoader.lambda$registerIngredients$2(PluginLoader.java:79) ~[jei-1.20.1-forge-15.20.0.129.jar%23816!/:15.20.0.129]
	at mezz.jei.library.load.PluginCaller.callOnPlugins(PluginCaller.java:25) ~[jei-1.20.1-forge-15.20.0.129.jar%23816!/:15.20.0.129]
	at mezz.jei.library.load.PluginLoader.registerIngredients(PluginLoader.java:79) ~[jei-1.20.1-forge-15.20.0.129.jar%23816!/:15.20.0.129]
	at mezz.jei.library.startup.JeiStarter.start(JeiStarter.java:106) ~[jei-1.20.1-forge-15.20.0.129.jar%23816!/:15.20.0.129]
	at mezz.jei.forge.startup.StartEventObserver.transitionState(StartEventObserver.java:130) ~[jei-1.20.1-forge-15.20.0.129.jar%23816!/:15.20.0.129]
	at mezz.jei.forge.startup.StartEventObserver.onEvent(StartEventObserver.java:98) ~[jei-1.20.1-forge-15.20.0.129.jar%23816!/:15.20.0.129]
	at net.minecraftforge.eventbus.EventBus.doCastFilter(EventBus.java:260) ~[eventbus-6.0.5.jar%23137!/:?]
	at net.minecraftforge.eventbus.EventBus.lambda$addListener$11(EventBus.java:252) ~[eventbus-6.0.5.jar%23137!/:?]
	at net.minecraftforge.eventbus.EventBus.post(EventBus.java:315) ~[eventbus-6.0.5.jar%23137!/:?]
	at net.minecraftforge.eventbus.EventBus.post(EventBus.java:296) ~[eventbus-6.0.5.jar%23137!/:?]
	at net.minecraft.client.multiplayer.ClientPacketListener.m_5859_(ClientPacketListener.java:1451) ~[client-1.20.1-20230612.114412-srg.jar%231048!/:?]
	at net.minecraft.network.protocol.game.ClientboundUpdateTagsPacket.m_5797_(ClientboundUpdateTagsPacket.java:35) ~[client-1.20.1-20230612.114412-srg.jar%231048!/:?]
	at net.minecraft.network.protocol.game.ClientboundUpdateTagsPacket.m_5797_(ClientboundUpdateTagsPacket.java:11) ~[client-1.20.1-20230612.114412-srg.jar%231048!/:?]
	at net.minecraft.network.protocol.PacketUtils.m_263899_(PacketUtils.java:22) ~[client-1.20.1-20230612.114412-srg.jar%231048!/:?]
	at net.minecraft.util.thread.BlockableEventLoop.m_6367_(BlockableEventLoop.java:156) ~[client-1.20.1-20230612.114412-srg.jar%231048!/:?]
	at net.minecraft.util.thread.ReentrantBlockableEventLoop.m_6367_(ReentrantBlockableEventLoop.java:23) ~[client-1.20.1-20230612.114412-srg.jar%231048!/:?]
	at net.minecraft.util.thread.BlockableEventLoop.m_7245_(BlockableEventLoop.java:130) ~[client-1.20.1-20230612.114412-srg.jar%231048!/:?]
	at net.minecraft.util.thread.BlockableEventLoop.m_18699_(BlockableEventLoop.java:115) ~[client-1.20.1-20230612.114412-srg.jar%231048!/:?]
	at net.minecraft.client.Minecraft.m_91383_(Minecraft.java:1106) ~[client-1.20.1-20230612.114412-srg.jar%231048!/:?]
	at net.minecraft.client.Minecraft.m_91374_(Minecraft.java:718) ~[client-1.20.1-20230612.114412-srg.jar%231048!/:?]
	at net.minecraft.client.main.Main.main(Main.java:218) ~[minecraft-1.20.1-client.jar:?]
	at jdk.internal.reflect.NativeMethodAccessorImpl.invoke0(Native Method) ~[?:?]
	at jdk.internal.reflect.NativeMethodAccessorImpl.invoke(NativeMethodAccessorImpl.java:77) ~[?:?]
	at jdk.internal.reflect.DelegatingMethodAccessorImpl.invoke(DelegatingMethodAccessorImpl.java:43) ~[?:?]
	at java.lang.reflect.Method.invoke(Method.java:568) ~[?:?]
	at net.minecraftforge.fml.loading.targets.CommonLaunchHandler.runTarget(CommonLaunchHandler.java:111) ~[fmlloader-1.20.1-47.4.6.jar:?]
	at net.minecraftforge.fml.loading.targets.CommonLaunchHandler.clientService(CommonLaunchHandler.java:99) ~[fmlloader-1.20.1-47.4.6.jar:?]
	at net.minecraftforge.fml.loading.targets.CommonClientLaunchHandler.lambda$makeService$0(CommonClientLaunchHandler.java:25) ~[fmlloader-1.20.1-47.4.6.jar:?]
	at cpw.mods.modlauncher.LaunchServiceHandlerDecorator.launch(LaunchServiceHandlerDecorator.java:30) ~[modlauncher-10.0.9.jar:?]
	at cpw.mods.modlauncher.LaunchServiceHandler.launch(LaunchServiceHandler.java:53) ~[modlauncher-10.0.9.jar:?]
	at cpw.mods.modlauncher.LaunchServiceHandler.launch(LaunchServiceHandler.java:71) ~[modlauncher-10.0.9.jar:?]
	at cpw.mods.modlauncher.Launcher.run(Launcher.java:108) ~[modlauncher-10.0.9.jar:?]
	at cpw.mods.modlauncher.Launcher.main(Launcher.java:78) ~[modlauncher-10.0.9.jar:?]
	at cpw.mods.modlauncher.BootstrapLaunchConsumer.accept(BootstrapLaunchConsumer.java:26) ~[modlauncher-10.0.9.jar:?]
	at cpw.mods.modlauncher.BootstrapLaunchConsumer.accept(BootstrapLaunchConsumer.java:23) ~[modlauncher-10.0.9.jar:?]
	at cpw.mods.bootstraplauncher.BootstrapLauncher.main(BootstrapLauncher.java:141) ~[bootstraplauncher-1.1.2.jar:?]
	at jdk.internal.reflect.NativeMethodAccessorImpl.invoke0(Native Method) ~[?:?]
	at jdk.internal.reflect.NativeMethodAccessorImpl.invoke(NativeMethodAccessorImpl.java:77) ~[?:?]
	at jdk.internal.reflect.DelegatingMethodAccessorImpl.invoke(DelegatingMethodAccessorImpl.java:43) ~[?:?]
	at java.lang.reflect.Method.invoke(Method.java:568) ~[?:?]
	at io.github.zekerzhayard.forgewrapper.installer.Main.main(Main.java:67) ~[?:?]
	at org.prismlauncher.launcher.impl.StandardLauncher.launch(StandardLauncher.java:115) ~[?:?]
	at org.prismlauncher.EntryPoint.listen(EntryPoint.java:129) ~[?:?]
	at org.prismlauncher.EntryPoint.main(EntryPoint.java:70) ~[?:?]
[04May2026 01:17:53.059] [Render thread/INFO] [mezz.jei.library.load.PluginCallerTimerRunnable/]: Registering ingredients: jei:minecraft took 348.4 milliseconds
[04May2026 01:17:53.060] [Render thread/INFO] [mezz.jei.library.load.PluginCaller/]: Registering ingredients took 349.8 ms
[04May2026 01:17:53.060] [Render thread/INFO] [mezz.jei.library.load.PluginCaller/]: Registering extra ingredients...
[04May2026 01:17:53.061] [Render thread/INFO] [mezz.jei.library.load.PluginCaller/]: Registering extra ingredients took 596.6 ?s
[04May2026 01:17:53.061] [Render thread/INFO] [mezz.jei.library.load.PluginCaller/]: Registering search ingredient aliases...
[04May2026 01:17:53.061] [Render thread/INFO] [mezz.jei.library.load.PluginCaller/]: Registering search ingredient aliases took 413.8 ?s
[04May2026 01:17:53.061] [Render thread/INFO] [mezz.jei.library.load.PluginCaller/]: Registering categories...
[04May2026 01:17:53.087] [Render thread/WARN] [jeresources/]: Failed loading villager cartographer registered at cartographer
[04May2026 01:17:53.087] [Render thread/WARN] [jeresources/]: Exception caught when registering villager
java.lang.NullPointerException: Cannot invoke "net.minecraft.world.entity.Entity.m_9236_()" because "trader" is null
	at net.minecraft.world.entity.npc.VillagerTrades$TreasureMapForEmeralds.handler$kkg000$supplementaries$turnToQuill(VillagerTrades.java:551) ~[client-1.20.1-20230612.114412-srg.jar%231048!/:?]
	at net.minecraft.world.entity.npc.VillagerTrades$TreasureMapForEmeralds.m_213663_(VillagerTrades.java) ~[client-1.20.1-20230612.114412-srg.jar%231048!/:?]
	at jeresources.collection.TradeList.addMerchantRecipe(TradeList.java:58) ~[JustEnoughResources-1.20.1-1.4.0.247.jar%23823!/:1.4.0.247]
	at jeresources.collection.TradeList.addITradeList(TradeList.java:69) ~[JustEnoughResources-1.20.1-1.4.0.247.jar%23823!/:1.4.0.247]
	at jeresources.entry.AbstractVillagerEntry.addITradeLists(AbstractVillagerEntry.java:29) ~[JustEnoughResources-1.20.1-1.4.0.247.jar%23823!/:1.4.0.247]
	at jeresources.entry.AbstractVillagerEntry.<init>(AbstractVillagerEntry.java:22) ~[JustEnoughResources-1.20.1-1.4.0.247.jar%23823!/:1.4.0.247]
	at jeresources.entry.VillagerEntry.<init>(VillagerEntry.java:19) ~[JustEnoughResources-1.20.1-1.4.0.247.jar%23823!/:1.4.0.247]
	at jeresources.util.VillagersHelper.initRegistry(VillagersHelper.java:23) ~[JustEnoughResources-1.20.1-1.4.0.247.jar%23823!/:1.4.0.247]
	at jeresources.compatibility.Compatibility.init(Compatibility.java:33) ~[JustEnoughResources-1.20.1-1.4.0.247.jar%23823!/:1.4.0.247]
	at jeresources.proxy.CommonProxy.initCompatibility(CommonProxy.java:14) ~[JustEnoughResources-1.20.1-1.4.0.247.jar%23823!/:1.4.0.247]
	at jeresources.jei.JEIConfig.registerCategories(JEIConfig.java:98) ~[JustEnoughResources-1.20.1-1.4.0.247.jar%23823!/:1.4.0.247]
	at mezz.jei.library.load.PluginLoader.lambda$createRecipeCategories$5(PluginLoader.java:119) ~[jei-1.20.1-forge-15.20.0.129.jar%23816!/:15.20.0.129]
	at mezz.jei.library.load.PluginCaller.callOnPlugins(PluginCaller.java:25) ~[jei-1.20.1-forge-15.20.0.129.jar%23816!/:15.20.0.129]
	at mezz.jei.library.load.PluginLoader.createRecipeCategories(PluginLoader.java:119) ~[jei-1.20.1-forge-15.20.0.129.jar%23816!/:15.20.0.129]
	at mezz.jei.library.load.PluginLoader.createRecipeManager(PluginLoader.java:154) ~[jei-1.20.1-forge-15.20.0.129.jar%23816!/:15.20.0.129]
	at mezz.jei.library.startup.JeiStarter.start(JeiStarter.java:115) ~[jei-1.20.1-forge-15.20.0.129.jar%23816!/:15.20.0.129]
	at mezz.jei.forge.startup.StartEventObserver.transitionState(StartEventObserver.java:130) ~[jei-1.20.1-forge-15.20.0.129.jar%23816!/:15.20.0.129]
	at mezz.jei.forge.startup.StartEventObserver.onEvent(StartEventObserver.java:98) ~[jei-1.20.1-forge-15.20.0.129.jar%23816!/:15.20.0.129]
	at net.minecraftforge.eventbus.EventBus.doCastFilter(EventBus.java:260) ~[eventbus-6.0.5.jar%23137!/:?]
	at net.minecraftforge.eventbus.EventBus.lambda$addListener$11(EventBus.java:252) ~[eventbus-6.0.5.jar%23137!/:?]
	at net.minecraftforge.eventbus.EventBus.post(EventBus.java:315) ~[eventbus-6.0.5.jar%23137!/:?]
	at net.minecraftforge.eventbus.EventBus.post(EventBus.java:296) ~[eventbus-6.0.5.jar%23137!/:?]
	at net.minecraft.client.multiplayer.ClientPacketListener.m_5859_(ClientPacketListener.java:1451) ~[client-1.20.1-20230612.114412-srg.jar%231048!/:?]
	at net.minecraft.network.protocol.game.ClientboundUpdateTagsPacket.m_5797_(ClientboundUpdateTagsPacket.java:35) ~[client-1.20.1-20230612.114412-srg.jar%231048!/:?]
	at net.minecraft.network.protocol.game.ClientboundUpdateTagsPacket.m_5797_(ClientboundUpdateTagsPacket.java:11) ~[client-1.20.1-20230612.114412-srg.jar%231048!/:?]
	at net.minecraft.network.protocol.PacketUtils.m_263899_(PacketUtils.java:22) ~[client-1.20.1-20230612.114412-srg.jar%231048!/:?]
	at net.minecraft.util.thread.BlockableEventLoop.m_6367_(BlockableEventLoop.java:156) ~[client-1.20.1-20230612.114412-srg.jar%231048!/:?]
	at net.minecraft.util.thread.ReentrantBlockableEventLoop.m_6367_(ReentrantBlockableEventLoop.java:23) ~[client-1.20.1-20230612.114412-srg.jar%231048!/:?]
	at net.minecraft.util.thread.BlockableEventLoop.m_7245_(BlockableEventLoop.java:130) ~[client-1.20.1-20230612.114412-srg.jar%231048!/:?]
	at net.minecraft.util.thread.BlockableEventLoop.m_18699_(BlockableEventLoop.java:115) ~[client-1.20.1-20230612.114412-srg.jar%231048!/:?]
	at net.minecraft.client.Minecraft.m_91383_(Minecraft.java:1106) ~[client-1.20.1-20230612.114412-srg.jar%231048!/:?]
	at net.minecraft.client.Minecraft.m_91374_(Minecraft.java:718) ~[client-1.20.1-20230612.114412-srg.jar%231048!/:?]
	at net.minecraft.client.main.Main.main(Main.java:218) ~[minecraft-1.20.1-client.jar:?]
	at jdk.internal.reflect.NativeMethodAccessorImpl.invoke0(Native Method) ~[?:?]
	at jdk.internal.reflect.NativeMethodAccessorImpl.invoke(NativeMethodAccessorImpl.java:77) ~[?:?]
	at jdk.internal.reflect.DelegatingMethodAccessorImpl.invoke(DelegatingMethodAccessorImpl.java:43) ~[?:?]
	at java.lang.reflect.Method.invoke(Method.java:568) ~[?:?]
	at net.minecraftforge.fml.loading.targets.CommonLaunchHandler.runTarget(CommonLaunchHandler.java:111) ~[fmlloader-1.20.1-47.4.6.jar:?]
	at net.minecraftforge.fml.loading.targets.CommonLaunchHandler.clientService(CommonLaunchHandler.java:99) ~[fmlloader-1.20.1-47.4.6.jar:?]
	at net.minecraftforge.fml.loading.targets.CommonClientLaunchHandler.lambda$makeService$0(CommonClientLaunchHandler.java:25) ~[fmlloader-1.20.1-47.4.6.jar:?]
	at cpw.mods.modlauncher.LaunchServiceHandlerDecorator.launch(LaunchServiceHandlerDecorator.java:30) ~[modlauncher-10.0.9.jar:?]
	at cpw.mods.modlauncher.LaunchServiceHandler.launch(LaunchServiceHandler.java:53) ~[modlauncher-10.0.9.jar:?]
	at cpw.mods.modlauncher.LaunchServiceHandler.launch(LaunchServiceHandler.java:71) ~[modlauncher-10.0.9.jar:?]
	at cpw.mods.modlauncher.Launcher.run(Launcher.java:108) ~[modlauncher-10.0.9.jar:?]
	at cpw.mods.modlauncher.Launcher.main(Launcher.java:78) ~[modlauncher-10.0.9.jar:?]
	at cpw.mods.modlauncher.BootstrapLaunchConsumer.accept(BootstrapLaunchConsumer.java:26) ~[modlauncher-10.0.9.jar:?]
	at cpw.mods.modlauncher.BootstrapLaunchConsumer.accept(BootstrapLaunchConsumer.java:23) ~[modlauncher-10.0.9.jar:?]
	at cpw.mods.bootstraplauncher.BootstrapLauncher.main(BootstrapLauncher.java:141) ~[bootstraplauncher-1.1.2.jar:?]
	at jdk.internal.reflect.NativeMethodAccessorImpl.invoke0(Native Method) ~[?:?]
	at jdk.internal.reflect.NativeMethodAccessorImpl.invoke(NativeMethodAccessorImpl.java:77) ~[?:?]
	at jdk.internal.reflect.DelegatingMethodAccessorImpl.invoke(DelegatingMethodAccessorImpl.java:43) ~[?:?]
	at java.lang.reflect.Method.invoke(Method.java:568) ~[?:?]
	at io.github.zekerzhayard.forgewrapper.installer.Main.main(Main.java:67) ~[?:?]
	at org.prismlauncher.launcher.impl.StandardLauncher.launch(StandardLauncher.java:115) ~[?:?]
	at org.prismlauncher.EntryPoint.listen(EntryPoint.java:129) ~[?:?]
	at org.prismlauncher.EntryPoint.main(EntryPoint.java:70) ~[?:?]
[04May2026 01:17:53.233] [Render thread/WARN] [jeresources/]: Failed loading villager stargazer registered at stargazer
[04May2026 01:17:53.234] [Render thread/WARN] [jeresources/]: Exception caught when registering villager
java.lang.NullPointerException: Cannot invoke "net.minecraft.world.entity.Entity.m_9236_()" because "trader" is null
	at com.legacy.blue_skies.entities.villager.SkiesVillagerTrades$EmeraldForMapTrade.m_213663_(SkiesVillagerTrades.java:417) ~[blue_skies-1.20.1-1.3.31.jar%23667!/:1.3.31]
	at jeresources.collection.TradeList.addMerchantRecipe(TradeList.java:58) ~[JustEnoughResources-1.20.1-1.4.0.247.jar%23823!/:1.4.0.247]
	at jeresources.collection.TradeList.addITradeList(TradeList.java:69) ~[JustEnoughResources-1.20.1-1.4.0.247.jar%23823!/:1.4.0.247]
	at jeresources.entry.AbstractVillagerEntry.addITradeLists(AbstractVillagerEntry.java:29) ~[JustEnoughResources-1.20.1-1.4.0.247.jar%23823!/:1.4.0.247]
	at jeresources.entry.AbstractVillagerEntry.<init>(AbstractVillagerEntry.java:22) ~[JustEnoughResources-1.20.1-1.4.0.247.jar%23823!/:1.4.0.247]
	at jeresources.entry.VillagerEntry.<init>(VillagerEntry.java:19) ~[JustEnoughResources-1.20.1-1.4.0.247.jar%23823!/:1.4.0.247]
	at jeresources.util.VillagersHelper.initRegistry(VillagersHelper.java:23) ~[JustEnoughResources-1.20.1-1.4.0.247.jar%23823!/:1.4.0.247]
	at jeresources.compatibility.Compatibility.init(Compatibility.java:33) ~[JustEnoughResources-1.20.1-1.4.0.247.jar%23823!/:1.4.0.247]
	at jeresources.proxy.CommonProxy.initCompatibility(CommonProxy.java:14) ~[JustEnoughResources-1.20.1-1.4.0.247.jar%23823!/:1.4.0.247]
	at jeresources.jei.JEIConfig.registerCategories(JEIConfig.java:98) ~[JustEnoughResources-1.20.1-1.4.0.247.jar%23823!/:1.4.0.247]
	at mezz.jei.library.load.PluginLoader.lambda$createRecipeCategories$5(PluginLoader.java:119) ~[jei-1.20.1-forge-15.20.0.129.jar%23816!/:15.20.0.129]
	at mezz.jei.library.load.PluginCaller.callOnPlugins(PluginCaller.java:25) ~[jei-1.20.1-forge-15.20.0.129.jar%23816!/:15.20.0.129]
	at mezz.jei.library.load.PluginLoader.createRecipeCategories(PluginLoader.java:119) ~[jei-1.20.1-forge-15.20.0.129.jar%23816!/:15.20.0.129]
	at mezz.jei.library.load.PluginLoader.createRecipeManager(PluginLoader.java:154) ~[jei-1.20.1-forge-15.20.0.129.jar%23816!/:15.20.0.129]
	at mezz.jei.library.startup.JeiStarter.start(JeiStarter.java:115) ~[jei-1.20.1-forge-15.20.0.129.jar%23816!/:15.20.0.129]
	at mezz.jei.forge.startup.StartEventObserver.transitionState(StartEventObserver.java:130) ~[jei-1.20.1-forge-15.20.0.129.jar%23816!/:15.20.0.129]
	at mezz.jei.forge.startup.StartEventObserver.onEvent(StartEventObserver.java:98) ~[jei-1.20.1-forge-15.20.0.129.jar%23816!/:15.20.0.129]
	at net.minecraftforge.eventbus.EventBus.doCastFilter(EventBus.java:260) ~[eventbus-6.0.5.jar%23137!/:?]
	at net.minecraftforge.eventbus.EventBus.lambda$addListener$11(EventBus.java:252) ~[eventbus-6.0.5.jar%23137!/:?]
	at net.minecraftforge.eventbus.EventBus.post(EventBus.java:315) ~[eventbus-6.0.5.jar%23137!/:?]
	at net.minecraftforge.eventbus.EventBus.post(EventBus.java:296) ~[eventbus-6.0.5.jar%23137!/:?]
	at net.minecraft.client.multiplayer.ClientPacketListener.m_5859_(ClientPacketListener.java:1451) ~[client-1.20.1-20230612.114412-srg.jar%231048!/:?]
	at net.minecraft.network.protocol.game.ClientboundUpdateTagsPacket.m_5797_(ClientboundUpdateTagsPacket.java:35) ~[client-1.20.1-20230612.114412-srg.jar%231048!/:?]
	at net.minecraft.network.protocol.game.ClientboundUpdateTagsPacket.m_5797_(ClientboundUpdateTagsPacket.java:11) ~[client-1.20.1-20230612.114412-srg.jar%231048!/:?]
	at net.minecraft.network.protocol.PacketUtils.m_263899_(PacketUtils.java:22) ~[client-1.20.1-20230612.114412-srg.jar%231048!/:?]
	at net.minecraft.util.thread.BlockableEventLoop.m_6367_(BlockableEventLoop.java:156) ~[client-1.20.1-20230612.114412-srg.jar%231048!/:?]
	at net.minecraft.util.thread.ReentrantBlockableEventLoop.m_6367_(ReentrantBlockableEventLoop.java:23) ~[client-1.20.1-20230612.114412-srg.jar%231048!/:?]
	at net.minecraft.util.thread.BlockableEventLoop.m_7245_(BlockableEventLoop.java:130) ~[client-1.20.1-20230612.114412-srg.jar%231048!/:?]
	at net.minecraft.util.thread.BlockableEventLoop.m_18699_(BlockableEventLoop.java:115) ~[client-1.20.1-20230612.114412-srg.jar%231048!/:?]
	at net.minecraft.client.Minecraft.m_91383_(Minecraft.java:1106) ~[client-1.20.1-20230612.114412-srg.jar%231048!/:?]
	at net.minecraft.client.Minecraft.m_91374_(Minecraft.java:718) ~[client-1.20.1-20230612.114412-srg.jar%231048!/:?]
	at net.minecraft.client.main.Main.main(Main.java:218) ~[minecraft-1.20.1-client.jar:?]
	at jdk.internal.reflect.NativeMethodAccessorImpl.invoke0(Native Method) ~[?:?]
	at jdk.internal.reflect.NativeMethodAccessorImpl.invoke(NativeMethodAccessorImpl.java:77) ~[?:?]
	at jdk.internal.reflect.DelegatingMethodAccessorImpl.invoke(DelegatingMethodAccessorImpl.java:43) ~[?:?]
	at java.lang.reflect.Method.invoke(Method.java:568) ~[?:?]
	at net.minecraftforge.fml.loading.targets.CommonLaunchHandler.runTarget(CommonLaunchHandler.java:111) ~[fmlloader-1.20.1-47.4.6.jar:?]
	at net.minecraftforge.fml.loading.targets.CommonLaunchHandler.clientService(CommonLaunchHandler.java:99) ~[fmlloader-1.20.1-47.4.6.jar:?]
	at net.minecraftforge.fml.loading.targets.CommonClientLaunchHandler.lambda$makeService$0(CommonClientLaunchHandler.java:25) ~[fmlloader-1.20.1-47.4.6.jar:?]
	at cpw.mods.modlauncher.LaunchServiceHandlerDecorator.launch(LaunchServiceHandlerDecorator.java:30) ~[modlauncher-10.0.9.jar:?]
	at cpw.mods.modlauncher.LaunchServiceHandler.launch(LaunchServiceHandler.java:53) ~[modlauncher-10.0.9.jar:?]
	at cpw.mods.modlauncher.LaunchServiceHandler.launch(LaunchServiceHandler.java:71) ~[modlauncher-10.0.9.jar:?]
	at cpw.mods.modlauncher.Launcher.run(Launcher.java:108) ~[modlauncher-10.0.9.jar:?]
	at cpw.mods.modlauncher.Launcher.main(Launcher.java:78) ~[modlauncher-10.0.9.jar:?]
	at cpw.mods.modlauncher.BootstrapLaunchConsumer.accept(BootstrapLaunchConsumer.java:26) ~[modlauncher-10.0.9.jar:?]
	at cpw.mods.modlauncher.BootstrapLaunchConsumer.accept(BootstrapLaunchConsumer.java:23) ~[modlauncher-10.0.9.jar:?]
	at cpw.mods.bootstraplauncher.BootstrapLauncher.main(BootstrapLauncher.java:141) ~[bootstraplauncher-1.1.2.jar:?]
	at jdk.internal.reflect.NativeMethodAccessorImpl.invoke0(Native Method) ~[?:?]
	at jdk.internal.reflect.NativeMethodAccessorImpl.invoke(NativeMethodAccessorImpl.java:77) ~[?:?]
	at jdk.internal.reflect.DelegatingMethodAccessorImpl.invoke(DelegatingMethodAccessorImpl.java:43) ~[?:?]
	at java.lang.reflect.Method.invoke(Method.java:568) ~[?:?]
	at io.github.zekerzhayard.forgewrapper.installer.Main.main(Main.java:67) ~[?:?]
	at org.prismlauncher.launcher.impl.StandardLauncher.launch(StandardLauncher.java:115) ~[?:?]
	at org.prismlauncher.EntryPoint.listen(EntryPoint.java:129) ~[?:?]
	at org.prismlauncher.EntryPoint.main(EntryPoint.java:70) ~[?:?]
[04May2026 01:17:53.240] [Render thread/WARN] [jeresources/]: Failed loading villager shoveler registered at shoveler
[04May2026 01:17:53.240] [Render thread/WARN] [jeresources/]: Exception caught when registering villager
java.lang.NullPointerException: Cannot invoke "net.minecraft.world.entity.Entity.m_9236_()" because "trader" is null
	at com.legacy.blue_skies.entities.villager.SkiesVillagerTrades$ToolWithFalsiteTrade.m_213663_(SkiesVillagerTrades.java:528) ~[blue_skies-1.20.1-1.3.31.jar%23667!/:1.3.31]
	at jeresources.collection.TradeList.addMerchantRecipe(TradeList.java:58) ~[JustEnoughResources-1.20.1-1.4.0.247.jar%23823!/:1.4.0.247]
	at jeresources.collection.TradeList.addITradeList(TradeList.java:69) ~[JustEnoughResources-1.20.1-1.4.0.247.jar%23823!/:1.4.0.247]
	at jeresources.entry.AbstractVillagerEntry.addITradeLists(AbstractVillagerEntry.java:29) ~[JustEnoughResources-1.20.1-1.4.0.247.jar%23823!/:1.4.0.247]
	at jeresources.entry.AbstractVillagerEntry.<init>(AbstractVillagerEntry.java:22) ~[JustEnoughResources-1.20.1-1.4.0.247.jar%23823!/:1.4.0.247]
	at jeresources.entry.VillagerEntry.<init>(VillagerEntry.java:19) ~[JustEnoughResources-1.20.1-1.4.0.247.jar%23823!/:1.4.0.247]
	at jeresources.util.VillagersHelper.initRegistry(VillagersHelper.java:23) ~[JustEnoughResources-1.20.1-1.4.0.247.jar%23823!/:1.4.0.247]
	at jeresources.compatibility.Compatibility.init(Compatibility.java:33) ~[JustEnoughResources-1.20.1-1.4.0.247.jar%23823!/:1.4.0.247]
	at jeresources.proxy.CommonProxy.initCompatibility(CommonProxy.java:14) ~[JustEnoughResources-1.20.1-1.4.0.247.jar%23823!/:1.4.0.247]
	at jeresources.jei.JEIConfig.registerCategories(JEIConfig.java:98) ~[JustEnoughResources-1.20.1-1.4.0.247.jar%23823!/:1.4.0.247]
	at mezz.jei.library.load.PluginLoader.lambda$createRecipeCategories$5(PluginLoader.java:119) ~[jei-1.20.1-forge-15.20.0.129.jar%23816!/:15.20.0.129]
	at mezz.jei.library.load.PluginCaller.callOnPlugins(PluginCaller.java:25) ~[jei-1.20.1-forge-15.20.0.129.jar%23816!/:15.20.0.129]
	at mezz.jei.library.load.PluginLoader.createRecipeCategories(PluginLoader.java:119) ~[jei-1.20.1-forge-15.20.0.129.jar%23816!/:15.20.0.129]
	at mezz.jei.library.load.PluginLoader.createRecipeManager(PluginLoader.java:154) ~[jei-1.20.1-forge-15.20.0.129.jar%23816!/:15.20.0.129]
	at mezz.jei.library.startup.JeiStarter.start(JeiStarter.java:115) ~[jei-1.20.1-forge-15.20.0.129.jar%23816!/:15.20.0.129]
	at mezz.jei.forge.startup.StartEventObserver.transitionState(StartEventObserver.java:130) ~[jei-1.20.1-forge-15.20.0.129.jar%23816!/:15.20.0.129]
	at mezz.jei.forge.startup.StartEventObserver.onEvent(StartEventObserver.java:98) ~[jei-1.20.1-forge-15.20.0.129.jar%23816!/:15.20.0.129]
	at net.minecraftforge.eventbus.EventBus.doCastFilter(EventBus.java:260) ~[eventbus-6.0.5.jar%23137!/:?]
	at net.minecraftforge.eventbus.EventBus.lambda$addListener$11(EventBus.java:252) ~[eventbus-6.0.5.jar%23137!/:?]
	at net.minecraftforge.eventbus.EventBus.post(EventBus.java:315) ~[eventbus-6.0.5.jar%23137!/:?]
	at net.minecraftforge.eventbus.EventBus.post(EventBus.java:296) ~[eventbus-6.0.5.jar%23137!/:?]
	at net.minecraft.client.multiplayer.ClientPacketListener.m_5859_(ClientPacketListener.java:1451) ~[client-1.20.1-20230612.114412-srg.jar%231048!/:?]
	at net.minecraft.network.protocol.game.ClientboundUpdateTagsPacket.m_5797_(ClientboundUpdateTagsPacket.java:35) ~[client-1.20.1-20230612.114412-srg.jar%231048!/:?]
	at net.minecraft.network.protocol.game.ClientboundUpdateTagsPacket.m_5797_(ClientboundUpdateTagsPacket.java:11) ~[client-1.20.1-20230612.114412-srg.jar%231048!/:?]
	at net.minecraft.network.protocol.PacketUtils.m_263899_(PacketUtils.java:22) ~[client-1.20.1-20230612.114412-srg.jar%231048!/:?]
	at net.minecraft.util.thread.BlockableEventLoop.m_6367_(BlockableEventLoop.java:156) ~[client-1.20.1-20230612.114412-srg.jar%231048!/:?]
	at net.minecraft.util.thread.ReentrantBlockableEventLoop.m_6367_(ReentrantBlockableEventLoop.java:23) ~[client-1.20.1-20230612.114412-srg.jar%231048!/:?]
	at net.minecraft.util.thread.BlockableEventLoop.m_7245_(BlockableEventLoop.java:130) ~[client-1.20.1-20230612.114412-srg.jar%231048!/:?]
	at net.minecraft.util.thread.BlockableEventLoop.m_18699_(BlockableEventLoop.java:115) ~[client-1.20.1-20230612.114412-srg.jar%231048!/:?]
	at net.minecraft.client.Minecraft.m_91383_(Minecraft.java:1106) ~[client-1.20.1-20230612.114412-srg.jar%231048!/:?]
	at net.minecraft.client.Minecraft.m_91374_(Minecraft.java:718) ~[client-1.20.1-20230612.114412-srg.jar%231048!/:?]
	at net.minecraft.client.main.Main.main(Main.java:218) ~[minecraft-1.20.1-client.jar:?]
	at jdk.internal.reflect.NativeMethodAccessorImpl.invoke0(Native Method) ~[?:?]
	at jdk.internal.reflect.NativeMethodAccessorImpl.invoke(NativeMethodAccessorImpl.java:77) ~[?:?]
	at jdk.internal.reflect.DelegatingMethodAccessorImpl.invoke(DelegatingMethodAccessorImpl.java:43) ~[?:?]
	at java.lang.reflect.Method.invoke(Method.java:568) ~[?:?]
	at net.minecraftforge.fml.loading.targets.CommonLaunchHandler.runTarget(CommonLaunchHandler.java:111) ~[fmlloader-1.20.1-47.4.6.jar:?]
	at net.minecraftforge.fml.loading.targets.CommonLaunchHandler.clientService(CommonLaunchHandler.java:99) ~[fmlloader-1.20.1-47.4.6.jar:?]
	at net.minecraftforge.fml.loading.targets.CommonClientLaunchHandler.lambda$makeService$0(CommonClientLaunchHandler.java:25) ~[fmlloader-1.20.1-47.4.6.jar:?]
	at cpw.mods.modlauncher.LaunchServiceHandlerDecorator.launch(LaunchServiceHandlerDecorator.java:30) ~[modlauncher-10.0.9.jar:?]
	at cpw.mods.modlauncher.LaunchServiceHandler.launch(LaunchServiceHandler.java:53) ~[modlauncher-10.0.9.jar:?]
	at cpw.mods.modlauncher.LaunchServiceHandler.launch(LaunchServiceHandler.java:71) ~[modlauncher-10.0.9.jar:?]
	at cpw.mods.modlauncher.Launcher.run(Launcher.java:108) ~[modlauncher-10.0.9.jar:?]
	at cpw.mods.modlauncher.Launcher.main(Launcher.java:78) ~[modlauncher-10.0.9.jar:?]
	at cpw.mods.modlauncher.BootstrapLaunchConsumer.accept(BootstrapLaunchConsumer.java:26) ~[modlauncher-10.0.9.jar:?]
	at cpw.mods.modlauncher.BootstrapLaunchConsumer.accept(BootstrapLaunchConsumer.java:23) ~[modlauncher-10.0.9.jar:?]
	at cpw.mods.bootstraplauncher.BootstrapLauncher.main(BootstrapLauncher.java:141) ~[bootstraplauncher-1.1.2.jar:?]
	at jdk.internal.reflect.NativeMethodAccessorImpl.invoke0(Native Method) ~[?:?]
	at jdk.internal.reflect.NativeMethodAccessorImpl.invoke(NativeMethodAccessorImpl.java:77) ~[?:?]
	at jdk.internal.reflect.DelegatingMethodAccessorImpl.invoke(DelegatingMethodAccessorImpl.java:43) ~[?:?]
	at java.lang.reflect.Method.invoke(Method.java:568) ~[?:?]
	at io.github.zekerzhayard.forgewrapper.installer.Main.main(Main.java:67) ~[?:?]
	at org.prismlauncher.launcher.impl.StandardLauncher.launch(StandardLauncher.java:115) ~[?:?]
	at org.prismlauncher.EntryPoint.listen(EntryPoint.java:129) ~[?:?]
	at org.prismlauncher.EntryPoint.main(EntryPoint.java:70) ~[?:?]
[04May2026 01:17:53.305] [Render thread/INFO] [mezz.jei.library.load.PluginCallerTimerRunnable/]: Registering categories: minecraft:jeresources took 242.8 milliseconds
[04May2026 01:17:53.307] [Render thread/INFO] [mezz.jei.library.load.PluginCaller/]: Registering categories took 245.2 ms
[04May2026 01:17:53.307] [Render thread/INFO] [mezz.jei.library.load.PluginCaller/]: Registering vanilla category extensions...
[04May2026 01:17:53.307] [Render thread/INFO] [mezz.jei.library.load.PluginCaller/]: Registering vanilla category extensions took 512.5 ?s
[04May2026 01:17:53.307] [Render thread/INFO] [mezz.jei.library.load.PluginCaller/]: Registering recipe catalysts...
[04May2026 01:17:53.309] [Render thread/INFO] [mezz.jei.library.load.PluginCaller/]: Registering recipe catalysts took 1.136 ms
[04May2026 01:17:53.309] [Render thread/INFO] [mezz.jei.core.util.LoggedTimer/]: Building recipe registry...
[04May2026 01:17:53.311] [Render thread/INFO] [mezz.jei.core.util.LoggedTimer/]: Building recipe registry took 1.876 ms
[04May2026 01:17:53.311] [Render thread/INFO] [mezz.jei.library.load.PluginCaller/]: Registering advanced plugins...
[04May2026 01:17:53.311] [Render thread/INFO] [mezz.jei.library.load.registration.AdvancedRegistration/]: Added recipe manager plugin: class io.redspace.ironsspellbooks.jei.AlchemistCauldronAdvancedHandler
[04May2026 01:17:53.311] [Render thread/INFO] [mezz.jei.library.load.registration.AdvancedRegistration/]: Added recipe manager plugin: class cofh.thermal.expansion.compat.jei.plugins.PotionFluidRecipeManagerPlugin
[04May2026 01:17:53.311] [Render thread/INFO] [mezz.jei.library.load.PluginCaller/]: Registering advanced plugins took 411.3 ?s
[04May2026 01:17:53.311] [Render thread/INFO] [mezz.jei.library.load.PluginCaller/]: Registering recipes...
[04May2026 01:17:55.520] [Render thread/ERROR] [mezz.jei.library.util.IngredientSupplierHelper/]: Found a broken recipe, failed to setRecipe with RecipeLayoutBuilder: Apotheosis apotheosis:socketing class dev.shadowsoffire.apotheosis.adventure.socket.SocketingRecipe

java.lang.IndexOutOfBoundsException: Index 0 out of bounds for length 0
	at jdk.internal.util.Preconditions.outOfBounds(Preconditions.java:64) ~[?:?]
	at jdk.internal.util.Preconditions.outOfBoundsCheckIndex(Preconditions.java:70) ~[?:?]
	at jdk.internal.util.Preconditions.checkIndex(Preconditions.java:266) ~[?:?]
	at java.util.Objects.checkIndex(Objects.java:361) ~[?:?]
	at java.util.ArrayList.set(ArrayList.java:441) ~[?:?]
	at dev.shadowsoffire.apotheosis.adventure.socket.SocketingRecipe.m_5874_(SocketingRecipe.java:63) ~[Apotheosis-1.20.1-7.4.8.jar%23632!/:7.4.8]
	at mezz.jei.library.util.RecipeUtil.assembleResultItem(RecipeUtil.java:28) ~[jei-1.20.1-forge-15.20.0.129.jar%23816!/:15.20.0.129]
	at mezz.jei.library.plugins.vanilla.anvil.SmithingCategoryExtension.setOutput(SmithingCategoryExtension.java:65) ~[jei-1.20.1-forge-15.20.0.129.jar%23816!/:15.20.0.129]
	at mezz.jei.library.plugins.vanilla.anvil.SmithingRecipeCategory.setRecipe(SmithingRecipeCategory.java:59) ~[jei-1.20.1-forge-15.20.0.129.jar%23816!/:15.20.0.129]
	at mezz.jei.library.plugins.vanilla.anvil.SmithingRecipeCategory.setRecipe(SmithingRecipeCategory.java:24) ~[jei-1.20.1-forge-15.20.0.129.jar%23816!/:15.20.0.129]
	at mezz.jei.library.util.IngredientSupplierHelper.getIngredientSupplier(IngredientSupplierHelper.java:22) ~[jei-1.20.1-forge-15.20.0.129.jar%23816!/:15.20.0.129]
	at mezz.jei.library.recipes.RecipeManagerInternal.addRecipe(RecipeManagerInternal.java:148) ~[jei-1.20.1-forge-15.20.0.129.jar%23816!/:15.20.0.129]
	at mezz.jei.library.recipes.RecipeManagerInternal.addRecipes(RecipeManagerInternal.java:121) ~[jei-1.20.1-forge-15.20.0.129.jar%23816!/:15.20.0.129]
	at mezz.jei.library.load.registration.RecipeRegistration.addRecipes(RecipeRegistration.java:52) ~[jei-1.20.1-forge-15.20.0.129.jar%23816!/:15.20.0.129]
	at mezz.jei.library.plugins.vanilla.VanillaPlugin.registerRecipes(VanillaPlugin.java:252) ~[jei-1.20.1-forge-15.20.0.129.jar%23816!/:15.20.0.129]
	at mezz.jei.library.load.PluginLoader.lambda$createRecipeManager$13(PluginLoader.java:182) ~[jei-1.20.1-forge-15.20.0.129.jar%23816!/:15.20.0.129]
	at mezz.jei.library.load.PluginCaller.callOnPlugins(PluginCaller.java:25) ~[jei-1.20.1-forge-15.20.0.129.jar%23816!/:15.20.0.129]
	at mezz.jei.library.load.PluginLoader.createRecipeManager(PluginLoader.java:182) ~[jei-1.20.1-forge-15.20.0.129.jar%23816!/:15.20.0.129]
	at mezz.jei.library.startup.JeiStarter.start(JeiStarter.java:115) ~[jei-1.20.1-forge-15.20.0.129.jar%23816!/:15.20.0.129]
	at mezz.jei.forge.startup.StartEventObserver.transitionState(StartEventObserver.java:130) ~[jei-1.20.1-forge-15.20.0.129.jar%23816!/:15.20.0.129]
	at mezz.jei.forge.startup.StartEventObserver.onEvent(StartEventObserver.java:98) ~[jei-1.20.1-forge-15.20.0.129.jar%23816!/:15.20.0.129]
	at net.minecraftforge.eventbus.EventBus.doCastFilter(EventBus.java:260) ~[eventbus-6.0.5.jar%23137!/:?]
	at net.minecraftforge.eventbus.EventBus.lambda$addListener$11(EventBus.java:252) ~[eventbus-6.0.5.jar%23137!/:?]
	at net.minecraftforge.eventbus.EventBus.post(EventBus.java:315) ~[eventbus-6.0.5.jar%23137!/:?]
	at net.minecraftforge.eventbus.EventBus.post(EventBus.java:296) ~[eventbus-6.0.5.jar%23137!/:?]
	at net.minecraft.client.multiplayer.ClientPacketListener.m_5859_(ClientPacketListener.java:1451) ~[client-1.20.1-20230612.114412-srg.jar%231048!/:?]
	at net.minecraft.network.protocol.game.ClientboundUpdateTagsPacket.m_5797_(ClientboundUpdateTagsPacket.java:35) ~[client-1.20.1-20230612.114412-srg.jar%231048!/:?]
	at net.minecraft.network.protocol.game.ClientboundUpdateTagsPacket.m_5797_(ClientboundUpdateTagsPacket.java:11) ~[client-1.20.1-20230612.114412-srg.jar%231048!/:?]
	at net.minecraft.network.protocol.PacketUtils.m_263899_(PacketUtils.java:22) ~[client-1.20.1-20230612.114412-srg.jar%231048!/:?]
	at net.minecraft.util.thread.BlockableEventLoop.m_6367_(BlockableEventLoop.java:156) ~[client-1.20.1-20230612.114412-srg.jar%231048!/:?]
	at net.minecraft.util.thread.ReentrantBlockableEventLoop.m_6367_(ReentrantBlockableEventLoop.java:23) ~[client-1.20.1-20230612.114412-srg.jar%231048!/:?]
	at net.minecraft.util.thread.BlockableEventLoop.m_7245_(BlockableEventLoop.java:130) ~[client-1.20.1-20230612.114412-srg.jar%231048!/:?]
	at net.minecraft.util.thread.BlockableEventLoop.m_18699_(BlockableEventLoop.java:115) ~[client-1.20.1-20230612.114412-srg.jar%231048!/:?]
	at net.minecraft.client.Minecraft.m_91383_(Minecraft.java:1106) ~[client-1.20.1-20230612.114412-srg.jar%231048!/:?]
	at net.minecraft.client.Minecraft.m_91374_(Minecraft.java:718) ~[client-1.20.1-20230612.114412-srg.jar%231048!/:?]
	at net.minecraft.client.main.Main.main(Main.java:218) ~[minecraft-1.20.1-client.jar:?]
	at jdk.internal.reflect.NativeMethodAccessorImpl.invoke0(Native Method) ~[?:?]
	at jdk.internal.reflect.NativeMethodAccessorImpl.invoke(NativeMethodAccessorImpl.java:77) ~[?:?]
	at jdk.internal.reflect.DelegatingMethodAccessorImpl.invoke(DelegatingMethodAccessorImpl.java:43) ~[?:?]
	at java.lang.reflect.Method.invoke(Method.java:568) ~[?:?]
	at net.minecraftforge.fml.loading.targets.CommonLaunchHandler.runTarget(CommonLaunchHandler.java:111) ~[fmlloader-1.20.1-47.4.6.jar:?]
	at net.minecraftforge.fml.loading.targets.CommonLaunchHandler.clientService(CommonLaunchHandler.java:99) ~[fmlloader-1.20.1-47.4.6.jar:?]
	at net.minecraftforge.fml.loading.targets.CommonClientLaunchHandler.lambda$makeService$0(CommonClientLaunchHandler.java:25) ~[fmlloader-1.20.1-47.4.6.jar:?]
	at cpw.mods.modlauncher.LaunchServiceHandlerDecorator.launch(LaunchServiceHandlerDecorator.java:30) ~[modlauncher-10.0.9.jar:?]
	at cpw.mods.modlauncher.LaunchServiceHandler.launch(LaunchServiceHandler.java:53) ~[modlauncher-10.0.9.jar:?]
	at cpw.mods.modlauncher.LaunchServiceHandler.launch(LaunchServiceHandler.java:71) ~[modlauncher-10.0.9.jar:?]
	at cpw.mods.modlauncher.Launcher.run(Launcher.java:108) ~[modlauncher-10.0.9.jar:?]
	at cpw.mods.modlauncher.Launcher.main(Launcher.java:78) ~[modlauncher-10.0.9.jar:?]
	at cpw.mods.modlauncher.BootstrapLaunchConsumer.accept(BootstrapLaunchConsumer.java:26) ~[modlauncher-10.0.9.jar:?]
	at cpw.mods.modlauncher.BootstrapLaunchConsumer.accept(BootstrapLaunchConsumer.java:23) ~[modlauncher-10.0.9.jar:?]
	at cpw.mods.bootstraplauncher.BootstrapLauncher.main(BootstrapLauncher.java:141) ~[bootstraplauncher-1.1.2.jar:?]
	at jdk.internal.reflect.NativeMethodAccessorImpl.invoke0(Native Method) ~[?:?]
	at jdk.internal.reflect.NativeMethodAccessorImpl.invoke(NativeMethodAccessorImpl.java:77) ~[?:?]
	at jdk.internal.reflect.DelegatingMethodAccessorImpl.invoke(DelegatingMethodAccessorImpl.java:43) ~[?:?]
	at java.lang.reflect.Method.invoke(Method.java:568) ~[?:?]
	at io.github.zekerzhayard.forgewrapper.installer.Main.main(Main.java:67) ~[?:?]
	at org.prismlauncher.launcher.impl.StandardLauncher.launch(StandardLauncher.java:115) ~[?:?]
	at org.prismlauncher.EntryPoint.listen(EntryPoint.java:129) ~[?:?]
	at org.prismlauncher.EntryPoint.main(EntryPoint.java:70) ~[?:?]
[04May2026 01:17:55.938] [Render thread/INFO] [mezz.jei.library.load.PluginCallerTimerRunnable/]: Registering recipes: jei:minecraft took 2.627 seconds
[04May2026 01:17:56.042] [Render thread/INFO] [fastsuite/]: Constructed recipe list for minecraft:crafting in 5.394 ms. 15842/16406 recipes are parallelized.
[04May2026 01:17:56.241] [Render thread/INFO] [mezz.jei.library.load.PluginCallerTimerRunnable/]: Registering recipes: industrialforegoing:default took 280.3 milliseconds
[04May2026 01:17:56.403] [Render thread/INFO] [mezz.jei.library.load.PluginCallerTimerRunnable/]: Registering recipes: minecraft:domum_ornamentum took 151.9 milliseconds
[04May2026 01:17:56.608] [Render thread/INFO] [mezz.jei.library.load.PluginCallerTimerRunnable/]: Registering recipes: chipped:chipped took 193.7 milliseconds
[04May2026 01:17:56.622] [Render thread/INFO] [mezz.jei.library.load.PluginCallerTimerRunnable/]: Registering recipes: valhelsia_structures:main took 13.57 milliseconds
[04May2026 01:17:58.156] [Render thread/INFO] [mezz.jei.library.load.PluginCallerTimerRunnable/]: Registering recipes: irons_spellbooks:jei_plugin took 1.535 seconds
[04May2026 01:17:58.355] [Render thread/ERROR] [mezz.jei.library.util.IngredientSupplierHelper/]: Found a broken recipe, failed to setRecipe with RecipeLayoutBuilder: jeresources.jei.villager.VillagerWrapper@42250ad0

java.util.NoSuchElementException: No value present
	at java.util.Optional.get(Optional.java:143) ~[?:?]
	at jeresources.util.VillagersHelper.getPoiBlocks(VillagersHelper.java:56) ~[JustEnoughResources-1.20.1-1.4.0.247.jar%23823!/:1.4.0.247]
	at jeresources.entry.VillagerEntry.hasPois(VillagerEntry.java:59) ~[JustEnoughResources-1.20.1-1.4.0.247.jar%23823!/:1.4.0.247]
	at jeresources.jei.villager.VillagerWrapper.hasPois(VillagerWrapper.java:47) ~[JustEnoughResources-1.20.1-1.4.0.247.jar%23823!/:1.4.0.247]
	at jeresources.jei.villager.VillagerCategory.setRecipe(VillagerCategory.java:47) ~[JustEnoughResources-1.20.1-1.4.0.247.jar%23823!/:1.4.0.247]
	at jeresources.jei.villager.VillagerCategory.setRecipe(VillagerCategory.java:20) ~[JustEnoughResources-1.20.1-1.4.0.247.jar%23823!/:1.4.0.247]
	at mezz.jei.library.util.IngredientSupplierHelper.getIngredientSupplier(IngredientSupplierHelper.java:22) ~[jei-1.20.1-forge-15.20.0.129.jar%23816!/:15.20.0.129]
	at mezz.jei.library.recipes.RecipeManagerInternal.addRecipe(RecipeManagerInternal.java:148) ~[jei-1.20.1-forge-15.20.0.129.jar%23816!/:15.20.0.129]
	at mezz.jei.library.recipes.RecipeManagerInternal.addRecipes(RecipeManagerInternal.java:121) ~[jei-1.20.1-forge-15.20.0.129.jar%23816!/:15.20.0.129]
	at mezz.jei.library.load.registration.RecipeRegistration.addRecipes(RecipeRegistration.java:52) ~[jei-1.20.1-forge-15.20.0.129.jar%23816!/:15.20.0.129]
	at jeresources.jei.JEIConfig.registerRecipes(JEIConfig.java:77) ~[JustEnoughResources-1.20.1-1.4.0.247.jar%23823!/:1.4.0.247]
	at mezz.jei.library.load.PluginLoader.lambda$createRecipeManager$13(PluginLoader.java:182) ~[jei-1.20.1-forge-15.20.0.129.jar%23816!/:15.20.0.129]
	at mezz.jei.library.load.PluginCaller.callOnPlugins(PluginCaller.java:25) ~[jei-1.20.1-forge-15.20.0.129.jar%23816!/:15.20.0.129]
	at mezz.jei.library.load.PluginLoader.createRecipeManager(PluginLoader.java:182) ~[jei-1.20.1-forge-15.20.0.129.jar%23816!/:15.20.0.129]
	at mezz.jei.library.startup.JeiStarter.start(JeiStarter.java:115) ~[jei-1.20.1-forge-15.20.0.129.jar%23816!/:15.20.0.129]
	at mezz.jei.forge.startup.StartEventObserver.transitionState(StartEventObserver.java:130) ~[jei-1.20.1-forge-15.20.0.129.jar%23816!/:15.20.0.129]
	at mezz.jei.forge.startup.StartEventObserver.onEvent(StartEventObserver.java:98) ~[jei-1.20.1-forge-15.20.0.129.jar%23816!/:15.20.0.129]
	at net.minecraftforge.eventbus.EventBus.doCastFilter(EventBus.java:260) ~[eventbus-6.0.5.jar%23137!/:?]
	at net.minecraftforge.eventbus.EventBus.lambda$addListener$11(EventBus.java:252) ~[eventbus-6.0.5.jar%23137!/:?]
	at net.minecraftforge.eventbus.EventBus.post(EventBus.java:315) ~[eventbus-6.0.5.jar%23137!/:?]
	at net.minecraftforge.eventbus.EventBus.post(EventBus.java:296) ~[eventbus-6.0.5.jar%23137!/:?]
	at net.minecraft.client.multiplayer.ClientPacketListener.m_5859_(ClientPacketListener.java:1451) ~[client-1.20.1-20230612.114412-srg.jar%231048!/:?]
	at net.minecraft.network.protocol.game.ClientboundUpdateTagsPacket.m_5797_(ClientboundUpdateTagsPacket.java:35) ~[client-1.20.1-20230612.114412-srg.jar%231048!/:?]
	at net.minecraft.network.protocol.game.ClientboundUpdateTagsPacket.m_5797_(ClientboundUpdateTagsPacket.java:11) ~[client-1.20.1-20230612.114412-srg.jar%231048!/:?]
	at net.minecraft.network.protocol.PacketUtils.m_263899_(PacketUtils.java:22) ~[client-1.20.1-20230612.114412-srg.jar%231048!/:?]
	at net.minecraft.util.thread.BlockableEventLoop.m_6367_(BlockableEventLoop.java:156) ~[client-1.20.1-20230612.114412-srg.jar%231048!/:?]
	at net.minecraft.util.thread.ReentrantBlockableEventLoop.m_6367_(ReentrantBlockableEventLoop.java:23) ~[client-1.20.1-20230612.114412-srg.jar%231048!/:?]
	at net.minecraft.util.thread.BlockableEventLoop.m_7245_(BlockableEventLoop.java:130) ~[client-1.20.1-20230612.114412-srg.jar%231048!/:?]
	at net.minecraft.util.thread.BlockableEventLoop.m_18699_(BlockableEventLoop.java:115) ~[client-1.20.1-20230612.114412-srg.jar%231048!/:?]
	at net.minecraft.client.Minecraft.m_91383_(Minecraft.java:1106) ~[client-1.20.1-20230612.114412-srg.jar%231048!/:?]
	at net.minecraft.client.Minecraft.m_91374_(Minecraft.java:718) ~[client-1.20.1-20230612.114412-srg.jar%231048!/:?]
	at net.minecraft.client.main.Main.main(Main.java:218) ~[minecraft-1.20.1-client.jar:?]
	at jdk.internal.reflect.NativeMethodAccessorImpl.invoke0(Native Method) ~[?:?]
	at jdk.internal.reflect.NativeMethodAccessorImpl.invoke(NativeMethodAccessorImpl.java:77) ~[?:?]
	at jdk.internal.reflect.DelegatingMethodAccessorImpl.invoke(DelegatingMethodAccessorImpl.java:43) ~[?:?]
	at java.lang.reflect.Method.invoke(Method.java:568) ~[?:?]
	at net.minecraftforge.fml.loading.targets.CommonLaunchHandler.runTarget(CommonLaunchHandler.java:111) ~[fmlloader-1.20.1-47.4.6.jar:?]
	at net.minecraftforge.fml.loading.targets.CommonLaunchHandler.clientService(CommonLaunchHandler.java:99) ~[fmlloader-1.20.1-47.4.6.jar:?]
	at net.minecraftforge.fml.loading.targets.CommonClientLaunchHandler.lambda$makeService$0(CommonClientLaunchHandler.java:25) ~[fmlloader-1.20.1-47.4.6.jar:?]
	at cpw.mods.modlauncher.LaunchServiceHandlerDecorator.launch(LaunchServiceHandlerDecorator.java:30) ~[modlauncher-10.0.9.jar:?]
	at cpw.mods.modlauncher.LaunchServiceHandler.launch(LaunchServiceHandler.java:53) ~[modlauncher-10.0.9.jar:?]
	at cpw.mods.modlauncher.LaunchServiceHandler.launch(LaunchServiceHandler.java:71) ~[modlauncher-10.0.9.jar:?]
	at cpw.mods.modlauncher.Launcher.run(Launcher.java:108) ~[modlauncher-10.0.9.jar:?]
	at cpw.mods.modlauncher.Launcher.main(Launcher.java:78) ~[modlauncher-10.0.9.jar:?]
	at cpw.mods.modlauncher.BootstrapLaunchConsumer.accept(BootstrapLaunchConsumer.java:26) ~[modlauncher-10.0.9.jar:?]
	at cpw.mods.modlauncher.BootstrapLaunchConsumer.accept(BootstrapLaunchConsumer.java:23) ~[modlauncher-10.0.9.jar:?]
	at cpw.mods.bootstraplauncher.BootstrapLauncher.main(BootstrapLauncher.java:141) ~[bootstraplauncher-1.1.2.jar:?]
	at jdk.internal.reflect.NativeMethodAccessorImpl.invoke0(Native Method) ~[?:?]
	at jdk.internal.reflect.NativeMethodAccessorImpl.invoke(NativeMethodAccessorImpl.java:77) ~[?:?]
	at jdk.internal.reflect.DelegatingMethodAccessorImpl.invoke(DelegatingMethodAccessorImpl.java:43) ~[?:?]
	at java.lang.reflect.Method.invoke(Method.java:568) ~[?:?]
	at io.github.zekerzhayard.forgewrapper.installer.Main.main(Main.java:67) ~[?:?]
	at org.prismlauncher.launcher.impl.StandardLauncher.launch(StandardLauncher.java:115) ~[?:?]
	at org.prismlauncher.EntryPoint.listen(EntryPoint.java:129) ~[?:?]
	at org.prismlauncher.EntryPoint.main(EntryPoint.java:70) ~[?:?]
[04May2026 01:17:58.356] [Render thread/ERROR] [mezz.jei.library.util.IngredientSupplierHelper/]: Found a broken recipe, failed to setRecipe with RecipeLayoutBuilder: jeresources.jei.villager.VillagerWrapper@59242707

java.util.NoSuchElementException: No value present
	at java.util.Optional.get(Optional.java:143) ~[?:?]
	at jeresources.util.VillagersHelper.getPoiBlocks(VillagersHelper.java:56) ~[JustEnoughResources-1.20.1-1.4.0.247.jar%23823!/:1.4.0.247]
	at jeresources.entry.VillagerEntry.hasPois(VillagerEntry.java:59) ~[JustEnoughResources-1.20.1-1.4.0.247.jar%23823!/:1.4.0.247]
	at jeresources.jei.villager.VillagerWrapper.hasPois(VillagerWrapper.java:47) ~[JustEnoughResources-1.20.1-1.4.0.247.jar%23823!/:1.4.0.247]
	at jeresources.jei.villager.VillagerCategory.setRecipe(VillagerCategory.java:47) ~[JustEnoughResources-1.20.1-1.4.0.247.jar%23823!/:1.4.0.247]
	at jeresources.jei.villager.VillagerCategory.setRecipe(VillagerCategory.java:20) ~[JustEnoughResources-1.20.1-1.4.0.247.jar%23823!/:1.4.0.247]
	at mezz.jei.library.util.IngredientSupplierHelper.getIngredientSupplier(IngredientSupplierHelper.java:22) ~[jei-1.20.1-forge-15.20.0.129.jar%23816!/:15.20.0.129]
	at mezz.jei.library.recipes.RecipeManagerInternal.addRecipe(RecipeManagerInternal.java:148) ~[jei-1.20.1-forge-15.20.0.129.jar%23816!/:15.20.0.129]
	at mezz.jei.library.recipes.RecipeManagerInternal.addRecipes(RecipeManagerInternal.java:121) ~[jei-1.20.1-forge-15.20.0.129.jar%23816!/:15.20.0.129]
	at mezz.jei.library.load.registration.RecipeRegistration.addRecipes(RecipeRegistration.java:52) ~[jei-1.20.1-forge-15.20.0.129.jar%23816!/:15.20.0.129]
	at jeresources.jei.JEIConfig.registerRecipes(JEIConfig.java:77) ~[JustEnoughResources-1.20.1-1.4.0.247.jar%23823!/:1.4.0.247]
	at mezz.jei.library.load.PluginLoader.lambda$createRecipeManager$13(PluginLoader.java:182) ~[jei-1.20.1-forge-15.20.0.129.jar%23816!/:15.20.0.129]
	at mezz.jei.library.load.PluginCaller.callOnPlugins(PluginCaller.java:25) ~[jei-1.20.1-forge-15.20.0.129.jar%23816!/:15.20.0.129]
	at mezz.jei.library.load.PluginLoader.createRecipeManager(PluginLoader.java:182) ~[jei-1.20.1-forge-15.20.0.129.jar%23816!/:15.20.0.129]
	at mezz.jei.library.startup.JeiStarter.start(JeiStarter.java:115) ~[jei-1.20.1-forge-15.20.0.129.jar%23816!/:15.20.0.129]
	at mezz.jei.forge.startup.StartEventObserver.transitionState(StartEventObserver.java:130) ~[jei-1.20.1-forge-15.20.0.129.jar%23816!/:15.20.0.129]
	at mezz.jei.forge.startup.StartEventObserver.onEvent(StartEventObserver.java:98) ~[jei-1.20.1-forge-15.20.0.129.jar%23816!/:15.20.0.129]
	at net.minecraftforge.eventbus.EventBus.doCastFilter(EventBus.java:260) ~[eventbus-6.0.5.jar%23137!/:?]
	at net.minecraftforge.eventbus.EventBus.lambda$addListener$11(EventBus.java:252) ~[eventbus-6.0.5.jar%23137!/:?]
	at net.minecraftforge.eventbus.EventBus.post(EventBus.java:315) ~[eventbus-6.0.5.jar%23137!/:?]
	at net.minecraftforge.eventbus.EventBus.post(EventBus.java:296) ~[eventbus-6.0.5.jar%23137!/:?]
	at net.minecraft.client.multiplayer.ClientPacketListener.m_5859_(ClientPacketListener.java:1451) ~[client-1.20.1-20230612.114412-srg.jar%231048!/:?]
	at net.minecraft.network.protocol.game.ClientboundUpdateTagsPacket.m_5797_(ClientboundUpdateTagsPacket.java:35) ~[client-1.20.1-20230612.114412-srg.jar%231048!/:?]
	at net.minecraft.network.protocol.game.ClientboundUpdateTagsPacket.m_5797_(ClientboundUpdateTagsPacket.java:11) ~[client-1.20.1-20230612.114412-srg.jar%231048!/:?]
	at net.minecraft.network.protocol.PacketUtils.m_263899_(PacketUtils.java:22) ~[client-1.20.1-20230612.114412-srg.jar%231048!/:?]
	at net.minecraft.util.thread.BlockableEventLoop.m_6367_(BlockableEventLoop.java:156) ~[client-1.20.1-20230612.114412-srg.jar%231048!/:?]
	at net.minecraft.util.thread.ReentrantBlockableEventLoop.m_6367_(ReentrantBlockableEventLoop.java:23) ~[client-1.20.1-20230612.114412-srg.jar%231048!/:?]
	at net.minecraft.util.thread.BlockableEventLoop.m_7245_(BlockableEventLoop.java:130) ~[client-1.20.1-20230612.114412-srg.jar%231048!/:?]
	at net.minecraft.util.thread.BlockableEventLoop.m_18699_(BlockableEventLoop.java:115) ~[client-1.20.1-20230612.114412-srg.jar%231048!/:?]
	at net.minecraft.client.Minecraft.m_91383_(Minecraft.java:1106) ~[client-1.20.1-20230612.114412-srg.jar%231048!/:?]
	at net.minecraft.client.Minecraft.m_91374_(Minecraft.java:718) ~[client-1.20.1-20230612.114412-srg.jar%231048!/:?]
	at net.minecraft.client.main.Main.main(Main.java:218) ~[minecraft-1.20.1-client.jar:?]
	at jdk.internal.reflect.NativeMethodAccessorImpl.invoke0(Native Method) ~[?:?]
	at jdk.internal.reflect.NativeMethodAccessorImpl.invoke(NativeMethodAccessorImpl.java:77) ~[?:?]
	at jdk.internal.reflect.DelegatingMethodAccessorImpl.invoke(DelegatingMethodAccessorImpl.java:43) ~[?:?]
	at java.lang.reflect.Method.invoke(Method.java:568) ~[?:?]
	at net.minecraftforge.fml.loading.targets.CommonLaunchHandler.runTarget(CommonLaunchHandler.java:111) ~[fmlloader-1.20.1-47.4.6.jar:?]
	at net.minecraftforge.fml.loading.targets.CommonLaunchHandler.clientService(CommonLaunchHandler.java:99) ~[fmlloader-1.20.1-47.4.6.jar:?]
	at net.minecraftforge.fml.loading.targets.CommonClientLaunchHandler.lambda$makeService$0(CommonClientLaunchHandler.java:25) ~[fmlloader-1.20.1-47.4.6.jar:?]
	at cpw.mods.modlauncher.LaunchServiceHandlerDecorator.launch(LaunchServiceHandlerDecorator.java:30) ~[modlauncher-10.0.9.jar:?]
	at cpw.mods.modlauncher.LaunchServiceHandler.launch(LaunchServiceHandler.java:53) ~[modlauncher-10.0.9.jar:?]
	at cpw.mods.modlauncher.LaunchServiceHandler.launch(LaunchServiceHandler.java:71) ~[modlauncher-10.0.9.jar:?]
	at cpw.mods.modlauncher.Launcher.run(Launcher.java:108) ~[modlauncher-10.0.9.jar:?]
	at cpw.mods.modlauncher.Launcher.main(Launcher.java:78) ~[modlauncher-10.0.9.jar:?]
	at cpw.mods.modlauncher.BootstrapLaunchConsumer.accept(BootstrapLaunchConsumer.java:26) ~[modlauncher-10.0.9.jar:?]
	at cpw.mods.modlauncher.BootstrapLaunchConsumer.accept(BootstrapLaunchConsumer.java:23) ~[modlauncher-10.0.9.jar:?]
	at cpw.mods.bootstraplauncher.BootstrapLauncher.main(BootstrapLauncher.java:141) ~[bootstraplauncher-1.1.2.jar:?]
	at jdk.internal.reflect.NativeMethodAccessorImpl.invoke0(Native Method) ~[?:?]
	at jdk.internal.reflect.NativeMethodAccessorImpl.invoke(NativeMethodAccessorImpl.java:77) ~[?:?]
	at jdk.internal.reflect.DelegatingMethodAccessorImpl.invoke(DelegatingMethodAccessorImpl.java:43) ~[?:?]
	at java.lang.reflect.Method.invoke(Method.java:568) ~[?:?]
	at io.github.zekerzhayard.forgewrapper.installer.Main.main(Main.java:67) ~[?:?]
	at org.prismlauncher.launcher.impl.StandardLauncher.launch(StandardLauncher.java:115) ~[?:?]
	at org.prismlauncher.EntryPoint.listen(EntryPoint.java:129) ~[?:?]
	at org.prismlauncher.EntryPoint.main(EntryPoint.java:70) ~[?:?]
[04May2026 01:17:58.358] [Render thread/INFO] [mezz.jei.library.load.PluginCallerTimerRunnable/]: Registering recipes: minecraft:jeresources took 200.7 milliseconds
[04May2026 01:17:58.417] [Render thread/INFO] [mezz.jei.library.load.PluginCallerTimerRunnable/]: Registering recipes: ironfurnaces:plugin_ironfurnaces took 58.74 milliseconds
[04May2026 01:17:58.418] [Render thread/INFO] [jea/]: Collected 1568 advancement criterion recipes.
[04May2026 01:17:58.512] [Render thread/INFO] [mezz.jei.library.load.PluginCallerTimerRunnable/]: Registering recipes: mekanism:jei_plugin took 91.97 milliseconds
[04May2026 01:17:58.527] [Render thread/INFO] [mezz.jei.library.ingredients.IngredientManager/]: Ingredients are being removed at runtime: 13 net.minecraft.world.item.ItemStack
[04May2026 01:17:58.546] [Render thread/INFO] [mezz.jei.library.load.PluginCallerTimerRunnable/]: Registering recipes: ars_nouveau:main took 13.39 milliseconds
[04May2026 01:17:59.194] [Render thread/INFO] [mezz.jei.library.load.PluginCallerTimerRunnable/]: Registering recipes: twilightforest:jei_plugin took 641.7 milliseconds
[04May2026 01:17:59.221] [Render thread/INFO] [mezz.jei.library.load.PluginCallerTimerRunnable/]: Registering recipes: farmersdelight:jei_plugin took 26.46 milliseconds
[04May2026 01:17:59.252] [Render thread/INFO] [mezz.jei.library.load.PluginCallerTimerRunnable/]: Registering recipes: thermal:expansion took 30.53 milliseconds
[04May2026 01:17:59.300] [Render thread/INFO] [mezz.jei.library.load.PluginCallerTimerRunnable/]: Registering recipes: sophisticatedstorage:default took 47.86 milliseconds
[04May2026 01:18:00.834] [Render thread/INFO] [mezz.jei.library.load.PluginCallerTimerRunnable/]: Registering recipes: create:jei_plugin took 1.534 seconds
[04May2026 01:18:00.926] [Render thread/INFO] [mezz.jei.library.load.PluginCallerTimerRunnable/]: Registering recipes: forbidden_arcanus:main took 92.59 milliseconds
[04May2026 01:18:00.932] [Render thread/INFO] [mezz.jei.library.ingredients.IngredientManager/]: Ingredients are being removed at runtime: 86 net.minecraft.world.item.ItemStack
[04May2026 01:18:00.932] [Render thread/INFO] [mezz.jei.library.ingredients.IngredientManager/]: Ingredients are being removed at runtime: 9 net.minecraftforge.fluids.FluidStack
[04May2026 01:18:00.951] [Render thread/INFO] [mezz.jei.library.ingredients.IngredientManager/]: Ingredients are being removed at runtime: 1 net.minecraft.world.item.ItemStack
[04May2026 01:18:00.951] [Render thread/INFO] [mezz.jei.library.load.PluginCallerTimerRunnable/]: Registering recipes: estrogen:jei_plugin took 16.72 milliseconds
[04May2026 01:18:00.963] [Render thread/INFO] [mezz.jei.library.load.PluginCallerTimerRunnable/]: Registering recipes: createestrogen:jei_plugin took 11.66 milliseconds
[04May2026 01:18:00.963] [Render thread/INFO] [mezz.jei.library.load.PluginCaller/]: Registering recipes took 7.652 s
[04May2026 01:18:00.974] [Render thread/INFO] [mezz.jei.library.load.PluginCaller/]: Registering recipes transfer handlers...
[04May2026 01:18:00.975] [Render thread/INFO] [mezz.jei.library.load.PluginCaller/]: Registering recipes transfer handlers took 685.8 ?s
[04May2026 01:18:00.975] [Render thread/INFO] [mezz.jei.core.util.LoggedTimer/]: Building runtime...
[04May2026 01:18:00.975] [Render thread/INFO] [mezz.jei.library.load.PluginCaller/]: Registering gui handlers...
[04May2026 01:18:00.976] [Render thread/INFO] [mezz.jei.library.load.PluginCaller/]: Registering gui handlers took 551.9 ?s
[04May2026 01:18:00.976] [Render thread/INFO] [mezz.jei.library.load.PluginCaller/]: Registering Runtime...
[04May2026 01:18:00.976] [Render thread/INFO] [mezz.jei.gui.startup.JeiGuiStarter/]: Starting JEI GUI
[04May2026 01:18:00.976] [Render thread/INFO] [mezz.jei.core.util.LoggedTimer/]: Building ingredient list...
[04May2026 01:18:01.090] [Render thread/INFO] [mezz.jei.core.util.LoggedTimer/]: Building ingredient list took 114.3 ms
[04May2026 01:18:01.090] [Render thread/INFO] [mezz.jei.core.util.LoggedTimer/]: Building ingredient filter...
[04May2026 01:18:01.114] [Render thread/INFO] [mezz.jei.gui.ingredients.IngredientFilter/]: Adding 35355 ingredients
[04May2026 01:18:05.659] [Render thread/INFO] [mezz.jei.gui.ingredients.IngredientFilter/]: Added 35355 ingredients
[04May2026 01:18:05.659] [Render thread/INFO] [mezz.jei.core.util.LoggedTimer/]: Building ingredient filter took 4.568 s
[04May2026 01:18:05.666] [Render thread/INFO] [mezz.jei.library.load.PluginCallerTimerRunnable/]: Registering Runtime: jei:forge_gui took 4.689 seconds
[04May2026 01:18:05.666] [Render thread/INFO] [mezz.jei.library.load.PluginCaller/]: Registering Runtime took 4.690 s
[04May2026 01:18:05.666] [Render thread/INFO] [mezz.jei.core.util.LoggedTimer/]: Building runtime took 4.691 s
[04May2026 01:18:05.666] [Render thread/INFO] [mezz.jei.library.load.PluginCaller/]: Sending Runtime...
[04May2026 01:18:05.666] [Render thread/INFO] [mezz.jei.library.ingredients.IngredientManager/]: Ingredients are being removed at runtime: 5 net.minecraft.world.item.ItemStack
[04May2026 01:18:05.758] [Render thread/INFO] [mezz.jei.library.ingredients.IngredientManager/]: Ingredients are being removed at runtime: 41 net.minecraft.world.item.ItemStack
[04May2026 01:18:05.758] [Render thread/INFO] [mezz.jei.library.load.PluginCallerTimerRunnable/]: Sending Runtime: kubejs:jei took 92.46 milliseconds
[04May2026 01:18:05.762] [Render thread/INFO] [mezz.jei.library.load.PluginCaller/]: Sending Runtime took 96.33 ms
[04May2026 01:18:05.762] [Render thread/INFO] [mezz.jei.core.util.LoggedTimer/]: Starting JEI took 13.05 s
[04May2026 01:18:05.762] [Render thread/INFO] [com.alessandro.astages.AStages/]: Started CACHE building!
[04May2026 01:18:05.942] [Render thread/INFO] [com.alessandro.astages.AStages/]: Ended CACHE building! In 1.500 s!
[04May2026 01:18:05.942] [Render thread/INFO] [mezz.jei.library.ingredients.IngredientManager/]: Ingredients are being removed at runtime: 295 net.minecraft.world.item.ItemStack
[04May2026 01:18:05.944] [Render thread/INFO] [mezz.jei.library.ingredients.IngredientManager/]: Ingredients are being removed at runtime: 267 net.minecraft.world.item.ItemStack
[04May2026 01:18:05.945] [Render thread/INFO] [mezz.jei.library.ingredients.IngredientManager/]: Ingredients are being removed at runtime: 1138 net.minecraft.world.item.ItemStack
[04May2026 01:18:05.949] [Render thread/INFO] [mezz.jei.library.ingredients.IngredientManager/]: Ingredients are being removed at runtime: 10 net.minecraftforge.fluids.FluidStack
[04May2026 01:18:05.949] [Render thread/INFO] [mezz.jei.library.ingredients.IngredientManager/]: Ingredients are being removed at runtime: 34 net.minecraft.world.effect.MobEffectInstance
[04May2026 01:18:05.949] [Render thread/INFO] [mezz.jei.library.ingredients.IngredientManager/]: Ingredients are being removed at runtime: 18 de.melanx.jea.api.client.IAdvancementInfo
[04May2026 01:18:05.950] [Render thread/INFO] [mezz.jei.library.ingredients.IngredientManager/]: Ingredients are being removed at runtime: 1 net.minecraftforge.fluids.FluidStack
[04May2026 01:18:05.950] [Render thread/INFO] [mezz.jei.library.ingredients.IngredientManager/]: Ingredients are being removed at runtime: 8 mekanism.api.chemical.infuse.InfusionStack
[04May2026 01:18:05.950] [Render thread/INFO] [mezz.jei.library.ingredients.IngredientManager/]: Ingredients are being removed at runtime: 18 mekanism.api.chemical.pigment.PigmentStack
[04May2026 01:18:05.950] [Render thread/INFO] [mezz.jei.library.ingredients.IngredientManager/]: Ingredients are being removed at runtime: 27 mekanism.api.chemical.gas.GasStack
[04May2026 01:18:05.950] [Render thread/INFO] [mezz.jei.library.ingredients.IngredientManager/]: Ingredients are being removed at runtime: 132 de.melanx.jea.api.client.IAdvancementInfo
[04May2026 01:18:05.950] [Render thread/INFO] [mezz.jei.library.ingredients.IngredientManager/]: Ingredients are being removed at runtime: 14 mekanism.api.chemical.slurry.SlurryStack
[04May2026 01:18:05.950] [Render thread/INFO] [mezz.jei.library.ingredients.IngredientManager/]: Ingredients are being removed at runtime: 22 net.minecraftforge.fluids.FluidStack
[04May2026 01:18:05.950] [Render thread/INFO] [com.alessandro.astages.AStages/]: AStages client recipe update started!
[04May2026 01:18:05.950] [Render thread/INFO] [com.alessandro.astages.AStages/]: AStages recipe update completed in 0 ms!
[04May2026 01:18:06.180] [Render thread/INFO] [Cucumber Library/]: Loaded cucumber-tags.json in 0 ms
[04May2026 01:18:06.209] [Render thread/INFO] [kittyconfig/]: Received configs from server: [createestrogen/common, estrogen/common]
[04May2026 01:18:06.210] [Render thread/INFO] [mezz.jei.library.ingredients.IngredientManager/]: Ingredients are being removed at runtime: 1418 de.melanx.jea.api.client.IAdvancementInfo
[04May2026 01:18:06.211] [Render thread/INFO] [mezz.jei.library.ingredients.IngredientManager/]: Ingredients are being added at runtime: 1568 de.melanx.jea.api.client.IAdvancementInfo
[04May2026 01:18:06.261] [Render thread/ERROR] [ModularItem API/]: Module modules/blade/blade_katana.json contains invalid property healthPercent-old
[04May2026 01:18:06.261] [Render thread/ERROR] [ModularItem API/]: This indicates either a broken Module, Outdated API version or missing dependency!
[04May2026 01:18:06.261] [Render thread/ERROR] [ModularItem API/]: Module modules/blade/blade_katana.json contains invalid property armor_pen-old
[04May2026 01:18:06.261] [Render thread/ERROR] [ModularItem API/]: This indicates either a broken Module, Outdated API version or missing dependency!
[04May2026 01:18:06.403] [Render thread/INFO] [ModularItem API/]: Loaded 1 Injectors/Property Substitutors
[04May2026 01:18:06.403] [Render thread/INFO] [ModularItem API/]: Loaded 92 Modules
[04May2026 01:18:06.403] [Render thread/INFO] [ModularItem API/]: Loaded 416 Skins
[04May2026 01:18:06.403] [Render thread/INFO] [ModularItem API/]: Loaded 72 Synergies
[04May2026 01:18:06.404] [Render thread/INFO] [ModularItem API/]: Found 168 Enchantments
[04May2026 01:18:06.404] [Render thread/INFO] [ModularItem API/]: Loaded 33 Modular Converters
[04May2026 01:18:06.404] [Render thread/INFO] [ModularItem API/]: Loaded 239 Materials
[04May2026 01:18:06.404] [Render thread/INFO] [ModularItem API/]: Client load took 1.3495178895100001E7 ms
[04May2026 01:18:06.404] [Render thread/INFO] [net.minecraft.client.gui.components.ChatComponent/]: [CHAT] KubeJS errors found [22]! Run '/kubejs errors server' for more info
[04May2026 01:18:06.405] [Render thread/INFO] [net.minecraft.client.gui.components.ChatComponent/]: [CHAT] [Load My F***ing Tags]: It seems that some tags are a bit cooked. Look at the Logs for more details on broken functions. Click me for more info about this feature.
[04May2026 01:18:06.409] [Render thread/WARN] [net.minecraft.client.renderer.EffectInstance/]: Shader estrogen:aberration could not find uniform named InSize in the specified shader program.
[04May2026 01:18:06.412] [Render thread/WARN] [net.minecraft.client.renderer.EffectInstance/]: Shader estrogen:cel could not find sampler named DiffuseDepthSampler in the specified shader program.
[04May2026 01:18:06.412] [Render thread/WARN] [net.minecraft.client.renderer.EffectInstance/]: Shader estrogen:cel could not find uniform named EstrogenFarPlane in the specified shader program.
[04May2026 01:18:06.414] [Render thread/INFO] [ChunkBuilder/]: Stopping worker threads
[04May2026 01:18:06.415] [Render thread/INFO] [ChunkBuilder/]: Started 2 worker threads
[04May2026 01:18:06.415] [Render thread/INFO] [com.alessandro.astages.AStages/]: Started CACHE building!
[04May2026 01:18:06.592] [Render thread/INFO] [com.alessandro.astages.AStages/]: Ended CACHE building! In 1.676 s!
[04May2026 01:18:06.592] [Render thread/INFO] [mezz.jei.library.ingredients.IngredientManager/]: Ingredients are being removed at runtime: 8 net.minecraft.world.item.ItemStack
[04May2026 01:18:06.593] [Render thread/INFO] [mezz.jei.library.ingredients.IngredientManager/]: Ingredients are being removed at runtime: 18 de.melanx.jea.api.client.IAdvancementInfo
[04May2026 01:18:06.593] [Render thread/INFO] [mezz.jei.library.ingredients.IngredientManager/]: Ingredients are being removed at runtime: 132 de.melanx.jea.api.client.IAdvancementInfo
[04May2026 01:18:06.593] [Render thread/INFO] [com.alessandro.astages.AStages/]: AStages client recipe update started!
[04May2026 01:18:06.593] [Render thread/INFO] [com.alessandro.astages.AStages/]: AStages recipe update completed in 0 ms!
[04May2026 01:18:06.593] [Render thread/INFO] [se.mickelus.mutil.data.DataStore/]: Loaded   2 tiers
[04May2026 01:18:06.593] [Render thread/INFO] [se.mickelus.mutil.data.DataStore/]: Loaded   9 tweaks
[04May2026 01:18:06.594] [Render thread/INFO] [se.mickelus.mutil.data.MergingDataStore/]: Loaded 369 materials
[04May2026 01:18:06.597] [Render thread/INFO] [se.mickelus.mutil.data.DataStore/]: Loaded 283 improvements
[04May2026 01:18:06.604] [Render thread/INFO] [se.mickelus.mutil.data.MergingDataStore/]: Loaded 213 modules
[04May2026 01:18:06.683] [Render thread/INFO] [se.mickelus.tetra.client.model.ModularModelLoader/]: Clearing model cache for 10 items, let's get bakin'
[04May2026 01:18:06.683] [Render thread/INFO] [se.mickelus.mutil.data.DataStore/]: Loaded   0 enchantments
[04May2026 01:18:06.683] [Render thread/INFO] [se.mickelus.mutil.data.DataStore/]: Loaded  28 synergies
[04May2026 01:18:06.684] [Render thread/INFO] [se.mickelus.mutil.data.DataStore/]: Loaded 326 replacements
[04May2026 01:18:06.689] [Render thread/INFO] [se.mickelus.mutil.data.MergingDataStore/]: Loaded 678 schematics
[04May2026 01:18:06.773] [Render thread/INFO] [se.mickelus.mutil.data.MergingDataStore/]: Loaded  55 crafting_effects
[04May2026 01:18:06.774] [Render thread/INFO] [se.mickelus.mutil.data.DataStore/]: Loaded 131 repairs
[04May2026 01:18:06.777] [Render thread/INFO] [se.mickelus.mutil.data.DataStore/]: Loaded   2 actions
[04May2026 01:18:06.777] [Render thread/INFO] [se.mickelus.mutil.data.DataStore/]: Loaded   0 unlocks
[04May2026 01:18:06.777] [Render thread/INFO] [se.mickelus.mutil.data.DataStore/]: Loaded   0 archetypes
[04May2026 01:18:06.777] [Render thread/INFO] [se.mickelus.mutil.data.DataStore/]: Loaded   1 item_effects
[04May2026 01:18:06.777] [Render thread/INFO] [se.mickelus.mutil.data.DataStore/]: Loaded  28 modifier_effects
[04May2026 01:18:06.777] [Render thread/INFO] [YetAnotherConfigLib/]: Serializing class com.seniors.justlevelingfork.handler.HandlerCommonConfig to 'C:\Users\Silvaria Zemaitis\AppData\Roaming\PrismLauncher\instances\IridescentCraft\.minecraft\config\JLFork\justleveling-fork.common.json5'
[04May2026 01:18:06.778] [Render thread/INFO] [YetAnotherConfigLib/]: Serializing class com.seniors.justlevelingfork.handler.HandlerCommonConfig to 'C:\Users\Silvaria Zemaitis\AppData\Roaming\PrismLauncher\instances\IridescentCraft\.minecraft\config\JLFork\justleveling-fork.common.json5'
[04May2026 01:18:06.779] [Render thread/INFO] [net.minecraft.client.gui.components.ChatComponent/]: [CHAT] [SebastrnLib] If you're getting this message, it means you've installed either Refined Cooking or Applied Cooking. If you want to know more about them, you can craft the manual/book called Sebastrn's Mods!, you can find it using JEI or REI!
[04May2026 01:18:06.779] [Render thread/INFO] [Moonlight/]: Synced moonlight-common.toml configs
[04May2026 01:18:06.779] [Render thread/INFO] [Jade/]: Received config from the server: {}
[04May2026 01:18:06.780] [Render thread/INFO] [Moonlight/]: Synced supplementaries-common.toml configs
[04May2026 01:18:06.784] [Render thread/INFO] [voicechat/]: [voicechat] Received secret
[04May2026 01:18:06.784] [Render thread/INFO] [voicechat/]: [voicechat] Connecting to voice chat server: '10.0.0.10:24454'
[04May2026 01:18:06.784] [VoiceChatAuthenticationThread/INFO] [voicechat/]: [voicechat] Trying to authenticate voice chat connection
[04May2026 01:18:06.785] [Render thread/INFO] [net.minecraft.client.gui.components.ChatComponent/]: [CHAT] [Simple Voice Chat] Press Not Bound to set up
[04May2026 01:18:06.786] [Render thread/INFO] [net.minecraft.advancements.AdvancementList/]: Loaded 443 advancements
[04May2026 01:18:06.787] [Render thread/INFO] [patchouli/]: BookContentResourceListenerLoader: Files found in 537.0 ?s
[04May2026 01:18:06.788] [Render thread/INFO] [patchouli/]: BookContentResourceListenerLoader: Files found in 523.3 ?s
[04May2026 01:18:06.789] [Render thread/INFO] [patchouli/]: BookContentResourceListenerLoader: Files found in 452.1 ?s
[04May2026 01:18:06.789] [Render thread/WARN] [patchouli/]: Recipe minecraft:bookshelf (of type minecraft:crafting) not found
[04May2026 01:18:06.789] [Render thread/WARN] [patchouli/]: Recipe apotheosis:augmenting_table (of type minecraft:crafting) not found
[04May2026 01:18:06.789] [Render thread/WARN] [patchouli/]: Recipe apotheosis:gem_cutting_table (of type minecraft:crafting) not found
[04May2026 01:18:06.789] [Render thread/WARN] [patchouli/]: Recipe apotheosis:simple_reforging_table (of type minecraft:crafting) not found
[04May2026 01:18:06.789] [Render thread/WARN] [patchouli/]: Recipe apotheosis:reforging_table (of type minecraft:crafting) not found
[04May2026 01:18:06.789] [Render thread/INFO] [patchouli/]: BookContentResourceListenerLoader: Files found in 52.70 ?s
[04May2026 01:18:06.789] [Render thread/INFO] [patchouli/]: BookContentResourceListenerLoader: Files found in 46.50 ?s
[04May2026 01:18:06.790] [Render thread/INFO] [patchouli/]: BookContentResourceListenerLoader: Files found in 43.30 ?s
[04May2026 01:18:06.790] [Render thread/INFO] [patchouli/]: BookContentResourceListenerLoader: Files found in 178.7 ?s
[04May2026 01:18:06.790] [Render thread/INFO] [patchouli/]: BookContentResourceListenerLoader: Files found in 178.3 ?s
[04May2026 01:18:06.792] [Render thread/INFO] [patchouli/]: BookContentResourceListenerLoader: Files found in 143.6 ?s
[04May2026 01:18:06.805] [Render thread/INFO] [patchouli/]: BookContentResourceListenerLoader: Files found in 56.50 ?s
[04May2026 01:18:06.805] [Render thread/INFO] [patchouli/]: BookContentResourceListenerLoader: Files found in 45.60 ?s
[04May2026 01:18:06.806] [Render thread/INFO] [patchouli/]: BookContentResourceListenerLoader: Files found in 36.50 ?s
[04May2026 01:18:06.806] [Render thread/WARN] [patchouli/]: Recipe theabyss:arcane_workbench_rcp (of type minecraft:crafting) not found
[04May2026 01:18:06.808] [Render thread/INFO] [patchouli/]: BookContentResourceListenerLoader: Files found in 713.2 ?s
[04May2026 01:18:06.808] [Render thread/WARN] [patchouli/]: Invalid icon item stack: Unknown item ID: thermal:lumium_rail
[04May2026 01:18:06.808] [Render thread/INFO] [patchouli/]: BookContentResourceListenerLoader: Files found in 654.2 ?s
[04May2026 01:18:06.809] [Render thread/WARN] [patchouli/]: Invalid icon item stack: Unknown item ID: thermal:prismarine_rail
[04May2026 01:18:06.809] [Render thread/WARN] [patchouli/]: Invalid icon item stack: Unknown item ID: thermal:lumium_rail
[04May2026 01:18:06.809] [Render thread/WARN] [patchouli/]: Invalid icon item stack: Unknown item ID: thermal:underwater_minecart
[04May2026 01:18:06.809] [Render thread/WARN] [patchouli/]: Invalid icon item stack: Unknown item ID: thermal:fluid_minecart
[04May2026 01:18:06.809] [Render thread/WARN] [patchouli/]: Invalid icon item stack: Unknown item ID: thermal:crossover_rail
[04May2026 01:18:06.809] [Render thread/WARN] [patchouli/]: Invalid icon item stack: Unknown item ID: thermal:energy_minecart
[04May2026 01:18:06.810] [Render thread/INFO] [patchouli/]: BookContentResourceListenerLoader: Files found in 609.8 ?s
[04May2026 01:18:06.813] [Render thread/WARN] [cofh.thermal.core.compat.patchouli.CraftingProcessor/]: Thermalpedia missing the crafting recipe: thermal:machine_frame
[04May2026 01:18:06.816] [Render thread/WARN] [cofh.thermal.core.compat.patchouli.CraftingProcessor/]: Thermalpedia missing the crafting recipe: thermal:storage/apple_block
[04May2026 01:18:06.817] [Render thread/WARN] [cofh.thermal.core.compat.patchouli.CraftingProcessor/]: Thermalpedia missing the crafting recipe: thermal:storage/carrot_block
[04May2026 01:18:06.817] [Render thread/WARN] [cofh.thermal.core.compat.patchouli.CraftingProcessor/]: Thermalpedia missing the crafting recipe: thermal:storage/potato_block
[04May2026 01:18:06.817] [Render thread/WARN] [cofh.thermal.core.compat.patchouli.CraftingProcessor/]: Thermalpedia missing the crafting recipe: thermal:storage/beetroot_block
[04May2026 01:18:06.823] [Render thread/WARN] [cofh.thermal.core.compat.patchouli.CraftingProcessor/]: Thermalpedia missing the crafting recipe: thermal:storage/charcoal_block
[04May2026 01:18:06.823] [Render thread/WARN] [cofh.thermal.core.compat.patchouli.CraftingProcessor/]: Thermalpedia missing the crafting recipe: thermal:storage/gunpowder_block
[04May2026 01:18:06.825] [Render thread/INFO] [patchouli/]: BookContentResourceListenerLoader: Files found in 35.60 ?s
[04May2026 01:18:06.825] [Render thread/INFO] [patchouli/]: BookContentResourceListenerLoader: Files found in 26.70 ?s
[04May2026 01:18:06.825] [Render thread/INFO] [patchouli/]: BookContentResourceListenerLoader: Files found in 24.00 ?s
[04May2026 01:18:06.825] [Render thread/WARN] [patchouli/]: Recipe irons_spellbooks:arcane_anvil (of type minecraft:crafting) not found
[04May2026 01:18:06.825] [Render thread/WARN] [patchouli/]: Recipe irons_spellbooks:cryomancer_helmet (of type minecraft:crafting) not found
[04May2026 01:18:06.825] [Render thread/WARN] [patchouli/]: Recipe irons_spellbooks:pyromancer_helmet (of type minecraft:crafting) not found
[04May2026 01:18:06.825] [Render thread/INFO] [patchouli/]: BookContentResourceListenerLoader: Files found in 125.1 ?s
[04May2026 01:18:06.826] [Render thread/INFO] [patchouli/]: BookContentResourceListenerLoader: Files found in 130.5 ?s
[04May2026 01:18:06.826] [Render thread/INFO] [patchouli/]: BookContentResourceListenerLoader: Files found in 105.0 ?s
[04May2026 01:18:06.826] [Render thread/WARN] [patchouli/]: Recipe simplyswords:waking_lichblade (of type minecraft:crafting) not found
[04May2026 01:18:06.826] [Render thread/WARN] [patchouli/]: Recipe simplyswords:awakened_lichblade (of type minecraft:crafting) not found
[04May2026 01:18:06.826] [Render thread/WARN] [patchouli/]: Recipe simplyswords:sunfire (of type minecraft:crafting) not found
[04May2026 01:18:06.826] [Render thread/WARN] [patchouli/]: Recipe simplyswords:harbinger (of type minecraft:crafting) not found
[04May2026 01:18:06.827] [Render thread/INFO] [patchouli/]: BookContentResourceListenerLoader: Files found in 326.1 ?s
[04May2026 01:18:06.827] [Render thread/INFO] [patchouli/]: BookContentResourceListenerLoader: Files found in 307.2 ?s
[04May2026 01:18:06.828] [Render thread/WARN] [patchouli/]: Invalid icon item stack: Unknown item ID: minecraft:ultra_sniffer_fur
[04May2026 01:18:06.828] [Render thread/INFO] [patchouli/]: BookContentResourceListenerLoader: Files found in 279.9 ?s
[04May2026 01:18:06.828] [Render thread/WARN] [patchouli/]: Recipe terramity:moondrill_cannon_recipe (of type minecraft:crafting) not found
[04May2026 01:18:06.828] [Render thread/WARN] [patchouli/]: Recipe terramity:advanced_gun_parts_recipe (of type minecraft:crafting) not found
[04May2026 01:18:06.828] [Render thread/WARN] [patchouli/]: Recipe terramity:copper_round_recipe (of type minecraft:crafting) not found
[04May2026 01:18:06.828] [Render thread/WARN] [patchouli/]: Recipe terramity:gold_round_recipe (of type minecraft:crafting) not found
[04May2026 01:18:06.828] [Render thread/WARN] [patchouli/]: Recipe terramity:dimlite_round_recipe (of type minecraft:crafting) not found
[04May2026 01:18:06.829] [Render thread/WARN] [patchouli/]: Recipe terramity:gunsmith_station_recipe (of type minecraft:crafting) not found
[04May2026 01:18:06.829] [Render thread/INFO] [patchouli/]: BookContentResourceListenerLoader: Files found in 115.5 ?s
[04May2026 01:18:06.829] [Render thread/INFO] [patchouli/]: BookContentResourceListenerLoader: Files found in 107.2 ?s
[04May2026 01:18:06.829] [Render thread/INFO] [patchouli/]: BookContentResourceListenerLoader: Files found in 96.90 ?s
[04May2026 01:18:06.829] [Render thread/WARN] [patchouli/]: Recipe ad_astra:nasa_workbench (of type minecraft:crafting) not found
[04May2026 01:18:06.829] [Render thread/WARN] [patchouli/]: Recipe ad_astra:jet_suit_helmet (of type minecraft:crafting) not found
[04May2026 01:18:06.829] [Render thread/WARN] [patchouli/]: Recipe ad_astra:jet_suit_boots (of type minecraft:crafting) not found
[04May2026 01:18:06.829] [Render thread/INFO] [patchouli/]: BookContentResourceListenerLoader: Files found in 10.00 ?s
[04May2026 01:18:06.829] [Render thread/INFO] [patchouli/]: BookContentResourceListenerLoader: Files found in 7.600 ?s
[04May2026 01:18:06.829] [Render thread/WARN] [patchouli/]: Invalid icon item stack: Unknown item ID: appliedcooking:kitchen_station
[04May2026 01:18:06.829] [Render thread/INFO] [patchouli/]: BookContentResourceListenerLoader: Files found in 6.700 ?s
[04May2026 01:18:06.830] [Render thread/INFO] [patchouli/]: BookContentResourceListenerLoader: Files found in 85.00 ?s
[04May2026 01:18:06.830] [Render thread/INFO] [patchouli/]: BookContentResourceListenerLoader: Files found in 84.50 ?s
[04May2026 01:18:06.830] [Render thread/WARN] [patchouli/]: Invalid icon item stack: Unknown item ID: apotheosis:infusion_table
[04May2026 01:18:06.830] [Render thread/WARN] [patchouli/]: Invalid icon item stack: Unknown item ID: rftools:dimension_editor
[04May2026 01:18:06.830] [Render thread/WARN] [patchouli/]: Invalid icon item stack: Unknown item ID: iridescent_modular_spells:modular_copper_spell_book
[04May2026 01:18:06.830] [Render thread/WARN] [patchouli/]: Invalid icon item stack: Unknown item ID: mahou_tsukai:mahou_book
[04May2026 01:18:06.830] [Render thread/WARN] [patchouli/]: Invalid icon item stack: Unknown item ID: kubejs:iron_loot_box
[04May2026 01:18:06.830] [Render thread/WARN] [patchouli/]: Invalid icon item stack: Unknown item ID: blue_skies:lunar_fragment
[04May2026 01:18:06.830] [Render thread/WARN] [patchouli/]: Invalid icon item stack: Unknown item ID: footwork:combat_manual
[04May2026 01:18:06.830] [Render thread/WARN] [patchouli/]: Invalid icon item stack: Unknown item ID: terramity:terramity_guidebook
[04May2026 01:18:06.830] [Render thread/WARN] [patchouli/]: Invalid icon item stack: Unknown item ID: irons_spellbooks:fire_spell_book
[04May2026 01:18:06.830] [Render thread/WARN] [patchouli/]: Invalid icon item stack: Unknown item ID: ars_nouveau:spell_book_1
[04May2026 01:18:06.831] [Render thread/INFO] [patchouli/]: BookContentResourceListenerLoader: Files found in 77.80 ?s
[04May2026 01:18:06.831] [Render thread/WARN] [patchouli/]: Recipe footwork:combat_manual (of type minecraft:crafting) not found
[04May2026 01:18:06.831] [Render thread/WARN] [patchouli/]: Recipe mahoutsukai:mahou_tsukai_guidebook (of type minecraft:crafting) not found
[04May2026 01:18:06.831] [Render thread/WARN] [patchouli/]: Recipe occultism:dictionary_of_spirits (of type minecraft:crafting) not found
[04May2026 01:18:06.831] [Render thread/WARN] [patchouli/]: Recipe apotheosis:enchanting/tome (of type minecraft:crafting) not found
[04May2026 01:18:06.831] [Render thread/WARN] [patchouli/]: Recipe apotheosis:apoth_chronicle (of type minecraft:crafting) not found
[04May2026 01:18:06.831] [Render thread/WARN] [patchouli/]: Recipe simplyswords:runic_grimoire (of type minecraft:crafting) not found
[04May2026 01:18:06.831] [Render thread/WARN] [patchouli/]: Recipe forbidden_arcanus:tome_of_arcana (of type minecraft:crafting) not found
[04May2026 01:18:06.831] [Render thread/WARN] [patchouli/]: Recipe terramity:terramity_guidebook (of type minecraft:crafting) not found
[04May2026 01:18:06.831] [Render thread/WARN] [patchouli/]: Recipe irons_spellbooks:arcane_compendium (of type minecraft:crafting) not found
[04May2026 01:18:06.831] [Render thread/INFO] [patchouli/]: BookContentResourceListenerLoader: Files found in 67.00 ?s
[04May2026 01:18:06.831] [Render thread/INFO] [patchouli/]: BookContentResourceListenerLoader: Files found in 65.90 ?s
[04May2026 01:18:06.831] [Render thread/INFO] [patchouli/]: BookContentResourceListenerLoader: Files found in 54.10 ?s
[04May2026 01:18:06.832] [Render thread/INFO] [patchouli/]: BookContentResourceListenerLoader: Files found in 220.5 ?s
[04May2026 01:18:06.832] [Render thread/INFO] [patchouli/]: BookContentResourceListenerLoader: Files found in 207.7 ?s
[04May2026 01:18:06.834] [Render thread/INFO] [patchouli/]: BookContentResourceListenerLoader: Files found in 168.2 ?s
[04May2026 01:18:06.834] [Render thread/WARN] [patchouli/]: Recipe ars_nouveau:apprentice_spell_book_upgrade (of type minecraft:crafting) not found
[04May2026 01:18:06.845] [Render thread/INFO] [ModernFix/]: Cleared 2045 unneeded book NBT tags
[04May2026 01:18:06.887] [Render thread/WARN] [net.minecraft.client.multiplayer.ClientPacketListener/]: Received passengers for unknown entity
[04May2026 01:18:06.900] [Render thread/INFO] [net.minecraft.client.renderer.texture.TextureAtlas/]: Created: 512x64x0 miapi:textures/atlas/materials.png-atlas
[04May2026 01:18:06.901] [Render thread/INFO] [ModularItem API/]: Created material atlas with size 256x26
[04May2026 01:18:07.179] [Render thread/WARN] [ModernFix/]: Time from main menu to in-game was 29.960167 seconds
[04May2026 01:18:07.179] [Render thread/WARN] [ModernFix/]: Total time to load game and open world was 94.60717 seconds
[04May2026 01:18:07.787] [VoiceChatAuthenticationThread/INFO] [voicechat/]: [voicechat] Trying to authenticate voice chat connection
[04May2026 01:18:08.788] [VoiceChatAuthenticationThread/INFO] [voicechat/]: [voicechat] Trying to authenticate voice chat connection
[04May2026 01:18:09.790] [VoiceChatAuthenticationThread/INFO] [voicechat/]: [voicechat] Trying to authenticate voice chat connection
[04May2026 01:18:10.790] [VoiceChatAuthenticationThread/INFO] [voicechat/]: [voicechat] Trying to authenticate voice chat connection
[04May2026 01:18:11.791] [VoiceChatAuthenticationThread/INFO] [voicechat/]: [voicechat] Trying to authenticate voice chat connection
[04May2026 01:18:12.791] [VoiceChatAuthenticationThread/INFO] [voicechat/]: [voicechat] Trying to authenticate voice chat connection
[04May2026 01:18:13.792] [VoiceChatAuthenticationThread/INFO] [voicechat/]: [voicechat] Trying to authenticate voice chat connection
[04May2026 01:18:14.793] [VoiceChatAuthenticationThread/INFO] [voicechat/]: [voicechat] Trying to authenticate voice chat connection
[04May2026 01:18:15.794] [VoiceChatAuthenticationThread/INFO] [voicechat/]: [voicechat] Trying to authenticate voice chat connection
[04May2026 01:18:16.797] [VoiceChatAuthenticationThread/WARN] [voicechat/]: [voicechat] Trying to authenticate voice chat connection (this message will not be logged again)
[04May2026 01:18:17.349] [Render thread/WARN] [io.github.apace100.apoli.Apoli/]: Received unknown attacker
[04May2026 01:18:20.802] [Render thread/INFO] [net.minecraft.client.gui.components.ChatComponent/]: [CHAT] [OriginDump] {"origins:class":"icraft:archmage","origins:gender":"origins_gender:female","origins:origin":"icraft:witch_of_ink","origins:race":"icraft:faefolk"}
[04May2026 01:18:20.802] [Render thread/INFO] [net.minecraft.client.gui.components.ChatComponent/]: [CHAT] [Debug] Matched: <none matched known origins>
[04May2026 01:18:32.452] [Thread-229/WARN] [ModularItem API/]: Couldnt retrieve Miapi Permissions
[04May2026 01:18:41.552] [Render thread/WARN] [net.minecraft.client.multiplayer.ClientPacketListener/]: Received passengers for unknown entity
[04May2026 01:18:41.552] [Render thread/WARN] [net.minecraft.client.multiplayer.ClientPacketListener/]: Received passengers for unknown entity
[04May2026 01:19:01.959] [Render thread/INFO] [net.minecraft.client.gui.components.ChatComponent/]: [CHAT] silvieserene was slain by Leon
[04May2026 01:19:41.803] [Render thread/WARN] [net.minecraft.client.multiplayer.ClientPacketListener/]: Received passengers for unknown entity
[04May2026 01:20:48.726] [Render thread/INFO] [FluxNetworks/]: Released client Flux Networks cache
[04May2026 01:20:48.727] [Render thread/INFO] [mezz.jei.forge.startup.StartEventObserver/]: JEI StartEventObserver received class net.minecraftforge.client.event.ClientPlayerNetworkEvent$LoggingOut
[04May2026 01:20:48.727] [Render thread/INFO] [mezz.jei.forge.startup.StartEventObserver/]: JEI StartEventObserver transitioning state from JEI_STARTED to DISABLED
[04May2026 01:20:48.727] [Render thread/INFO] [mezz.jei.library.startup.JeiStarter/]: Stopping JEI
[04May2026 01:20:48.727] [Render thread/INFO] [mezz.jei.library.load.PluginCaller/]: Sending Runtime Unavailable...
[04May2026 01:20:48.727] [Render thread/INFO] [mezz.jei.forge.plugins.forge.ForgeGuiPlugin/]: Stopping JEI GUI
[04May2026 01:20:48.728] [Render thread/INFO] [mezz.jei.library.load.PluginCaller/]: Sending Runtime Unavailable took 1.655 ms
[04May2026 01:20:48.728] [Render thread/INFO] [inventoryhud/]: Curios disabled
[04May2026 01:20:48.741] [Render thread/INFO] [voicechat/]: [voicechat] Clearing audio channels
[04May2026 01:20:48.746] [Render thread/INFO] [voicechat/]: [voicechat] Disconnecting voicechat
[04May2026 01:20:48.898] [Render thread/INFO] [ChunkBuilder/]: Stopping worker threads
[04May2026 01:20:48.901] [Render thread/INFO] [Entity Texture Features/]: [ETF]: emissive suffixes loaded: {_e}
[04May2026 01:20:48.902] [Render thread/WARN] [structurize/]: Client logged off. Resetting Pack Meta and Reloading State
[04May2026 01:20:48.903] [Structurize IO Worker #0/INFO] [structurize/]: Registered structure pack: silvieserene
[04May2026 01:20:48.904] [Structurize IO Worker #0/WARN] [structurize/]: Finished discovering Client Structure packs
[04May2026 01:20:51.380] [Render thread/INFO] [FluxNetworks/]: Released client Flux Networks cache
[04May2026 01:20:51.381] [Render thread/INFO] [inventoryhud/]: Curios disabled
[04May2026 01:20:51.383] [Render thread/INFO] [Entity Texture Features/]: [ETF]: emissive suffixes loaded: {_e}
[04May2026 01:20:51.384] [Render thread/INFO] [net.minecraft.client.gui.screens.ConnectScreen/]: Connecting to 10.0.0.10, 25565
[04May2026 01:20:57.073] [Netty Client IO #8/INFO] [Puzzles Lib/]: Reloading server config for mutantmonsters
[04May2026 01:20:57.373] [Netty Client IO #8/WARN] [net.minecraftforge.common.ForgeConfigSpec/CORE]: Configuration file SimpleCommentedConfig:{biggerstacks=SimpleCommentedConfig:{Increase transfer rate=true}} is not correct. Correcting
[04May2026 01:20:58.274] [Netty Client IO #8/INFO] [Puzzles Lib/]: Reloading server config for easyanvils
[04May2026 01:21:00.391] [Render thread/INFO] [FluxNetworks/]: Released client Flux Networks cache
[04May2026 01:21:00.392] [Render thread/INFO] [inventoryhud/]: Curios disabled
[04May2026 01:21:00.399] [Render thread/INFO] [Entity Texture Features/]: [ETF]: emissive suffixes loaded: {_e}
[04May2026 01:21:00.400] [Render thread/INFO] [net.minecraft.client.gui.screens.ConnectScreen/]: Connecting to 10.0.0.10, 25565
[04May2026 01:21:05.173] [Netty Client IO #9/INFO] [Puzzles Lib/]: Reloading server config for mutantmonsters
[04May2026 01:21:05.473] [Netty Client IO #9/WARN] [net.minecraftforge.common.ForgeConfigSpec/CORE]: Configuration file SimpleCommentedConfig:{biggerstacks=SimpleCommentedConfig:{Increase transfer rate=true}} is not correct. Correcting
[04May2026 01:21:06.373] [Netty Client IO #9/INFO] [Puzzles Lib/]: Reloading server config for easyanvils
[04May2026 01:21:08.872] [Netty Client IO #9/INFO] [quickstack/]: [quickstack]: Configuration changed.
[04May2026 01:21:10.424] [Netty Client IO #9/INFO] [Puzzles Lib/]: Reloading server config for easymagic
[04May2026 01:21:10.573] [Netty Client IO #9/INFO] [FluxNetworks/Energy]: Energy blacklist loaded: 1 block entries, 0 item entries
[04May2026 01:21:11.472] [Netty Client IO #9/INFO] [com.tom.createores.CreateOreExcavation/]: Create Ore Excavation config just got changed on the file system!
[04May2026 01:21:21.622] [Netty Client IO #9/INFO] [net.minecraftforge.network.NetworkHooks/]: Connected to a modded server.
[04May2026 01:21:21.817] [Render thread/INFO] [Oculus/]: Reloading pipeline on dimension change: NamespacedId{namespace='minecraft', name='overworld'} => NamespacedId{namespace='minecraft', name='overworld'}
[04May2026 01:21:21.817] [Render thread/INFO] [Oculus/]: Destroying pipeline NamespacedId{namespace='minecraft', name='overworld'}
[04May2026 01:21:21.817] [Render thread/INFO] [Oculus/]: Creating pipeline for dimension NamespacedId{namespace='minecraft', name='overworld'}
[04May2026 01:21:21.822] [Render thread/WARN] [net.minecraft.client.renderer.EffectInstance/]: Shader estrogen:aberration could not find uniform named InSize in the specified shader program.
[04May2026 01:21:21.827] [Render thread/WARN] [net.minecraft.client.renderer.EffectInstance/]: Shader estrogen:cel could not find sampler named DiffuseDepthSampler in the specified shader program.
[04May2026 01:21:21.827] [Render thread/WARN] [net.minecraft.client.renderer.EffectInstance/]: Shader estrogen:cel could not find uniform named EstrogenFarPlane in the specified shader program.
[04May2026 01:21:21.832] [Render thread/WARN] [net.minecraft.client.renderer.EffectInstance/]: Shader estrogen:aberration could not find uniform named InSize in the specified shader program.
[04May2026 01:21:21.833] [Render thread/WARN] [net.minecraft.client.renderer.EffectInstance/]: Shader estrogen:cel could not find sampler named DiffuseDepthSampler in the specified shader program.
[04May2026 01:21:21.833] [Render thread/WARN] [net.minecraft.client.renderer.EffectInstance/]: Shader estrogen:cel could not find uniform named EstrogenFarPlane in the specified shader program.
[04May2026 01:21:21.837] [Render thread/INFO] [ChunkBuilder/]: Started 2 worker threads
[04May2026 01:21:21.838] [Render thread/INFO] [net.minecraft.client.gui.components.ChatComponent/]: [CHAT] Just Enough Resources 1.20.1-1.4.0.247 Release is broken on servers. Please Remove it.
[04May2026 01:21:21.839] [Render thread/INFO] [net.minecraft.client.gui.components.ChatComponent/]: [CHAT] For more information you can read this
[04May2026 01:21:21.839] [Render thread/INFO] [net.minecraft.client.gui.components.ChatComponent/]: [CHAT] This message was sent by Truly Modular.
[04May2026 01:21:21.839] [Render thread/WARN] [KubeJS Client/]: auto_fix_prism_prelaunch.js#39: [auto_fix_prism] Failed: InternalError: Failed to load Java class 'java.io.File': Class is not allowed by class filter!
[04May2026 01:21:21.840] [Render thread/INFO] [mezz.jei.forge.startup.StartEventObserver/]: JEI StartEventObserver received class net.minecraftforge.client.event.ClientPlayerNetworkEvent$LoggingIn
[04May2026 01:21:21.840] [Render thread/INFO] [mezz.jei.forge.startup.StartEventObserver/]: JEI StartEventObserver transitioning state from DISABLED to ENABLED
[04May2026 01:21:21.840] [Render thread/INFO] [voicechat/]: [voicechat] Sending secret request to the server
[04May2026 01:21:21.840] [Render thread/WARN] [voicechat/]: [voicechat] Failed to open audio device 'OpenAL Soft on Realtek HD Audio 2nd output (Realtek(R) Audio)', falling back to default
[04May2026 01:21:21.855] [Render thread/INFO] [Sound Physics - General/]: Initializing sound physics for voice chat audio
[04May2026 01:21:21.855] [Render thread/INFO] [Sound Physics - General/]: Initializing Sound Physics
[04May2026 01:21:21.855] [Render thread/INFO] [Sound Physics - General/]: EFX Extension recognized
[04May2026 01:21:21.855] [Render thread/INFO] [Sound Physics - General/]: Max auxiliary sends: 2
[04May2026 01:21:21.855] [Render thread/INFO] [Sound Physics - General/]: Aux slot 1 created
[04May2026 01:21:21.855] [Render thread/INFO] [Sound Physics - General/]: Aux slot 2 created
[04May2026 01:21:21.855] [Render thread/INFO] [Sound Physics - General/]: Aux slot 3 created
[04May2026 01:21:21.855] [Render thread/INFO] [Sound Physics - General/]: Aux slot 4 created
[04May2026 01:21:21.856] [Render thread/INFO] [Sound Physics - General/]: EFX ready
[04May2026 01:21:21.856] [Render thread/INFO] [net.minecraft.client.gui.components.ChatComponent/]: [CHAT] ProbeJS is enabled! You should exclude .probe generated when you finished development, and disable the mod by: /probejs disable
[04May2026 01:21:21.874] [Render thread/INFO] [net.minecraft.client.gui.components.ChatComponent/]: [CHAT] Congratulations! Your code passed linting!
[04May2026 01:21:21.874] [Render thread/INFO] [net.minecraft.client.gui.components.ChatComponent/]: [CHAT] To learn about how to use ProbeJS (or report issue), please go to the Github Page
[04May2026 01:21:21.877] [Render thread/INFO] [mezz.jei.library.ingredients.IngredientManager/]: Ingredients are being removed at runtime: 1418 de.melanx.jea.api.client.IAdvancementInfo
[04May2026 01:21:21.879] [Render thread/INFO] [mezz.jei.library.ingredients.IngredientManager/]: Ingredients are being added at runtime: 1568 de.melanx.jea.api.client.IAdvancementInfo
[04May2026 01:21:21.880] [Render thread/INFO] [io.redspace.ironsspellbooks.IronsSpellbooks/]: Handling spell config sync 0 files
[04May2026 01:21:21.881] [Render thread/INFO] [net.minecraft.client.gui.components.ChatComponent/]: [CHAT] [Mekanism] Broken tags in Mekanism recipes detected, please check server logs for details. You will be missing some recipes and machines may not accept expected inputs.
[04May2026 01:21:21.881] [Render thread/INFO] [ModdingLegacy/blue_skies/]: Recieved ToolHandleTypeManager from the server
[04May2026 01:21:21.881] [Render thread/INFO] [ModdingLegacy/blue_skies/]: Recieved SnowcapOvenFreezingManager from the server
[04May2026 01:21:21.881] [Render thread/INFO] [ModdingLegacy/blue_skies/]: Recieved HorizoniteForgeFuelManager from the server
[04May2026 01:21:21.881] [Render thread/INFO] [ModdingLegacy/blue_skies/]: Recieved AlchemyRecipeManager from the server
[04May2026 01:21:21.881] [Render thread/INFO] [ModdingLegacy/blue_skies/]: Recieved JournalEntryManager from the server
[04May2026 01:21:21.881] [Render thread/INFO] [ModdingLegacy/blue_skies/]: Recieved JournalSectionManager from the server
[04May2026 01:21:21.881] [Render thread/INFO] [ModdingLegacy/blue_skies/]: Recieved JournalRequirementManager from the server
[04May2026 01:21:21.881] [Render thread/INFO] [Supplementaries/]: Synced Flute Songs
[04May2026 01:21:21.881] [Render thread/INFO] [Supplementaries/]: Synced Captured Mobs settings
[04May2026 01:21:21.881] [Render thread/INFO] [Supplementaries/]: Synced Globe data
[04May2026 01:21:21.882] [Render thread/INFO] [Supplementaries/]: Synced Hourglass data
[04May2026 01:21:21.882] [Render thread/INFO] [placebo/]: Starting sync for enchanting_stats
[04May2026 01:21:21.882] [Render thread/INFO] [Apotheosis : Enchantment/]: Registered 31 enchanting_stats.
[04May2026 01:21:21.882] [Render thread/INFO] [placebo/]: Starting sync for rarities
[04May2026 01:21:21.882] [Render thread/INFO] [Apotheosis : Adventure/]: Registered 6 rarities.
[04May2026 01:21:21.882] [Render thread/INFO] [placebo/]: Starting sync for affixes
[04May2026 01:21:21.884] [Render thread/INFO] [Apotheosis : Adventure/]: Registered 137 affixes.
[04May2026 01:21:21.885] [Render thread/WARN] [Apotheosis : Adventure/]: Insufficient number of affixes to satisfy the loot rules (ignoring backup rules) of rarity apotheosis:mythic for category helmetRequired: 3; Provided: 2
[04May2026 01:21:21.885] [Render thread/WARN] [Apotheosis : Adventure/]: Insufficient number of affixes to satisfy the loot rules (ignoring backup rules) of rarity apotheosis:mythic for category bootsRequired: 3; Provided: 2
[04May2026 01:21:21.885] [Render thread/WARN] [Apotheosis : Adventure/]: Insufficient number of affixes to satisfy the loot rules (ignoring backup rules) of rarity apotheosis:ancient for category helmetRequired: 4; Provided: 2
[04May2026 01:21:21.885] [Render thread/WARN] [Apotheosis : Adventure/]: Insufficient number of affixes to satisfy the loot rules (ignoring backup rules) of rarity apotheosis:ancient for category bootsRequired: 4; Provided: 2
[04May2026 01:21:21.885] [Render thread/WARN] [Apotheosis : Adventure/]: Insufficient number of affixes to satisfy the loot rules (ignoring backup rules) of rarity apotheosis:ancient for category pickaxeRequired: 5; Provided: 4
[04May2026 01:21:21.885] [Render thread/WARN] [Apotheosis : Adventure/]: Insufficient number of affixes to satisfy the loot rules (ignoring backup rules) of rarity apotheosis:ancient for category shovelRequired: 5; Provided: 4
[04May2026 01:21:21.886] [Render thread/INFO] [placebo/]: Starting sync for gems
[04May2026 01:21:21.888] [Render thread/INFO] [Apotheosis : Adventure/]: Registered 34 gems.
[04May2026 01:21:21.888] [Render thread/INFO] [Iron Jetpacks/]: Loaded 14 jetpacks from the server
[04May2026 01:21:21.890] [Render thread/INFO] [dev.corgitaco.enhancedcelestials.EnhancedCelestials/]: Possible lunar events for dimension "minecraft:overworld" are [enhancedcelestials:blue_moon, enhancedcelestials:super_blood_moon, enhancedcelestials:harvest_moon, enhancedcelestials:super_moon, enhancedcelestials:super_blue_moon, enhancedcelestials:blood_moon, enhancedcelestials:super_harvest_moon].
[04May2026 01:21:21.941] [Render thread/INFO] [inventoryhud/]: Curios has been initialized with 35 slot(s) after 1 tries
[04May2026 01:21:22.656] [Netty Client IO #9/WARN] [com.simibubi.create.Create/]: Your custom createaddition:rolling/brass_ingot recipe (createaddition:rolling/brass_ingot) specified a duration. Durations have no impact on this type of recipe.
[04May2026 01:21:22.864] [Netty Client IO #9/WARN] [com.simibubi.create.Create/]: Your custom createaddition:rolling/gold_ingot recipe (createaddition:rolling/gold_ingot) specified a duration. Durations have no impact on this type of recipe.
[04May2026 01:21:22.927] [Netty Client IO #9/WARN] [com.simibubi.create.Create/]: Your custom createaddition:rolling/gold_plate recipe (createaddition:rolling/gold_plate) specified a duration. Durations have no impact on this type of recipe.
[04May2026 01:21:22.948] [Netty Client IO #9/WARN] [com.simibubi.create.Create/]: Your custom createaddition:rolling/iron_plate recipe (createaddition:rolling/iron_plate) specified a duration. Durations have no impact on this type of recipe.
[04May2026 01:21:22.970] [Netty Client IO #9/WARN] [com.simibubi.create.Create/]: Your custom createaddition:rolling/copper_ingot recipe (createaddition:rolling/copper_ingot) specified a duration. Durations have no impact on this type of recipe.
[04May2026 01:21:23.147] [Netty Client IO #9/WARN] [com.simibubi.create.Create/]: Your custom createaddition:rolling/straw recipe (createaddition:rolling/straw) specified a duration. Durations have no impact on this type of recipe.
[04May2026 01:21:23.334] [Netty Client IO #9/WARN] [com.simibubi.create.Create/]: Your custom createaddition:rolling/electrum_ingot recipe (createaddition:rolling/electrum_ingot) specified a duration. Durations have no impact on this type of recipe.
[04May2026 01:21:23.385] [Netty Client IO #9/WARN] [com.simibubi.create.Create/]: Your custom createaddition:rolling/iron_ingot recipe (createaddition:rolling/iron_ingot) specified a duration. Durations have no impact on this type of recipe.
[04May2026 01:21:23.495] [Netty Client IO #9/WARN] [com.simibubi.create.Create/]: Your custom createaddition:rolling/electrum_plate recipe (createaddition:rolling/electrum_plate) specified a duration. Durations have no impact on this type of recipe.
[04May2026 01:21:23.625] [Netty Client IO #9/WARN] [com.simibubi.create.Create/]: Your custom createaddition:rolling/copper_plate recipe (createaddition:rolling/copper_plate) specified a duration. Durations have no impact on this type of recipe.
[04May2026 01:21:23.788] [Render thread/WARN] [net.minecraft.client.ClientRecipeBook/]: Unknown recipe category: [!!!com.mojang.logging.LogUtils$1ToString@6b678071=>java.lang.NullPointerException:Cannot invoke "Object.toString()" because the return value of "java.util.function.Supplier.get()" is null!!!]/theabyss:lurker_juice_rcp
[04May2026 01:21:23.788] [Render thread/WARN] [net.minecraft.client.ClientRecipeBook/]: Unknown recipe category: [!!!com.mojang.logging.LogUtils$1ToString@37c03ab7=>java.lang.NullPointerException:Cannot invoke "Object.toString()" because the return value of "java.util.function.Supplier.get()" is null!!!]/theabyss:aurel_crystal_rcp
[04May2026 01:21:23.788] [Render thread/WARN] [net.minecraft.client.ClientRecipeBook/]: Unknown recipe category: [!!!com.mojang.logging.LogUtils$1ToString@7da0fc3d=>java.lang.NullPointerException:Cannot invoke "Object.toString()" because the return value of "java.util.function.Supplier.get()" is null!!!]/theabyss:ardor_powder_rcp
[04May2026 01:21:23.788] [Render thread/WARN] [net.minecraft.client.ClientRecipeBook/]: Unknown recipe category: forbidden_arcanus:clibano_combustion/forbidden_arcanus:clibano_combustion/arcane_crystal_dust_from_clibano_combusting
[04May2026 01:21:23.789] [Render thread/WARN] [net.minecraft.client.ClientRecipeBook/]: Unknown recipe category: [!!!com.mojang.logging.LogUtils$1ToString@33160727=>java.lang.NullPointerException:Cannot invoke "Object.toString()" because the return value of "java.util.function.Supplier.get()" is null!!!]/theabyss:somnium_upgrade_regen_rcp
[04May2026 01:21:23.789] [Render thread/WARN] [net.minecraft.client.ClientRecipeBook/]: Unknown recipe category: [!!!com.mojang.logging.LogUtils$1ToString@64257d3c=>java.lang.NullPointerException:Cannot invoke "Object.toString()" because the return value of "java.util.function.Supplier.get()" is null!!!]/theabyss:ender_powder_rcp
[04May2026 01:21:23.789] [Render thread/WARN] [net.minecraft.client.ClientRecipeBook/]: Unknown recipe category: [!!!com.mojang.logging.LogUtils$1ToString@5286f68d=>java.lang.NullPointerException:Cannot invoke "Object.toString()" because the return value of "java.util.function.Supplier.get()" is null!!!]/simplefarming:wine
[04May2026 01:21:23.789] [Render thread/WARN] [net.minecraft.client.ClientRecipeBook/]: Unknown recipe category: [!!!com.mojang.logging.LogUtils$1ToString@283da9f4=>java.lang.NullPointerException:Cannot invoke "Object.toString()" because the return value of "java.util.function.Supplier.get()" is null!!!]/theabyss:fear_powder_rcp
[04May2026 01:21:23.790] [Render thread/WARN] [net.minecraft.client.ClientRecipeBook/]: Unknown recipe category: [!!!com.mojang.logging.LogUtils$1ToString@2b11aceb=>java.lang.NullPointerException:Cannot invoke "Object.toString()" because the return value of "java.util.function.Supplier.get()" is null!!!]/theabyss:anti_fear_essence_rcp
[04May2026 01:21:23.790] [Render thread/WARN] [net.minecraft.client.ClientRecipeBook/]: Unknown recipe category: deep_aether:poison_recipe/deep_aether:holystone_from_poison
[04May2026 01:21:23.790] [Render thread/WARN] [net.minecraft.client.ClientRecipeBook/]: Unknown recipe category: [!!!com.mojang.logging.LogUtils$1ToString@6412e828=>java.lang.NullPointerException:Cannot invoke "Object.toString()" because the return value of "java.util.function.Supplier.get()" is null!!!]/theabyss:caverna_crystal_rcp
[04May2026 01:21:23.791] [Render thread/WARN] [net.minecraft.client.ClientRecipeBook/]: Unknown recipe category: apotheosis:fletching/apotheosis:fletching/explosive_arrow
[04May2026 01:21:23.791] [Render thread/WARN] [net.minecraft.client.ClientRecipeBook/]: Unknown recipe category: cataclysm:weapon_fusion/cataclysm:weapon_infusion/void_forge
[04May2026 01:21:23.792] [Render thread/WARN] [net.minecraft.client.ClientRecipeBook/]: Unknown recipe category: forbidden_arcanus:clibano_combustion/forbidden_arcanus:clibano_combustion/emerald_from_clibano_combusting
[04May2026 01:21:23.792] [Render thread/WARN] [net.minecraft.client.ClientRecipeBook/]: Unknown recipe category: [!!!com.mojang.logging.LogUtils$1ToString@14548b9=>java.lang.NullPointerException:Cannot invoke "Object.toString()" because the return value of "java.util.function.Supplier.get()" is null!!!]/simplefarming:tiswin
[04May2026 01:21:23.792] [Render thread/WARN] [net.minecraft.client.ClientRecipeBook/]: Unknown recipe category: [!!!com.mojang.logging.LogUtils$1ToString@4472336c=>java.lang.NullPointerException:Cannot invoke "Object.toString()" because the return value of "java.util.function.Supplier.get()" is null!!!]/theabyss:caverna_powder_rcp
[04May2026 01:21:23.792] [Render thread/WARN] [net.minecraft.client.ClientRecipeBook/]: Unknown recipe category: forbidden_arcanus:clibano_combustion/forbidden_arcanus:clibano_combustion/iron_ingot_from_clibano_combusting_raw_iron
[04May2026 01:21:23.793] [Netty Client IO #9/INFO] [net.bettercombat.logic.WeaponRegistry/]: Decoded and decompressed Weapon Attribute registry in 2 string chunks
[04May2026 01:21:23.793] [Render thread/WARN] [net.minecraft.client.ClientRecipeBook/]: Unknown recipe category: apotheosis:fletching/apotheosis:fletching/obsidian_arrow
[04May2026 01:21:23.795] [Render thread/WARN] [net.minecraft.client.ClientRecipeBook/]: Unknown recipe category: cataclysm:weapon_fusion/cataclysm:weapon_infusion/ignitium_elytra_chestplate
[04May2026 01:21:23.795] [Render thread/WARN] [net.minecraft.client.ClientRecipeBook/]: Unknown recipe category: deep_aether:poison_recipe/deep_aether:quicksoil_from_poison
[04May2026 01:21:23.795] [Render thread/WARN] [net.minecraft.client.ClientRecipeBook/]: Unknown recipe category: cataclysm:weapon_fusion/cataclysm:weapon_infusion/wrath_of_the_desert
[04May2026 01:21:23.796] [Render thread/WARN] [net.minecraft.client.ClientRecipeBook/]: Unknown recipe category: forbidden_arcanus:clibano_combustion/forbidden_arcanus:clibano_combustion/lapis_lazuli_from_clibano_combusting
[04May2026 01:21:23.796] [Render thread/WARN] [net.minecraft.client.ClientRecipeBook/]: Unknown recipe category: [!!!com.mojang.logging.LogUtils$1ToString@6222b9fd=>java.lang.NullPointerException:Cannot invoke "Object.toString()" because the return value of "java.util.function.Supplier.get()" is null!!!]/theabyss:vit_powder_rcp
[04May2026 01:21:23.797] [Render thread/WARN] [net.minecraft.client.ClientRecipeBook/]: Unknown recipe category: estrogen:entity_interaction/estrogen:entity_interaction/horse_urine_bottle
[04May2026 01:21:23.798] [Render thread/WARN] [net.minecraft.client.ClientRecipeBook/]: Unknown recipe category: forbidden_arcanus:clibano_combustion/forbidden_arcanus:clibano_combustion/rune_from_clibano_combusting
[04May2026 01:21:23.798] [Render thread/WARN] [net.minecraft.client.ClientRecipeBook/]: Unknown recipe category: cataclysm:weapon_fusion/cataclysm:weapon_infusion/gauntlet_of_maelstrom
[04May2026 01:21:23.798] [Render thread/WARN] [net.minecraft.client.ClientRecipeBook/]: Unknown recipe category: [!!!com.mojang.logging.LogUtils$1ToString@11824e39=>java.lang.NullPointerException:Cannot invoke "Object.toString()" because the return value of "java.util.function.Supplier.get()" is null!!!]/theabyss:aurel_powder_rcp
[04May2026 01:21:23.799] [Render thread/WARN] [net.minecraft.client.ClientRecipeBook/]: Unknown recipe category: deep_aether:poison_recipe/deep_aether:purple_squash_from_blue_squash
[04May2026 01:21:23.800] [Render thread/WARN] [net.minecraft.client.ClientRecipeBook/]: Unknown recipe category: apotheosis:fletching/apotheosis:fletching/broadhead_arrow
[04May2026 01:21:23.801] [Render thread/WARN] [net.minecraft.client.ClientRecipeBook/]: Unknown recipe category: forbidden_arcanus:clibano_combustion/forbidden_arcanus:clibano_combustion/arcane_crystal_from_clibano_combusting
[04May2026 01:21:23.802] [Render thread/WARN] [net.minecraft.client.ClientRecipeBook/]: Unknown recipe category: brewinandchewin:fermenting/culturaldelights:fermenting/pickle
[04May2026 01:21:23.802] [Render thread/WARN] [net.minecraft.client.ClientRecipeBook/]: Unknown recipe category: apotheosis:fletching/apotheosis:fletching/arrow
[04May2026 01:21:23.803] [Render thread/WARN] [net.minecraft.client.ClientRecipeBook/]: Unknown recipe category: [!!!com.mojang.logging.LogUtils$1ToString@3aa9dc30=>java.lang.NullPointerException:Cannot invoke "Object.toString()" because the return value of "java.util.function.Supplier.get()" is null!!!]/simplefarming:whiskey
[04May2026 01:21:23.803] [Render thread/WARN] [net.minecraft.client.ClientRecipeBook/]: Unknown recipe category: [!!!com.mojang.logging.LogUtils$1ToString@6f95715a=>java.lang.NullPointerException:Cannot invoke "Object.toString()" because the return value of "java.util.function.Supplier.get()" is null!!!]/theabyss:somnium_upgrade_cooldown_rcp
[04May2026 01:21:23.805] [Render thread/WARN] [net.minecraft.client.ClientRecipeBook/]: Unknown recipe category: [!!!com.mojang.logging.LogUtils$1ToString@180fc004=>java.lang.NullPointerException:Cannot invoke "Object.toString()" because the return value of "java.util.function.Supplier.get()" is null!!!]/theabyss:frost_powder_rcp
[04May2026 01:21:23.805] [Render thread/WARN] [net.minecraft.client.ClientRecipeBook/]: Unknown recipe category: [!!!com.mojang.logging.LogUtils$1ToString@1b7fb6ba=>java.lang.NullPointerException:Cannot invoke "Object.toString()" because the return value of "java.util.function.Supplier.get()" is null!!!]/theabyss:frost_crystal_rcp
[04May2026 01:21:23.806] [Render thread/WARN] [net.minecraft.client.ClientRecipeBook/]: Unknown recipe category: [!!!com.mojang.logging.LogUtils$1ToString@6fc3b1b9=>java.lang.NullPointerException:Cannot invoke "Object.toString()" because the return value of "java.util.function.Supplier.get()" is null!!!]/theabyss:anti_infection_rcp
[04May2026 01:21:23.806] [Render thread/WARN] [net.minecraft.client.ClientRecipeBook/]: Unknown recipe category: [!!!com.mojang.logging.LogUtils$1ToString@2b1802ba=>java.lang.NullPointerException:Cannot invoke "Object.toString()" because the return value of "java.util.function.Supplier.get()" is null!!!]/simplefarming:mead
[04May2026 01:21:23.806] [Render thread/WARN] [net.minecraft.client.ClientRecipeBook/]: Unknown recipe category: forbidden_arcanus:clibano_combustion/forbidden_arcanus:clibano_combustion/copper_ingot_from_clibano_combusting
[04May2026 01:21:23.807] [Render thread/WARN] [net.minecraft.client.ClientRecipeBook/]: Unknown recipe category: forbidden_arcanus:clibano_combustion/forbidden_arcanus:clibano_combustion/gold_ingot_from_clibano_combusting_raw_gold
[04May2026 01:21:23.808] [Render thread/WARN] [net.minecraft.client.ClientRecipeBook/]: Unknown recipe category: [!!!com.mojang.logging.LogUtils$1ToString@4d71f83d=>java.lang.NullPointerException:Cannot invoke "Object.toString()" because the return value of "java.util.function.Supplier.get()" is null!!!]/theabyss:hollow_powder_rcp
[04May2026 01:21:23.808] [Render thread/WARN] [net.minecraft.client.ClientRecipeBook/]: Unknown recipe category: forbidden_arcanus:clibano_combustion/forbidden_arcanus:clibano_combustion/netherite_scrap_from_clibano_combusting
[04May2026 01:21:23.808] [Render thread/WARN] [net.minecraft.client.ClientRecipeBook/]: Unknown recipe category: deep_aether:poison_recipe/deep_aether:skyroot_poison_bucket_from_poison
[04May2026 01:21:23.808] [Render thread/WARN] [net.minecraft.client.ClientRecipeBook/]: Unknown recipe category: [!!!com.mojang.logging.LogUtils$1ToString@2bdd4d4f=>java.lang.NullPointerException:Cannot invoke "Object.toString()" because the return value of "java.util.function.Supplier.get()" is null!!!]/theabyss:crimson_powder_rcp
[04May2026 01:21:23.809] [Render thread/WARN] [net.minecraft.client.ClientRecipeBook/]: Unknown recipe category: forbidden_arcanus:clibano_combustion/forbidden_arcanus:clibano_combustion/coal_from_clibano_combusting
[04May2026 01:21:23.809] [Render thread/WARN] [net.minecraft.client.ClientRecipeBook/]: Unknown recipe category: forbidden_arcanus:clibano_combustion/forbidden_arcanus:clibano_combustion/iron_ingot_from_clibano_combusting
[04May2026 01:21:23.810] [Render thread/WARN] [net.minecraft.client.ClientRecipeBook/]: Unknown recipe category: [!!!com.mojang.logging.LogUtils$1ToString@59e16ff4=>java.lang.NullPointerException:Cannot invoke "Object.toString()" because the return value of "java.util.function.Supplier.get()" is null!!!]/simplefarming:cider
[04May2026 01:21:23.811] [Render thread/WARN] [net.minecraft.client.ClientRecipeBook/]: Unknown recipe category: [!!!com.mojang.logging.LogUtils$1ToString@3287aba0=>java.lang.NullPointerException:Cannot invoke "Object.toString()" because the return value of "java.util.function.Supplier.get()" is null!!!]/theabyss:abyss_crystal_rcp
[04May2026 01:21:23.811] [Render thread/WARN] [net.minecraft.client.ClientRecipeBook/]: Unknown recipe category: [!!!com.mojang.logging.LogUtils$1ToString@70751ddd=>java.lang.NullPointerException:Cannot invoke "Object.toString()" because the return value of "java.util.function.Supplier.get()" is null!!!]/simplefarming:cauim
[04May2026 01:21:23.812] [Render thread/WARN] [net.minecraft.client.ClientRecipeBook/]: Unknown recipe category: [!!!com.mojang.logging.LogUtils$1ToString@318381a9=>java.lang.NullPointerException:Cannot invoke "Object.toString()" because the return value of "java.util.function.Supplier.get()" is null!!!]/theabyss:ender_crystal_rcp
[04May2026 01:21:23.813] [Render thread/WARN] [net.minecraft.client.ClientRecipeBook/]: Unknown recipe category: cataclysm:weapon_fusion/cataclysm:weapon_infusion/gauntlet_of_bulwark
[04May2026 01:21:23.813] [Render thread/WARN] [net.minecraft.client.ClientRecipeBook/]: Unknown recipe category: [!!!com.mojang.logging.LogUtils$1ToString@63cfc6a2=>java.lang.NullPointerException:Cannot invoke "Object.toString()" because the return value of "java.util.function.Supplier.get()" is null!!!]/theabyss:warped_powder_rcp
[04May2026 01:21:23.814] [Render thread/WARN] [net.minecraft.client.ClientRecipeBook/]: Unknown recipe category: [!!!com.mojang.logging.LogUtils$1ToString@6c9abbd0=>java.lang.NullPointerException:Cannot invoke "Object.toString()" because the return value of "java.util.function.Supplier.get()" is null!!!]/simplefarming:vodka
[04May2026 01:21:23.814] [Render thread/WARN] [net.minecraft.client.ClientRecipeBook/]: Unknown recipe category: forbidden_arcanus:clibano_combustion/forbidden_arcanus:clibano_combustion/deorum_nugget_from_clibano_combusting
[04May2026 01:21:23.815] [Render thread/WARN] [net.minecraft.client.ClientRecipeBook/]: Unknown recipe category: [!!!com.mojang.logging.LogUtils$1ToString@3459c86b=>java.lang.NullPointerException:Cannot invoke "Object.toString()" because the return value of "java.util.function.Supplier.get()" is null!!!]/theabyss:abyss_powder_rcp
[04May2026 01:21:23.816] [Render thread/WARN] [net.minecraft.client.ClientRecipeBook/]: Unknown recipe category: [!!!com.mojang.logging.LogUtils$1ToString@197a9980=>java.lang.NullPointerException:Cannot invoke "Object.toString()" because the return value of "java.util.function.Supplier.get()" is null!!!]/simplefarming:sake
[04May2026 01:21:23.818] [Render thread/WARN] [net.minecraft.client.ClientRecipeBook/]: Unknown recipe category: [!!!com.mojang.logging.LogUtils$1ToString@49db6db=>java.lang.NullPointerException:Cannot invoke "Object.toString()" because the return value of "java.util.function.Supplier.get()" is null!!!]/theabyss:immortal_substance_rcp
[04May2026 01:21:23.818] [Render thread/WARN] [net.minecraft.client.ClientRecipeBook/]: Unknown recipe category: apotheosis:fletching/apotheosis:fletching/spectral_arrow
[04May2026 01:21:23.819] [Render thread/WARN] [net.minecraft.client.ClientRecipeBook/]: Unknown recipe category: [!!!com.mojang.logging.LogUtils$1ToString@3de0c9a3=>java.lang.NullPointerException:Cannot invoke "Object.toString()" because the return value of "java.util.function.Supplier.get()" is null!!!]/theabyss:somnium_upgrade_usage_rcp
[04May2026 01:21:23.819] [Render thread/WARN] [net.minecraft.client.ClientRecipeBook/]: Unknown recipe category: [!!!com.mojang.logging.LogUtils$1ToString@478044e4=>java.lang.NullPointerException:Cannot invoke "Object.toString()" because the return value of "java.util.function.Supplier.get()" is null!!!]/theabyss:hollow_crystal_rcp
[04May2026 01:21:23.819] [Render thread/WARN] [net.minecraft.client.ClientRecipeBook/]: Unknown recipe category: deep_aether:poison_recipe/deep_aether:blueberry_from_poison
[04May2026 01:21:23.819] [Render thread/WARN] [net.minecraft.client.ClientRecipeBook/]: Unknown recipe category: deep_aether:poison_recipe/deep_aether:gravitite_ore_from_poison
[04May2026 01:21:23.820] [Render thread/WARN] [net.minecraft.client.ClientRecipeBook/]: Unknown recipe category: cataclysm:weapon_fusion/cataclysm:weapon_infusion/void_assault_shoulder_weapon
[04May2026 01:21:23.820] [Render thread/WARN] [net.minecraft.client.ClientRecipeBook/]: Unknown recipe category: deep_aether:poison_recipe/deep_aether:purple_squash_from_green_squash
[04May2026 01:21:23.821] [Render thread/WARN] [net.minecraft.client.ClientRecipeBook/]: Unknown recipe category: [!!!com.mojang.logging.LogUtils$1ToString@afb630d=>java.lang.NullPointerException:Cannot invoke "Object.toString()" because the return value of "java.util.function.Supplier.get()" is null!!!]/theabyss:crimson_crystal_rcp
[04May2026 01:21:23.822] [Render thread/WARN] [net.minecraft.client.ClientRecipeBook/]: Unknown recipe category: apotheosis:fletching/apotheosis:fletching/iron_mining_arrow
[04May2026 01:21:23.822] [Render thread/WARN] [net.minecraft.client.ClientRecipeBook/]: Unknown recipe category: forbidden_arcanus:clibano_combustion/forbidden_arcanus:clibano_combustion/copper_ingot_from_clibano_combusting_raw_copper
[04May2026 01:21:23.823] [Render thread/WARN] [net.minecraft.client.ClientRecipeBook/]: Unknown recipe category: [!!!com.mojang.logging.LogUtils$1ToString@633937e7=>java.lang.NullPointerException:Cannot invoke "Object.toString()" because the return value of "java.util.function.Supplier.get()" is null!!!]/theabyss:tenebris_powder_rcp
[04May2026 01:21:23.823] [Render thread/WARN] [net.minecraft.client.ClientRecipeBook/]: Unknown recipe category: cataclysm:weapon_fusion/cataclysm:weapon_infusion/the_immolator
[04May2026 01:21:23.823] [Render thread/WARN] [net.minecraft.client.ClientRecipeBook/]: Unknown recipe category: apotheosis:fletching/apotheosis:fletching/diamond_mining_arrow
[04May2026 01:21:23.824] [Render thread/WARN] [net.minecraft.client.ClientRecipeBook/]: Unknown recipe category: forbidden_arcanus:clibano_combustion/forbidden_arcanus:clibano_combustion/gold_ingot_from_clibano_combusting
[04May2026 01:21:23.824] [Render thread/WARN] [net.minecraft.client.ClientRecipeBook/]: Unknown recipe category: [!!!com.mojang.logging.LogUtils$1ToString@58af47f2=>java.lang.NullPointerException:Cannot invoke "Object.toString()" because the return value of "java.util.function.Supplier.get()" is null!!!]/simplefarming:beer
[04May2026 01:21:23.825] [Render thread/WARN] [net.minecraft.client.ClientRecipeBook/]: Unknown recipe category: cataclysm:weapon_fusion/cataclysm:weapon_infusion/brontes
[04May2026 01:21:23.825] [Render thread/WARN] [net.minecraft.client.ClientRecipeBook/]: Unknown recipe category: [!!!com.mojang.logging.LogUtils$1ToString@1d4d8f67=>java.lang.NullPointerException:Cannot invoke "Object.toString()" because the return value of "java.util.function.Supplier.get()" is null!!!]/theabyss:warped_crystal_rcp
[04May2026 01:21:23.825] [Render thread/WARN] [net.minecraft.client.ClientRecipeBook/]: Unknown recipe category: [!!!com.mojang.logging.LogUtils$1ToString@4cff64c8=>java.lang.NullPointerException:Cannot invoke "Object.toString()" because the return value of "java.util.function.Supplier.get()" is null!!!]/theabyss:somnium_upgrade_damage_rcp
[04May2026 01:21:23.825] [Render thread/WARN] [net.minecraft.client.ClientRecipeBook/]: Unknown recipe category: deep_aether:poison_recipe/deep_aether:golden_dart_from_poison
[04May2026 01:21:23.830] [Render thread/INFO] [mezz.jei.forge.startup.StartEventObserver/]: JEI StartEventObserver received class net.minecraftforge.client.event.RecipesUpdatedEvent
[04May2026 01:21:24.077] [Render thread/INFO] [Modonomicon/]: Building books ...
[04May2026 01:21:24.077] [Render thread/INFO] [Modonomicon/]: Books built.
[04May2026 01:21:24.078] [Render thread/INFO] [Modonomicon/]: Pre-rendering markdown ...
[04May2026 01:21:24.084] [Render thread/INFO] [Modonomicon/]: Finished pre-rendering markdown.
[04May2026 01:21:24.155] [Render thread/ERROR] [Moonlight/]: Failed to restore original behavior for item: lunch_basket, net.mehvahdjukaar.moonlight.api.util.DispenserHelper$PlaceBlockDispenseBehavior@78495d63
[04May2026 01:21:24.202] [Render thread/INFO] [mezz.jei.forge.startup.StartEventObserver/]: JEI StartEventObserver received class net.minecraftforge.event.TagsUpdatedEvent
[04May2026 01:21:24.202] [Render thread/INFO] [mezz.jei.forge.startup.StartEventObserver/]: JEI StartEventObserver transitioning state from ENABLED to JEI_STARTED
[04May2026 01:21:24.202] [Render thread/INFO] [mezz.jei.core.util.LoggedTimer/]: Starting JEI...
[04May2026 01:21:24.202] [Render thread/INFO] [mezz.jei.library.load.PluginCaller/]: Registering item subtypes...
[04May2026 01:21:24.205] [Render thread/INFO] [mezz.jei.library.load.PluginCaller/]: Registering item subtypes took 2.700 ms
[04May2026 01:21:24.205] [Render thread/INFO] [mezz.jei.library.load.PluginCaller/]: Registering fluid subtypes...
[04May2026 01:21:24.205] [Render thread/INFO] [mezz.jei.library.load.PluginCaller/]: Registering fluid subtypes took 446.9 ?s
[04May2026 01:21:24.206] [Render thread/INFO] [mezz.jei.library.load.PluginCaller/]: Registering ingredients...
[04May2026 01:21:24.266] [Render thread/ERROR] [zeta/]: Creative tab loop found when adding Block{quark:monster_box} next to Block{minecraft:spawner}
[04May2026 01:21:24.266] [Render thread/ERROR] [zeta/]: For more info enable Creative Verbose Logging in the Zeta config, or set Force Creative Tab Appends to true to disable this behavior
[04May2026 01:21:24.266] [Render thread/ERROR] [zeta/]: Creative tab loop found when adding Block{quark:monster_box} next to Block{minecraft:spawner}
[04May2026 01:21:24.266] [Render thread/ERROR] [zeta/]: For more info enable Creative Verbose Logging in the Zeta config, or set Force Creative Tab Appends to true to disable this behavior
[04May2026 01:21:24.266] [Render thread/ERROR] [zeta/]: Creative tab loop found when adding Block{quark:monster_box} next to Block{minecraft:spawner}
[04May2026 01:21:24.266] [Render thread/ERROR] [zeta/]: For more info enable Creative Verbose Logging in the Zeta config, or set Force Creative Tab Appends to true to disable this behavior
[04May2026 01:21:24.266] [Render thread/ERROR] [zeta/]: Creative tab loop found when adding Block{quark:monster_box} next to Block{minecraft:spawner}
[04May2026 01:21:24.266] [Render thread/ERROR] [zeta/]: For more info enable Creative Verbose Logging in the Zeta config, or set Force Creative Tab Appends to true to disable this behavior
[04May2026 01:21:24.266] [Render thread/ERROR] [zeta/]: Creative tab loop found when adding Block{quark:monster_box} next to Block{minecraft:spawner}
[04May2026 01:21:24.266] [Render thread/ERROR] [zeta/]: For more info enable Creative Verbose Logging in the Zeta config, or set Force Creative Tab Appends to true to disable this behavior
[04May2026 01:21:24.266] [Render thread/ERROR] [zeta/]: Creative tab loop found when adding Block{quark:monster_box} next to Block{minecraft:spawner}
[04May2026 01:21:24.266] [Render thread/ERROR] [zeta/]: For more info enable Creative Verbose Logging in the Zeta config, or set Force Creative Tab Appends to true to disable this behavior
[04May2026 01:21:24.266] [Render thread/ERROR] [zeta/]: Creative tab loop found when adding Block{quark:monster_box} next to Block{minecraft:spawner}
[04May2026 01:21:24.266] [Render thread/ERROR] [zeta/]: For more info enable Creative Verbose Logging in the Zeta config, or set Force Creative Tab Appends to true to disable this behavior
[04May2026 01:21:24.266] [Render thread/ERROR] [zeta/]: Creative tab loop found when adding Block{quark:monster_box} next to Block{minecraft:spawner}
[04May2026 01:21:24.266] [Render thread/ERROR] [zeta/]: For more info enable Creative Verbose Logging in the Zeta config, or set Force Creative Tab Appends to true to disable this behavior
[04May2026 01:21:24.266] [Render thread/ERROR] [zeta/]: Creative tab loop found when adding Block{quark:monster_box} next to Block{minecraft:spawner}
[04May2026 01:21:24.266] [Render thread/ERROR] [zeta/]: For more info enable Creative Verbose Logging in the Zeta config, or set Force Creative Tab Appends to true to disable this behavior
[04May2026 01:21:24.266] [Render thread/ERROR] [zeta/]: Creative tab loop found when adding Block{quark:monster_box} next to Block{minecraft:spawner}
[04May2026 01:21:24.266] [Render thread/ERROR] [zeta/]: For more info enable Creative Verbose Logging in the Zeta config, or set Force Creative Tab Appends to true to disable this behavior
[04May2026 01:21:24.266] [Render thread/INFO] [STDERR/]: [org.violetmoon.zeta.registry.CreativeTabManager:buildContents:173]: java.lang.RuntimeException: Creative tab placement misses exceeded failsafe, aborting logic
[04May2026 01:21:24.266] [Render thread/INFO] [STDERR/]: [org.violetmoon.zeta.registry.CreativeTabManager:buildContents:173]: 	at TRANSFORMER/zeta@1.0-31/org.violetmoon.zeta.registry.CreativeTabManager.buildContents(CreativeTabManager.java:173)
[04May2026 01:21:24.266] [Render thread/INFO] [STDERR/]: [org.violetmoon.zeta.registry.CreativeTabManager:buildContents:173]: 	at MC-BOOTSTRAP/net.minecraftforge.eventbus/net.minecraftforge.eventbus.EventBus.doCastFilter(EventBus.java:260)
[04May2026 01:21:24.267] [Render thread/INFO] [STDERR/]: [org.violetmoon.zeta.registry.CreativeTabManager:buildContents:173]: 	at MC-BOOTSTRAP/net.minecraftforge.eventbus/net.minecraftforge.eventbus.EventBus.lambda$addListener$11(EventBus.java:252)
[04May2026 01:21:24.267] [Render thread/INFO] [STDERR/]: [org.violetmoon.zeta.registry.CreativeTabManager:buildContents:173]: 	at MC-BOOTSTRAP/net.minecraftforge.eventbus/net.minecraftforge.eventbus.EventBus.post(EventBus.java:315)
[04May2026 01:21:24.267] [Render thread/INFO] [STDERR/]: [org.violetmoon.zeta.registry.CreativeTabManager:buildContents:173]: 	at MC-BOOTSTRAP/net.minecraftforge.eventbus/net.minecraftforge.eventbus.EventBus.post(EventBus.java:296)
[04May2026 01:21:24.267] [Render thread/INFO] [STDERR/]: [org.violetmoon.zeta.registry.CreativeTabManager:buildContents:173]: 	at LAYER PLUGIN/javafmllanguage@1.20.1-47.4.6/net.minecraftforge.fml.javafmlmod.FMLModContainer.acceptEvent(FMLModContainer.java:121)
[04May2026 01:21:24.267] [Render thread/INFO] [STDERR/]: [org.violetmoon.zeta.registry.CreativeTabManager:buildContents:173]: 	at LAYER PLUGIN/fmlcore@1.20.1-47.4.6/net.minecraftforge.fml.ModLoader.lambda$postEvent$29(ModLoader.java:326)
[04May2026 01:21:24.267] [Render thread/INFO] [STDERR/]: [org.violetmoon.zeta.registry.CreativeTabManager:buildContents:173]: 	at java.base/java.lang.Iterable.forEach(Iterable.java:75)
[04May2026 01:21:24.267] [Render thread/INFO] [STDERR/]: [org.violetmoon.zeta.registry.CreativeTabManager:buildContents:173]: 	at LAYER PLUGIN/fmlcore@1.20.1-47.4.6/net.minecraftforge.fml.ModList.forEachModInOrder(ModList.java:227)
[04May2026 01:21:24.267] [Render thread/INFO] [STDERR/]: [org.violetmoon.zeta.registry.CreativeTabManager:buildContents:173]: 	at LAYER PLUGIN/fmlcore@1.20.1-47.4.6/net.minecraftforge.fml.ModLoader.postEvent(ModLoader.java:326)
[04May2026 01:21:24.267] [Render thread/INFO] [STDERR/]: [org.violetmoon.zeta.registry.CreativeTabManager:buildContents:173]: 	at TRANSFORMER/forge@47.4.6/net.minecraftforge.common.ForgeHooks.onCreativeModeTabBuildContents(ForgeHooks.java:1634)
[04May2026 01:21:24.267] [Render thread/INFO] [STDERR/]: [org.violetmoon.zeta.registry.CreativeTabManager:buildContents:173]: 	at TRANSFORMER/minecraft@1.20.1/net.minecraft.world.item.CreativeModeTab.m_269498_$mixinextras$wrapped$36(CreativeModeTab.java:129)
[04May2026 01:21:24.267] [Render thread/INFO] [STDERR/]: [org.violetmoon.zeta.registry.CreativeTabManager:buildContents:173]: 	at TRANSFORMER/minecraft@1.20.1/net.minecraft.world.item.CreativeModeTab.mixinextras$bridge$m_269498_$mixinextras$wrapped$36$37(CreativeModeTab.java)
[04May2026 01:21:24.267] [Render thread/INFO] [STDERR/]: [org.violetmoon.zeta.registry.CreativeTabManager:buildContents:173]: 	at TRANSFORMER/minecraft@1.20.1/net.minecraft.world.item.CreativeModeTab.wrapMethod$zhd000$modernfix$buildContentsIfChanged(CreativeModeTab.java:532)
[04May2026 01:21:24.267] [Render thread/INFO] [STDERR/]: [org.violetmoon.zeta.registry.CreativeTabManager:buildContents:173]: 	at TRANSFORMER/minecraft@1.20.1/net.minecraft.world.item.CreativeModeTab.m_269498_(CreativeModeTab.java)
[04May2026 01:21:24.267] [Render thread/INFO] [STDERR/]: [org.violetmoon.zeta.registry.CreativeTabManager:buildContents:173]: 	at TRANSFORMER/jei@15.20.0.129/mezz.jei.library.plugins.vanilla.ingredients.ItemStackListFactory.create(ItemStackListFactory.java:80)
[04May2026 01:21:24.267] [Render thread/INFO] [STDERR/]: [org.violetmoon.zeta.registry.CreativeTabManager:buildContents:173]: 	at TRANSFORMER/jei@15.20.0.129/mezz.jei.library.plugins.vanilla.VanillaPlugin.registerIngredients(VanillaPlugin.java:168)
[04May2026 01:21:24.268] [Render thread/INFO] [STDERR/]: [org.violetmoon.zeta.registry.CreativeTabManager:buildContents:173]: 	at TRANSFORMER/jei@15.20.0.129/mezz.jei.library.load.PluginLoader.lambda$registerIngredients$2(PluginLoader.java:79)
[04May2026 01:21:24.268] [Render thread/INFO] [STDERR/]: [org.violetmoon.zeta.registry.CreativeTabManager:buildContents:173]: 	at TRANSFORMER/jei@15.20.0.129/mezz.jei.library.load.PluginCaller.callOnPlugins(PluginCaller.java:25)
[04May2026 01:21:24.268] [Render thread/INFO] [STDERR/]: [org.violetmoon.zeta.registry.CreativeTabManager:buildContents:173]: 	at TRANSFORMER/jei@15.20.0.129/mezz.jei.library.load.PluginLoader.registerIngredients(PluginLoader.java:79)
[04May2026 01:21:24.268] [Render thread/INFO] [STDERR/]: [org.violetmoon.zeta.registry.CreativeTabManager:buildContents:173]: 	at TRANSFORMER/jei@15.20.0.129/mezz.jei.library.startup.JeiStarter.start(JeiStarter.java:106)
[04May2026 01:21:24.268] [Render thread/INFO] [STDERR/]: [org.violetmoon.zeta.registry.CreativeTabManager:buildContents:173]: 	at TRANSFORMER/jei@15.20.0.129/mezz.jei.forge.startup.StartEventObserver.transitionState(StartEventObserver.java:130)
[04May2026 01:21:24.268] [Render thread/INFO] [STDERR/]: [org.violetmoon.zeta.registry.CreativeTabManager:buildContents:173]: 	at TRANSFORMER/jei@15.20.0.129/mezz.jei.forge.startup.StartEventObserver.onEvent(StartEventObserver.java:98)
[04May2026 01:21:24.268] [Render thread/INFO] [STDERR/]: [org.violetmoon.zeta.registry.CreativeTabManager:buildContents:173]: 	at MC-BOOTSTRAP/net.minecraftforge.eventbus/net.minecraftforge.eventbus.EventBus.doCastFilter(EventBus.java:260)
[04May2026 01:21:24.268] [Render thread/INFO] [STDERR/]: [org.violetmoon.zeta.registry.CreativeTabManager:buildContents:173]: 	at MC-BOOTSTRAP/net.minecraftforge.eventbus/net.minecraftforge.eventbus.EventBus.lambda$addListener$11(EventBus.java:252)
[04May2026 01:21:24.268] [Render thread/INFO] [STDERR/]: [org.violetmoon.zeta.registry.CreativeTabManager:buildContents:173]: 	at MC-BOOTSTRAP/net.minecraftforge.eventbus/net.minecraftforge.eventbus.EventBus.post(EventBus.java:315)
[04May2026 01:21:24.268] [Render thread/INFO] [STDERR/]: [org.violetmoon.zeta.registry.CreativeTabManager:buildContents:173]: 	at MC-BOOTSTRAP/net.minecraftforge.eventbus/net.minecraftforge.eventbus.EventBus.post(EventBus.java:296)
[04May2026 01:21:24.268] [Render thread/INFO] [STDERR/]: [org.violetmoon.zeta.registry.CreativeTabManager:buildContents:173]: 	at TRANSFORMER/minecraft@1.20.1/net.minecraft.client.multiplayer.ClientPacketListener.m_5859_(ClientPacketListener.java:1451)
[04May2026 01:21:24.268] [Render thread/INFO] [STDERR/]: [org.violetmoon.zeta.registry.CreativeTabManager:buildContents:173]: 	at TRANSFORMER/minecraft@1.20.1/net.minecraft.network.protocol.game.ClientboundUpdateTagsPacket.m_5797_(ClientboundUpdateTagsPacket.java:35)
[04May2026 01:21:24.268] [Render thread/INFO] [STDERR/]: [org.violetmoon.zeta.registry.CreativeTabManager:buildContents:173]: 	at TRANSFORMER/minecraft@1.20.1/net.minecraft.network.protocol.game.ClientboundUpdateTagsPacket.m_5797_(ClientboundUpdateTagsPacket.java:11)
[04May2026 01:21:24.268] [Render thread/INFO] [STDERR/]: [org.violetmoon.zeta.registry.CreativeTabManager:buildContents:173]: 	at TRANSFORMER/minecraft@1.20.1/net.minecraft.network.protocol.PacketUtils.m_263899_(PacketUtils.java:22)
[04May2026 01:21:24.268] [Render thread/INFO] [STDERR/]: [org.violetmoon.zeta.registry.CreativeTabManager:buildContents:173]: 	at TRANSFORMER/minecraft@1.20.1/net.minecraft.util.thread.BlockableEventLoop.m_6367_(BlockableEventLoop.java:156)
[04May2026 01:21:24.268] [Render thread/INFO] [STDERR/]: [org.violetmoon.zeta.registry.CreativeTabManager:buildContents:173]: 	at TRANSFORMER/minecraft@1.20.1/net.minecraft.util.thread.ReentrantBlockableEventLoop.m_6367_(ReentrantBlockableEventLoop.java:23)
[04May2026 01:21:24.268] [Render thread/INFO] [STDERR/]: [org.violetmoon.zeta.registry.CreativeTabManager:buildContents:173]: 	at TRANSFORMER/minecraft@1.20.1/net.minecraft.util.thread.BlockableEventLoop.m_7245_(BlockableEventLoop.java:130)
[04May2026 01:21:24.268] [Render thread/INFO] [STDERR/]: [org.violetmoon.zeta.registry.CreativeTabManager:buildContents:173]: 	at TRANSFORMER/minecraft@1.20.1/net.minecraft.util.thread.BlockableEventLoop.m_18699_(BlockableEventLoop.java:115)
[04May2026 01:21:24.268] [Render thread/INFO] [STDERR/]: [org.violetmoon.zeta.registry.CreativeTabManager:buildContents:173]: 	at TRANSFORMER/minecraft@1.20.1/net.minecraft.client.Minecraft.m_91383_(Minecraft.java:1106)
[04May2026 01:21:24.268] [Render thread/INFO] [STDERR/]: [org.violetmoon.zeta.registry.CreativeTabManager:buildContents:173]: 	at TRANSFORMER/minecraft@1.20.1/net.minecraft.client.Minecraft.m_91374_(Minecraft.java:718)
[04May2026 01:21:24.268] [Render thread/INFO] [STDERR/]: [org.violetmoon.zeta.registry.CreativeTabManager:buildContents:173]: 	at TRANSFORMER/minecraft@1.20.1/net.minecraft.client.main.Main.main(Main.java:218)
[04May2026 01:21:24.268] [Render thread/INFO] [STDERR/]: [org.violetmoon.zeta.registry.CreativeTabManager:buildContents:173]: 	at java.base/jdk.internal.reflect.NativeMethodAccessorImpl.invoke0(Native Method)
[04May2026 01:21:24.268] [Render thread/INFO] [STDERR/]: [org.violetmoon.zeta.registry.CreativeTabManager:buildContents:173]: 	at java.base/jdk.internal.reflect.NativeMethodAccessorImpl.invoke(NativeMethodAccessorImpl.java:77)
[04May2026 01:21:24.268] [Render thread/INFO] [STDERR/]: [org.violetmoon.zeta.registry.CreativeTabManager:buildContents:173]: 	at java.base/jdk.internal.reflect.DelegatingMethodAccessorImpl.invoke(DelegatingMethodAccessorImpl.java:43)
[04May2026 01:21:24.269] [Render thread/INFO] [STDERR/]: [org.violetmoon.zeta.registry.CreativeTabManager:buildContents:173]: 	at java.base/java.lang.reflect.Method.invoke(Method.java:568)
[04May2026 01:21:24.269] [Render thread/INFO] [STDERR/]: [org.violetmoon.zeta.registry.CreativeTabManager:buildContents:173]: 	at MC-BOOTSTRAP/fmlloader@1.20.1-47.4.6/net.minecraftforge.fml.loading.targets.CommonLaunchHandler.runTarget(CommonLaunchHandler.java:111)
[04May2026 01:21:24.269] [Render thread/INFO] [STDERR/]: [org.violetmoon.zeta.registry.CreativeTabManager:buildContents:173]: 	at MC-BOOTSTRAP/fmlloader@1.20.1-47.4.6/net.minecraftforge.fml.loading.targets.CommonLaunchHandler.clientService(CommonLaunchHandler.java:99)
[04May2026 01:21:24.269] [Render thread/INFO] [STDERR/]: [org.violetmoon.zeta.registry.CreativeTabManager:buildContents:173]: 	at MC-BOOTSTRAP/fmlloader@1.20.1-47.4.6/net.minecraftforge.fml.loading.targets.CommonClientLaunchHandler.lambda$makeService$0(CommonClientLaunchHandler.java:25)
[04May2026 01:21:24.269] [Render thread/INFO] [STDERR/]: [org.violetmoon.zeta.registry.CreativeTabManager:buildContents:173]: 	at MC-BOOTSTRAP/cpw.mods.modlauncher@10.0.9/cpw.mods.modlauncher.LaunchServiceHandlerDecorator.launch(LaunchServiceHandlerDecorator.java:30)
[04May2026 01:21:24.269] [Render thread/INFO] [STDERR/]: [org.violetmoon.zeta.registry.CreativeTabManager:buildContents:173]: 	at MC-BOOTSTRAP/cpw.mods.modlauncher@10.0.9/cpw.mods.modlauncher.LaunchServiceHandler.launch(LaunchServiceHandler.java:53)
[04May2026 01:21:24.269] [Render thread/INFO] [STDERR/]: [org.violetmoon.zeta.registry.CreativeTabManager:buildContents:173]: 	at MC-BOOTSTRAP/cpw.mods.modlauncher@10.0.9/cpw.mods.modlauncher.LaunchServiceHandler.launch(LaunchServiceHandler.java:71)
[04May2026 01:21:24.269] [Render thread/INFO] [STDERR/]: [org.violetmoon.zeta.registry.CreativeTabManager:buildContents:173]: 	at MC-BOOTSTRAP/cpw.mods.modlauncher@10.0.9/cpw.mods.modlauncher.Launcher.run(Launcher.java:108)
[04May2026 01:21:24.269] [Render thread/INFO] [STDERR/]: [org.violetmoon.zeta.registry.CreativeTabManager:buildContents:173]: 	at MC-BOOTSTRAP/cpw.mods.modlauncher@10.0.9/cpw.mods.modlauncher.Launcher.main(Launcher.java:78)
[04May2026 01:21:24.269] [Render thread/INFO] [STDERR/]: [org.violetmoon.zeta.registry.CreativeTabManager:buildContents:173]: 	at MC-BOOTSTRAP/cpw.mods.modlauncher@10.0.9/cpw.mods.modlauncher.BootstrapLaunchConsumer.accept(BootstrapLaunchConsumer.java:26)
[04May2026 01:21:24.269] [Render thread/INFO] [STDERR/]: [org.violetmoon.zeta.registry.CreativeTabManager:buildContents:173]: 	at MC-BOOTSTRAP/cpw.mods.modlauncher@10.0.9/cpw.mods.modlauncher.BootstrapLaunchConsumer.accept(BootstrapLaunchConsumer.java:23)
[04May2026 01:21:24.269] [Render thread/INFO] [STDERR/]: [org.violetmoon.zeta.registry.CreativeTabManager:buildContents:173]: 	at cpw.mods.bootstraplauncher@1.1.2/cpw.mods.bootstraplauncher.BootstrapLauncher.main(BootstrapLauncher.java:141)
[04May2026 01:21:24.269] [Render thread/INFO] [STDERR/]: [org.violetmoon.zeta.registry.CreativeTabManager:buildContents:173]: 	at java.base/jdk.internal.reflect.NativeMethodAccessorImpl.invoke0(Native Method)
[04May2026 01:21:24.269] [Render thread/INFO] [STDERR/]: [org.violetmoon.zeta.registry.CreativeTabManager:buildContents:173]: 	at java.base/jdk.internal.reflect.NativeMethodAccessorImpl.invoke(NativeMethodAccessorImpl.java:77)
[04May2026 01:21:24.269] [Render thread/INFO] [STDERR/]: [org.violetmoon.zeta.registry.CreativeTabManager:buildContents:173]: 	at java.base/jdk.internal.reflect.DelegatingMethodAccessorImpl.invoke(DelegatingMethodAccessorImpl.java:43)
[04May2026 01:21:24.269] [Render thread/INFO] [STDERR/]: [org.violetmoon.zeta.registry.CreativeTabManager:buildContents:173]: 	at java.base/java.lang.reflect.Method.invoke(Method.java:568)
[04May2026 01:21:24.269] [Render thread/INFO] [STDERR/]: [org.violetmoon.zeta.registry.CreativeTabManager:buildContents:173]: 	at io.github.zekerzhayard.forgewrapper.installer.Main.main(Main.java:67)
[04May2026 01:21:24.269] [Render thread/INFO] [STDERR/]: [org.violetmoon.zeta.registry.CreativeTabManager:buildContents:173]: 	at org.prismlauncher.launcher.impl.StandardLauncher.launch(StandardLauncher.java:115)
[04May2026 01:21:24.269] [Render thread/INFO] [STDERR/]: [org.violetmoon.zeta.registry.CreativeTabManager:buildContents:173]: 	at org.prismlauncher.EntryPoint.listen(EntryPoint.java:129)
[04May2026 01:21:24.269] [Render thread/INFO] [STDERR/]: [org.violetmoon.zeta.registry.CreativeTabManager:buildContents:173]: 	at org.prismlauncher.EntryPoint.main(EntryPoint.java:70)
[04May2026 01:21:24.270] [Render thread/ERROR] [zeta/]: Creative tab loop found when adding Block{quark:monster_box} next to Block{minecraft:spawner}
[04May2026 01:21:24.270] [Render thread/ERROR] [zeta/]: For more info enable Creative Verbose Logging in the Zeta config, or set Force Creative Tab Appends to true to disable this behavior
[04May2026 01:21:24.270] [Render thread/ERROR] [zeta/]: Creative tab loop found when adding Block{quark:monster_box} next to Block{minecraft:spawner}
[04May2026 01:21:24.270] [Render thread/ERROR] [zeta/]: For more info enable Creative Verbose Logging in the Zeta config, or set Force Creative Tab Appends to true to disable this behavior
[04May2026 01:21:24.270] [Render thread/ERROR] [zeta/]: Creative tab loop found when adding Block{quark:monster_box} next to Block{minecraft:spawner}
[04May2026 01:21:24.270] [Render thread/ERROR] [zeta/]: For more info enable Creative Verbose Logging in the Zeta config, or set Force Creative Tab Appends to true to disable this behavior
[04May2026 01:21:24.270] [Render thread/ERROR] [zeta/]: Creative tab loop found when adding Block{quark:monster_box} next to Block{minecraft:spawner}
[04May2026 01:21:24.270] [Render thread/ERROR] [zeta/]: For more info enable Creative Verbose Logging in the Zeta config, or set Force Creative Tab Appends to true to disable this behavior
[04May2026 01:21:24.270] [Render thread/ERROR] [zeta/]: Creative tab loop found when adding Block{quark:monster_box} next to Block{minecraft:spawner}
[04May2026 01:21:24.270] [Render thread/ERROR] [zeta/]: For more info enable Creative Verbose Logging in the Zeta config, or set Force Creative Tab Appends to true to disable this behavior
[04May2026 01:21:24.270] [Render thread/ERROR] [zeta/]: Creative tab loop found when adding Block{quark:monster_box} next to Block{minecraft:spawner}
[04May2026 01:21:24.270] [Render thread/ERROR] [zeta/]: For more info enable Creative Verbose Logging in the Zeta config, or set Force Creative Tab Appends to true to disable this behavior
[04May2026 01:21:24.270] [Render thread/ERROR] [zeta/]: Creative tab loop found when adding Block{quark:monster_box} next to Block{minecraft:spawner}
[04May2026 01:21:24.270] [Render thread/ERROR] [zeta/]: For more info enable Creative Verbose Logging in the Zeta config, or set Force Creative Tab Appends to true to disable this behavior
[04May2026 01:21:24.270] [Render thread/ERROR] [zeta/]: Creative tab loop found when adding Block{quark:monster_box} next to Block{minecraft:spawner}
[04May2026 01:21:24.270] [Render thread/ERROR] [zeta/]: For more info enable Creative Verbose Logging in the Zeta config, or set Force Creative Tab Appends to true to disable this behavior
[04May2026 01:21:24.270] [Render thread/ERROR] [zeta/]: Creative tab loop found when adding Block{quark:monster_box} next to Block{minecraft:spawner}
[04May2026 01:21:24.270] [Render thread/ERROR] [zeta/]: For more info enable Creative Verbose Logging in the Zeta config, or set Force Creative Tab Appends to true to disable this behavior
[04May2026 01:21:24.270] [Render thread/ERROR] [zeta/]: Creative tab loop found when adding Block{quark:monster_box} next to Block{minecraft:spawner}
[04May2026 01:21:24.270] [Render thread/ERROR] [zeta/]: For more info enable Creative Verbose Logging in the Zeta config, or set Force Creative Tab Appends to true to disable this behavior
[04May2026 01:21:24.270] [Render thread/INFO] [STDERR/]: [org.violetmoon.zeta.registry.CreativeTabManager:buildContents:173]: java.lang.RuntimeException: Creative tab placement misses exceeded failsafe, aborting logic
[04May2026 01:21:24.270] [Render thread/INFO] [STDERR/]: [org.violetmoon.zeta.registry.CreativeTabManager:buildContents:173]: 	at TRANSFORMER/zeta@1.0-31/org.violetmoon.zeta.registry.CreativeTabManager.buildContents(CreativeTabManager.java:173)
[04May2026 01:21:24.270] [Render thread/INFO] [STDERR/]: [org.violetmoon.zeta.registry.CreativeTabManager:buildContents:173]: 	at MC-BOOTSTRAP/net.minecraftforge.eventbus/net.minecraftforge.eventbus.EventBus.doCastFilter(EventBus.java:260)
[04May2026 01:21:24.270] [Render thread/INFO] [STDERR/]: [org.violetmoon.zeta.registry.CreativeTabManager:buildContents:173]: 	at MC-BOOTSTRAP/net.minecraftforge.eventbus/net.minecraftforge.eventbus.EventBus.lambda$addListener$11(EventBus.java:252)
[04May2026 01:21:24.270] [Render thread/INFO] [STDERR/]: [org.violetmoon.zeta.registry.CreativeTabManager:buildContents:173]: 	at MC-BOOTSTRAP/net.minecraftforge.eventbus/net.minecraftforge.eventbus.EventBus.post(EventBus.java:315)
[04May2026 01:21:24.270] [Render thread/INFO] [STDERR/]: [org.violetmoon.zeta.registry.CreativeTabManager:buildContents:173]: 	at MC-BOOTSTRAP/net.minecraftforge.eventbus/net.minecraftforge.eventbus.EventBus.post(EventBus.java:296)
[04May2026 01:21:24.270] [Render thread/INFO] [STDERR/]: [org.violetmoon.zeta.registry.CreativeTabManager:buildContents:173]: 	at LAYER PLUGIN/javafmllanguage@1.20.1-47.4.6/net.minecraftforge.fml.javafmlmod.FMLModContainer.acceptEvent(FMLModContainer.java:121)
[04May2026 01:21:24.270] [Render thread/INFO] [STDERR/]: [org.violetmoon.zeta.registry.CreativeTabManager:buildContents:173]: 	at LAYER PLUGIN/fmlcore@1.20.1-47.4.6/net.minecraftforge.fml.ModLoader.lambda$postEvent$29(ModLoader.java:326)
[04May2026 01:21:24.270] [Render thread/INFO] [STDERR/]: [org.violetmoon.zeta.registry.CreativeTabManager:buildContents:173]: 	at java.base/java.lang.Iterable.forEach(Iterable.java:75)
[04May2026 01:21:24.270] [Render thread/INFO] [STDERR/]: [org.violetmoon.zeta.registry.CreativeTabManager:buildContents:173]: 	at LAYER PLUGIN/fmlcore@1.20.1-47.4.6/net.minecraftforge.fml.ModList.forEachModInOrder(ModList.java:227)
[04May2026 01:21:24.271] [Render thread/INFO] [STDERR/]: [org.violetmoon.zeta.registry.CreativeTabManager:buildContents:173]: 	at LAYER PLUGIN/fmlcore@1.20.1-47.4.6/net.minecraftforge.fml.ModLoader.postEvent(ModLoader.java:326)
[04May2026 01:21:24.271] [Render thread/INFO] [STDERR/]: [org.violetmoon.zeta.registry.CreativeTabManager:buildContents:173]: 	at TRANSFORMER/forge@47.4.6/net.minecraftforge.common.ForgeHooks.onCreativeModeTabBuildContents(ForgeHooks.java:1634)
[04May2026 01:21:24.271] [Render thread/INFO] [STDERR/]: [org.violetmoon.zeta.registry.CreativeTabManager:buildContents:173]: 	at TRANSFORMER/minecraft@1.20.1/net.minecraft.world.item.CreativeModeTab.m_269498_$mixinextras$wrapped$36(CreativeModeTab.java:129)
[04May2026 01:21:24.271] [Render thread/INFO] [STDERR/]: [org.violetmoon.zeta.registry.CreativeTabManager:buildContents:173]: 	at TRANSFORMER/minecraft@1.20.1/net.minecraft.world.item.CreativeModeTab.mixinextras$bridge$m_269498_$mixinextras$wrapped$36$37(CreativeModeTab.java)
[04May2026 01:21:24.271] [Render thread/INFO] [STDERR/]: [org.violetmoon.zeta.registry.CreativeTabManager:buildContents:173]: 	at TRANSFORMER/minecraft@1.20.1/net.minecraft.world.item.CreativeModeTab.wrapMethod$zhd000$modernfix$buildContentsIfChanged(CreativeModeTab.java:532)
[04May2026 01:21:24.271] [Render thread/INFO] [STDERR/]: [org.violetmoon.zeta.registry.CreativeTabManager:buildContents:173]: 	at TRANSFORMER/minecraft@1.20.1/net.minecraft.world.item.CreativeModeTab.m_269498_(CreativeModeTab.java)
[04May2026 01:21:24.271] [Render thread/INFO] [STDERR/]: [org.violetmoon.zeta.registry.CreativeTabManager:buildContents:173]: 	at TRANSFORMER/jei@15.20.0.129/mezz.jei.library.plugins.vanilla.ingredients.ItemStackListFactory.create(ItemStackListFactory.java:80)
[04May2026 01:21:24.271] [Render thread/INFO] [STDERR/]: [org.violetmoon.zeta.registry.CreativeTabManager:buildContents:173]: 	at TRANSFORMER/jei@15.20.0.129/mezz.jei.library.plugins.vanilla.VanillaPlugin.registerIngredients(VanillaPlugin.java:168)
[04May2026 01:21:24.271] [Render thread/INFO] [STDERR/]: [org.violetmoon.zeta.registry.CreativeTabManager:buildContents:173]: 	at TRANSFORMER/jei@15.20.0.129/mezz.jei.library.load.PluginLoader.lambda$registerIngredients$2(PluginLoader.java:79)
[04May2026 01:21:24.271] [Render thread/INFO] [STDERR/]: [org.violetmoon.zeta.registry.CreativeTabManager:buildContents:173]: 	at TRANSFORMER/jei@15.20.0.129/mezz.jei.library.load.PluginCaller.callOnPlugins(PluginCaller.java:25)
[04May2026 01:21:24.271] [Render thread/INFO] [STDERR/]: [org.violetmoon.zeta.registry.CreativeTabManager:buildContents:173]: 	at TRANSFORMER/jei@15.20.0.129/mezz.jei.library.load.PluginLoader.registerIngredients(PluginLoader.java:79)
[04May2026 01:21:24.271] [Render thread/INFO] [STDERR/]: [org.violetmoon.zeta.registry.CreativeTabManager:buildContents:173]: 	at TRANSFORMER/jei@15.20.0.129/mezz.jei.library.startup.JeiStarter.start(JeiStarter.java:106)
[04May2026 01:21:24.271] [Render thread/INFO] [STDERR/]: [org.violetmoon.zeta.registry.CreativeTabManager:buildContents:173]: 	at TRANSFORMER/jei@15.20.0.129/mezz.jei.forge.startup.StartEventObserver.transitionState(StartEventObserver.java:130)
[04May2026 01:21:24.271] [Render thread/INFO] [STDERR/]: [org.violetmoon.zeta.registry.CreativeTabManager:buildContents:173]: 	at TRANSFORMER/jei@15.20.0.129/mezz.jei.forge.startup.StartEventObserver.onEvent(StartEventObserver.java:98)
[04May2026 01:21:24.271] [Render thread/INFO] [STDERR/]: [org.violetmoon.zeta.registry.CreativeTabManager:buildContents:173]: 	at MC-BOOTSTRAP/net.minecraftforge.eventbus/net.minecraftforge.eventbus.EventBus.doCastFilter(EventBus.java:260)
[04May2026 01:21:24.271] [Render thread/INFO] [STDERR/]: [org.violetmoon.zeta.registry.CreativeTabManager:buildContents:173]: 	at MC-BOOTSTRAP/net.minecraftforge.eventbus/net.minecraftforge.eventbus.EventBus.lambda$addListener$11(EventBus.java:252)
[04May2026 01:21:24.271] [Render thread/INFO] [STDERR/]: [org.violetmoon.zeta.registry.CreativeTabManager:buildContents:173]: 	at MC-BOOTSTRAP/net.minecraftforge.eventbus/net.minecraftforge.eventbus.EventBus.post(EventBus.java:315)
[04May2026 01:21:24.271] [Render thread/INFO] [STDERR/]: [org.violetmoon.zeta.registry.CreativeTabManager:buildContents:173]: 	at MC-BOOTSTRAP/net.minecraftforge.eventbus/net.minecraftforge.eventbus.EventBus.post(EventBus.java:296)
[04May2026 01:21:24.271] [Render thread/INFO] [STDERR/]: [org.violetmoon.zeta.registry.CreativeTabManager:buildContents:173]: 	at TRANSFORMER/minecraft@1.20.1/net.minecraft.client.multiplayer.ClientPacketListener.m_5859_(ClientPacketListener.java:1451)
[04May2026 01:21:24.271] [Render thread/INFO] [STDERR/]: [org.violetmoon.zeta.registry.CreativeTabManager:buildContents:173]: 	at TRANSFORMER/minecraft@1.20.1/net.minecraft.network.protocol.game.ClientboundUpdateTagsPacket.m_5797_(ClientboundUpdateTagsPacket.java:35)
[04May2026 01:21:24.271] [Render thread/INFO] [STDERR/]: [org.violetmoon.zeta.registry.CreativeTabManager:buildContents:173]: 	at TRANSFORMER/minecraft@1.20.1/net.minecraft.network.protocol.game.ClientboundUpdateTagsPacket.m_5797_(ClientboundUpdateTagsPacket.java:11)
[04May2026 01:21:24.271] [Render thread/INFO] [STDERR/]: [org.violetmoon.zeta.registry.CreativeTabManager:buildContents:173]: 	at TRANSFORMER/minecraft@1.20.1/net.minecraft.network.protocol.PacketUtils.m_263899_(PacketUtils.java:22)
[04May2026 01:21:24.271] [Render thread/INFO] [STDERR/]: [org.violetmoon.zeta.registry.CreativeTabManager:buildContents:173]: 	at TRANSFORMER/minecraft@1.20.1/net.minecraft.util.thread.BlockableEventLoop.m_6367_(BlockableEventLoop.java:156)
[04May2026 01:21:24.271] [Render thread/INFO] [STDERR/]: [org.violetmoon.zeta.registry.CreativeTabManager:buildContents:173]: 	at TRANSFORMER/minecraft@1.20.1/net.minecraft.util.thread.ReentrantBlockableEventLoop.m_6367_(ReentrantBlockableEventLoop.java:23)
[04May2026 01:21:24.271] [Render thread/INFO] [STDERR/]: [org.violetmoon.zeta.registry.CreativeTabManager:buildContents:173]: 	at TRANSFORMER/minecraft@1.20.1/net.minecraft.util.thread.BlockableEventLoop.m_7245_(BlockableEventLoop.java:130)
[04May2026 01:21:24.271] [Render thread/INFO] [STDERR/]: [org.violetmoon.zeta.registry.CreativeTabManager:buildContents:173]: 	at TRANSFORMER/minecraft@1.20.1/net.minecraft.util.thread.BlockableEventLoop.m_18699_(BlockableEventLoop.java:115)
[04May2026 01:21:24.271] [Render thread/INFO] [STDERR/]: [org.violetmoon.zeta.registry.CreativeTabManager:buildContents:173]: 	at TRANSFORMER/minecraft@1.20.1/net.minecraft.client.Minecraft.m_91383_(Minecraft.java:1106)
[04May2026 01:21:24.271] [Render thread/INFO] [STDERR/]: [org.violetmoon.zeta.registry.CreativeTabManager:buildContents:173]: 	at TRANSFORMER/minecraft@1.20.1/net.minecraft.client.Minecraft.m_91374_(Minecraft.java:718)
[04May2026 01:21:24.271] [Render thread/INFO] [STDERR/]: [org.violetmoon.zeta.registry.CreativeTabManager:buildContents:173]: 	at TRANSFORMER/minecraft@1.20.1/net.minecraft.client.main.Main.main(Main.java:218)
[04May2026 01:21:24.271] [Render thread/INFO] [STDERR/]: [org.violetmoon.zeta.registry.CreativeTabManager:buildContents:173]: 	at java.base/jdk.internal.reflect.NativeMethodAccessorImpl.invoke0(Native Method)
[04May2026 01:21:24.272] [Render thread/INFO] [STDERR/]: [org.violetmoon.zeta.registry.CreativeTabManager:buildContents:173]: 	at java.base/jdk.internal.reflect.NativeMethodAccessorImpl.invoke(NativeMethodAccessorImpl.java:77)
[04May2026 01:21:24.272] [Render thread/INFO] [STDERR/]: [org.violetmoon.zeta.registry.CreativeTabManager:buildContents:173]: 	at java.base/jdk.internal.reflect.DelegatingMethodAccessorImpl.invoke(DelegatingMethodAccessorImpl.java:43)
[04May2026 01:21:24.272] [Render thread/INFO] [STDERR/]: [org.violetmoon.zeta.registry.CreativeTabManager:buildContents:173]: 	at java.base/java.lang.reflect.Method.invoke(Method.java:568)
[04May2026 01:21:24.272] [Render thread/INFO] [STDERR/]: [org.violetmoon.zeta.registry.CreativeTabManager:buildContents:173]: 	at MC-BOOTSTRAP/fmlloader@1.20.1-47.4.6/net.minecraftforge.fml.loading.targets.CommonLaunchHandler.runTarget(CommonLaunchHandler.java:111)
[04May2026 01:21:24.272] [Render thread/INFO] [STDERR/]: [org.violetmoon.zeta.registry.CreativeTabManager:buildContents:173]: 	at MC-BOOTSTRAP/fmlloader@1.20.1-47.4.6/net.minecraftforge.fml.loading.targets.CommonLaunchHandler.clientService(CommonLaunchHandler.java:99)
[04May2026 01:21:24.272] [Render thread/INFO] [STDERR/]: [org.violetmoon.zeta.registry.CreativeTabManager:buildContents:173]: 	at MC-BOOTSTRAP/fmlloader@1.20.1-47.4.6/net.minecraftforge.fml.loading.targets.CommonClientLaunchHandler.lambda$makeService$0(CommonClientLaunchHandler.java:25)
[04May2026 01:21:24.272] [Render thread/INFO] [STDERR/]: [org.violetmoon.zeta.registry.CreativeTabManager:buildContents:173]: 	at MC-BOOTSTRAP/cpw.mods.modlauncher@10.0.9/cpw.mods.modlauncher.LaunchServiceHandlerDecorator.launch(LaunchServiceHandlerDecorator.java:30)
[04May2026 01:21:24.272] [Render thread/INFO] [STDERR/]: [org.violetmoon.zeta.registry.CreativeTabManager:buildContents:173]: 	at MC-BOOTSTRAP/cpw.mods.modlauncher@10.0.9/cpw.mods.modlauncher.LaunchServiceHandler.launch(LaunchServiceHandler.java:53)
[04May2026 01:21:24.272] [Render thread/INFO] [STDERR/]: [org.violetmoon.zeta.registry.CreativeTabManager:buildContents:173]: 	at MC-BOOTSTRAP/cpw.mods.modlauncher@10.0.9/cpw.mods.modlauncher.LaunchServiceHandler.launch(LaunchServiceHandler.java:71)
[04May2026 01:21:24.272] [Render thread/INFO] [STDERR/]: [org.violetmoon.zeta.registry.CreativeTabManager:buildContents:173]: 	at MC-BOOTSTRAP/cpw.mods.modlauncher@10.0.9/cpw.mods.modlauncher.Launcher.run(Launcher.java:108)
[04May2026 01:21:24.272] [Render thread/INFO] [STDERR/]: [org.violetmoon.zeta.registry.CreativeTabManager:buildContents:173]: 	at MC-BOOTSTRAP/cpw.mods.modlauncher@10.0.9/cpw.mods.modlauncher.Launcher.main(Launcher.java:78)
[04May2026 01:21:24.272] [Render thread/INFO] [STDERR/]: [org.violetmoon.zeta.registry.CreativeTabManager:buildContents:173]: 	at MC-BOOTSTRAP/cpw.mods.modlauncher@10.0.9/cpw.mods.modlauncher.BootstrapLaunchConsumer.accept(BootstrapLaunchConsumer.java:26)
[04May2026 01:21:24.272] [Render thread/INFO] [STDERR/]: [org.violetmoon.zeta.registry.CreativeTabManager:buildContents:173]: 	at MC-BOOTSTRAP/cpw.mods.modlauncher@10.0.9/cpw.mods.modlauncher.BootstrapLaunchConsumer.accept(BootstrapLaunchConsumer.java:23)
[04May2026 01:21:24.272] [Render thread/INFO] [STDERR/]: [org.violetmoon.zeta.registry.CreativeTabManager:buildContents:173]: 	at cpw.mods.bootstraplauncher@1.1.2/cpw.mods.bootstraplauncher.BootstrapLauncher.main(BootstrapLauncher.java:141)
[04May2026 01:21:24.272] [Render thread/INFO] [STDERR/]: [org.violetmoon.zeta.registry.CreativeTabManager:buildContents:173]: 	at java.base/jdk.internal.reflect.NativeMethodAccessorImpl.invoke0(Native Method)
[04May2026 01:21:24.272] [Render thread/INFO] [STDERR/]: [org.violetmoon.zeta.registry.CreativeTabManager:buildContents:173]: 	at java.base/jdk.internal.reflect.NativeMethodAccessorImpl.invoke(NativeMethodAccessorImpl.java:77)
[04May2026 01:21:24.272] [Render thread/INFO] [STDERR/]: [org.violetmoon.zeta.registry.CreativeTabManager:buildContents:173]: 	at java.base/jdk.internal.reflect.DelegatingMethodAccessorImpl.invoke(DelegatingMethodAccessorImpl.java:43)
[04May2026 01:21:24.272] [Render thread/INFO] [STDERR/]: [org.violetmoon.zeta.registry.CreativeTabManager:buildContents:173]: 	at java.base/java.lang.reflect.Method.invoke(Method.java:568)
[04May2026 01:21:24.272] [Render thread/INFO] [STDERR/]: [org.violetmoon.zeta.registry.CreativeTabManager:buildContents:173]: 	at io.github.zekerzhayard.forgewrapper.installer.Main.main(Main.java:67)
[04May2026 01:21:24.272] [Render thread/INFO] [STDERR/]: [org.violetmoon.zeta.registry.CreativeTabManager:buildContents:173]: 	at org.prismlauncher.launcher.impl.StandardLauncher.launch(StandardLauncher.java:115)
[04May2026 01:21:24.272] [Render thread/INFO] [STDERR/]: [org.violetmoon.zeta.registry.CreativeTabManager:buildContents:173]: 	at org.prismlauncher.EntryPoint.listen(EntryPoint.java:129)
[04May2026 01:21:24.272] [Render thread/INFO] [STDERR/]: [org.violetmoon.zeta.registry.CreativeTabManager:buildContents:173]: 	at org.prismlauncher.EntryPoint.main(EntryPoint.java:70)
[04May2026 01:21:24.274] [Render thread/WARN] [mezz.jei.library.plugins.vanilla.ingredients.ItemStackListFactory/]: Item Group has no display items and no search tab display items. Items from this group will be missing from the JEI ingredient list. Operator Utilities
[04May2026 01:21:24.408] [Render thread/INFO] [net.acetheeldritchking.art_of_forging.ArtOfForging/]: Registering AoF schematics with Tetra creative tab
[04May2026 01:21:24.492] [Render thread/WARN] [mezz.jei.library.plugins.vanilla.ingredients.ItemStackListFactory/]: Item Group has no display items and no search tab display items. Items from this group will be missing from the JEI ingredient list. Modonomicon
[04May2026 01:21:24.561] [Render thread/WARN] [mezz.jei.library.plugins.vanilla.ingredients.ItemStackListFactory/]: Item Group has no display items and no search tab display items. Items from this group will be missing from the JEI ingredient list. Chisels & Bits Clipboard
[04May2026 01:21:24.577] [Render thread/WARN] [mezz.jei.library.ingredients.IngredientSet/]: Found a broken ingredient 1 air dev.latvian.mods.kubejs.item.custom.BasicItemJS
java.lang.IllegalStateException: Item has no registry name: 1 air dev.latvian.mods.kubejs.item.custom.BasicItemJS
	at mezz.jei.common.util.StackHelper.lambda$getRegistryNameForStack$0(StackHelper.java:65) ~[jei-1.20.1-forge-15.20.0.129.jar%23816!/:15.20.0.129]
	at java.util.Optional.orElseThrow(Optional.java:403) ~[?:?]
	at mezz.jei.common.util.StackHelper.getRegistryNameForStack(StackHelper.java:63) ~[jei-1.20.1-forge-15.20.0.129.jar%23816!/:15.20.0.129]
	at mezz.jei.common.util.StackHelper.getUniqueIdentifierForStack(StackHelper.java:43) ~[jei-1.20.1-forge-15.20.0.129.jar%23816!/:15.20.0.129]
	at mezz.jei.library.plugins.vanilla.ingredients.ItemStackHelper.getUniqueId(ItemStackHelper.java:69) ~[jei-1.20.1-forge-15.20.0.129.jar%23816!/:15.20.0.129]
	at mezz.jei.library.plugins.vanilla.ingredients.ItemStackHelper.getUniqueId(ItemStackHelper.java:36) ~[jei-1.20.1-forge-15.20.0.129.jar%23816!/:15.20.0.129]
	at mezz.jei.library.ingredients.IngredientSet.getUid(IngredientSet.java:34) ~[jei-1.20.1-forge-15.20.0.129.jar%23816!/:15.20.0.129]
	at mezz.jei.library.ingredients.IngredientSet.add(IngredientSet.java:48) ~[jei-1.20.1-forge-15.20.0.129.jar%23816!/:15.20.0.129]
	at java.util.AbstractCollection.addAll(AbstractCollection.java:336) ~[?:?]
	at mezz.jei.library.ingredients.IngredientInfo.<init>(IngredientInfo.java:27) ~[jei-1.20.1-forge-15.20.0.129.jar%23816!/:15.20.0.129]
	at mezz.jei.library.load.registration.IngredientManagerBuilder.register(IngredientManagerBuilder.java:50) ~[jei-1.20.1-forge-15.20.0.129.jar%23816!/:15.20.0.129]
	at mezz.jei.library.plugins.vanilla.VanillaPlugin.registerIngredients(VanillaPlugin.java:172) ~[jei-1.20.1-forge-15.20.0.129.jar%23816!/:15.20.0.129]
	at mezz.jei.library.load.PluginLoader.lambda$registerIngredients$2(PluginLoader.java:79) ~[jei-1.20.1-forge-15.20.0.129.jar%23816!/:15.20.0.129]
	at mezz.jei.library.load.PluginCaller.callOnPlugins(PluginCaller.java:25) ~[jei-1.20.1-forge-15.20.0.129.jar%23816!/:15.20.0.129]
	at mezz.jei.library.load.PluginLoader.registerIngredients(PluginLoader.java:79) ~[jei-1.20.1-forge-15.20.0.129.jar%23816!/:15.20.0.129]
	at mezz.jei.library.startup.JeiStarter.start(JeiStarter.java:106) ~[jei-1.20.1-forge-15.20.0.129.jar%23816!/:15.20.0.129]
	at mezz.jei.forge.startup.StartEventObserver.transitionState(StartEventObserver.java:130) ~[jei-1.20.1-forge-15.20.0.129.jar%23816!/:15.20.0.129]
	at mezz.jei.forge.startup.StartEventObserver.onEvent(StartEventObserver.java:98) ~[jei-1.20.1-forge-15.20.0.129.jar%23816!/:15.20.0.129]
	at net.minecraftforge.eventbus.EventBus.doCastFilter(EventBus.java:260) ~[eventbus-6.0.5.jar%23137!/:?]
	at net.minecraftforge.eventbus.EventBus.lambda$addListener$11(EventBus.java:252) ~[eventbus-6.0.5.jar%23137!/:?]
	at net.minecraftforge.eventbus.EventBus.post(EventBus.java:315) ~[eventbus-6.0.5.jar%23137!/:?]
	at net.minecraftforge.eventbus.EventBus.post(EventBus.java:296) ~[eventbus-6.0.5.jar%23137!/:?]
	at net.minecraft.client.multiplayer.ClientPacketListener.m_5859_(ClientPacketListener.java:1451) ~[client-1.20.1-20230612.114412-srg.jar%231048!/:?]
	at net.minecraft.network.protocol.game.ClientboundUpdateTagsPacket.m_5797_(ClientboundUpdateTagsPacket.java:35) ~[client-1.20.1-20230612.114412-srg.jar%231048!/:?]
	at net.minecraft.network.protocol.game.ClientboundUpdateTagsPacket.m_5797_(ClientboundUpdateTagsPacket.java:11) ~[client-1.20.1-20230612.114412-srg.jar%231048!/:?]
	at net.minecraft.network.protocol.PacketUtils.m_263899_(PacketUtils.java:22) ~[client-1.20.1-20230612.114412-srg.jar%231048!/:?]
	at net.minecraft.util.thread.BlockableEventLoop.m_6367_(BlockableEventLoop.java:156) ~[client-1.20.1-20230612.114412-srg.jar%231048!/:?]
	at net.minecraft.util.thread.ReentrantBlockableEventLoop.m_6367_(ReentrantBlockableEventLoop.java:23) ~[client-1.20.1-20230612.114412-srg.jar%231048!/:?]
	at net.minecraft.util.thread.BlockableEventLoop.m_7245_(BlockableEventLoop.java:130) ~[client-1.20.1-20230612.114412-srg.jar%231048!/:?]
	at net.minecraft.util.thread.BlockableEventLoop.m_18699_(BlockableEventLoop.java:115) ~[client-1.20.1-20230612.114412-srg.jar%231048!/:?]
	at net.minecraft.client.Minecraft.m_91383_(Minecraft.java:1106) ~[client-1.20.1-20230612.114412-srg.jar%231048!/:?]
	at net.minecraft.client.Minecraft.m_91374_(Minecraft.java:718) ~[client-1.20.1-20230612.114412-srg.jar%231048!/:?]
	at net.minecraft.client.main.Main.main(Main.java:218) ~[minecraft-1.20.1-client.jar:?]
	at jdk.internal.reflect.NativeMethodAccessorImpl.invoke0(Native Method) ~[?:?]
	at jdk.internal.reflect.NativeMethodAccessorImpl.invoke(NativeMethodAccessorImpl.java:77) ~[?:?]
	at jdk.internal.reflect.DelegatingMethodAccessorImpl.invoke(DelegatingMethodAccessorImpl.java:43) ~[?:?]
	at java.lang.reflect.Method.invoke(Method.java:568) ~[?:?]
	at net.minecraftforge.fml.loading.targets.CommonLaunchHandler.runTarget(CommonLaunchHandler.java:111) ~[fmlloader-1.20.1-47.4.6.jar:?]
	at net.minecraftforge.fml.loading.targets.CommonLaunchHandler.clientService(CommonLaunchHandler.java:99) ~[fmlloader-1.20.1-47.4.6.jar:?]
	at net.minecraftforge.fml.loading.targets.CommonClientLaunchHandler.lambda$makeService$0(CommonClientLaunchHandler.java:25) ~[fmlloader-1.20.1-47.4.6.jar:?]
	at cpw.mods.modlauncher.LaunchServiceHandlerDecorator.launch(LaunchServiceHandlerDecorator.java:30) ~[modlauncher-10.0.9.jar:?]
	at cpw.mods.modlauncher.LaunchServiceHandler.launch(LaunchServiceHandler.java:53) ~[modlauncher-10.0.9.jar:?]
	at cpw.mods.modlauncher.LaunchServiceHandler.launch(LaunchServiceHandler.java:71) ~[modlauncher-10.0.9.jar:?]
	at cpw.mods.modlauncher.Launcher.run(Launcher.java:108) ~[modlauncher-10.0.9.jar:?]
	at cpw.mods.modlauncher.Launcher.main(Launcher.java:78) ~[modlauncher-10.0.9.jar:?]
	at cpw.mods.modlauncher.BootstrapLaunchConsumer.accept(BootstrapLaunchConsumer.java:26) ~[modlauncher-10.0.9.jar:?]
	at cpw.mods.modlauncher.BootstrapLaunchConsumer.accept(BootstrapLaunchConsumer.java:23) ~[modlauncher-10.0.9.jar:?]
	at cpw.mods.bootstraplauncher.BootstrapLauncher.main(BootstrapLauncher.java:141) ~[bootstraplauncher-1.1.2.jar:?]
	at jdk.internal.reflect.NativeMethodAccessorImpl.invoke0(Native Method) ~[?:?]
	at jdk.internal.reflect.NativeMethodAccessorImpl.invoke(NativeMethodAccessorImpl.java:77) ~[?:?]
	at jdk.internal.reflect.DelegatingMethodAccessorImpl.invoke(DelegatingMethodAccessorImpl.java:43) ~[?:?]
	at java.lang.reflect.Method.invoke(Method.java:568) ~[?:?]
	at io.github.zekerzhayard.forgewrapper.installer.Main.main(Main.java:67) ~[?:?]
	at org.prismlauncher.launcher.impl.StandardLauncher.launch(StandardLauncher.java:115) ~[?:?]
	at org.prismlauncher.EntryPoint.listen(EntryPoint.java:129) ~[?:?]
	at org.prismlauncher.EntryPoint.main(EntryPoint.java:70) ~[?:?]
[04May2026 01:21:24.579] [Render thread/INFO] [mezz.jei.library.load.PluginCallerTimerRunnable/]: Registering ingredients: jei:minecraft took 373.7 milliseconds
[04May2026 01:21:24.580] [Render thread/INFO] [mezz.jei.library.load.PluginCaller/]: Registering ingredients took 375.1 ms
[04May2026 01:21:24.580] [Render thread/INFO] [mezz.jei.library.load.PluginCaller/]: Registering extra ingredients...
[04May2026 01:21:24.581] [Render thread/INFO] [mezz.jei.library.load.PluginCaller/]: Registering extra ingredients took 651.8 ?s
[04May2026 01:21:24.581] [Render thread/INFO] [mezz.jei.library.load.PluginCaller/]: Registering search ingredient aliases...
[04May2026 01:21:24.581] [Render thread/INFO] [mezz.jei.library.load.PluginCaller/]: Registering search ingredient aliases took 373.3 ?s
[04May2026 01:21:24.582] [Render thread/INFO] [mezz.jei.library.load.PluginCaller/]: Registering categories...
[04May2026 01:21:24.607] [Render thread/WARN] [jeresources/]: Failed loading villager cartographer registered at cartographer
[04May2026 01:21:24.607] [Render thread/WARN] [jeresources/]: Exception caught when registering villager
java.lang.NullPointerException: Cannot invoke "net.minecraft.world.entity.Entity.m_9236_()" because "trader" is null
	at net.minecraft.world.entity.npc.VillagerTrades$TreasureMapForEmeralds.handler$kkg000$supplementaries$turnToQuill(VillagerTrades.java:551) ~[client-1.20.1-20230612.114412-srg.jar%231048!/:?]
	at net.minecraft.world.entity.npc.VillagerTrades$TreasureMapForEmeralds.m_213663_(VillagerTrades.java) ~[client-1.20.1-20230612.114412-srg.jar%231048!/:?]
	at jeresources.collection.TradeList.addMerchantRecipe(TradeList.java:58) ~[JustEnoughResources-1.20.1-1.4.0.247.jar%23823!/:1.4.0.247]
	at jeresources.collection.TradeList.addITradeList(TradeList.java:69) ~[JustEnoughResources-1.20.1-1.4.0.247.jar%23823!/:1.4.0.247]
	at jeresources.entry.AbstractVillagerEntry.addITradeLists(AbstractVillagerEntry.java:29) ~[JustEnoughResources-1.20.1-1.4.0.247.jar%23823!/:1.4.0.247]
	at jeresources.entry.AbstractVillagerEntry.<init>(AbstractVillagerEntry.java:22) ~[JustEnoughResources-1.20.1-1.4.0.247.jar%23823!/:1.4.0.247]
	at jeresources.entry.VillagerEntry.<init>(VillagerEntry.java:19) ~[JustEnoughResources-1.20.1-1.4.0.247.jar%23823!/:1.4.0.247]
	at jeresources.util.VillagersHelper.initRegistry(VillagersHelper.java:23) ~[JustEnoughResources-1.20.1-1.4.0.247.jar%23823!/:1.4.0.247]
	at jeresources.compatibility.Compatibility.init(Compatibility.java:33) ~[JustEnoughResources-1.20.1-1.4.0.247.jar%23823!/:1.4.0.247]
	at jeresources.proxy.CommonProxy.initCompatibility(CommonProxy.java:14) ~[JustEnoughResources-1.20.1-1.4.0.247.jar%23823!/:1.4.0.247]
	at jeresources.jei.JEIConfig.registerCategories(JEIConfig.java:98) ~[JustEnoughResources-1.20.1-1.4.0.247.jar%23823!/:1.4.0.247]
	at mezz.jei.library.load.PluginLoader.lambda$createRecipeCategories$5(PluginLoader.java:119) ~[jei-1.20.1-forge-15.20.0.129.jar%23816!/:15.20.0.129]
	at mezz.jei.library.load.PluginCaller.callOnPlugins(PluginCaller.java:25) ~[jei-1.20.1-forge-15.20.0.129.jar%23816!/:15.20.0.129]
	at mezz.jei.library.load.PluginLoader.createRecipeCategories(PluginLoader.java:119) ~[jei-1.20.1-forge-15.20.0.129.jar%23816!/:15.20.0.129]
	at mezz.jei.library.load.PluginLoader.createRecipeManager(PluginLoader.java:154) ~[jei-1.20.1-forge-15.20.0.129.jar%23816!/:15.20.0.129]
	at mezz.jei.library.startup.JeiStarter.start(JeiStarter.java:115) ~[jei-1.20.1-forge-15.20.0.129.jar%23816!/:15.20.0.129]
	at mezz.jei.forge.startup.StartEventObserver.transitionState(StartEventObserver.java:130) ~[jei-1.20.1-forge-15.20.0.129.jar%23816!/:15.20.0.129]
	at mezz.jei.forge.startup.StartEventObserver.onEvent(StartEventObserver.java:98) ~[jei-1.20.1-forge-15.20.0.129.jar%23816!/:15.20.0.129]
	at net.minecraftforge.eventbus.EventBus.doCastFilter(EventBus.java:260) ~[eventbus-6.0.5.jar%23137!/:?]
	at net.minecraftforge.eventbus.EventBus.lambda$addListener$11(EventBus.java:252) ~[eventbus-6.0.5.jar%23137!/:?]
	at net.minecraftforge.eventbus.EventBus.post(EventBus.java:315) ~[eventbus-6.0.5.jar%23137!/:?]
	at net.minecraftforge.eventbus.EventBus.post(EventBus.java:296) ~[eventbus-6.0.5.jar%23137!/:?]
	at net.minecraft.client.multiplayer.ClientPacketListener.m_5859_(ClientPacketListener.java:1451) ~[client-1.20.1-20230612.114412-srg.jar%231048!/:?]
	at net.minecraft.network.protocol.game.ClientboundUpdateTagsPacket.m_5797_(ClientboundUpdateTagsPacket.java:35) ~[client-1.20.1-20230612.114412-srg.jar%231048!/:?]
	at net.minecraft.network.protocol.game.ClientboundUpdateTagsPacket.m_5797_(ClientboundUpdateTagsPacket.java:11) ~[client-1.20.1-20230612.114412-srg.jar%231048!/:?]
	at net.minecraft.network.protocol.PacketUtils.m_263899_(PacketUtils.java:22) ~[client-1.20.1-20230612.114412-srg.jar%231048!/:?]
	at net.minecraft.util.thread.BlockableEventLoop.m_6367_(BlockableEventLoop.java:156) ~[client-1.20.1-20230612.114412-srg.jar%231048!/:?]
	at net.minecraft.util.thread.ReentrantBlockableEventLoop.m_6367_(ReentrantBlockableEventLoop.java:23) ~[client-1.20.1-20230612.114412-srg.jar%231048!/:?]
	at net.minecraft.util.thread.BlockableEventLoop.m_7245_(BlockableEventLoop.java:130) ~[client-1.20.1-20230612.114412-srg.jar%231048!/:?]
	at net.minecraft.util.thread.BlockableEventLoop.m_18699_(BlockableEventLoop.java:115) ~[client-1.20.1-20230612.114412-srg.jar%231048!/:?]
	at net.minecraft.client.Minecraft.m_91383_(Minecraft.java:1106) ~[client-1.20.1-20230612.114412-srg.jar%231048!/:?]
	at net.minecraft.client.Minecraft.m_91374_(Minecraft.java:718) ~[client-1.20.1-20230612.114412-srg.jar%231048!/:?]
	at net.minecraft.client.main.Main.main(Main.java:218) ~[minecraft-1.20.1-client.jar:?]
	at jdk.internal.reflect.NativeMethodAccessorImpl.invoke0(Native Method) ~[?:?]
	at jdk.internal.reflect.NativeMethodAccessorImpl.invoke(NativeMethodAccessorImpl.java:77) ~[?:?]
	at jdk.internal.reflect.DelegatingMethodAccessorImpl.invoke(DelegatingMethodAccessorImpl.java:43) ~[?:?]
	at java.lang.reflect.Method.invoke(Method.java:568) ~[?:?]
	at net.minecraftforge.fml.loading.targets.CommonLaunchHandler.runTarget(CommonLaunchHandler.java:111) ~[fmlloader-1.20.1-47.4.6.jar:?]
	at net.minecraftforge.fml.loading.targets.CommonLaunchHandler.clientService(CommonLaunchHandler.java:99) ~[fmlloader-1.20.1-47.4.6.jar:?]
	at net.minecraftforge.fml.loading.targets.CommonClientLaunchHandler.lambda$makeService$0(CommonClientLaunchHandler.java:25) ~[fmlloader-1.20.1-47.4.6.jar:?]
	at cpw.mods.modlauncher.LaunchServiceHandlerDecorator.launch(LaunchServiceHandlerDecorator.java:30) ~[modlauncher-10.0.9.jar:?]
	at cpw.mods.modlauncher.LaunchServiceHandler.launch(LaunchServiceHandler.java:53) ~[modlauncher-10.0.9.jar:?]
	at cpw.mods.modlauncher.LaunchServiceHandler.launch(LaunchServiceHandler.java:71) ~[modlauncher-10.0.9.jar:?]
	at cpw.mods.modlauncher.Launcher.run(Launcher.java:108) ~[modlauncher-10.0.9.jar:?]
	at cpw.mods.modlauncher.Launcher.main(Launcher.java:78) ~[modlauncher-10.0.9.jar:?]
	at cpw.mods.modlauncher.BootstrapLaunchConsumer.accept(BootstrapLaunchConsumer.java:26) ~[modlauncher-10.0.9.jar:?]
	at cpw.mods.modlauncher.BootstrapLaunchConsumer.accept(BootstrapLaunchConsumer.java:23) ~[modlauncher-10.0.9.jar:?]
	at cpw.mods.bootstraplauncher.BootstrapLauncher.main(BootstrapLauncher.java:141) ~[bootstraplauncher-1.1.2.jar:?]
	at jdk.internal.reflect.NativeMethodAccessorImpl.invoke0(Native Method) ~[?:?]
	at jdk.internal.reflect.NativeMethodAccessorImpl.invoke(NativeMethodAccessorImpl.java:77) ~[?:?]
	at jdk.internal.reflect.DelegatingMethodAccessorImpl.invoke(DelegatingMethodAccessorImpl.java:43) ~[?:?]
	at java.lang.reflect.Method.invoke(Method.java:568) ~[?:?]
	at io.github.zekerzhayard.forgewrapper.installer.Main.main(Main.java:67) ~[?:?]
	at org.prismlauncher.launcher.impl.StandardLauncher.launch(StandardLauncher.java:115) ~[?:?]
	at org.prismlauncher.EntryPoint.listen(EntryPoint.java:129) ~[?:?]
	at org.prismlauncher.EntryPoint.main(EntryPoint.java:70) ~[?:?]
[04May2026 01:21:24.754] [Render thread/WARN] [jeresources/]: Failed loading villager stargazer registered at stargazer
[04May2026 01:21:24.754] [Render thread/WARN] [jeresources/]: Exception caught when registering villager
java.lang.NullPointerException: Cannot invoke "net.minecraft.world.entity.Entity.m_9236_()" because "trader" is null
	at com.legacy.blue_skies.entities.villager.SkiesVillagerTrades$EmeraldForMapTrade.m_213663_(SkiesVillagerTrades.java:417) ~[blue_skies-1.20.1-1.3.31.jar%23667!/:1.3.31]
	at jeresources.collection.TradeList.addMerchantRecipe(TradeList.java:58) ~[JustEnoughResources-1.20.1-1.4.0.247.jar%23823!/:1.4.0.247]
	at jeresources.collection.TradeList.addITradeList(TradeList.java:69) ~[JustEnoughResources-1.20.1-1.4.0.247.jar%23823!/:1.4.0.247]
	at jeresources.entry.AbstractVillagerEntry.addITradeLists(AbstractVillagerEntry.java:29) ~[JustEnoughResources-1.20.1-1.4.0.247.jar%23823!/:1.4.0.247]
	at jeresources.entry.AbstractVillagerEntry.<init>(AbstractVillagerEntry.java:22) ~[JustEnoughResources-1.20.1-1.4.0.247.jar%23823!/:1.4.0.247]
	at jeresources.entry.VillagerEntry.<init>(VillagerEntry.java:19) ~[JustEnoughResources-1.20.1-1.4.0.247.jar%23823!/:1.4.0.247]
	at jeresources.util.VillagersHelper.initRegistry(VillagersHelper.java:23) ~[JustEnoughResources-1.20.1-1.4.0.247.jar%23823!/:1.4.0.247]
	at jeresources.compatibility.Compatibility.init(Compatibility.java:33) ~[JustEnoughResources-1.20.1-1.4.0.247.jar%23823!/:1.4.0.247]
	at jeresources.proxy.CommonProxy.initCompatibility(CommonProxy.java:14) ~[JustEnoughResources-1.20.1-1.4.0.247.jar%23823!/:1.4.0.247]
	at jeresources.jei.JEIConfig.registerCategories(JEIConfig.java:98) ~[JustEnoughResources-1.20.1-1.4.0.247.jar%23823!/:1.4.0.247]
	at mezz.jei.library.load.PluginLoader.lambda$createRecipeCategories$5(PluginLoader.java:119) ~[jei-1.20.1-forge-15.20.0.129.jar%23816!/:15.20.0.129]
	at mezz.jei.library.load.PluginCaller.callOnPlugins(PluginCaller.java:25) ~[jei-1.20.1-forge-15.20.0.129.jar%23816!/:15.20.0.129]
	at mezz.jei.library.load.PluginLoader.createRecipeCategories(PluginLoader.java:119) ~[jei-1.20.1-forge-15.20.0.129.jar%23816!/:15.20.0.129]
	at mezz.jei.library.load.PluginLoader.createRecipeManager(PluginLoader.java:154) ~[jei-1.20.1-forge-15.20.0.129.jar%23816!/:15.20.0.129]
	at mezz.jei.library.startup.JeiStarter.start(JeiStarter.java:115) ~[jei-1.20.1-forge-15.20.0.129.jar%23816!/:15.20.0.129]
	at mezz.jei.forge.startup.StartEventObserver.transitionState(StartEventObserver.java:130) ~[jei-1.20.1-forge-15.20.0.129.jar%23816!/:15.20.0.129]
	at mezz.jei.forge.startup.StartEventObserver.onEvent(StartEventObserver.java:98) ~[jei-1.20.1-forge-15.20.0.129.jar%23816!/:15.20.0.129]
	at net.minecraftforge.eventbus.EventBus.doCastFilter(EventBus.java:260) ~[eventbus-6.0.5.jar%23137!/:?]
	at net.minecraftforge.eventbus.EventBus.lambda$addListener$11(EventBus.java:252) ~[eventbus-6.0.5.jar%23137!/:?]
	at net.minecraftforge.eventbus.EventBus.post(EventBus.java:315) ~[eventbus-6.0.5.jar%23137!/:?]
	at net.minecraftforge.eventbus.EventBus.post(EventBus.java:296) ~[eventbus-6.0.5.jar%23137!/:?]
	at net.minecraft.client.multiplayer.ClientPacketListener.m_5859_(ClientPacketListener.java:1451) ~[client-1.20.1-20230612.114412-srg.jar%231048!/:?]
	at net.minecraft.network.protocol.game.ClientboundUpdateTagsPacket.m_5797_(ClientboundUpdateTagsPacket.java:35) ~[client-1.20.1-20230612.114412-srg.jar%231048!/:?]
	at net.minecraft.network.protocol.game.ClientboundUpdateTagsPacket.m_5797_(ClientboundUpdateTagsPacket.java:11) ~[client-1.20.1-20230612.114412-srg.jar%231048!/:?]
	at net.minecraft.network.protocol.PacketUtils.m_263899_(PacketUtils.java:22) ~[client-1.20.1-20230612.114412-srg.jar%231048!/:?]
	at net.minecraft.util.thread.BlockableEventLoop.m_6367_(BlockableEventLoop.java:156) ~[client-1.20.1-20230612.114412-srg.jar%231048!/:?]
	at net.minecraft.util.thread.ReentrantBlockableEventLoop.m_6367_(ReentrantBlockableEventLoop.java:23) ~[client-1.20.1-20230612.114412-srg.jar%231048!/:?]
	at net.minecraft.util.thread.BlockableEventLoop.m_7245_(BlockableEventLoop.java:130) ~[client-1.20.1-20230612.114412-srg.jar%231048!/:?]
	at net.minecraft.util.thread.BlockableEventLoop.m_18699_(BlockableEventLoop.java:115) ~[client-1.20.1-20230612.114412-srg.jar%231048!/:?]
	at net.minecraft.client.Minecraft.m_91383_(Minecraft.java:1106) ~[client-1.20.1-20230612.114412-srg.jar%231048!/:?]
	at net.minecraft.client.Minecraft.m_91374_(Minecraft.java:718) ~[client-1.20.1-20230612.114412-srg.jar%231048!/:?]
	at net.minecraft.client.main.Main.main(Main.java:218) ~[minecraft-1.20.1-client.jar:?]
	at jdk.internal.reflect.NativeMethodAccessorImpl.invoke0(Native Method) ~[?:?]
	at jdk.internal.reflect.NativeMethodAccessorImpl.invoke(NativeMethodAccessorImpl.java:77) ~[?:?]
	at jdk.internal.reflect.DelegatingMethodAccessorImpl.invoke(DelegatingMethodAccessorImpl.java:43) ~[?:?]
	at java.lang.reflect.Method.invoke(Method.java:568) ~[?:?]
	at net.minecraftforge.fml.loading.targets.CommonLaunchHandler.runTarget(CommonLaunchHandler.java:111) ~[fmlloader-1.20.1-47.4.6.jar:?]
	at net.minecraftforge.fml.loading.targets.CommonLaunchHandler.clientService(CommonLaunchHandler.java:99) ~[fmlloader-1.20.1-47.4.6.jar:?]
	at net.minecraftforge.fml.loading.targets.CommonClientLaunchHandler.lambda$makeService$0(CommonClientLaunchHandler.java:25) ~[fmlloader-1.20.1-47.4.6.jar:?]
	at cpw.mods.modlauncher.LaunchServiceHandlerDecorator.launch(LaunchServiceHandlerDecorator.java:30) ~[modlauncher-10.0.9.jar:?]
	at cpw.mods.modlauncher.LaunchServiceHandler.launch(LaunchServiceHandler.java:53) ~[modlauncher-10.0.9.jar:?]
	at cpw.mods.modlauncher.LaunchServiceHandler.launch(LaunchServiceHandler.java:71) ~[modlauncher-10.0.9.jar:?]
	at cpw.mods.modlauncher.Launcher.run(Launcher.java:108) ~[modlauncher-10.0.9.jar:?]
	at cpw.mods.modlauncher.Launcher.main(Launcher.java:78) ~[modlauncher-10.0.9.jar:?]
	at cpw.mods.modlauncher.BootstrapLaunchConsumer.accept(BootstrapLaunchConsumer.java:26) ~[modlauncher-10.0.9.jar:?]
	at cpw.mods.modlauncher.BootstrapLaunchConsumer.accept(BootstrapLaunchConsumer.java:23) ~[modlauncher-10.0.9.jar:?]
	at cpw.mods.bootstraplauncher.BootstrapLauncher.main(BootstrapLauncher.java:141) ~[bootstraplauncher-1.1.2.jar:?]
	at jdk.internal.reflect.NativeMethodAccessorImpl.invoke0(Native Method) ~[?:?]
	at jdk.internal.reflect.NativeMethodAccessorImpl.invoke(NativeMethodAccessorImpl.java:77) ~[?:?]
	at jdk.internal.reflect.DelegatingMethodAccessorImpl.invoke(DelegatingMethodAccessorImpl.java:43) ~[?:?]
	at java.lang.reflect.Method.invoke(Method.java:568) ~[?:?]
	at io.github.zekerzhayard.forgewrapper.installer.Main.main(Main.java:67) ~[?:?]
	at org.prismlauncher.launcher.impl.StandardLauncher.launch(StandardLauncher.java:115) ~[?:?]
	at org.prismlauncher.EntryPoint.listen(EntryPoint.java:129) ~[?:?]
	at org.prismlauncher.EntryPoint.main(EntryPoint.java:70) ~[?:?]
[04May2026 01:21:24.761] [Render thread/WARN] [jeresources/]: Failed loading villager shoveler registered at shoveler
[04May2026 01:21:24.761] [Render thread/WARN] [jeresources/]: Exception caught when registering villager
java.lang.NullPointerException: Cannot invoke "net.minecraft.world.entity.Entity.m_9236_()" because "trader" is null
	at com.legacy.blue_skies.entities.villager.SkiesVillagerTrades$ToolWithFalsiteTrade.m_213663_(SkiesVillagerTrades.java:528) ~[blue_skies-1.20.1-1.3.31.jar%23667!/:1.3.31]
	at jeresources.collection.TradeList.addMerchantRecipe(TradeList.java:58) ~[JustEnoughResources-1.20.1-1.4.0.247.jar%23823!/:1.4.0.247]
	at jeresources.collection.TradeList.addITradeList(TradeList.java:69) ~[JustEnoughResources-1.20.1-1.4.0.247.jar%23823!/:1.4.0.247]
	at jeresources.entry.AbstractVillagerEntry.addITradeLists(AbstractVillagerEntry.java:29) ~[JustEnoughResources-1.20.1-1.4.0.247.jar%23823!/:1.4.0.247]
	at jeresources.entry.AbstractVillagerEntry.<init>(AbstractVillagerEntry.java:22) ~[JustEnoughResources-1.20.1-1.4.0.247.jar%23823!/:1.4.0.247]
	at jeresources.entry.VillagerEntry.<init>(VillagerEntry.java:19) ~[JustEnoughResources-1.20.1-1.4.0.247.jar%23823!/:1.4.0.247]
	at jeresources.util.VillagersHelper.initRegistry(VillagersHelper.java:23) ~[JustEnoughResources-1.20.1-1.4.0.247.jar%23823!/:1.4.0.247]
	at jeresources.compatibility.Compatibility.init(Compatibility.java:33) ~[JustEnoughResources-1.20.1-1.4.0.247.jar%23823!/:1.4.0.247]
	at jeresources.proxy.CommonProxy.initCompatibility(CommonProxy.java:14) ~[JustEnoughResources-1.20.1-1.4.0.247.jar%23823!/:1.4.0.247]
	at jeresources.jei.JEIConfig.registerCategories(JEIConfig.java:98) ~[JustEnoughResources-1.20.1-1.4.0.247.jar%23823!/:1.4.0.247]
	at mezz.jei.library.load.PluginLoader.lambda$createRecipeCategories$5(PluginLoader.java:119) ~[jei-1.20.1-forge-15.20.0.129.jar%23816!/:15.20.0.129]
	at mezz.jei.library.load.PluginCaller.callOnPlugins(PluginCaller.java:25) ~[jei-1.20.1-forge-15.20.0.129.jar%23816!/:15.20.0.129]
	at mezz.jei.library.load.PluginLoader.createRecipeCategories(PluginLoader.java:119) ~[jei-1.20.1-forge-15.20.0.129.jar%23816!/:15.20.0.129]
	at mezz.jei.library.load.PluginLoader.createRecipeManager(PluginLoader.java:154) ~[jei-1.20.1-forge-15.20.0.129.jar%23816!/:15.20.0.129]
	at mezz.jei.library.startup.JeiStarter.start(JeiStarter.java:115) ~[jei-1.20.1-forge-15.20.0.129.jar%23816!/:15.20.0.129]
	at mezz.jei.forge.startup.StartEventObserver.transitionState(StartEventObserver.java:130) ~[jei-1.20.1-forge-15.20.0.129.jar%23816!/:15.20.0.129]
	at mezz.jei.forge.startup.StartEventObserver.onEvent(StartEventObserver.java:98) ~[jei-1.20.1-forge-15.20.0.129.jar%23816!/:15.20.0.129]
	at net.minecraftforge.eventbus.EventBus.doCastFilter(EventBus.java:260) ~[eventbus-6.0.5.jar%23137!/:?]
	at net.minecraftforge.eventbus.EventBus.lambda$addListener$11(EventBus.java:252) ~[eventbus-6.0.5.jar%23137!/:?]
	at net.minecraftforge.eventbus.EventBus.post(EventBus.java:315) ~[eventbus-6.0.5.jar%23137!/:?]
	at net.minecraftforge.eventbus.EventBus.post(EventBus.java:296) ~[eventbus-6.0.5.jar%23137!/:?]
	at net.minecraft.client.multiplayer.ClientPacketListener.m_5859_(ClientPacketListener.java:1451) ~[client-1.20.1-20230612.114412-srg.jar%231048!/:?]
	at net.minecraft.network.protocol.game.ClientboundUpdateTagsPacket.m_5797_(ClientboundUpdateTagsPacket.java:35) ~[client-1.20.1-20230612.114412-srg.jar%231048!/:?]
	at net.minecraft.network.protocol.game.ClientboundUpdateTagsPacket.m_5797_(ClientboundUpdateTagsPacket.java:11) ~[client-1.20.1-20230612.114412-srg.jar%231048!/:?]
	at net.minecraft.network.protocol.PacketUtils.m_263899_(PacketUtils.java:22) ~[client-1.20.1-20230612.114412-srg.jar%231048!/:?]
	at net.minecraft.util.thread.BlockableEventLoop.m_6367_(BlockableEventLoop.java:156) ~[client-1.20.1-20230612.114412-srg.jar%231048!/:?]
	at net.minecraft.util.thread.ReentrantBlockableEventLoop.m_6367_(ReentrantBlockableEventLoop.java:23) ~[client-1.20.1-20230612.114412-srg.jar%231048!/:?]
	at net.minecraft.util.thread.BlockableEventLoop.m_7245_(BlockableEventLoop.java:130) ~[client-1.20.1-20230612.114412-srg.jar%231048!/:?]
	at net.minecraft.util.thread.BlockableEventLoop.m_18699_(BlockableEventLoop.java:115) ~[client-1.20.1-20230612.114412-srg.jar%231048!/:?]
	at net.minecraft.client.Minecraft.m_91383_(Minecraft.java:1106) ~[client-1.20.1-20230612.114412-srg.jar%231048!/:?]
	at net.minecraft.client.Minecraft.m_91374_(Minecraft.java:718) ~[client-1.20.1-20230612.114412-srg.jar%231048!/:?]
	at net.minecraft.client.main.Main.main(Main.java:218) ~[minecraft-1.20.1-client.jar:?]
	at jdk.internal.reflect.NativeMethodAccessorImpl.invoke0(Native Method) ~[?:?]
	at jdk.internal.reflect.NativeMethodAccessorImpl.invoke(NativeMethodAccessorImpl.java:77) ~[?:?]
	at jdk.internal.reflect.DelegatingMethodAccessorImpl.invoke(DelegatingMethodAccessorImpl.java:43) ~[?:?]
	at java.lang.reflect.Method.invoke(Method.java:568) ~[?:?]
	at net.minecraftforge.fml.loading.targets.CommonLaunchHandler.runTarget(CommonLaunchHandler.java:111) ~[fmlloader-1.20.1-47.4.6.jar:?]
	at net.minecraftforge.fml.loading.targets.CommonLaunchHandler.clientService(CommonLaunchHandler.java:99) ~[fmlloader-1.20.1-47.4.6.jar:?]
	at net.minecraftforge.fml.loading.targets.CommonClientLaunchHandler.lambda$makeService$0(CommonClientLaunchHandler.java:25) ~[fmlloader-1.20.1-47.4.6.jar:?]
	at cpw.mods.modlauncher.LaunchServiceHandlerDecorator.launch(LaunchServiceHandlerDecorator.java:30) ~[modlauncher-10.0.9.jar:?]
	at cpw.mods.modlauncher.LaunchServiceHandler.launch(LaunchServiceHandler.java:53) ~[modlauncher-10.0.9.jar:?]
	at cpw.mods.modlauncher.LaunchServiceHandler.launch(LaunchServiceHandler.java:71) ~[modlauncher-10.0.9.jar:?]
	at cpw.mods.modlauncher.Launcher.run(Launcher.java:108) ~[modlauncher-10.0.9.jar:?]
	at cpw.mods.modlauncher.Launcher.main(Launcher.java:78) ~[modlauncher-10.0.9.jar:?]
	at cpw.mods.modlauncher.BootstrapLaunchConsumer.accept(BootstrapLaunchConsumer.java:26) ~[modlauncher-10.0.9.jar:?]
	at cpw.mods.modlauncher.BootstrapLaunchConsumer.accept(BootstrapLaunchConsumer.java:23) ~[modlauncher-10.0.9.jar:?]
	at cpw.mods.bootstraplauncher.BootstrapLauncher.main(BootstrapLauncher.java:141) ~[bootstraplauncher-1.1.2.jar:?]
	at jdk.internal.reflect.NativeMethodAccessorImpl.invoke0(Native Method) ~[?:?]
	at jdk.internal.reflect.NativeMethodAccessorImpl.invoke(NativeMethodAccessorImpl.java:77) ~[?:?]
	at jdk.internal.reflect.DelegatingMethodAccessorImpl.invoke(DelegatingMethodAccessorImpl.java:43) ~[?:?]
	at java.lang.reflect.Method.invoke(Method.java:568) ~[?:?]
	at io.github.zekerzhayard.forgewrapper.installer.Main.main(Main.java:67) ~[?:?]
	at org.prismlauncher.launcher.impl.StandardLauncher.launch(StandardLauncher.java:115) ~[?:?]
	at org.prismlauncher.EntryPoint.listen(EntryPoint.java:129) ~[?:?]
	at org.prismlauncher.EntryPoint.main(EntryPoint.java:70) ~[?:?]
[04May2026 01:21:24.828] [Render thread/INFO] [mezz.jei.library.load.PluginCallerTimerRunnable/]: Registering categories: minecraft:jeresources took 245.6 milliseconds
[04May2026 01:21:24.831] [Render thread/INFO] [mezz.jei.library.load.PluginCaller/]: Registering categories took 248.4 ms
[04May2026 01:21:24.831] [Render thread/INFO] [mezz.jei.library.load.PluginCaller/]: Registering vanilla category extensions...
[04May2026 01:21:24.831] [Render thread/INFO] [mezz.jei.library.load.PluginCaller/]: Registering vanilla category extensions took 593.0 ?s
[04May2026 01:21:24.831] [Render thread/INFO] [mezz.jei.library.load.PluginCaller/]: Registering recipe catalysts...
[04May2026 01:21:24.832] [Render thread/INFO] [mezz.jei.library.load.PluginCaller/]: Registering recipe catalysts took 1.173 ms
[04May2026 01:21:24.833] [Render thread/INFO] [mezz.jei.core.util.LoggedTimer/]: Building recipe registry...
[04May2026 01:21:24.835] [Render thread/INFO] [mezz.jei.core.util.LoggedTimer/]: Building recipe registry took 2.012 ms
[04May2026 01:21:24.835] [Render thread/INFO] [mezz.jei.library.load.PluginCaller/]: Registering advanced plugins...
[04May2026 01:21:24.835] [Render thread/INFO] [mezz.jei.library.load.registration.AdvancedRegistration/]: Added recipe manager plugin: class io.redspace.ironsspellbooks.jei.AlchemistCauldronAdvancedHandler
[04May2026 01:21:24.835] [Render thread/INFO] [mezz.jei.library.load.registration.AdvancedRegistration/]: Added recipe manager plugin: class cofh.thermal.expansion.compat.jei.plugins.PotionFluidRecipeManagerPlugin
[04May2026 01:21:24.835] [Render thread/INFO] [mezz.jei.library.load.PluginCaller/]: Registering advanced plugins took 385.0 ?s
[04May2026 01:21:24.835] [Render thread/INFO] [mezz.jei.library.load.PluginCaller/]: Registering recipes...
[04May2026 01:21:27.282] [Render thread/ERROR] [mezz.jei.library.util.IngredientSupplierHelper/]: Found a broken recipe, failed to setRecipe with RecipeLayoutBuilder: Apotheosis apotheosis:socketing class dev.shadowsoffire.apotheosis.adventure.socket.SocketingRecipe

java.lang.IndexOutOfBoundsException: Index 0 out of bounds for length 0
	at jdk.internal.util.Preconditions.outOfBounds(Preconditions.java:64) ~[?:?]
	at jdk.internal.util.Preconditions.outOfBoundsCheckIndex(Preconditions.java:70) ~[?:?]
	at jdk.internal.util.Preconditions.checkIndex(Preconditions.java:266) ~[?:?]
	at java.util.Objects.checkIndex(Objects.java:361) ~[?:?]
	at java.util.ArrayList.set(ArrayList.java:441) ~[?:?]
	at dev.shadowsoffire.apotheosis.adventure.socket.SocketingRecipe.m_5874_(SocketingRecipe.java:63) ~[Apotheosis-1.20.1-7.4.8.jar%23632!/:7.4.8]
	at mezz.jei.library.util.RecipeUtil.assembleResultItem(RecipeUtil.java:28) ~[jei-1.20.1-forge-15.20.0.129.jar%23816!/:15.20.0.129]
	at mezz.jei.library.plugins.vanilla.anvil.SmithingCategoryExtension.setOutput(SmithingCategoryExtension.java:65) ~[jei-1.20.1-forge-15.20.0.129.jar%23816!/:15.20.0.129]
	at mezz.jei.library.plugins.vanilla.anvil.SmithingRecipeCategory.setRecipe(SmithingRecipeCategory.java:59) ~[jei-1.20.1-forge-15.20.0.129.jar%23816!/:15.20.0.129]
	at mezz.jei.library.plugins.vanilla.anvil.SmithingRecipeCategory.setRecipe(SmithingRecipeCategory.java:24) ~[jei-1.20.1-forge-15.20.0.129.jar%23816!/:15.20.0.129]
	at mezz.jei.library.util.IngredientSupplierHelper.getIngredientSupplier(IngredientSupplierHelper.java:22) ~[jei-1.20.1-forge-15.20.0.129.jar%23816!/:15.20.0.129]
	at mezz.jei.library.recipes.RecipeManagerInternal.addRecipe(RecipeManagerInternal.java:148) ~[jei-1.20.1-forge-15.20.0.129.jar%23816!/:15.20.0.129]
	at mezz.jei.library.recipes.RecipeManagerInternal.addRecipes(RecipeManagerInternal.java:121) ~[jei-1.20.1-forge-15.20.0.129.jar%23816!/:15.20.0.129]
	at mezz.jei.library.load.registration.RecipeRegistration.addRecipes(RecipeRegistration.java:52) ~[jei-1.20.1-forge-15.20.0.129.jar%23816!/:15.20.0.129]
	at mezz.jei.library.plugins.vanilla.VanillaPlugin.registerRecipes(VanillaPlugin.java:252) ~[jei-1.20.1-forge-15.20.0.129.jar%23816!/:15.20.0.129]
	at mezz.jei.library.load.PluginLoader.lambda$createRecipeManager$13(PluginLoader.java:182) ~[jei-1.20.1-forge-15.20.0.129.jar%23816!/:15.20.0.129]
	at mezz.jei.library.load.PluginCaller.callOnPlugins(PluginCaller.java:25) ~[jei-1.20.1-forge-15.20.0.129.jar%23816!/:15.20.0.129]
	at mezz.jei.library.load.PluginLoader.createRecipeManager(PluginLoader.java:182) ~[jei-1.20.1-forge-15.20.0.129.jar%23816!/:15.20.0.129]
	at mezz.jei.library.startup.JeiStarter.start(JeiStarter.java:115) ~[jei-1.20.1-forge-15.20.0.129.jar%23816!/:15.20.0.129]
	at mezz.jei.forge.startup.StartEventObserver.transitionState(StartEventObserver.java:130) ~[jei-1.20.1-forge-15.20.0.129.jar%23816!/:15.20.0.129]
	at mezz.jei.forge.startup.StartEventObserver.onEvent(StartEventObserver.java:98) ~[jei-1.20.1-forge-15.20.0.129.jar%23816!/:15.20.0.129]
	at net.minecraftforge.eventbus.EventBus.doCastFilter(EventBus.java:260) ~[eventbus-6.0.5.jar%23137!/:?]
	at net.minecraftforge.eventbus.EventBus.lambda$addListener$11(EventBus.java:252) ~[eventbus-6.0.5.jar%23137!/:?]
	at net.minecraftforge.eventbus.EventBus.post(EventBus.java:315) ~[eventbus-6.0.5.jar%23137!/:?]
	at net.minecraftforge.eventbus.EventBus.post(EventBus.java:296) ~[eventbus-6.0.5.jar%23137!/:?]
	at net.minecraft.client.multiplayer.ClientPacketListener.m_5859_(ClientPacketListener.java:1451) ~[client-1.20.1-20230612.114412-srg.jar%231048!/:?]
	at net.minecraft.network.protocol.game.ClientboundUpdateTagsPacket.m_5797_(ClientboundUpdateTagsPacket.java:35) ~[client-1.20.1-20230612.114412-srg.jar%231048!/:?]
	at net.minecraft.network.protocol.game.ClientboundUpdateTagsPacket.m_5797_(ClientboundUpdateTagsPacket.java:11) ~[client-1.20.1-20230612.114412-srg.jar%231048!/:?]
	at net.minecraft.network.protocol.PacketUtils.m_263899_(PacketUtils.java:22) ~[client-1.20.1-20230612.114412-srg.jar%231048!/:?]
	at net.minecraft.util.thread.BlockableEventLoop.m_6367_(BlockableEventLoop.java:156) ~[client-1.20.1-20230612.114412-srg.jar%231048!/:?]
	at net.minecraft.util.thread.ReentrantBlockableEventLoop.m_6367_(ReentrantBlockableEventLoop.java:23) ~[client-1.20.1-20230612.114412-srg.jar%231048!/:?]
	at net.minecraft.util.thread.BlockableEventLoop.m_7245_(BlockableEventLoop.java:130) ~[client-1.20.1-20230612.114412-srg.jar%231048!/:?]
	at net.minecraft.util.thread.BlockableEventLoop.m_18699_(BlockableEventLoop.java:115) ~[client-1.20.1-20230612.114412-srg.jar%231048!/:?]
	at net.minecraft.client.Minecraft.m_91383_(Minecraft.java:1106) ~[client-1.20.1-20230612.114412-srg.jar%231048!/:?]
	at net.minecraft.client.Minecraft.m_91374_(Minecraft.java:718) ~[client-1.20.1-20230612.114412-srg.jar%231048!/:?]
	at net.minecraft.client.main.Main.main(Main.java:218) ~[minecraft-1.20.1-client.jar:?]
	at jdk.internal.reflect.NativeMethodAccessorImpl.invoke0(Native Method) ~[?:?]
	at jdk.internal.reflect.NativeMethodAccessorImpl.invoke(NativeMethodAccessorImpl.java:77) ~[?:?]
	at jdk.internal.reflect.DelegatingMethodAccessorImpl.invoke(DelegatingMethodAccessorImpl.java:43) ~[?:?]
	at java.lang.reflect.Method.invoke(Method.java:568) ~[?:?]
	at net.minecraftforge.fml.loading.targets.CommonLaunchHandler.runTarget(CommonLaunchHandler.java:111) ~[fmlloader-1.20.1-47.4.6.jar:?]
	at net.minecraftforge.fml.loading.targets.CommonLaunchHandler.clientService(CommonLaunchHandler.java:99) ~[fmlloader-1.20.1-47.4.6.jar:?]
	at net.minecraftforge.fml.loading.targets.CommonClientLaunchHandler.lambda$makeService$0(CommonClientLaunchHandler.java:25) ~[fmlloader-1.20.1-47.4.6.jar:?]
	at cpw.mods.modlauncher.LaunchServiceHandlerDecorator.launch(LaunchServiceHandlerDecorator.java:30) ~[modlauncher-10.0.9.jar:?]
	at cpw.mods.modlauncher.LaunchServiceHandler.launch(LaunchServiceHandler.java:53) ~[modlauncher-10.0.9.jar:?]
	at cpw.mods.modlauncher.LaunchServiceHandler.launch(LaunchServiceHandler.java:71) ~[modlauncher-10.0.9.jar:?]
	at cpw.mods.modlauncher.Launcher.run(Launcher.java:108) ~[modlauncher-10.0.9.jar:?]
	at cpw.mods.modlauncher.Launcher.main(Launcher.java:78) ~[modlauncher-10.0.9.jar:?]
	at cpw.mods.modlauncher.BootstrapLaunchConsumer.accept(BootstrapLaunchConsumer.java:26) ~[modlauncher-10.0.9.jar:?]
	at cpw.mods.modlauncher.BootstrapLaunchConsumer.accept(BootstrapLaunchConsumer.java:23) ~[modlauncher-10.0.9.jar:?]
	at cpw.mods.bootstraplauncher.BootstrapLauncher.main(BootstrapLauncher.java:141) ~[bootstraplauncher-1.1.2.jar:?]
	at jdk.internal.reflect.NativeMethodAccessorImpl.invoke0(Native Method) ~[?:?]
	at jdk.internal.reflect.NativeMethodAccessorImpl.invoke(NativeMethodAccessorImpl.java:77) ~[?:?]
	at jdk.internal.reflect.DelegatingMethodAccessorImpl.invoke(DelegatingMethodAccessorImpl.java:43) ~[?:?]
	at java.lang.reflect.Method.invoke(Method.java:568) ~[?:?]
	at io.github.zekerzhayard.forgewrapper.installer.Main.main(Main.java:67) ~[?:?]
	at org.prismlauncher.launcher.impl.StandardLauncher.launch(StandardLauncher.java:115) ~[?:?]
	at org.prismlauncher.EntryPoint.listen(EntryPoint.java:129) ~[?:?]
	at org.prismlauncher.EntryPoint.main(EntryPoint.java:70) ~[?:?]
[04May2026 01:21:27.749] [Render thread/INFO] [mezz.jei.library.load.PluginCallerTimerRunnable/]: Registering recipes: jei:minecraft took 2.914 seconds
[04May2026 01:21:27.770] [Render thread/INFO] [mezz.jei.library.load.PluginCallerTimerRunnable/]: Registering recipes: apotheosis:spawner took 11.89 milliseconds
[04May2026 01:21:27.879] [Render thread/INFO] [fastsuite/]: Constructed recipe list for minecraft:crafting in 6.031 ms. 15842/16406 recipes are parallelized.
[04May2026 01:21:28.096] [Render thread/INFO] [mezz.jei.library.load.PluginCallerTimerRunnable/]: Registering recipes: industrialforegoing:default took 318.9 milliseconds
[04May2026 01:21:28.108] [Render thread/INFO] [mezz.jei.library.load.PluginCallerTimerRunnable/]: Registering recipes: botania:main took 11.40 milliseconds
[04May2026 01:21:28.304] [Render thread/INFO] [mezz.jei.library.load.PluginCallerTimerRunnable/]: Registering recipes: minecraft:domum_ornamentum took 197.3 milliseconds
[04May2026 01:21:28.531] [Render thread/INFO] [mezz.jei.library.load.PluginCallerTimerRunnable/]: Registering recipes: chipped:chipped took 213.2 milliseconds
[04May2026 01:21:28.546] [Render thread/INFO] [mezz.jei.library.load.PluginCallerTimerRunnable/]: Registering recipes: valhelsia_structures:main took 14.71 milliseconds
[04May2026 01:21:30.113] [Render thread/INFO] [mezz.jei.library.load.PluginCallerTimerRunnable/]: Registering recipes: irons_spellbooks:jei_plugin took 1.566 seconds
[04May2026 01:21:30.293] [Render thread/ERROR] [mezz.jei.library.util.IngredientSupplierHelper/]: Found a broken recipe, failed to setRecipe with RecipeLayoutBuilder: jeresources.jei.villager.VillagerWrapper@39d4d617

java.util.NoSuchElementException: No value present
	at java.util.Optional.get(Optional.java:143) ~[?:?]
	at jeresources.util.VillagersHelper.getPoiBlocks(VillagersHelper.java:56) ~[JustEnoughResources-1.20.1-1.4.0.247.jar%23823!/:1.4.0.247]
	at jeresources.entry.VillagerEntry.hasPois(VillagerEntry.java:59) ~[JustEnoughResources-1.20.1-1.4.0.247.jar%23823!/:1.4.0.247]
	at jeresources.jei.villager.VillagerWrapper.hasPois(VillagerWrapper.java:47) ~[JustEnoughResources-1.20.1-1.4.0.247.jar%23823!/:1.4.0.247]
	at jeresources.jei.villager.VillagerCategory.setRecipe(VillagerCategory.java:47) ~[JustEnoughResources-1.20.1-1.4.0.247.jar%23823!/:1.4.0.247]
	at jeresources.jei.villager.VillagerCategory.setRecipe(VillagerCategory.java:20) ~[JustEnoughResources-1.20.1-1.4.0.247.jar%23823!/:1.4.0.247]
	at mezz.jei.library.util.IngredientSupplierHelper.getIngredientSupplier(IngredientSupplierHelper.java:22) ~[jei-1.20.1-forge-15.20.0.129.jar%23816!/:15.20.0.129]
	at mezz.jei.library.recipes.RecipeManagerInternal.addRecipe(RecipeManagerInternal.java:148) ~[jei-1.20.1-forge-15.20.0.129.jar%23816!/:15.20.0.129]
	at mezz.jei.library.recipes.RecipeManagerInternal.addRecipes(RecipeManagerInternal.java:121) ~[jei-1.20.1-forge-15.20.0.129.jar%23816!/:15.20.0.129]
	at mezz.jei.library.load.registration.RecipeRegistration.addRecipes(RecipeRegistration.java:52) ~[jei-1.20.1-forge-15.20.0.129.jar%23816!/:15.20.0.129]
	at jeresources.jei.JEIConfig.registerRecipes(JEIConfig.java:77) ~[JustEnoughResources-1.20.1-1.4.0.247.jar%23823!/:1.4.0.247]
	at mezz.jei.library.load.PluginLoader.lambda$createRecipeManager$13(PluginLoader.java:182) ~[jei-1.20.1-forge-15.20.0.129.jar%23816!/:15.20.0.129]
	at mezz.jei.library.load.PluginCaller.callOnPlugins(PluginCaller.java:25) ~[jei-1.20.1-forge-15.20.0.129.jar%23816!/:15.20.0.129]
	at mezz.jei.library.load.PluginLoader.createRecipeManager(PluginLoader.java:182) ~[jei-1.20.1-forge-15.20.0.129.jar%23816!/:15.20.0.129]
	at mezz.jei.library.startup.JeiStarter.start(JeiStarter.java:115) ~[jei-1.20.1-forge-15.20.0.129.jar%23816!/:15.20.0.129]
	at mezz.jei.forge.startup.StartEventObserver.transitionState(StartEventObserver.java:130) ~[jei-1.20.1-forge-15.20.0.129.jar%23816!/:15.20.0.129]
	at mezz.jei.forge.startup.StartEventObserver.onEvent(StartEventObserver.java:98) ~[jei-1.20.1-forge-15.20.0.129.jar%23816!/:15.20.0.129]
	at net.minecraftforge.eventbus.EventBus.doCastFilter(EventBus.java:260) ~[eventbus-6.0.5.jar%23137!/:?]
	at net.minecraftforge.eventbus.EventBus.lambda$addListener$11(EventBus.java:252) ~[eventbus-6.0.5.jar%23137!/:?]
	at net.minecraftforge.eventbus.EventBus.post(EventBus.java:315) ~[eventbus-6.0.5.jar%23137!/:?]
	at net.minecraftforge.eventbus.EventBus.post(EventBus.java:296) ~[eventbus-6.0.5.jar%23137!/:?]
	at net.minecraft.client.multiplayer.ClientPacketListener.m_5859_(ClientPacketListener.java:1451) ~[client-1.20.1-20230612.114412-srg.jar%231048!/:?]
	at net.minecraft.network.protocol.game.ClientboundUpdateTagsPacket.m_5797_(ClientboundUpdateTagsPacket.java:35) ~[client-1.20.1-20230612.114412-srg.jar%231048!/:?]
	at net.minecraft.network.protocol.game.ClientboundUpdateTagsPacket.m_5797_(ClientboundUpdateTagsPacket.java:11) ~[client-1.20.1-20230612.114412-srg.jar%231048!/:?]
	at net.minecraft.network.protocol.PacketUtils.m_263899_(PacketUtils.java:22) ~[client-1.20.1-20230612.114412-srg.jar%231048!/:?]
	at net.minecraft.util.thread.BlockableEventLoop.m_6367_(BlockableEventLoop.java:156) ~[client-1.20.1-20230612.114412-srg.jar%231048!/:?]
	at net.minecraft.util.thread.ReentrantBlockableEventLoop.m_6367_(ReentrantBlockableEventLoop.java:23) ~[client-1.20.1-20230612.114412-srg.jar%231048!/:?]
	at net.minecraft.util.thread.BlockableEventLoop.m_7245_(BlockableEventLoop.java:130) ~[client-1.20.1-20230612.114412-srg.jar%231048!/:?]
	at net.minecraft.util.thread.BlockableEventLoop.m_18699_(BlockableEventLoop.java:115) ~[client-1.20.1-20230612.114412-srg.jar%231048!/:?]
	at net.minecraft.client.Minecraft.m_91383_(Minecraft.java:1106) ~[client-1.20.1-20230612.114412-srg.jar%231048!/:?]
	at net.minecraft.client.Minecraft.m_91374_(Minecraft.java:718) ~[client-1.20.1-20230612.114412-srg.jar%231048!/:?]
	at net.minecraft.client.main.Main.main(Main.java:218) ~[minecraft-1.20.1-client.jar:?]
	at jdk.internal.reflect.NativeMethodAccessorImpl.invoke0(Native Method) ~[?:?]
	at jdk.internal.reflect.NativeMethodAccessorImpl.invoke(NativeMethodAccessorImpl.java:77) ~[?:?]
	at jdk.internal.reflect.DelegatingMethodAccessorImpl.invoke(DelegatingMethodAccessorImpl.java:43) ~[?:?]
	at java.lang.reflect.Method.invoke(Method.java:568) ~[?:?]
	at net.minecraftforge.fml.loading.targets.CommonLaunchHandler.runTarget(CommonLaunchHandler.java:111) ~[fmlloader-1.20.1-47.4.6.jar:?]
	at net.minecraftforge.fml.loading.targets.CommonLaunchHandler.clientService(CommonLaunchHandler.java:99) ~[fmlloader-1.20.1-47.4.6.jar:?]
	at net.minecraftforge.fml.loading.targets.CommonClientLaunchHandler.lambda$makeService$0(CommonClientLaunchHandler.java:25) ~[fmlloader-1.20.1-47.4.6.jar:?]
	at cpw.mods.modlauncher.LaunchServiceHandlerDecorator.launch(LaunchServiceHandlerDecorator.java:30) ~[modlauncher-10.0.9.jar:?]
	at cpw.mods.modlauncher.LaunchServiceHandler.launch(LaunchServiceHandler.java:53) ~[modlauncher-10.0.9.jar:?]
	at cpw.mods.modlauncher.LaunchServiceHandler.launch(LaunchServiceHandler.java:71) ~[modlauncher-10.0.9.jar:?]
	at cpw.mods.modlauncher.Launcher.run(Launcher.java:108) ~[modlauncher-10.0.9.jar:?]
	at cpw.mods.modlauncher.Launcher.main(Launcher.java:78) ~[modlauncher-10.0.9.jar:?]
	at cpw.mods.modlauncher.BootstrapLaunchConsumer.accept(BootstrapLaunchConsumer.java:26) ~[modlauncher-10.0.9.jar:?]
	at cpw.mods.modlauncher.BootstrapLaunchConsumer.accept(BootstrapLaunchConsumer.java:23) ~[modlauncher-10.0.9.jar:?]
	at cpw.mods.bootstraplauncher.BootstrapLauncher.main(BootstrapLauncher.java:141) ~[bootstraplauncher-1.1.2.jar:?]
	at jdk.internal.reflect.NativeMethodAccessorImpl.invoke0(Native Method) ~[?:?]
	at jdk.internal.reflect.NativeMethodAccessorImpl.invoke(NativeMethodAccessorImpl.java:77) ~[?:?]
	at jdk.internal.reflect.DelegatingMethodAccessorImpl.invoke(DelegatingMethodAccessorImpl.java:43) ~[?:?]
	at java.lang.reflect.Method.invoke(Method.java:568) ~[?:?]
	at io.github.zekerzhayard.forgewrapper.installer.Main.main(Main.java:67) ~[?:?]
	at org.prismlauncher.launcher.impl.StandardLauncher.launch(StandardLauncher.java:115) ~[?:?]
	at org.prismlauncher.EntryPoint.listen(EntryPoint.java:129) ~[?:?]
	at org.prismlauncher.EntryPoint.main(EntryPoint.java:70) ~[?:?]
[04May2026 01:21:30.294] [Render thread/ERROR] [mezz.jei.library.util.IngredientSupplierHelper/]: Found a broken recipe, failed to setRecipe with RecipeLayoutBuilder: jeresources.jei.villager.VillagerWrapper@34b1a0a2

java.util.NoSuchElementException: No value present
	at java.util.Optional.get(Optional.java:143) ~[?:?]
	at jeresources.util.VillagersHelper.getPoiBlocks(VillagersHelper.java:56) ~[JustEnoughResources-1.20.1-1.4.0.247.jar%23823!/:1.4.0.247]
	at jeresources.entry.VillagerEntry.hasPois(VillagerEntry.java:59) ~[JustEnoughResources-1.20.1-1.4.0.247.jar%23823!/:1.4.0.247]
	at jeresources.jei.villager.VillagerWrapper.hasPois(VillagerWrapper.java:47) ~[JustEnoughResources-1.20.1-1.4.0.247.jar%23823!/:1.4.0.247]
	at jeresources.jei.villager.VillagerCategory.setRecipe(VillagerCategory.java:47) ~[JustEnoughResources-1.20.1-1.4.0.247.jar%23823!/:1.4.0.247]
	at jeresources.jei.villager.VillagerCategory.setRecipe(VillagerCategory.java:20) ~[JustEnoughResources-1.20.1-1.4.0.247.jar%23823!/:1.4.0.247]
	at mezz.jei.library.util.IngredientSupplierHelper.getIngredientSupplier(IngredientSupplierHelper.java:22) ~[jei-1.20.1-forge-15.20.0.129.jar%23816!/:15.20.0.129]
	at mezz.jei.library.recipes.RecipeManagerInternal.addRecipe(RecipeManagerInternal.java:148) ~[jei-1.20.1-forge-15.20.0.129.jar%23816!/:15.20.0.129]
	at mezz.jei.library.recipes.RecipeManagerInternal.addRecipes(RecipeManagerInternal.java:121) ~[jei-1.20.1-forge-15.20.0.129.jar%23816!/:15.20.0.129]
	at mezz.jei.library.load.registration.RecipeRegistration.addRecipes(RecipeRegistration.java:52) ~[jei-1.20.1-forge-15.20.0.129.jar%23816!/:15.20.0.129]
	at jeresources.jei.JEIConfig.registerRecipes(JEIConfig.java:77) ~[JustEnoughResources-1.20.1-1.4.0.247.jar%23823!/:1.4.0.247]
	at mezz.jei.library.load.PluginLoader.lambda$createRecipeManager$13(PluginLoader.java:182) ~[jei-1.20.1-forge-15.20.0.129.jar%23816!/:15.20.0.129]
	at mezz.jei.library.load.PluginCaller.callOnPlugins(PluginCaller.java:25) ~[jei-1.20.1-forge-15.20.0.129.jar%23816!/:15.20.0.129]
	at mezz.jei.library.load.PluginLoader.createRecipeManager(PluginLoader.java:182) ~[jei-1.20.1-forge-15.20.0.129.jar%23816!/:15.20.0.129]
	at mezz.jei.library.startup.JeiStarter.start(JeiStarter.java:115) ~[jei-1.20.1-forge-15.20.0.129.jar%23816!/:15.20.0.129]
	at mezz.jei.forge.startup.StartEventObserver.transitionState(StartEventObserver.java:130) ~[jei-1.20.1-forge-15.20.0.129.jar%23816!/:15.20.0.129]
	at mezz.jei.forge.startup.StartEventObserver.onEvent(StartEventObserver.java:98) ~[jei-1.20.1-forge-15.20.0.129.jar%23816!/:15.20.0.129]
	at net.minecraftforge.eventbus.EventBus.doCastFilter(EventBus.java:260) ~[eventbus-6.0.5.jar%23137!/:?]
	at net.minecraftforge.eventbus.EventBus.lambda$addListener$11(EventBus.java:252) ~[eventbus-6.0.5.jar%23137!/:?]
	at net.minecraftforge.eventbus.EventBus.post(EventBus.java:315) ~[eventbus-6.0.5.jar%23137!/:?]
	at net.minecraftforge.eventbus.EventBus.post(EventBus.java:296) ~[eventbus-6.0.5.jar%23137!/:?]
	at net.minecraft.client.multiplayer.ClientPacketListener.m_5859_(ClientPacketListener.java:1451) ~[client-1.20.1-20230612.114412-srg.jar%231048!/:?]
	at net.minecraft.network.protocol.game.ClientboundUpdateTagsPacket.m_5797_(ClientboundUpdateTagsPacket.java:35) ~[client-1.20.1-20230612.114412-srg.jar%231048!/:?]
	at net.minecraft.network.protocol.game.ClientboundUpdateTagsPacket.m_5797_(ClientboundUpdateTagsPacket.java:11) ~[client-1.20.1-20230612.114412-srg.jar%231048!/:?]
	at net.minecraft.network.protocol.PacketUtils.m_263899_(PacketUtils.java:22) ~[client-1.20.1-20230612.114412-srg.jar%231048!/:?]
	at net.minecraft.util.thread.BlockableEventLoop.m_6367_(BlockableEventLoop.java:156) ~[client-1.20.1-20230612.114412-srg.jar%231048!/:?]
	at net.minecraft.util.thread.ReentrantBlockableEventLoop.m_6367_(ReentrantBlockableEventLoop.java:23) ~[client-1.20.1-20230612.114412-srg.jar%231048!/:?]
	at net.minecraft.util.thread.BlockableEventLoop.m_7245_(BlockableEventLoop.java:130) ~[client-1.20.1-20230612.114412-srg.jar%231048!/:?]
	at net.minecraft.util.thread.BlockableEventLoop.m_18699_(BlockableEventLoop.java:115) ~[client-1.20.1-20230612.114412-srg.jar%231048!/:?]
	at net.minecraft.client.Minecraft.m_91383_(Minecraft.java:1106) ~[client-1.20.1-20230612.114412-srg.jar%231048!/:?]
	at net.minecraft.client.Minecraft.m_91374_(Minecraft.java:718) ~[client-1.20.1-20230612.114412-srg.jar%231048!/:?]
	at net.minecraft.client.main.Main.main(Main.java:218) ~[minecraft-1.20.1-client.jar:?]
	at jdk.internal.reflect.NativeMethodAccessorImpl.invoke0(Native Method) ~[?:?]
	at jdk.internal.reflect.NativeMethodAccessorImpl.invoke(NativeMethodAccessorImpl.java:77) ~[?:?]
	at jdk.internal.reflect.DelegatingMethodAccessorImpl.invoke(DelegatingMethodAccessorImpl.java:43) ~[?:?]
	at java.lang.reflect.Method.invoke(Method.java:568) ~[?:?]
	at net.minecraftforge.fml.loading.targets.CommonLaunchHandler.runTarget(CommonLaunchHandler.java:111) ~[fmlloader-1.20.1-47.4.6.jar:?]
	at net.minecraftforge.fml.loading.targets.CommonLaunchHandler.clientService(CommonLaunchHandler.java:99) ~[fmlloader-1.20.1-47.4.6.jar:?]
	at net.minecraftforge.fml.loading.targets.CommonClientLaunchHandler.lambda$makeService$0(CommonClientLaunchHandler.java:25) ~[fmlloader-1.20.1-47.4.6.jar:?]
	at cpw.mods.modlauncher.LaunchServiceHandlerDecorator.launch(LaunchServiceHandlerDecorator.java:30) ~[modlauncher-10.0.9.jar:?]
	at cpw.mods.modlauncher.LaunchServiceHandler.launch(LaunchServiceHandler.java:53) ~[modlauncher-10.0.9.jar:?]
	at cpw.mods.modlauncher.LaunchServiceHandler.launch(LaunchServiceHandler.java:71) ~[modlauncher-10.0.9.jar:?]
	at cpw.mods.modlauncher.Launcher.run(Launcher.java:108) ~[modlauncher-10.0.9.jar:?]
	at cpw.mods.modlauncher.Launcher.main(Launcher.java:78) ~[modlauncher-10.0.9.jar:?]
	at cpw.mods.modlauncher.BootstrapLaunchConsumer.accept(BootstrapLaunchConsumer.java:26) ~[modlauncher-10.0.9.jar:?]
	at cpw.mods.modlauncher.BootstrapLaunchConsumer.accept(BootstrapLaunchConsumer.java:23) ~[modlauncher-10.0.9.jar:?]
	at cpw.mods.bootstraplauncher.BootstrapLauncher.main(BootstrapLauncher.java:141) ~[bootstraplauncher-1.1.2.jar:?]
	at jdk.internal.reflect.NativeMethodAccessorImpl.invoke0(Native Method) ~[?:?]
	at jdk.internal.reflect.NativeMethodAccessorImpl.invoke(NativeMethodAccessorImpl.java:77) ~[?:?]
	at jdk.internal.reflect.DelegatingMethodAccessorImpl.invoke(DelegatingMethodAccessorImpl.java:43) ~[?:?]
	at java.lang.reflect.Method.invoke(Method.java:568) ~[?:?]
	at io.github.zekerzhayard.forgewrapper.installer.Main.main(Main.java:67) ~[?:?]
	at org.prismlauncher.launcher.impl.StandardLauncher.launch(StandardLauncher.java:115) ~[?:?]
	at org.prismlauncher.EntryPoint.listen(EntryPoint.java:129) ~[?:?]
	at org.prismlauncher.EntryPoint.main(EntryPoint.java:70) ~[?:?]
[04May2026 01:21:30.295] [Render thread/INFO] [mezz.jei.library.load.PluginCallerTimerRunnable/]: Registering recipes: minecraft:jeresources took 182.9 milliseconds
[04May2026 01:21:30.357] [Render thread/INFO] [mezz.jei.library.load.PluginCallerTimerRunnable/]: Registering recipes: ironfurnaces:plugin_ironfurnaces took 60.99 milliseconds
[04May2026 01:21:30.359] [Render thread/INFO] [jea/]: Collected 1568 advancement criterion recipes.
[04May2026 01:21:30.453] [Render thread/INFO] [mezz.jei.library.load.PluginCallerTimerRunnable/]: Registering recipes: mekanism:jei_plugin took 92.44 milliseconds
[04May2026 01:21:30.468] [Render thread/INFO] [mezz.jei.library.ingredients.IngredientManager/]: Ingredients are being removed at runtime: 13 net.minecraft.world.item.ItemStack
[04May2026 01:21:30.487] [Render thread/INFO] [mezz.jei.library.load.PluginCallerTimerRunnable/]: Registering recipes: ars_nouveau:main took 14.31 milliseconds
[04May2026 01:21:31.045] [Render thread/INFO] [mezz.jei.library.load.PluginCallerTimerRunnable/]: Registering recipes: twilightforest:jei_plugin took 550.2 milliseconds
[04May2026 01:21:31.076] [Render thread/INFO] [mezz.jei.library.load.PluginCallerTimerRunnable/]: Registering recipes: farmersdelight:jei_plugin took 30.78 milliseconds
[04May2026 01:21:31.109] [Render thread/INFO] [mezz.jei.library.load.PluginCallerTimerRunnable/]: Registering recipes: thermal:expansion took 33.07 milliseconds
[04May2026 01:21:31.257] [Render thread/INFO] [mezz.jei.library.load.PluginCallerTimerRunnable/]: Registering recipes: sophisticatedstorage:default took 148.1 milliseconds
[04May2026 01:21:32.898] [Render thread/INFO] [mezz.jei.library.load.PluginCallerTimerRunnable/]: Registering recipes: create:jei_plugin took 1.640 seconds
[04May2026 01:21:33.004] [Render thread/INFO] [mezz.jei.library.load.PluginCallerTimerRunnable/]: Registering recipes: forbidden_arcanus:main took 106.2 milliseconds
[04May2026 01:21:33.012] [Render thread/INFO] [mezz.jei.library.ingredients.IngredientManager/]: Ingredients are being removed at runtime: 86 net.minecraft.world.item.ItemStack
[04May2026 01:21:33.012] [Render thread/INFO] [mezz.jei.library.ingredients.IngredientManager/]: Ingredients are being removed at runtime: 9 net.minecraftforge.fluids.FluidStack
[04May2026 01:21:33.033] [Render thread/INFO] [mezz.jei.library.ingredients.IngredientManager/]: Ingredients are being removed at runtime: 1 net.minecraft.world.item.ItemStack
[04May2026 01:21:33.033] [Render thread/INFO] [mezz.jei.library.load.PluginCallerTimerRunnable/]: Registering recipes: estrogen:jei_plugin took 17.53 milliseconds
[04May2026 01:21:33.046] [Render thread/INFO] [mezz.jei.library.load.PluginCallerTimerRunnable/]: Registering recipes: createestrogen:jei_plugin took 12.79 milliseconds
[04May2026 01:21:33.046] [Render thread/INFO] [mezz.jei.library.load.PluginCaller/]: Registering recipes took 8.211 s
[04May2026 01:21:33.056] [Render thread/INFO] [mezz.jei.library.load.PluginCaller/]: Registering recipes transfer handlers...
[04May2026 01:21:33.057] [Render thread/INFO] [mezz.jei.library.load.PluginCaller/]: Registering recipes transfer handlers took 660.2 ?s
[04May2026 01:21:33.057] [Render thread/INFO] [mezz.jei.core.util.LoggedTimer/]: Building runtime...
[04May2026 01:21:33.057] [Render thread/INFO] [mezz.jei.library.load.PluginCaller/]: Registering gui handlers...
[04May2026 01:21:33.057] [Render thread/INFO] [mezz.jei.library.load.PluginCaller/]: Registering gui handlers took 532.9 ?s
[04May2026 01:21:33.057] [Render thread/INFO] [mezz.jei.library.load.PluginCaller/]: Registering Runtime...
[04May2026 01:21:33.057] [Render thread/INFO] [mezz.jei.gui.startup.JeiGuiStarter/]: Starting JEI GUI
[04May2026 01:21:33.057] [Render thread/INFO] [mezz.jei.core.util.LoggedTimer/]: Building ingredient list...
[04May2026 01:21:33.176] [Render thread/INFO] [mezz.jei.core.util.LoggedTimer/]: Building ingredient list took 118.9 ms
[04May2026 01:21:33.176] [Render thread/INFO] [mezz.jei.core.util.LoggedTimer/]: Building ingredient filter...
[04May2026 01:21:33.199] [Render thread/INFO] [mezz.jei.gui.ingredients.IngredientFilter/]: Adding 35355 ingredients
[04May2026 01:21:38.003] [Render thread/INFO] [mezz.jei.gui.ingredients.IngredientFilter/]: Added 35355 ingredients
[04May2026 01:21:38.004] [Render thread/INFO] [mezz.jei.core.util.LoggedTimer/]: Building ingredient filter took 4.828 s
[04May2026 01:21:38.010] [Render thread/INFO] [mezz.jei.library.load.PluginCallerTimerRunnable/]: Registering Runtime: jei:forge_gui took 4.953 seconds
[04May2026 01:21:38.010] [Render thread/INFO] [mezz.jei.library.load.PluginCaller/]: Registering Runtime took 4.953 s
[04May2026 01:21:38.010] [Render thread/INFO] [mezz.jei.core.util.LoggedTimer/]: Building runtime took 4.954 s
[04May2026 01:21:38.010] [Render thread/INFO] [mezz.jei.library.load.PluginCaller/]: Sending Runtime...
[04May2026 01:21:38.010] [Render thread/INFO] [mezz.jei.library.ingredients.IngredientManager/]: Ingredients are being removed at runtime: 5 net.minecraft.world.item.ItemStack
[04May2026 01:21:38.096] [Render thread/INFO] [mezz.jei.library.ingredients.IngredientManager/]: Ingredients are being removed at runtime: 41 net.minecraft.world.item.ItemStack
[04May2026 01:21:38.097] [Render thread/INFO] [mezz.jei.library.load.PluginCallerTimerRunnable/]: Sending Runtime: kubejs:jei took 85.47 milliseconds
[04May2026 01:21:38.100] [Render thread/INFO] [mezz.jei.library.load.PluginCaller/]: Sending Runtime took 89.64 ms
[04May2026 01:21:38.100] [Render thread/INFO] [mezz.jei.core.util.LoggedTimer/]: Starting JEI took 13.90 s
[04May2026 01:21:38.100] [Render thread/INFO] [com.alessandro.astages.AStages/]: Started CACHE building!
[04May2026 01:21:38.285] [Render thread/INFO] [com.alessandro.astages.AStages/]: Ended CACHE building! In 1.861 s!
[04May2026 01:21:38.285] [Render thread/INFO] [mezz.jei.library.ingredients.IngredientManager/]: Ingredients are being removed at runtime: 295 net.minecraft.world.item.ItemStack
[04May2026 01:21:38.287] [Render thread/INFO] [mezz.jei.library.ingredients.IngredientManager/]: Ingredients are being removed at runtime: 267 net.minecraft.world.item.ItemStack
[04May2026 01:21:38.288] [Render thread/INFO] [mezz.jei.library.ingredients.IngredientManager/]: Ingredients are being removed at runtime: 1138 net.minecraft.world.item.ItemStack
[04May2026 01:21:38.292] [Render thread/INFO] [mezz.jei.library.ingredients.IngredientManager/]: Ingredients are being removed at runtime: 10 net.minecraftforge.fluids.FluidStack
[04May2026 01:21:38.292] [Render thread/INFO] [mezz.jei.library.ingredients.IngredientManager/]: Ingredients are being removed at runtime: 34 net.minecraft.world.effect.MobEffectInstance
[04May2026 01:21:38.292] [Render thread/INFO] [mezz.jei.library.ingredients.IngredientManager/]: Ingredients are being removed at runtime: 18 de.melanx.jea.api.client.IAdvancementInfo
[04May2026 01:21:38.292] [Render thread/INFO] [mezz.jei.library.ingredients.IngredientManager/]: Ingredients are being removed at runtime: 1 net.minecraftforge.fluids.FluidStack
[04May2026 01:21:38.292] [Render thread/INFO] [mezz.jei.library.ingredients.IngredientManager/]: Ingredients are being removed at runtime: 8 mekanism.api.chemical.infuse.InfusionStack
[04May2026 01:21:38.293] [Render thread/INFO] [mezz.jei.library.ingredients.IngredientManager/]: Ingredients are being removed at runtime: 18 mekanism.api.chemical.pigment.PigmentStack
[04May2026 01:21:38.293] [Render thread/INFO] [mezz.jei.library.ingredients.IngredientManager/]: Ingredients are being removed at runtime: 27 mekanism.api.chemical.gas.GasStack
[04May2026 01:21:38.293] [Render thread/INFO] [mezz.jei.library.ingredients.IngredientManager/]: Ingredients are being removed at runtime: 132 de.melanx.jea.api.client.IAdvancementInfo
[04May2026 01:21:38.293] [Render thread/INFO] [mezz.jei.library.ingredients.IngredientManager/]: Ingredients are being removed at runtime: 14 mekanism.api.chemical.slurry.SlurryStack
[04May2026 01:21:38.293] [Render thread/INFO] [mezz.jei.library.ingredients.IngredientManager/]: Ingredients are being removed at runtime: 22 net.minecraftforge.fluids.FluidStack
[04May2026 01:21:38.293] [Render thread/INFO] [com.alessandro.astages.AStages/]: AStages client recipe update started!
[04May2026 01:21:38.293] [Render thread/INFO] [com.alessandro.astages.AStages/]: AStages recipe update completed in 0 ms!
[04May2026 01:21:38.529] [Render thread/INFO] [Cucumber Library/]: Loaded cucumber-tags.json in 0 ms
[04May2026 01:21:38.557] [Render thread/INFO] [kittyconfig/]: Received configs from server: [createestrogen/common, estrogen/common]
[04May2026 01:21:38.557] [Render thread/INFO] [mezz.jei.library.ingredients.IngredientManager/]: Ingredients are being removed at runtime: 1418 de.melanx.jea.api.client.IAdvancementInfo
[04May2026 01:21:38.559] [Render thread/INFO] [mezz.jei.library.ingredients.IngredientManager/]: Ingredients are being added at runtime: 1568 de.melanx.jea.api.client.IAdvancementInfo
[04May2026 01:21:38.605] [Render thread/ERROR] [ModularItem API/]: Module modules/blade/blade_katana.json contains invalid property healthPercent-old
[04May2026 01:21:38.606] [Render thread/ERROR] [ModularItem API/]: This indicates either a broken Module, Outdated API version or missing dependency!
[04May2026 01:21:38.606] [Render thread/ERROR] [ModularItem API/]: Module modules/blade/blade_katana.json contains invalid property armor_pen-old
[04May2026 01:21:38.606] [Render thread/ERROR] [ModularItem API/]: This indicates either a broken Module, Outdated API version or missing dependency!
[04May2026 01:21:38.706] [Render thread/INFO] [ModularItem API/]: Loaded 1 Injectors/Property Substitutors
[04May2026 01:21:38.706] [Render thread/INFO] [ModularItem API/]: Loaded 92 Modules
[04May2026 01:21:38.706] [Render thread/INFO] [ModularItem API/]: Loaded 416 Skins
[04May2026 01:21:38.706] [Render thread/INFO] [ModularItem API/]: Loaded 72 Synergies
[04May2026 01:21:38.706] [Render thread/INFO] [ModularItem API/]: Found 168 Enchantments
[04May2026 01:21:38.706] [Render thread/INFO] [ModularItem API/]: Loaded 33 Modular Converters
[04May2026 01:21:38.706] [Render thread/INFO] [ModularItem API/]: Loaded 239 Materials
[04May2026 01:21:38.706] [Render thread/INFO] [ModularItem API/]: Client load took 1.37074773057E7 ms
[04May2026 01:21:38.706] [Render thread/INFO] [net.minecraft.client.gui.components.ChatComponent/]: [CHAT] KubeJS errors found [22]! Run '/kubejs errors server' for more info
[04May2026 01:21:38.707] [Render thread/INFO] [net.minecraft.client.gui.components.ChatComponent/]: [CHAT] [Load My F***ing Tags]: It seems that some tags are a bit cooked. Look at the Logs for more details on broken functions. Click me for more info about this feature.
[04May2026 01:21:38.711] [Render thread/WARN] [net.minecraft.client.renderer.EffectInstance/]: Shader estrogen:aberration could not find uniform named InSize in the specified shader program.
[04May2026 01:21:38.714] [Render thread/WARN] [net.minecraft.client.renderer.EffectInstance/]: Shader estrogen:cel could not find sampler named DiffuseDepthSampler in the specified shader program.
[04May2026 01:21:38.714] [Render thread/WARN] [net.minecraft.client.renderer.EffectInstance/]: Shader estrogen:cel could not find uniform named EstrogenFarPlane in the specified shader program.
[04May2026 01:21:38.717] [Render thread/INFO] [ChunkBuilder/]: Stopping worker threads
[04May2026 01:21:38.717] [Render thread/INFO] [ChunkBuilder/]: Started 2 worker threads
[04May2026 01:21:38.718] [Render thread/INFO] [com.alessandro.astages.AStages/]: Started CACHE building!
[04May2026 01:21:38.899] [Render thread/INFO] [com.alessandro.astages.AStages/]: Ended CACHE building! In 2.042 s!
[04May2026 01:21:38.899] [Render thread/INFO] [mezz.jei.library.ingredients.IngredientManager/]: Ingredients are being removed at runtime: 8 net.minecraft.world.item.ItemStack
[04May2026 01:21:38.899] [Render thread/INFO] [mezz.jei.library.ingredients.IngredientManager/]: Ingredients are being removed at runtime: 18 de.melanx.jea.api.client.IAdvancementInfo
[04May2026 01:21:38.899] [Render thread/INFO] [mezz.jei.library.ingredients.IngredientManager/]: Ingredients are being removed at runtime: 132 de.melanx.jea.api.client.IAdvancementInfo
[04May2026 01:21:38.900] [Render thread/INFO] [com.alessandro.astages.AStages/]: AStages client recipe update started!
[04May2026 01:21:38.900] [Render thread/INFO] [com.alessandro.astages.AStages/]: AStages recipe update completed in 0 ms!
[04May2026 01:21:38.900] [Render thread/INFO] [se.mickelus.mutil.data.DataStore/]: Loaded   2 tiers
[04May2026 01:21:38.900] [Render thread/INFO] [se.mickelus.mutil.data.DataStore/]: Loaded   9 tweaks
[04May2026 01:21:38.901] [Render thread/INFO] [se.mickelus.mutil.data.MergingDataStore/]: Loaded 369 materials
[04May2026 01:21:38.905] [Render thread/INFO] [se.mickelus.mutil.data.DataStore/]: Loaded 283 improvements
[04May2026 01:21:38.911] [Render thread/INFO] [se.mickelus.mutil.data.MergingDataStore/]: Loaded 213 modules
[04May2026 01:21:38.993] [Render thread/INFO] [se.mickelus.tetra.client.model.ModularModelLoader/]: Clearing model cache for 10 items, let's get bakin'
[04May2026 01:21:38.993] [Render thread/INFO] [se.mickelus.mutil.data.DataStore/]: Loaded   0 enchantments
[04May2026 01:21:38.993] [Render thread/INFO] [se.mickelus.mutil.data.DataStore/]: Loaded  28 synergies
[04May2026 01:21:38.994] [Render thread/INFO] [se.mickelus.mutil.data.DataStore/]: Loaded 326 replacements
[04May2026 01:21:39.000] [Render thread/INFO] [se.mickelus.mutil.data.MergingDataStore/]: Loaded 678 schematics
[04May2026 01:21:39.088] [Render thread/INFO] [se.mickelus.mutil.data.MergingDataStore/]: Loaded  55 crafting_effects
[04May2026 01:21:39.089] [Render thread/INFO] [se.mickelus.mutil.data.DataStore/]: Loaded 131 repairs
[04May2026 01:21:39.093] [Render thread/INFO] [se.mickelus.mutil.data.DataStore/]: Loaded   2 actions
[04May2026 01:21:39.093] [Render thread/INFO] [se.mickelus.mutil.data.DataStore/]: Loaded   0 unlocks
[04May2026 01:21:39.093] [Render thread/INFO] [se.mickelus.mutil.data.DataStore/]: Loaded   0 archetypes
[04May2026 01:21:39.093] [Render thread/INFO] [se.mickelus.mutil.data.DataStore/]: Loaded   1 item_effects
[04May2026 01:21:39.093] [Render thread/INFO] [se.mickelus.mutil.data.DataStore/]: Loaded  28 modifier_effects
[04May2026 01:21:39.094] [Render thread/INFO] [YetAnotherConfigLib/]: Serializing class com.seniors.justlevelingfork.handler.HandlerCommonConfig to 'C:\Users\Silvaria Zemaitis\AppData\Roaming\PrismLauncher\instances\IridescentCraft\.minecraft\config\JLFork\justleveling-fork.common.json5'
[04May2026 01:21:39.094] [Render thread/INFO] [YetAnotherConfigLib/]: Serializing class com.seniors.justlevelingfork.handler.HandlerCommonConfig to 'C:\Users\Silvaria Zemaitis\AppData\Roaming\PrismLauncher\instances\IridescentCraft\.minecraft\config\JLFork\justleveling-fork.common.json5'
[04May2026 01:21:39.095] [Render thread/INFO] [net.minecraft.client.gui.components.ChatComponent/]: [CHAT] [SebastrnLib] If you're getting this message, it means you've installed either Refined Cooking or Applied Cooking. If you want to know more about them, you can craft the manual/book called Sebastrn's Mods!, you can find it using JEI or REI!
[04May2026 01:21:39.095] [Render thread/INFO] [Moonlight/]: Synced moonlight-common.toml configs
[04May2026 01:21:39.096] [Render thread/INFO] [Jade/]: Received config from the server: {}
[04May2026 01:21:39.096] [Render thread/INFO] [Moonlight/]: Synced supplementaries-common.toml configs
[04May2026 01:21:39.101] [Render thread/INFO] [net.minecraft.advancements.AdvancementList/]: Loaded 443 advancements
[04May2026 01:21:39.102] [Render thread/INFO] [patchouli/]: BookContentResourceListenerLoader: Files found in 536.6 ?s
[04May2026 01:21:39.103] [Render thread/INFO] [patchouli/]: BookContentResourceListenerLoader: Files found in 474.0 ?s
[04May2026 01:21:39.104] [Render thread/INFO] [patchouli/]: BookContentResourceListenerLoader: Files found in 441.5 ?s
[04May2026 01:21:39.104] [Render thread/WARN] [patchouli/]: Recipe minecraft:bookshelf (of type minecraft:crafting) not found
[04May2026 01:21:39.104] [Render thread/WARN] [patchouli/]: Recipe apotheosis:augmenting_table (of type minecraft:crafting) not found
[04May2026 01:21:39.104] [Render thread/WARN] [patchouli/]: Recipe apotheosis:gem_cutting_table (of type minecraft:crafting) not found
[04May2026 01:21:39.104] [Render thread/WARN] [patchouli/]: Recipe apotheosis:simple_reforging_table (of type minecraft:crafting) not found
[04May2026 01:21:39.104] [Render thread/WARN] [patchouli/]: Recipe apotheosis:reforging_table (of type minecraft:crafting) not found
[04May2026 01:21:39.104] [Render thread/INFO] [patchouli/]: BookContentResourceListenerLoader: Files found in 52.40 ?s
[04May2026 01:21:39.105] [Render thread/INFO] [patchouli/]: BookContentResourceListenerLoader: Files found in 45.70 ?s
[04May2026 01:21:39.105] [Render thread/INFO] [patchouli/]: BookContentResourceListenerLoader: Files found in 38.30 ?s
[04May2026 01:21:39.105] [Render thread/INFO] [patchouli/]: BookContentResourceListenerLoader: Files found in 170.9 ?s
[04May2026 01:21:39.105] [Render thread/INFO] [patchouli/]: BookContentResourceListenerLoader: Files found in 179.5 ?s
[04May2026 01:21:39.107] [Render thread/INFO] [patchouli/]: BookContentResourceListenerLoader: Files found in 141.5 ?s
[04May2026 01:21:39.119] [Render thread/INFO] [patchouli/]: BookContentResourceListenerLoader: Files found in 49.70 ?s
[04May2026 01:21:39.120] [Render thread/INFO] [patchouli/]: BookContentResourceListenerLoader: Files found in 46.20 ?s
[04May2026 01:21:39.120] [Render thread/INFO] [patchouli/]: BookContentResourceListenerLoader: Files found in 36.60 ?s
[04May2026 01:21:39.121] [Render thread/WARN] [patchouli/]: Recipe theabyss:arcane_workbench_rcp (of type minecraft:crafting) not found
[04May2026 01:21:39.122] [Render thread/INFO] [patchouli/]: BookContentResourceListenerLoader: Files found in 706.9 ?s
[04May2026 01:21:39.122] [Render thread/WARN] [patchouli/]: Invalid icon item stack: Unknown item ID: thermal:lumium_rail
[04May2026 01:21:39.123] [Render thread/INFO] [patchouli/]: BookContentResourceListenerLoader: Files found in 649.7 ?s
[04May2026 01:21:39.123] [Render thread/WARN] [patchouli/]: Invalid icon item stack: Unknown item ID: thermal:prismarine_rail
[04May2026 01:21:39.123] [Render thread/WARN] [patchouli/]: Invalid icon item stack: Unknown item ID: thermal:lumium_rail
[04May2026 01:21:39.123] [Render thread/WARN] [patchouli/]: Invalid icon item stack: Unknown item ID: thermal:underwater_minecart
[04May2026 01:21:39.123] [Render thread/WARN] [patchouli/]: Invalid icon item stack: Unknown item ID: thermal:fluid_minecart
[04May2026 01:21:39.123] [Render thread/WARN] [patchouli/]: Invalid icon item stack: Unknown item ID: thermal:crossover_rail
[04May2026 01:21:39.123] [Render thread/WARN] [patchouli/]: Invalid icon item stack: Unknown item ID: thermal:energy_minecart
[04May2026 01:21:39.124] [Render thread/INFO] [patchouli/]: BookContentResourceListenerLoader: Files found in 605.6 ?s
[04May2026 01:21:39.127] [Render thread/WARN] [cofh.thermal.core.compat.patchouli.CraftingProcessor/]: Thermalpedia missing the crafting recipe: thermal:machine_frame
[04May2026 01:21:39.131] [Render thread/WARN] [cofh.thermal.core.compat.patchouli.CraftingProcessor/]: Thermalpedia missing the crafting recipe: thermal:storage/apple_block
[04May2026 01:21:39.131] [Render thread/WARN] [cofh.thermal.core.compat.patchouli.CraftingProcessor/]: Thermalpedia missing the crafting recipe: thermal:storage/carrot_block
[04May2026 01:21:39.131] [Render thread/WARN] [cofh.thermal.core.compat.patchouli.CraftingProcessor/]: Thermalpedia missing the crafting recipe: thermal:storage/potato_block
[04May2026 01:21:39.131] [Render thread/WARN] [cofh.thermal.core.compat.patchouli.CraftingProcessor/]: Thermalpedia missing the crafting recipe: thermal:storage/beetroot_block
[04May2026 01:21:39.138] [Render thread/WARN] [cofh.thermal.core.compat.patchouli.CraftingProcessor/]: Thermalpedia missing the crafting recipe: thermal:storage/charcoal_block
[04May2026 01:21:39.138] [Render thread/WARN] [cofh.thermal.core.compat.patchouli.CraftingProcessor/]: Thermalpedia missing the crafting recipe: thermal:storage/gunpowder_block
[04May2026 01:21:39.139] [Render thread/INFO] [patchouli/]: BookContentResourceListenerLoader: Files found in 36.20 ?s
[04May2026 01:21:39.140] [Render thread/INFO] [patchouli/]: BookContentResourceListenerLoader: Files found in 28.60 ?s
[04May2026 01:21:39.140] [Render thread/INFO] [patchouli/]: BookContentResourceListenerLoader: Files found in 24.50 ?s
[04May2026 01:21:39.140] [Render thread/WARN] [patchouli/]: Recipe irons_spellbooks:arcane_anvil (of type minecraft:crafting) not found
[04May2026 01:21:39.140] [Render thread/WARN] [patchouli/]: Recipe irons_spellbooks:cryomancer_helmet (of type minecraft:crafting) not found
[04May2026 01:21:39.140] [Render thread/WARN] [patchouli/]: Recipe irons_spellbooks:pyromancer_helmet (of type minecraft:crafting) not found
[04May2026 01:21:39.140] [Render thread/INFO] [patchouli/]: BookContentResourceListenerLoader: Files found in 125.5 ?s
[04May2026 01:21:39.140] [Render thread/INFO] [patchouli/]: BookContentResourceListenerLoader: Files found in 122.4 ?s
[04May2026 01:21:39.141] [Render thread/INFO] [patchouli/]: BookContentResourceListenerLoader: Files found in 107.4 ?s
[04May2026 01:21:39.141] [Render thread/WARN] [patchouli/]: Recipe simplyswords:waking_lichblade (of type minecraft:crafting) not found
[04May2026 01:21:39.141] [Render thread/WARN] [patchouli/]: Recipe simplyswords:awakened_lichblade (of type minecraft:crafting) not found
[04May2026 01:21:39.141] [Render thread/WARN] [patchouli/]: Recipe simplyswords:sunfire (of type minecraft:crafting) not found
[04May2026 01:21:39.141] [Render thread/WARN] [patchouli/]: Recipe simplyswords:harbinger (of type minecraft:crafting) not found
[04May2026 01:21:39.141] [Render thread/INFO] [patchouli/]: BookContentResourceListenerLoader: Files found in 332.0 ?s
[04May2026 01:21:39.142] [Render thread/INFO] [patchouli/]: BookContentResourceListenerLoader: Files found in 309.7 ?s
[04May2026 01:21:39.142] [Render thread/WARN] [patchouli/]: Invalid icon item stack: Unknown item ID: minecraft:ultra_sniffer_fur
[04May2026 01:21:39.143] [Render thread/INFO] [patchouli/]: BookContentResourceListenerLoader: Files found in 278.9 ?s
[04May2026 01:21:39.143] [Render thread/WARN] [patchouli/]: Recipe terramity:moondrill_cannon_recipe (of type minecraft:crafting) not found
[04May2026 01:21:39.143] [Render thread/WARN] [patchouli/]: Recipe terramity:advanced_gun_parts_recipe (of type minecraft:crafting) not found
[04May2026 01:21:39.143] [Render thread/WARN] [patchouli/]: Recipe terramity:copper_round_recipe (of type minecraft:crafting) not found
[04May2026 01:21:39.143] [Render thread/WARN] [patchouli/]: Recipe terramity:gold_round_recipe (of type minecraft:crafting) not found
[04May2026 01:21:39.143] [Render thread/WARN] [patchouli/]: Recipe terramity:dimlite_round_recipe (of type minecraft:crafting) not found
[04May2026 01:21:39.143] [Render thread/WARN] [patchouli/]: Recipe terramity:gunsmith_station_recipe (of type minecraft:crafting) not found
[04May2026 01:21:39.143] [Render thread/INFO] [patchouli/]: BookContentResourceListenerLoader: Files found in 119.8 ?s
[04May2026 01:21:39.143] [Render thread/INFO] [patchouli/]: BookContentResourceListenerLoader: Files found in 108.5 ?s
[04May2026 01:21:39.144] [Render thread/INFO] [patchouli/]: BookContentResourceListenerLoader: Files found in 99.10 ?s
[04May2026 01:21:39.144] [Render thread/WARN] [patchouli/]: Recipe ad_astra:nasa_workbench (of type minecraft:crafting) not found
[04May2026 01:21:39.144] [Render thread/WARN] [patchouli/]: Recipe ad_astra:jet_suit_helmet (of type minecraft:crafting) not found
[04May2026 01:21:39.144] [Render thread/WARN] [patchouli/]: Recipe ad_astra:jet_suit_boots (of type minecraft:crafting) not found
[04May2026 01:21:39.144] [Render thread/INFO] [patchouli/]: BookContentResourceListenerLoader: Files found in 10.20 ?s
[04May2026 01:21:39.144] [Render thread/INFO] [patchouli/]: BookContentResourceListenerLoader: Files found in 8.000 ?s
[04May2026 01:21:39.144] [Render thread/WARN] [patchouli/]: Invalid icon item stack: Unknown item ID: appliedcooking:kitchen_station
[04May2026 01:21:39.144] [Render thread/INFO] [patchouli/]: BookContentResourceListenerLoader: Files found in 6.900 ?s
[04May2026 01:21:39.144] [Render thread/INFO] [patchouli/]: BookContentResourceListenerLoader: Files found in 88.60 ?s
[04May2026 01:21:39.144] [Render thread/INFO] [patchouli/]: BookContentResourceListenerLoader: Files found in 87.00 ?s
[04May2026 01:21:39.144] [Render thread/WARN] [patchouli/]: Invalid icon item stack: Unknown item ID: apotheosis:infusion_table
[04May2026 01:21:39.144] [Render thread/WARN] [patchouli/]: Invalid icon item stack: Unknown item ID: rftools:dimension_editor
[04May2026 01:21:39.144] [Render thread/WARN] [patchouli/]: Invalid icon item stack: Unknown item ID: iridescent_modular_spells:modular_copper_spell_book
[04May2026 01:21:39.144] [Render thread/WARN] [patchouli/]: Invalid icon item stack: Unknown item ID: mahou_tsukai:mahou_book
[04May2026 01:21:39.145] [Render thread/WARN] [patchouli/]: Invalid icon item stack: Unknown item ID: kubejs:iron_loot_box
[04May2026 01:21:39.145] [Render thread/WARN] [patchouli/]: Invalid icon item stack: Unknown item ID: blue_skies:lunar_fragment
[04May2026 01:21:39.145] [Render thread/WARN] [patchouli/]: Invalid icon item stack: Unknown item ID: footwork:combat_manual
[04May2026 01:21:39.145] [Render thread/WARN] [patchouli/]: Invalid icon item stack: Unknown item ID: terramity:terramity_guidebook
[04May2026 01:21:39.145] [Render thread/WARN] [patchouli/]: Invalid icon item stack: Unknown item ID: irons_spellbooks:fire_spell_book
[04May2026 01:21:39.145] [Render thread/WARN] [patchouli/]: Invalid icon item stack: Unknown item ID: ars_nouveau:spell_book_1
[04May2026 01:21:39.145] [Render thread/INFO] [patchouli/]: BookContentResourceListenerLoader: Files found in 70.20 ?s
[04May2026 01:21:39.145] [Render thread/WARN] [patchouli/]: Recipe footwork:combat_manual (of type minecraft:crafting) not found
[04May2026 01:21:39.145] [Render thread/WARN] [patchouli/]: Recipe mahoutsukai:mahou_tsukai_guidebook (of type minecraft:crafting) not found
[04May2026 01:21:39.145] [Render thread/WARN] [patchouli/]: Recipe occultism:dictionary_of_spirits (of type minecraft:crafting) not found
[04May2026 01:21:39.145] [Render thread/WARN] [patchouli/]: Recipe apotheosis:enchanting/tome (of type minecraft:crafting) not found
[04May2026 01:21:39.145] [Render thread/WARN] [patchouli/]: Recipe apotheosis:apoth_chronicle (of type minecraft:crafting) not found
[04May2026 01:21:39.145] [Render thread/WARN] [patchouli/]: Recipe simplyswords:runic_grimoire (of type minecraft:crafting) not found
[04May2026 01:21:39.145] [Render thread/WARN] [patchouli/]: Recipe forbidden_arcanus:tome_of_arcana (of type minecraft:crafting) not found
[04May2026 01:21:39.145] [Render thread/WARN] [patchouli/]: Recipe terramity:terramity_guidebook (of type minecraft:crafting) not found
[04May2026 01:21:39.145] [Render thread/WARN] [patchouli/]: Recipe irons_spellbooks:arcane_compendium (of type minecraft:crafting) not found
[04May2026 01:21:39.145] [Render thread/INFO] [patchouli/]: BookContentResourceListenerLoader: Files found in 67.40 ?s
[04May2026 01:21:39.145] [Render thread/INFO] [patchouli/]: BookContentResourceListenerLoader: Files found in 67.50 ?s
[04May2026 01:21:39.146] [Render thread/INFO] [patchouli/]: BookContentResourceListenerLoader: Files found in 55.60 ?s
[04May2026 01:21:39.146] [Render thread/INFO] [patchouli/]: BookContentResourceListenerLoader: Files found in 197.6 ?s
[04May2026 01:21:39.146] [Render thread/INFO] [patchouli/]: BookContentResourceListenerLoader: Files found in 204.1 ?s
[04May2026 01:21:39.148] [Render thread/INFO] [patchouli/]: BookContentResourceListenerLoader: Files found in 166.6 ?s
[04May2026 01:21:39.149] [Render thread/WARN] [patchouli/]: Recipe ars_nouveau:apprentice_spell_book_upgrade (of type minecraft:crafting) not found
[04May2026 01:21:39.161] [Render thread/INFO] [ModernFix/]: Cleared 2045 unneeded book NBT tags
[04May2026 01:21:39.183] [Render thread/INFO] [voicechat/]: [voicechat] Received secret
[04May2026 01:21:39.183] [Render thread/INFO] [voicechat/]: [voicechat] Connecting to voice chat server: '10.0.0.10:24454'
[04May2026 01:21:39.183] [VoiceChatAuthenticationThread/INFO] [voicechat/]: [voicechat] Trying to authenticate voice chat connection
[04May2026 01:21:39.184] [Render thread/INFO] [net.minecraft.client.gui.components.ChatComponent/]: [CHAT] [Simple Voice Chat] Press Not Bound to set up
[04May2026 01:21:39.209] [Render thread/WARN] [net.minecraft.client.multiplayer.ClientPacketListener/]: Received passengers for unknown entity
[04May2026 01:21:39.234] [Render thread/INFO] [net.minecraft.client.gui.components.ChatComponent/]: [CHAT] silvieserene was shot by Skeleton
[04May2026 01:21:39.238] [Render thread/INFO] [net.minecraft.client.renderer.texture.TextureAtlas/]: Created: 512x64x0 miapi:textures/atlas/materials.png-atlas
[04May2026 01:21:39.239] [Render thread/INFO] [ModularItem API/]: Created material atlas with size 256x30
[04May2026 01:21:39.470] [Render thread/WARN] [ModernFix/]: Time from main menu to in-game was 39.068966 seconds
[04May2026 01:21:39.470] [Render thread/WARN] [ModernFix/]: Total time to load game and open world was 103.71597 seconds
[04May2026 01:21:40.184] [VoiceChatAuthenticationThread/INFO] [voicechat/]: [voicechat] Trying to authenticate voice chat connection
[04May2026 01:21:41.185] [VoiceChatAuthenticationThread/INFO] [voicechat/]: [voicechat] Trying to authenticate voice chat connection
[04May2026 01:21:42.186] [VoiceChatAuthenticationThread/INFO] [voicechat/]: [voicechat] Trying to authenticate voice chat connection
[04May2026 01:21:43.186] [VoiceChatAuthenticationThread/INFO] [voicechat/]: [voicechat] Trying to authenticate voice chat connection
[04May2026 01:21:44.190] [VoiceChatAuthenticationThread/INFO] [voicechat/]: [voicechat] Trying to authenticate voice chat connection
[04May2026 01:21:45.191] [VoiceChatAuthenticationThread/INFO] [voicechat/]: [voicechat] Trying to authenticate voice chat connection
[04May2026 01:21:46.191] [VoiceChatAuthenticationThread/INFO] [voicechat/]: [voicechat] Trying to authenticate voice chat connection
[04May2026 01:21:47.192] [VoiceChatAuthenticationThread/INFO] [voicechat/]: [voicechat] Trying to authenticate voice chat connection
[04May2026 01:21:48.194] [VoiceChatAuthenticationThread/INFO] [voicechat/]: [voicechat] Trying to authenticate voice chat connection
[04May2026 01:21:49.195] [VoiceChatAuthenticationThread/WARN] [voicechat/]: [voicechat] Trying to authenticate voice chat connection (this message will not be logged again)
[04May2026 01:21:53.295] [Render thread/WARN] [net.minecraft.client.multiplayer.ClientPacketListener/]: Received passengers for unknown entity
[04May2026 01:21:55.079] [Render thread/INFO] [net.minecraft.client.gui.components.ChatComponent/]: [CHAT] [OriginDump] {"origins:class":"icraft:archmage","origins:gender":"origins_gender:female","origins:origin":"icraft:witch_of_ink","origins:race":"icraft:faefolk"}
[04May2026 01:21:55.079] [Render thread/INFO] [net.minecraft.client.gui.components.ChatComponent/]: [CHAT] [Debug] Matched: <none matched known origins>
[04May2026 01:22:04.113] [Thread-326/WARN] [ModularItem API/]: Couldnt retrieve Miapi Permissions
[04May2026 01:22:40.167] [Render thread/INFO] [net.minecraft.client.gui.components.ChatComponent/]: [CHAT] silvieserene was killed by magic whilst trying to escape Skeleton
[04May2026 01:22:55.247] [Render thread/WARN] [net.minecraft.client.multiplayer.ClientPacketListener/]: Received passengers for unknown entity
[04May2026 01:23:02.309] [Render thread/WARN] [net.minecraft.client.renderer.texture.TextureManager/]: Failed to load texture: patchouli:textures/gui/book_filler.png
java.io.FileNotFoundException: patchouli:textures/gui/book_filler.png
	at net.minecraft.server.packs.resources.ResourceProvider.m_215590_(ResourceProvider.java:21) ~[client-1.20.1-20230612.114412-srg.jar%231048!/:?]
	at java.util.Optional.orElseThrow(Optional.java:403) ~[?:?]
	at net.minecraft.server.packs.resources.ResourceProvider.m_215593_(ResourceProvider.java:21) ~[client-1.20.1-20230612.114412-srg.jar%231048!/:?]
	at software.bernie.geckolib.cache.texture.AnimatableTexture.m_6704_(AnimatableTexture.java:40) ~[geckolib-forge-1.20.1-4.8.3.jar%23787!/:4.8.3]
	at net.minecraft.client.renderer.texture.TextureManager.m_118515_(TextureManager.java:96) ~[client-1.20.1-20230612.114412-srg.jar%231048!/:?]
	at net.minecraft.client.renderer.texture.TextureManager.m_118495_(TextureManager.java:66) ~[client-1.20.1-20230612.114412-srg.jar%231048!/:?]
	at net.minecraft.client.renderer.texture.TextureManager.handler$hjm000$geckolib$wrapAnimatableTexture(TextureManager.java:2529) ~[client-1.20.1-20230612.114412-srg.jar%231048!/:?]
	at net.minecraft.client.renderer.texture.TextureManager.m_118506_(TextureManager.java) ~[client-1.20.1-20230612.114412-srg.jar%231048!/:?]
	at com.mojang.blaze3d.systems.RenderSystem._setShaderTexture(RenderSystem.java:1232) ~[client-1.20.1-20230612.114412-srg.jar%231048!/:?]
	at com.mojang.blaze3d.systems.RenderSystem.setShaderTexture(RenderSystem.java:1225) ~[client-1.20.1-20230612.114412-srg.jar%231048!/:?]
	at net.minecraft.client.gui.GuiGraphics.m_280444_(GuiGraphics.java:354) ~[client-1.20.1-20230612.114412-srg.jar%231048!/:?]
	at net.minecraft.client.gui.GuiGraphics.m_280312_(GuiGraphics.java:350) ~[client-1.20.1-20230612.114412-srg.jar%231048!/:?]
	at net.minecraft.client.gui.GuiGraphics.m_280411_(GuiGraphics.java:342) ~[client-1.20.1-20230612.114412-srg.jar%231048!/:?]
	at net.minecraft.client.gui.GuiGraphics.m_280163_(GuiGraphics.java:346) ~[client-1.20.1-20230612.114412-srg.jar%231048!/:?]
	at vazkii.patchouli.client.book.gui.GuiBook.drawPageFiller(GuiBook.java:557) ~[Patchouli-1.20.1-85-FORGE.jar%23914!/:1.20.1-85-FORGE]
	at vazkii.patchouli.client.book.gui.GuiBook.drawPageFiller(GuiBook.java:551) ~[Patchouli-1.20.1-85-FORGE.jar%23914!/:1.20.1-85-FORGE]
	at vazkii.patchouli.client.book.gui.GuiBookEntry.drawForegroundElements(GuiBookEntry.java:93) ~[Patchouli-1.20.1-85-FORGE.jar%23914!/:1.20.1-85-FORGE]
	at vazkii.patchouli.client.book.gui.GuiBook.drawScreenAfterScale(GuiBook.java:143) ~[Patchouli-1.20.1-85-FORGE.jar%23914!/:1.20.1-85-FORGE]
	at vazkii.patchouli.client.book.gui.GuiBook.m_88315_(GuiBook.java:131) ~[Patchouli-1.20.1-85-FORGE.jar%23914!/:1.20.1-85-FORGE]
	at net.minecraft.client.gui.screens.Screen.m_280264_(Screen.java:109) ~[client-1.20.1-20230612.114412-srg.jar%231048!/:?]
	at net.minecraftforge.client.ForgeHooksClient.drawScreenInternal(ForgeHooksClient.java:428) ~[forge-1.20.1-47.4.6-universal.jar%231053!/:?]
	at net.minecraftforge.client.ForgeHooksClient.drawScreen(ForgeHooksClient.java:421) ~[forge-1.20.1-47.4.6-universal.jar%231053!/:?]
	at net.minecraft.client.renderer.GameRenderer.m_109093_(GameRenderer.java:965) ~[client-1.20.1-20230612.114412-srg.jar%231048!/:?]
	at net.minecraft.client.Minecraft.m_91383_(Minecraft.java:1146) ~[client-1.20.1-20230612.114412-srg.jar%231048!/:?]
	at net.minecraft.client.Minecraft.m_91374_(Minecraft.java:718) ~[client-1.20.1-20230612.114412-srg.jar%231048!/:?]
	at net.minecraft.client.main.Main.main(Main.java:218) ~[minecraft-1.20.1-client.jar:?]
	at jdk.internal.reflect.NativeMethodAccessorImpl.invoke0(Native Method) ~[?:?]
	at jdk.internal.reflect.NativeMethodAccessorImpl.invoke(NativeMethodAccessorImpl.java:77) ~[?:?]
	at jdk.internal.reflect.DelegatingMethodAccessorImpl.invoke(DelegatingMethodAccessorImpl.java:43) ~[?:?]
	at java.lang.reflect.Method.invoke(Method.java:568) ~[?:?]
	at net.minecraftforge.fml.loading.targets.CommonLaunchHandler.runTarget(CommonLaunchHandler.java:111) ~[fmlloader-1.20.1-47.4.6.jar:?]
	at net.minecraftforge.fml.loading.targets.CommonLaunchHandler.clientService(CommonLaunchHandler.java:99) ~[fmlloader-1.20.1-47.4.6.jar:?]
	at net.minecraftforge.fml.loading.targets.CommonClientLaunchHandler.lambda$makeService$0(CommonClientLaunchHandler.java:25) ~[fmlloader-1.20.1-47.4.6.jar:?]
	at cpw.mods.modlauncher.LaunchServiceHandlerDecorator.launch(LaunchServiceHandlerDecorator.java:30) ~[modlauncher-10.0.9.jar:?]
	at cpw.mods.modlauncher.LaunchServiceHandler.launch(LaunchServiceHandler.java:53) ~[modlauncher-10.0.9.jar:?]
	at cpw.mods.modlauncher.LaunchServiceHandler.launch(LaunchServiceHandler.java:71) ~[modlauncher-10.0.9.jar:?]
	at cpw.mods.modlauncher.Launcher.run(Launcher.java:108) ~[modlauncher-10.0.9.jar:?]
	at cpw.mods.modlauncher.Launcher.main(Launcher.java:78) ~[modlauncher-10.0.9.jar:?]
	at cpw.mods.modlauncher.BootstrapLaunchConsumer.accept(BootstrapLaunchConsumer.java:26) ~[modlauncher-10.0.9.jar:?]
	at cpw.mods.modlauncher.BootstrapLaunchConsumer.accept(BootstrapLaunchConsumer.java:23) ~[modlauncher-10.0.9.jar:?]
	at cpw.mods.bootstraplauncher.BootstrapLauncher.main(BootstrapLauncher.java:141) ~[bootstraplauncher-1.1.2.jar:?]
	at jdk.internal.reflect.NativeMethodAccessorImpl.invoke0(Native Method) ~[?:?]
	at jdk.internal.reflect.NativeMethodAccessorImpl.invoke(NativeMethodAccessorImpl.java:77) ~[?:?]
	at jdk.internal.reflect.DelegatingMethodAccessorImpl.invoke(DelegatingMethodAccessorImpl.java:43) ~[?:?]
	at java.lang.reflect.Method.invoke(Method.java:568) ~[?:?]
	at io.github.zekerzhayard.forgewrapper.installer.Main.main(Main.java:67) ~[?:?]
	at org.prismlauncher.launcher.impl.StandardLauncher.launch(StandardLauncher.java:115) ~[?:?]
	at org.prismlauncher.EntryPoint.listen(EntryPoint.java:129) ~[?:?]
	at org.prismlauncher.EntryPoint.main(EntryPoint.java:70) ~[?:?]
[04May2026 01:23:02.309] [Render thread/WARN] [net.minecraft.client.renderer.texture.TextureManager/]: Failed to load texture: patchouli:textures/gui/book_filler.png
java.io.FileNotFoundException: patchouli:textures/gui/book_filler.png
	at net.minecraft.server.packs.resources.ResourceProvider.m_215590_(ResourceProvider.java:21) ~[client-1.20.1-20230612.114412-srg.jar%231048!/:?]
	at java.util.Optional.orElseThrow(Optional.java:403) ~[?:?]
	at net.minecraft.server.packs.resources.ResourceProvider.m_215593_(ResourceProvider.java:21) ~[client-1.20.1-20230612.114412-srg.jar%231048!/:?]
	at net.minecraft.client.renderer.texture.SimpleTexture$TextureImage.m_118155_(SimpleTexture.java:83) ~[client-1.20.1-20230612.114412-srg.jar%231048!/:?]
	at net.minecraft.client.renderer.texture.SimpleTexture.m_6335_(SimpleTexture.java:58) ~[client-1.20.1-20230612.114412-srg.jar%231048!/:?]
	at net.minecraft.client.renderer.texture.SimpleTexture.m_6704_(SimpleTexture.java:29) ~[client-1.20.1-20230612.114412-srg.jar%231048!/:?]
	at net.minecraft.client.renderer.texture.TextureManager.m_118515_(TextureManager.java:96) ~[client-1.20.1-20230612.114412-srg.jar%231048!/:?]
	at net.minecraft.client.renderer.texture.TextureManager.m_118495_(TextureManager.java:66) ~[client-1.20.1-20230612.114412-srg.jar%231048!/:?]
	at net.minecraft.client.renderer.texture.TextureManager.m_118506_(TextureManager.java:119) ~[client-1.20.1-20230612.114412-srg.jar%231048!/:?]
	at com.mojang.blaze3d.systems.RenderSystem._setShaderTexture(RenderSystem.java:1232) ~[client-1.20.1-20230612.114412-srg.jar%231048!/:?]
	at com.mojang.blaze3d.systems.RenderSystem.setShaderTexture(RenderSystem.java:1225) ~[client-1.20.1-20230612.114412-srg.jar%231048!/:?]
	at net.minecraft.client.gui.GuiGraphics.m_280444_(GuiGraphics.java:354) ~[client-1.20.1-20230612.114412-srg.jar%231048!/:?]
	at net.minecraft.client.gui.GuiGraphics.m_280312_(GuiGraphics.java:350) ~[client-1.20.1-20230612.114412-srg.jar%231048!/:?]
	at net.minecraft.client.gui.GuiGraphics.m_280411_(GuiGraphics.java:342) ~[client-1.20.1-20230612.114412-srg.jar%231048!/:?]
	at net.minecraft.client.gui.GuiGraphics.m_280163_(GuiGraphics.java:346) ~[client-1.20.1-20230612.114412-srg.jar%231048!/:?]
	at vazkii.patchouli.client.book.gui.GuiBook.drawPageFiller(GuiBook.java:557) ~[Patchouli-1.20.1-85-FORGE.jar%23914!/:1.20.1-85-FORGE]
	at vazkii.patchouli.client.book.gui.GuiBook.drawPageFiller(GuiBook.java:551) ~[Patchouli-1.20.1-85-FORGE.jar%23914!/:1.20.1-85-FORGE]
	at vazkii.patchouli.client.book.gui.GuiBookEntry.drawForegroundElements(GuiBookEntry.java:93) ~[Patchouli-1.20.1-85-FORGE.jar%23914!/:1.20.1-85-FORGE]
	at vazkii.patchouli.client.book.gui.GuiBook.drawScreenAfterScale(GuiBook.java:143) ~[Patchouli-1.20.1-85-FORGE.jar%23914!/:1.20.1-85-FORGE]
	at vazkii.patchouli.client.book.gui.GuiBook.m_88315_(GuiBook.java:131) ~[Patchouli-1.20.1-85-FORGE.jar%23914!/:1.20.1-85-FORGE]
	at net.minecraft.client.gui.screens.Screen.m_280264_(Screen.java:109) ~[client-1.20.1-20230612.114412-srg.jar%231048!/:?]
	at net.minecraftforge.client.ForgeHooksClient.drawScreenInternal(ForgeHooksClient.java:428) ~[forge-1.20.1-47.4.6-universal.jar%231053!/:?]
	at net.minecraftforge.client.ForgeHooksClient.drawScreen(ForgeHooksClient.java:421) ~[forge-1.20.1-47.4.6-universal.jar%231053!/:?]
	at net.minecraft.client.renderer.GameRenderer.m_109093_(GameRenderer.java:965) ~[client-1.20.1-20230612.114412-srg.jar%231048!/:?]
	at net.minecraft.client.Minecraft.m_91383_(Minecraft.java:1146) ~[client-1.20.1-20230612.114412-srg.jar%231048!/:?]
	at net.minecraft.client.Minecraft.m_91374_(Minecraft.java:718) ~[client-1.20.1-20230612.114412-srg.jar%231048!/:?]
	at net.minecraft.client.main.Main.main(Main.java:218) ~[minecraft-1.20.1-client.jar:?]
	at jdk.internal.reflect.NativeMethodAccessorImpl.invoke0(Native Method) ~[?:?]
	at jdk.internal.reflect.NativeMethodAccessorImpl.invoke(NativeMethodAccessorImpl.java:77) ~[?:?]
	at jdk.internal.reflect.DelegatingMethodAccessorImpl.invoke(DelegatingMethodAccessorImpl.java:43) ~[?:?]
	at java.lang.reflect.Method.invoke(Method.java:568) ~[?:?]
	at net.minecraftforge.fml.loading.targets.CommonLaunchHandler.runTarget(CommonLaunchHandler.java:111) ~[fmlloader-1.20.1-47.4.6.jar:?]
	at net.minecraftforge.fml.loading.targets.CommonLaunchHandler.clientService(CommonLaunchHandler.java:99) ~[fmlloader-1.20.1-47.4.6.jar:?]
	at net.minecraftforge.fml.loading.targets.CommonClientLaunchHandler.lambda$makeService$0(CommonClientLaunchHandler.java:25) ~[fmlloader-1.20.1-47.4.6.jar:?]
	at cpw.mods.modlauncher.LaunchServiceHandlerDecorator.launch(LaunchServiceHandlerDecorator.java:30) ~[modlauncher-10.0.9.jar:?]
	at cpw.mods.modlauncher.LaunchServiceHandler.launch(LaunchServiceHandler.java:53) ~[modlauncher-10.0.9.jar:?]
	at cpw.mods.modlauncher.LaunchServiceHandler.launch(LaunchServiceHandler.java:71) ~[modlauncher-10.0.9.jar:?]
	at cpw.mods.modlauncher.Launcher.run(Launcher.java:108) ~[modlauncher-10.0.9.jar:?]
	at cpw.mods.modlauncher.Launcher.main(Launcher.java:78) ~[modlauncher-10.0.9.jar:?]
	at cpw.mods.modlauncher.BootstrapLaunchConsumer.accept(BootstrapLaunchConsumer.java:26) ~[modlauncher-10.0.9.jar:?]
	at cpw.mods.modlauncher.BootstrapLaunchConsumer.accept(BootstrapLaunchConsumer.java:23) ~[modlauncher-10.0.9.jar:?]
	at cpw.mods.bootstraplauncher.BootstrapLauncher.main(BootstrapLauncher.java:141) ~[bootstraplauncher-1.1.2.jar:?]
	at jdk.internal.reflect.NativeMethodAccessorImpl.invoke0(Native Method) ~[?:?]
	at jdk.internal.reflect.NativeMethodAccessorImpl.invoke(NativeMethodAccessorImpl.java:77) ~[?:?]
	at jdk.internal.reflect.DelegatingMethodAccessorImpl.invoke(DelegatingMethodAccessorImpl.java:43) ~[?:?]
	at java.lang.reflect.Method.invoke(Method.java:568) ~[?:?]
	at io.github.zekerzhayard.forgewrapper.installer.Main.main(Main.java:67) ~[?:?]
	at org.prismlauncher.launcher.impl.StandardLauncher.launch(StandardLauncher.java:115) ~[?:?]
	at org.prismlauncher.EntryPoint.listen(EntryPoint.java:129) ~[?:?]
	at org.prismlauncher.EntryPoint.main(EntryPoint.java:70) ~[?:?]
[04May2026 01:23:02.312] [Render thread/INFO] [com.mojang.blaze3d.platform.GlDebug/]: OpenGL debug message: id=1282, source=API, type=ERROR, severity=HIGH, message='GL_INVALID_OPERATION error generated. <texture> is not a valid texture name.'
[04May2026 01:23:04.280] [Render thread/INFO] [JLF-DrawTabs/]: [JLF] DrawTabs.render fired on screen=com.seniors.justlevelingfork.client.screen.JustLevelingScreen | tabs=1 | curiosOffset=0
[04May2026 01:23:05.859] [Render thread/INFO] [JLF-DrawTabs/]: [JLF] DrawTabs.render fired on screen=net.minecraft.client.gui.screens.inventory.InventoryScreen | tabs=1 | curiosOffset=27
