[15Mar2026 03:04:08.792] [main/INFO] [cpw.mods.modlauncher.Launcher/MODLAUNCHER]: ModLauncher running: args [--username, silvieserene, --version, 1.20.1, --gameDir, C:/Users/Silvaria Zemaitis/AppData/Roaming/PrismLauncher/instances/IridescentCraft/minecraft, --assetsDir, C:/Users/Silvaria Zemaitis/AppData/Roaming/PrismLauncher/assets, --assetIndex, 5, --uuid, 2426cde15c0c469e9ab29755826352e7, --accessToken, ????????, --userType, msa, --versionType, release, --launchTarget, forgeclient, --fml.forgeVersion, 47.4.6, --fml.mcVersion, 1.20.1, --fml.forgeGroup, net.minecraftforge, --fml.mcpVersion, 20230612.114412, --width, 1200, --height, 800]
[15Mar2026 03:04:08.794] [main/INFO] [cpw.mods.modlauncher.Launcher/MODLAUNCHER]: ModLauncher 10.0.9+10.0.9+main.dcd20f30 starting: java version 17.0.8 by Microsoft; OS Windows 10 arch amd64 version 10.0
[15Mar2026 03:04:08.811] [main/DEBUG] [cpw.mods.modlauncher.LaunchServiceHandler/MODLAUNCHER]: Found launch services [fmlclientdev,forgeclient,minecraft,forgegametestserverdev,fmlserveruserdev,fmlclient,fmldatauserdev,forgeserverdev,forgeserveruserdev,forgeclientdev,forgeclientuserdev,forgeserver,forgedatadev,fmlserver,fmlclientuserdev,fmlserverdev,forgedatauserdev,testharness,forgegametestserveruserdev]
[15Mar2026 03:04:08.817] [main/DEBUG] [cpw.mods.modlauncher.NameMappingServiceHandler/MODLAUNCHER]: Found naming services : [srgtomcp]
[15Mar2026 03:04:08.825] [main/DEBUG] [cpw.mods.modlauncher.LaunchPluginHandler/MODLAUNCHER]: Found launch plugins: [mixin,eventbus,slf4jfixer,object_holder_definalize,runtime_enum_extender,capability_token_subclass,accesstransformer,runtimedistcleaner]
[15Mar2026 03:04:08.832] [main/DEBUG] [cpw.mods.modlauncher.TransformationServicesHandler/MODLAUNCHER]: Discovering transformation services
[15Mar2026 03:04:08.835] [main/DEBUG] [net.minecraftforge.fml.loading.FMLPaths/CORE]: Path GAMEDIR is C:\Users\Silvaria Zemaitis\AppData\Roaming\PrismLauncher\instances\IridescentCraft\minecraft
[15Mar2026 03:04:08.835] [main/DEBUG] [net.minecraftforge.fml.loading.FMLPaths/CORE]: Path MODSDIR is C:\Users\Silvaria Zemaitis\AppData\Roaming\PrismLauncher\instances\IridescentCraft\minecraft\mods
[15Mar2026 03:04:08.836] [main/DEBUG] [net.minecraftforge.fml.loading.FMLPaths/CORE]: Path CONFIGDIR is C:\Users\Silvaria Zemaitis\AppData\Roaming\PrismLauncher\instances\IridescentCraft\minecraft\config
[15Mar2026 03:04:08.836] [main/DEBUG] [net.minecraftforge.fml.loading.FMLPaths/CORE]: Path FMLCONFIG is C:\Users\Silvaria Zemaitis\AppData\Roaming\PrismLauncher\instances\IridescentCraft\minecraft\config\fml.toml
[15Mar2026 03:04:10.212] [main/DEBUG] [cpw.mods.modlauncher.TransformationServicesHandler/MODLAUNCHER]: Found additional transformation services from discovery services: [C:\Users\Silvaria Zemaitis\AppData\Roaming\PrismLauncher\instances\IridescentCraft\minecraft\mods\Connector-1.0.0-beta.48+1.20.1.jar][C:\Users\Silvaria Zemaitis\AppData\Roaming\PrismLauncher\instances\IridescentCraft\minecraft\mods\Connector-1.0.0-beta.48+1.20.1.jar][C:\Users\Silvaria Zemaitis\AppData\Roaming\PrismLauncher\instances\IridescentCraft\minecraft\mods\Connector-1.0.0-beta.48+1.20.1.jar]
[15Mar2026 03:04:10.229] [main/INFO] [net.minecraftforge.fml.loading.ImmediateWindowHandler/]: Loading ImmediateWindowProvider fmlearlywindow
[15Mar2026 03:04:10.378] [main/INFO] [EARLYDISPLAY/]: Trying GL version 4.6
[15Mar2026 03:04:10.759] [main/INFO] [EARLYDISPLAY/]: Requested GL version 4.6 got version 4.6
[15Mar2026 03:04:10.955] [main/INFO] [mixin-transmog/]: Mixin Transmogrifier is definitely up to no good...
[15Mar2026 03:04:10.968] [main/DEBUG] [mixin-transmog/]: Replaced the mixin launch plugin
[15Mar2026 03:04:10.968] [main/INFO] [mixin-transmog/]: crimes against java were committed
[15Mar2026 03:04:10.969] [main/DEBUG] [cpw.mods.modlauncher.TransformationServicesHandler/MODLAUNCHER]: Found transformer services : [mixin,fml,mixin-transmogrifier,connector_loader]
[15Mar2026 03:04:10.969] [main/DEBUG] [cpw.mods.modlauncher.TransformationServicesHandler/MODLAUNCHER]: Transformation services loading
[15Mar2026 03:04:10.969] [main/DEBUG] [cpw.mods.modlauncher.TransformationServiceDecorator/MODLAUNCHER]: Loading service mixin
[15Mar2026 03:04:10.969] [main/DEBUG] [cpw.mods.modlauncher.TransformationServiceDecorator/MODLAUNCHER]: Loaded service mixin
[15Mar2026 03:04:10.970] [main/DEBUG] [cpw.mods.modlauncher.TransformationServiceDecorator/MODLAUNCHER]: Loading service fml
[15Mar2026 03:04:10.970] [main/DEBUG] [net.minecraftforge.fml.loading.LauncherVersion/CORE]: Found FMLLauncher version 1.0
[15Mar2026 03:04:10.970] [main/DEBUG] [net.minecraftforge.fml.loading.FMLLoader/CORE]: FML 1.0 loading
[15Mar2026 03:04:10.970] [main/DEBUG] [net.minecraftforge.fml.loading.FMLLoader/CORE]: FML found ModLauncher version : 10.0.9+10.0.9+main.dcd20f30
[15Mar2026 03:04:10.970] [main/DEBUG] [net.minecraftforge.fml.loading.FMLLoader/CORE]: Requesting CoreMods to not apply the fix for ASMAPI.findFirstInstructionBefore by default
[15Mar2026 03:04:10.970] [main/DEBUG] [net.minecraftforge.fml.loading.FMLLoader/CORE]: FML found AccessTransformer version : 8.0.4+66+master.c09db6d7
[15Mar2026 03:04:10.970] [main/DEBUG] [net.minecraftforge.fml.loading.FMLLoader/CORE]: FML found EventBus version : 6.0.5+6.0.5+master.eb8e549b
[15Mar2026 03:04:10.970] [main/DEBUG] [net.minecraftforge.fml.loading.FMLLoader/CORE]: Found Runtime Dist Cleaner
[15Mar2026 03:04:10.971] [main/DEBUG] [net.minecraftforge.coremod.CoreModEngine/]: CoreMods will preserve legacy behavior of ASMAPI.findFirstInstructionBefore for backwards-compatibility
[15Mar2026 03:04:10.971] [main/DEBUG] [net.minecraftforge.fml.loading.FMLLoader/CORE]: FML found CoreMod version : 5.2.4
[15Mar2026 03:04:10.971] [main/DEBUG] [net.minecraftforge.fml.loading.FMLLoader/CORE]: Found ForgeSPI package implementation version 7.0.1+7.0.1+master.d2b38bf6
[15Mar2026 03:04:10.971] [main/DEBUG] [net.minecraftforge.fml.loading.FMLLoader/CORE]: Found ForgeSPI package specification 5
[15Mar2026 03:04:10.971] [main/DEBUG] [cpw.mods.modlauncher.TransformationServiceDecorator/MODLAUNCHER]: Loaded service fml
[15Mar2026 03:04:10.971] [main/DEBUG] [cpw.mods.modlauncher.TransformationServiceDecorator/MODLAUNCHER]: Loading service mixin-transmogrifier
[15Mar2026 03:04:10.971] [main/DEBUG] [mixin-transmog/]: onLoad called
[15Mar2026 03:04:10.971] [main/DEBUG] [mixin-transmog/]: mixin, fml, mixin-transmogrifier, connector_loader
[15Mar2026 03:04:10.972] [main/DEBUG] [cpw.mods.modlauncher.TransformationServiceDecorator/MODLAUNCHER]: Loading service mixin
[15Mar2026 03:04:10.972] [main/DEBUG] [cpw.mods.modlauncher.TransformationServiceDecorator/MODLAUNCHER]: Loaded service mixin
[15Mar2026 03:04:10.972] [main/DEBUG] [cpw.mods.modlauncher.TransformationServiceDecorator/MODLAUNCHER]: Loaded service mixin-transmogrifier
[15Mar2026 03:04:10.972] [main/DEBUG] [cpw.mods.modlauncher.TransformationServiceDecorator/MODLAUNCHER]: Loading service connector_loader
[15Mar2026 03:04:10.972] [main/DEBUG] [cpw.mods.modlauncher.TransformationServiceDecorator/MODLAUNCHER]: Loaded service connector_loader
[15Mar2026 03:04:10.973] [main/DEBUG] [cpw.mods.modlauncher.TransformationServicesHandler/MODLAUNCHER]: Configuring option handling for services
[15Mar2026 03:04:10.975] [main/DEBUG] [cpw.mods.modlauncher.TransformationServicesHandler/MODLAUNCHER]: Transformation services initializing
[15Mar2026 03:04:10.975] [main/DEBUG] [cpw.mods.modlauncher.TransformationServiceDecorator/MODLAUNCHER]: Initializing transformation service mixin
[15Mar2026 03:04:10.975] [main/INFO] [mixin-transmog/]: Original mixin transformation service successfully crobbed by mixin-transmogrifier!
[15Mar2026 03:04:10.975] [main/DEBUG] [cpw.mods.modlauncher.TransformationServiceDecorator/MODLAUNCHER]: Initialized transformation service mixin
[15Mar2026 03:04:10.975] [main/DEBUG] [cpw.mods.modlauncher.TransformationServiceDecorator/MODLAUNCHER]: Initializing transformation service fml
[15Mar2026 03:04:10.975] [main/DEBUG] [net.minecraftforge.fml.loading.FMLServiceProvider/CORE]: Setting up basic FML game directories
[15Mar2026 03:04:10.976] [main/DEBUG] [net.minecraftforge.fml.loading.FMLPaths/CORE]: Path GAMEDIR is C:\Users\Silvaria Zemaitis\AppData\Roaming\PrismLauncher\instances\IridescentCraft\minecraft
[15Mar2026 03:04:10.976] [main/DEBUG] [net.minecraftforge.fml.loading.FMLPaths/CORE]: Path MODSDIR is C:\Users\Silvaria Zemaitis\AppData\Roaming\PrismLauncher\instances\IridescentCraft\minecraft\mods
[15Mar2026 03:04:10.976] [main/DEBUG] [net.minecraftforge.fml.loading.FMLPaths/CORE]: Path CONFIGDIR is C:\Users\Silvaria Zemaitis\AppData\Roaming\PrismLauncher\instances\IridescentCraft\minecraft\config
[15Mar2026 03:04:10.976] [main/DEBUG] [net.minecraftforge.fml.loading.FMLPaths/CORE]: Path FMLCONFIG is C:\Users\Silvaria Zemaitis\AppData\Roaming\PrismLauncher\instances\IridescentCraft\minecraft\config\fml.toml
[15Mar2026 03:04:10.976] [main/DEBUG] [net.minecraftforge.fml.loading.FMLServiceProvider/CORE]: Loading configuration
[15Mar2026 03:04:10.977] [main/DEBUG] [net.minecraftforge.fml.loading.FMLServiceProvider/CORE]: Preparing ModFile
[15Mar2026 03:04:10.978] [main/DEBUG] [net.minecraftforge.fml.loading.FMLServiceProvider/CORE]: Preparing launch handler
[15Mar2026 03:04:10.978] [main/DEBUG] [net.minecraftforge.fml.loading.FMLLoader/CORE]: Using forgeclient as launch service
[15Mar2026 03:04:10.983] [main/DEBUG] [net.minecraftforge.fml.loading.FMLLoader/CORE]: Received command line version data  : VersionInfo[forgeVersion=47.4.6, mcVersion=1.20.1, mcpVersion=20230612.114412, forgeGroup=net.minecraftforge]
[15Mar2026 03:04:10.984] [main/DEBUG] [cpw.mods.modlauncher.TransformationServiceDecorator/MODLAUNCHER]: Initialized transformation service fml
[15Mar2026 03:04:10.984] [main/DEBUG] [cpw.mods.modlauncher.TransformationServiceDecorator/MODLAUNCHER]: Initializing transformation service mixin-transmogrifier
[15Mar2026 03:04:10.984] [main/DEBUG] [mixin-transmog/]: initialize called
[15Mar2026 03:04:10.989] [main/DEBUG] [mixin/]: MixinService [ModLauncher] was successfully booted in cpw.mods.cl.ModuleClassLoader@72ef8d15
[15Mar2026 03:04:10.993] [main/INFO] [mixin/]: SpongePowered MIXIN Subsystem Version=0.8.5 Source=union:/C:/Users/Silvaria%20Zemaitis/AppData/Roaming/PrismLauncher/instances/IridescentCraft/minecraft/mods/Connector-1.0.0-beta.48+1.20.1.jar%23577%23580!/ Service=ModLauncher Env=CLIENT
[15Mar2026 03:04:10.994] [main/DEBUG] [mixin/]: Initialising Mixin Platform Manager
[15Mar2026 03:04:10.994] [main/DEBUG] [mixin/]: Adding mixin platform agents for container ModLauncher Root Container(ModLauncher:4f56a0a2)
[15Mar2026 03:04:10.995] [main/DEBUG] [mixin/]: Instancing new MixinPlatformAgentMinecraftForge for ModLauncher Root Container(ModLauncher:4f56a0a2)
[15Mar2026 03:04:10.995] [main/DEBUG] [mixin/]: MixinPlatformAgentMinecraftForge rejected container ModLauncher Root Container(ModLauncher:4f56a0a2)
[15Mar2026 03:04:10.995] [main/DEBUG] [mixin/]: Instancing new MixinPlatformAgentDefault for ModLauncher Root Container(ModLauncher:4f56a0a2)
[15Mar2026 03:04:10.995] [main/DEBUG] [mixin/]: MixinPlatformAgentDefault accepted container ModLauncher Root Container(ModLauncher:4f56a0a2)
[15Mar2026 03:04:10.996] [main/DEBUG] [cpw.mods.modlauncher.TransformationServiceDecorator/MODLAUNCHER]: Initialized transformation service mixin-transmogrifier
[15Mar2026 03:04:10.996] [main/DEBUG] [cpw.mods.modlauncher.TransformationServiceDecorator/MODLAUNCHER]: Initializing transformation service connector_loader
[15Mar2026 03:04:10.999] [main/DEBUG] [cpw.mods.modlauncher.TransformationServiceDecorator/MODLAUNCHER]: Initialized transformation service connector_loader
[15Mar2026 03:04:10.999] [main/DEBUG] [cpw.mods.modlauncher.NameMappingServiceHandler/MODLAUNCHER]: Current naming domain is 'srg'
[15Mar2026 03:04:10.999] [main/DEBUG] [cpw.mods.modlauncher.NameMappingServiceHandler/MODLAUNCHER]: Identified name mapping providers {}
[15Mar2026 03:04:10.999] [main/DEBUG] [cpw.mods.modlauncher.TransformationServicesHandler/MODLAUNCHER]: Transformation services begin scanning
[15Mar2026 03:04:11.000] [main/DEBUG] [cpw.mods.modlauncher.TransformationServiceDecorator/MODLAUNCHER]: Beginning scan trigger - transformation service mixin
[15Mar2026 03:04:11.000] [main/DEBUG] [cpw.mods.modlauncher.TransformationServiceDecorator/MODLAUNCHER]: End scan trigger - transformation service mixin
[15Mar2026 03:04:11.000] [main/DEBUG] [cpw.mods.modlauncher.TransformationServiceDecorator/MODLAUNCHER]: Beginning scan trigger - transformation service fml
[15Mar2026 03:04:11.000] [main/DEBUG] [net.minecraftforge.fml.loading.FMLServiceProvider/CORE]: Initiating mod scan
[15Mar2026 03:04:11.004] [main/DEBUG] [net.minecraftforge.fml.loading.moddiscovery.ModListHandler/CORE]: Found mod coordinates from lists: []
[15Mar2026 03:04:11.007] [main/DEBUG] [net.minecraftforge.fml.loading.moddiscovery.ModDiscoverer/CORE]: Found Mod Locators : (connector_early_locator:1.0.0-beta.48+1.20.1),(mods folder:null),(maven libs:null),(exploded directory:null),(minecraft:null),(userdev classpath:null)
[15Mar2026 03:04:11.007] [main/DEBUG] [net.minecraftforge.fml.loading.moddiscovery.ModDiscoverer/CORE]: Found Dependency Locators : (connector_locator:1.0.0-beta.48+1.20.1),(JarInJar:null)
[15Mar2026 03:04:11.016] [main/DEBUG] [net.minecraftforge.fml.loading.moddiscovery.ModFileParser/LOADING]: Considering mod file candidate 
[15Mar2026 03:04:11.032] [main/DEBUG] [net.minecraftforge.fml.loading.moddiscovery.ModFileInfo/LOADING]: Found valid mod file Connector-1.0.0-beta.48+1.20.1-mod.jar with {connectormod} mods - versions {1.0.0-beta.48+1.20.1}
[15Mar2026 03:04:11.039] [main/DEBUG] [net.minecraftforge.fml.loading.moddiscovery.ModFileParser/LOADING]: Considering mod file candidate C:\Users\Silvaria Zemaitis\AppData\Roaming\PrismLauncher\instances\IridescentCraft\minecraft\mods\[forge]ctov-3.4.14.jar
[15Mar2026 03:04:11.040] [main/DEBUG] [net.minecraftforge.fml.loading.moddiscovery.ModFileInfo/LOADING]: Found valid mod file [forge]ctov-3.4.14.jar with {ctov} mods - versions {3.4.14}
[15Mar2026 03:04:11.041] [main/DEBUG] [net.minecraftforge.fml.loading.moddiscovery.ModFileParser/LOADING]: Considering mod file candidate C:\Users\Silvaria Zemaitis\AppData\Roaming\PrismLauncher\instances\IridescentCraft\minecraft\mods\absolutely_stuffed-1.20.1-47.3.1-1.1.jar
[15Mar2026 03:04:11.042] [main/DEBUG] [net.minecraftforge.fml.loading.moddiscovery.ModFileInfo/LOADING]: Found valid mod file absolutely_stuffed-1.20.1-47.3.1-1.1.jar with {absolutely_stuffed} mods - versions {1.1}
[15Mar2026 03:04:11.044] [main/DEBUG] [net.minecraftforge.fml.loading.moddiscovery.ModFileParser/LOADING]: Considering mod file candidate C:\Users\Silvaria Zemaitis\AppData\Roaming\PrismLauncher\instances\IridescentCraft\minecraft\mods\adaptive_performance_tweaks_core_1.20.1-11.5.0.jar
[15Mar2026 03:04:11.044] [main/DEBUG] [net.minecraftforge.fml.loading.moddiscovery.ModFileInfo/LOADING]: Found valid mod file adaptive_performance_tweaks_core_1.20.1-11.5.0.jar with {adaptive_performance_tweaks_core} mods - versions {11.5.0}
[15Mar2026 03:04:11.046] [main/DEBUG] [net.minecraftforge.fml.loading.moddiscovery.ModFileParser/LOADING]: Considering mod file candidate C:\Users\Silvaria Zemaitis\AppData\Roaming\PrismLauncher\instances\IridescentCraft\minecraft\mods\adaptive_performance_tweaks_spawn_1.20.1-11.5.0.jar
[15Mar2026 03:04:11.046] [main/DEBUG] [net.minecraftforge.fml.loading.moddiscovery.ModFileInfo/LOADING]: Found valid mod file adaptive_performance_tweaks_spawn_1.20.1-11.5.0.jar with {adaptive_performance_tweaks_spawn} mods - versions {11.5.0}
[15Mar2026 03:04:11.048] [main/DEBUG] [net.minecraftforge.fml.loading.moddiscovery.ModFileParser/LOADING]: Considering mod file candidate C:\Users\Silvaria Zemaitis\AppData\Roaming\PrismLauncher\instances\IridescentCraft\minecraft\mods\addonslib-1.20.1-1.7.jar
[15Mar2026 03:04:11.049] [main/DEBUG] [net.minecraftforge.fml.loading.moddiscovery.ModFileInfo/LOADING]: Found valid mod file addonslib-1.20.1-1.7.jar with {addonslib} mods - versions {1.20.1-1.7}
[15Mar2026 03:04:11.050] [main/DEBUG] [net.minecraftforge.fml.loading.moddiscovery.ModFileParser/LOADING]: Considering mod file candidate C:\Users\Silvaria Zemaitis\AppData\Roaming\PrismLauncher\instances\IridescentCraft\minecraft\mods\AdHooks-1.20.1-10.1.3.0-build.1919.jar
[15Mar2026 03:04:11.051] [main/DEBUG] [net.minecraftforge.fml.loading.moddiscovery.ModFileInfo/LOADING]: Found valid mod file AdHooks-1.20.1-10.1.3.0-build.1919.jar with {adhooks} mods - versions {10.1.3.0}
[15Mar2026 03:04:11.052] [main/DEBUG] [net.minecraftforge.fml.loading.moddiscovery.ModFileParser/LOADING]: Considering mod file candidate C:\Users\Silvaria Zemaitis\AppData\Roaming\PrismLauncher\instances\IridescentCraft\minecraft\mods\AdLods-1.20.1-8.1.9.0-build.2084.jar
[15Mar2026 03:04:11.053] [main/DEBUG] [net.minecraftforge.fml.loading.moddiscovery.ModFileInfo/LOADING]: Found valid mod file AdLods-1.20.1-8.1.9.0-build.2084.jar with {adlods} mods - versions {8.1.9.0}
[15Mar2026 03:04:11.054] [main/DEBUG] [net.minecraftforge.fml.loading.moddiscovery.ModFileParser/LOADING]: Considering mod file candidate C:\Users\Silvaria Zemaitis\AppData\Roaming\PrismLauncher\instances\IridescentCraft\minecraft\mods\aeroblender-1.20.1-1.0.1-neoforge.jar
[15Mar2026 03:04:11.054] [main/DEBUG] [net.minecraftforge.fml.loading.moddiscovery.ModFileInfo/LOADING]: Found valid mod file aeroblender-1.20.1-1.0.1-neoforge.jar with {aeroblender} mods - versions {1.20.1-1.0.1-neoforge}
[15Mar2026 03:04:11.057] [main/DEBUG] [net.minecraftforge.fml.loading.moddiscovery.ModFileParser/LOADING]: Considering mod file candidate C:\Users\Silvaria Zemaitis\AppData\Roaming\PrismLauncher\instances\IridescentCraft\minecraft\mods\aether-1.20.1-1.5.2-neoforge.jar
[15Mar2026 03:04:11.057] [main/DEBUG] [net.minecraftforge.fml.loading.moddiscovery.ModFileInfo/LOADING]: Found valid mod file aether-1.20.1-1.5.2-neoforge.jar with {aether} mods - versions {1.20.1-1.5.2-neoforge}
[15Mar2026 03:04:11.059] [main/DEBUG] [net.minecraftforge.fml.loading.moddiscovery.ModFileParser/LOADING]: Considering mod file candidate C:\Users\Silvaria Zemaitis\AppData\Roaming\PrismLauncher\instances\IridescentCraft\minecraft\mods\aether_enhanced_extinguishing-1.20.1-1.0.0-neoforge.jar
[15Mar2026 03:04:11.059] [main/DEBUG] [net.minecraftforge.fml.loading.moddiscovery.ModFileInfo/LOADING]: Found valid mod file aether_enhanced_extinguishing-1.20.1-1.0.0-neoforge.jar with {aether_enhanced_extinguishing} mods - versions {1.20.1-1.0.0-neoforge}
[15Mar2026 03:04:11.061] [main/DEBUG] [net.minecraftforge.fml.loading.moddiscovery.ModFileParser/LOADING]: Considering mod file candidate C:\Users\Silvaria Zemaitis\AppData\Roaming\PrismLauncher\instances\IridescentCraft\minecraft\mods\aether_protect_your_moa-1.20.1-1.0.0-neoforge.jar
[15Mar2026 03:04:11.061] [main/DEBUG] [net.minecraftforge.fml.loading.moddiscovery.ModFileInfo/LOADING]: Found valid mod file aether_protect_your_moa-1.20.1-1.0.0-neoforge.jar with {aether_protect_your_moa} mods - versions {1.20.1-1.0.0-neoforge}
[15Mar2026 03:04:11.063] [main/DEBUG] [net.minecraftforge.fml.loading.moddiscovery.ModFileParser/LOADING]: Considering mod file candidate C:\Users\Silvaria Zemaitis\AppData\Roaming\PrismLauncher\instances\IridescentCraft\minecraft\mods\aether_treasure_reforging-1.20.1-1.0.1-neoforge.jar
[15Mar2026 03:04:11.063] [main/DEBUG] [net.minecraftforge.fml.loading.moddiscovery.ModFileInfo/LOADING]: Found valid mod file aether_treasure_reforging-1.20.1-1.0.1-neoforge.jar with {aether_treasure_reforging} mods - versions {1.20.1-1.0.1-neoforge}
[15Mar2026 03:04:11.064] [main/DEBUG] [net.minecraftforge.fml.loading.moddiscovery.ModFileParser/LOADING]: Considering mod file candidate C:\Users\Silvaria Zemaitis\AppData\Roaming\PrismLauncher\instances\IridescentCraft\minecraft\mods\Aethersteel-v5.5-1.20.1.jar
[15Mar2026 03:04:11.065] [main/DEBUG] [net.minecraftforge.fml.loading.moddiscovery.ModFileInfo/LOADING]: Found valid mod file Aethersteel-v5.5-1.20.1.jar with {aethersteel} mods - versions {5.5}
[15Mar2026 03:04:11.066] [main/DEBUG] [net.minecraftforge.fml.loading.moddiscovery.ModFileParser/LOADING]: Considering mod file candidate C:\Users\Silvaria Zemaitis\AppData\Roaming\PrismLauncher\instances\IridescentCraft\minecraft\mods\AkashicTome-1.7-27.jar
[15Mar2026 03:04:11.066] [main/DEBUG] [net.minecraftforge.fml.loading.moddiscovery.ModFileInfo/LOADING]: Found valid mod file AkashicTome-1.7-27.jar with {akashictome} mods - versions {1.7-27}
[15Mar2026 03:04:11.068] [main/DEBUG] [net.minecraftforge.fml.loading.moddiscovery.ModFileParser/LOADING]: Considering mod file candidate C:\Users\Silvaria Zemaitis\AppData\Roaming\PrismLauncher\instances\IridescentCraft\minecraft\mods\Alex's Mobs Music Mod 1.20.1 v1.1.0.jar
[15Mar2026 03:04:11.068] [main/DEBUG] [net.minecraftforge.fml.loading.moddiscovery.ModFileInfo/LOADING]: Found valid mod file Alex's Mobs Music Mod 1.20.1 v1.1.0.jar with {alexs_mobs_extra_music} mods - versions {1.1.0}
[15Mar2026 03:04:11.069] [main/DEBUG] [net.minecraftforge.fml.loading.moddiscovery.ModFileParser/LOADING]: Considering mod file candidate C:\Users\Silvaria Zemaitis\AppData\Roaming\PrismLauncher\instances\IridescentCraft\minecraft\mods\alexsdelight-1.5.jar
[15Mar2026 03:04:11.069] [main/DEBUG] [net.minecraftforge.fml.loading.moddiscovery.ModFileInfo/LOADING]: Found valid mod file alexsdelight-1.5.jar with {alexsdelight} mods - versions {1.5}
[15Mar2026 03:04:11.072] [main/DEBUG] [net.minecraftforge.fml.loading.moddiscovery.ModFileParser/LOADING]: Considering mod file candidate C:\Users\Silvaria Zemaitis\AppData\Roaming\PrismLauncher\instances\IridescentCraft\minecraft\mods\alexsmobs-1.22.9.jar
[15Mar2026 03:04:11.072] [main/DEBUG] [net.minecraftforge.fml.loading.moddiscovery.ModFileInfo/LOADING]: Found valid mod file alexsmobs-1.22.9.jar with {alexsmobs} mods - versions {1.22.9}
[15Mar2026 03:04:11.073] [main/DEBUG] [net.minecraftforge.fml.loading.moddiscovery.ModFileParser/LOADING]: Considering mod file candidate C:\Users\Silvaria Zemaitis\AppData\Roaming\PrismLauncher\instances\IridescentCraft\minecraft\mods\almanac-1.20.x-forge-1.0.2.jar
[15Mar2026 03:04:11.074] [main/DEBUG] [net.minecraftforge.fml.loading.moddiscovery.ModFileInfo/LOADING]: Found valid mod file almanac-1.20.x-forge-1.0.2.jar with {almanac} mods - versions {1.0.2}
[15Mar2026 03:04:11.075] [main/DEBUG] [net.minecraftforge.fml.loading.moddiscovery.ModFileParser/LOADING]: Considering mod file candidate C:\Users\Silvaria Zemaitis\AppData\Roaming\PrismLauncher\instances\IridescentCraft\minecraft\mods\AmbientSounds_FORGE_v6.3.4_mc1.20.1.jar
[15Mar2026 03:04:11.076] [main/DEBUG] [net.minecraftforge.fml.loading.moddiscovery.ModFileInfo/LOADING]: Found valid mod file AmbientSounds_FORGE_v6.3.4_mc1.20.1.jar with {ambientsounds} mods - versions {6.3.4}
[15Mar2026 03:04:11.077] [main/DEBUG] [net.minecraftforge.fml.loading.moddiscovery.ModFileParser/LOADING]: Considering mod file candidate C:\Users\Silvaria Zemaitis\AppData\Roaming\PrismLauncher\instances\IridescentCraft\minecraft\mods\animal_feeding_trough-1.1.0+1.20.1-forge.jar
[15Mar2026 03:04:11.078] [main/DEBUG] [net.minecraftforge.fml.loading.moddiscovery.ModFileInfo/LOADING]: Found valid mod file animal_feeding_trough-1.1.0+1.20.1-forge.jar with {animal_feeding_trough} mods - versions {1.1.0+1.20.1-forge}
[15Mar2026 03:04:11.080] [main/DEBUG] [net.minecraftforge.fml.loading.moddiscovery.ModFileParser/LOADING]: Considering mod file candidate C:\Users\Silvaria Zemaitis\AppData\Roaming\PrismLauncher\instances\IridescentCraft\minecraft\mods\Apotheosis-1.20.1-7.4.8.jar
[15Mar2026 03:04:11.080] [main/DEBUG] [net.minecraftforge.fml.loading.moddiscovery.ModFileInfo/LOADING]: Found valid mod file Apotheosis-1.20.1-7.4.8.jar with {apotheosis} mods - versions {7.4.8}
[15Mar2026 03:04:11.082] [main/DEBUG] [net.minecraftforge.fml.loading.moddiscovery.ModFileParser/LOADING]: Considering mod file candidate C:\Users\Silvaria Zemaitis\AppData\Roaming\PrismLauncher\instances\IridescentCraft\minecraft\mods\ApothicAttributes-1.20.1-1.3.7.jar
[15Mar2026 03:04:11.082] [main/DEBUG] [net.minecraftforge.fml.loading.moddiscovery.ModFileInfo/LOADING]: Found valid mod file ApothicAttributes-1.20.1-1.3.7.jar with {attributeslib} mods - versions {1.3.7}
[15Mar2026 03:04:11.083] [main/DEBUG] [net.minecraftforge.fml.loading.moddiscovery.ModFileParser/LOADING]: Considering mod file candidate C:\Users\Silvaria Zemaitis\AppData\Roaming\PrismLauncher\instances\IridescentCraft\minecraft\mods\appleskin-forge-mc1.20.1-2.5.1.jar
[15Mar2026 03:04:11.083] [main/DEBUG] [net.minecraftforge.fml.loading.moddiscovery.ModFileInfo/LOADING]: Found valid mod file appleskin-forge-mc1.20.1-2.5.1.jar with {appleskin} mods - versions {2.5.1+mc1.20.1}
[15Mar2026 03:04:11.085] [main/DEBUG] [net.minecraftforge.fml.loading.moddiscovery.ModFileParser/LOADING]: Considering mod file candidate C:\Users\Silvaria Zemaitis\AppData\Roaming\PrismLauncher\instances\IridescentCraft\minecraft\mods\Aquaculture-1.20.1-2.5.7.jar
[15Mar2026 03:04:11.085] [main/DEBUG] [net.minecraftforge.fml.loading.moddiscovery.ModFileInfo/LOADING]: Found valid mod file Aquaculture-1.20.1-2.5.7.jar with {aquaculture} mods - versions {2.5.7}
[15Mar2026 03:04:11.086] [main/DEBUG] [net.minecraftforge.fml.loading.moddiscovery.ModFileParser/LOADING]: Considering mod file candidate C:\Users\Silvaria Zemaitis\AppData\Roaming\PrismLauncher\instances\IridescentCraft\minecraft\mods\architectury-9.2.14-forge.jar
[15Mar2026 03:04:11.087] [main/DEBUG] [net.minecraftforge.fml.loading.moddiscovery.ModFileInfo/LOADING]: Found valid mod file architectury-9.2.14-forge.jar with {architectury} mods - versions {9.2.14}
[15Mar2026 03:04:11.088] [main/DEBUG] [net.minecraftforge.fml.loading.moddiscovery.ModFileParser/LOADING]: Considering mod file candidate C:\Users\Silvaria Zemaitis\AppData\Roaming\PrismLauncher\instances\IridescentCraft\minecraft\mods\areaeffectcloud3d-1.0.4.jar
[15Mar2026 03:04:11.088] [main/DEBUG] [net.minecraftforge.fml.loading.moddiscovery.ModFileInfo/LOADING]: Found valid mod file areaeffectcloud3d-1.0.4.jar with {areaeffectcloud3d} mods - versions {1.0.4}
[15Mar2026 03:04:11.090] [main/DEBUG] [net.minecraftforge.fml.loading.moddiscovery.ModFileParser/LOADING]: Considering mod file candidate C:\Users\Silvaria Zemaitis\AppData\Roaming\PrismLauncher\instances\IridescentCraft\minecraft\mods\ArmorDamageLimit-1.20.1-1.0.0.jar
[15Mar2026 03:04:11.090] [main/DEBUG] [net.minecraftforge.fml.loading.moddiscovery.ModFileInfo/LOADING]: Found valid mod file ArmorDamageLimit-1.20.1-1.0.0.jar with {armordamagelimit} mods - versions {1.0.0}
[15Mar2026 03:04:11.091] [main/DEBUG] [net.minecraftforge.fml.loading.moddiscovery.ModFileParser/LOADING]: Considering mod file candidate C:\Users\Silvaria Zemaitis\AppData\Roaming\PrismLauncher\instances\IridescentCraft\minecraft\mods\ArmorUnlocked-1.20-1.0.2.jar
[15Mar2026 03:04:11.091] [main/DEBUG] [net.minecraftforge.fml.loading.moddiscovery.ModFileInfo/LOADING]: Found valid mod file ArmorUnlocked-1.20-1.0.2.jar with {armorunlocked} mods - versions {1.0.2}
[15Mar2026 03:04:11.094] [main/DEBUG] [net.minecraftforge.fml.loading.moddiscovery.ModFileParser/LOADING]: Considering mod file candidate C:\Users\Silvaria Zemaitis\AppData\Roaming\PrismLauncher\instances\IridescentCraft\minecraft\mods\ars_nouveau-1.20.1-4.12.7-all.jar
[15Mar2026 03:04:11.095] [main/DEBUG] [net.minecraftforge.fml.loading.moddiscovery.ModFileInfo/LOADING]: Found valid mod file ars_nouveau-1.20.1-4.12.7-all.jar with {ars_nouveau} mods - versions {4.12.7}
[15Mar2026 03:04:11.096] [main/DEBUG] [net.minecraftforge.fml.loading.moddiscovery.ModFileParser/LOADING]: Considering mod file candidate C:\Users\Silvaria Zemaitis\AppData\Roaming\PrismLauncher\instances\IridescentCraft\minecraft\mods\artifacts-forge-9.5.16.jar
[15Mar2026 03:04:11.097] [main/DEBUG] [net.minecraftforge.fml.loading.moddiscovery.ModFileInfo/LOADING]: Found valid mod file artifacts-forge-9.5.16.jar with {artifacts} mods - versions {9.5.16}
[15Mar2026 03:04:11.098] [main/DEBUG] [net.minecraftforge.fml.loading.moddiscovery.ModFileParser/LOADING]: Considering mod file candidate C:\Users\Silvaria Zemaitis\AppData\Roaming\PrismLauncher\instances\IridescentCraft\minecraft\mods\astages-2.0.0-alpha.6-1.20.1-all.jar
[15Mar2026 03:04:11.098] [main/DEBUG] [net.minecraftforge.fml.loading.moddiscovery.ModFileInfo/LOADING]: Found valid mod file astages-2.0.0-alpha.6-1.20.1-all.jar with {astages} mods - versions {2.0.0-alpha.6-1.20.1}
[15Mar2026 03:04:11.100] [main/DEBUG] [net.minecraftforge.fml.loading.moddiscovery.ModFileParser/LOADING]: Considering mod file candidate C:\Users\Silvaria Zemaitis\AppData\Roaming\PrismLauncher\instances\IridescentCraft\minecraft\mods\astagespufferfishskills-1.0.0-1.20.1.jar
[15Mar2026 03:04:11.100] [main/DEBUG] [net.minecraftforge.fml.loading.moddiscovery.ModFileInfo/LOADING]: Found valid mod file astagespufferfishskills-1.0.0-1.20.1.jar with {astagespufferfishskills} mods - versions {1.0.0-1.20.1}
[15Mar2026 03:04:11.102] [main/DEBUG] [net.minecraftforge.fml.loading.moddiscovery.ModFileParser/LOADING]: Considering mod file candidate C:\Users\Silvaria Zemaitis\AppData\Roaming\PrismLauncher\instances\IridescentCraft\minecraft\mods\athena-forge-1.20.1-3.1.2.jar
[15Mar2026 03:04:11.102] [main/DEBUG] [net.minecraftforge.fml.loading.moddiscovery.ModFileInfo/LOADING]: Found valid mod file athena-forge-1.20.1-3.1.2.jar with {athena} mods - versions {3.1.2}
[15Mar2026 03:04:11.104] [main/DEBUG] [net.minecraftforge.fml.loading.moddiscovery.ModFileParser/LOADING]: Considering mod file candidate C:\Users\Silvaria Zemaitis\AppData\Roaming\PrismLauncher\instances\IridescentCraft\minecraft\mods\AttributeFix-Forge-1.20.1-21.0.5.jar
[15Mar2026 03:04:11.104] [main/DEBUG] [net.minecraftforge.fml.loading.moddiscovery.ModFileInfo/LOADING]: Found valid mod file AttributeFix-Forge-1.20.1-21.0.5.jar with {attributefix} mods - versions {21.0.5}
[15Mar2026 03:04:11.106] [main/DEBUG] [net.minecraftforge.fml.loading.moddiscovery.ModFileParser/LOADING]: Considering mod file candidate C:\Users\Silvaria Zemaitis\AppData\Roaming\PrismLauncher\instances\IridescentCraft\minecraft\mods\attributizer-3.1.jar
[15Mar2026 03:04:11.106] [main/DEBUG] [net.minecraftforge.fml.loading.moddiscovery.ModFileInfo/LOADING]: Found valid mod file attributizer-3.1.jar with {attributizer} mods - versions {3.1}
[15Mar2026 03:04:11.108] [main/DEBUG] [net.minecraftforge.fml.loading.moddiscovery.ModFileParser/LOADING]: Considering mod file candidate C:\Users\Silvaria Zemaitis\AppData\Roaming\PrismLauncher\instances\IridescentCraft\minecraft\mods\auudio_forge_1.0.3_MC_1.19.3.jar
[15Mar2026 03:04:11.108] [main/DEBUG] [net.minecraftforge.fml.loading.moddiscovery.ModFileInfo/LOADING]: Found valid mod file auudio_forge_1.0.3_MC_1.19.3.jar with {auudio} mods - versions {1.0.3}
[15Mar2026 03:04:11.109] [main/DEBUG] [net.minecraftforge.fml.loading.moddiscovery.ModFileParser/LOADING]: Considering mod file candidate C:\Users\Silvaria Zemaitis\AppData\Roaming\PrismLauncher\instances\IridescentCraft\minecraft\mods\azukaarsfairdifficultyoverhaul-1.2.0.jar
[15Mar2026 03:04:11.110] [main/DEBUG] [net.minecraftforge.fml.loading.moddiscovery.ModFileInfo/LOADING]: Found valid mod file azukaarsfairdifficultyoverhaul-1.2.0.jar with {azukaarsfairdifficultyoverhaul} mods - versions {1.2.0}
[15Mar2026 03:04:11.111] [main/DEBUG] [net.minecraftforge.fml.loading.moddiscovery.ModFileParser/LOADING]: Considering mod file candidate C:\Users\Silvaria Zemaitis\AppData\Roaming\PrismLauncher\instances\IridescentCraft\minecraft\mods\BadMobs-1.20.1-19.0.4.jar
[15Mar2026 03:04:11.111] [main/DEBUG] [net.minecraftforge.fml.loading.moddiscovery.ModFileInfo/LOADING]: Found valid mod file BadMobs-1.20.1-19.0.4.jar with {badmobs} mods - versions {19.0.4}
[15Mar2026 03:04:11.113] [main/DEBUG] [net.minecraftforge.fml.loading.moddiscovery.ModFileParser/LOADING]: Considering mod file candidate C:\Users\Silvaria Zemaitis\AppData\Roaming\PrismLauncher\instances\IridescentCraft\minecraft\mods\BadOptimizations-2.4.1-1.20.1.jar
[15Mar2026 03:04:11.113] [main/DEBUG] [net.minecraftforge.fml.loading.moddiscovery.ModFileInfo/LOADING]: Found valid mod file BadOptimizations-2.4.1-1.20.1.jar with {badoptimizations} mods - versions {2.4.1}
[15Mar2026 03:04:11.115] [main/DEBUG] [net.minecraftforge.fml.loading.moddiscovery.ModFileParser/LOADING]: Considering mod file candidate C:\Users\Silvaria Zemaitis\AppData\Roaming\PrismLauncher\instances\IridescentCraft\minecraft\mods\balm-forge-1.20.1-7.3.38-all.jar
[15Mar2026 03:04:11.115] [main/DEBUG] [net.minecraftforge.fml.loading.moddiscovery.ModFileInfo/LOADING]: Found valid mod file balm-forge-1.20.1-7.3.38-all.jar with {balm} mods - versions {7.3.38}
[15Mar2026 03:04:11.117] [main/DEBUG] [net.minecraftforge.fml.loading.moddiscovery.ModFileParser/LOADING]: Considering mod file candidate C:\Users\Silvaria Zemaitis\AppData\Roaming\PrismLauncher\instances\IridescentCraft\minecraft\mods\BEB-Forge-1.20.1-6.0.0.jar
[15Mar2026 03:04:11.117] [main/DEBUG] [net.minecraftforge.fml.loading.moddiscovery.ModFileInfo/LOADING]: Found valid mod file BEB-Forge-1.20.1-6.0.0.jar with {beb} mods - versions {6.0.0}
[15Mar2026 03:04:11.119] [main/DEBUG] [net.minecraftforge.fml.loading.moddiscovery.ModFileParser/LOADING]: Considering mod file candidate C:\Users\Silvaria Zemaitis\AppData\Roaming\PrismLauncher\instances\IridescentCraft\minecraft\mods\BetterAdvancements-Forge-1.20.1-0.4.2.25.jar
[15Mar2026 03:04:11.119] [main/DEBUG] [net.minecraftforge.fml.loading.moddiscovery.ModFileInfo/LOADING]: Found valid mod file BetterAdvancements-Forge-1.20.1-0.4.2.25.jar with {betteradvancements} mods - versions {0.4.2.25}
[15Mar2026 03:04:11.121] [main/DEBUG] [net.minecraftforge.fml.loading.moddiscovery.ModFileParser/LOADING]: Considering mod file candidate C:\Users\Silvaria Zemaitis\AppData\Roaming\PrismLauncher\instances\IridescentCraft\minecraft\mods\BetterAnimationsCollection-v8.0.1-1.20.1-Forge.jar
[15Mar2026 03:04:11.122] [main/DEBUG] [net.minecraftforge.fml.loading.moddiscovery.ModFileInfo/LOADING]: Found valid mod file BetterAnimationsCollection-v8.0.1-1.20.1-Forge.jar with {betteranimationscollection} mods - versions {8.0.1}
[15Mar2026 03:04:11.123] [main/DEBUG] [net.minecraftforge.fml.loading.moddiscovery.ModFileParser/LOADING]: Considering mod file candidate C:\Users\Silvaria Zemaitis\AppData\Roaming\PrismLauncher\instances\IridescentCraft\minecraft\mods\bettercombat-forge-1.9.0+1.20.1.jar
[15Mar2026 03:04:11.124] [main/DEBUG] [net.minecraftforge.fml.loading.moddiscovery.ModFileInfo/LOADING]: Found valid mod file bettercombat-forge-1.9.0+1.20.1.jar with {bettercombat} mods - versions {1.9.0+1.20.1}
[15Mar2026 03:04:11.124] [pool-2-thread-1/INFO] [EARLYDISPLAY/]: GL info: NVIDIA GeForce RTX 5070 Ti/PCIe/SSE2 GL version 4.6.0 NVIDIA 591.86, NVIDIA Corporation
[15Mar2026 03:04:11.125] [main/DEBUG] [net.minecraftforge.fml.loading.moddiscovery.ModFileParser/LOADING]: Considering mod file candidate C:\Users\Silvaria Zemaitis\AppData\Roaming\PrismLauncher\instances\IridescentCraft\minecraft\mods\BetterCompatibilityChecker-forge-4.0.8+mc1.20.1.jar
[15Mar2026 03:04:11.125] [main/DEBUG] [net.minecraftforge.fml.loading.moddiscovery.ModFileInfo/LOADING]: Found valid mod file BetterCompatibilityChecker-forge-4.0.8+mc1.20.1.jar with {bcc} mods - versions {4.0.8}
[15Mar2026 03:04:11.127] [main/DEBUG] [net.minecraftforge.fml.loading.moddiscovery.ModFileParser/LOADING]: Considering mod file candidate C:\Users\Silvaria Zemaitis\AppData\Roaming\PrismLauncher\instances\IridescentCraft\minecraft\mods\BetterCopper 1.20.1-1.3.jar
[15Mar2026 03:04:11.127] [main/DEBUG] [net.minecraftforge.fml.loading.moddiscovery.ModFileInfo/LOADING]: Found valid mod file BetterCopper 1.20.1-1.3.jar with {bettercopper} mods - versions {1.3}
[15Mar2026 03:04:11.128] [main/DEBUG] [net.minecraftforge.fml.loading.moddiscovery.ModFileParser/LOADING]: Considering mod file candidate C:\Users\Silvaria Zemaitis\AppData\Roaming\PrismLauncher\instances\IridescentCraft\minecraft\mods\betterfarmerscombat-1.2-1.20.1.jar
[15Mar2026 03:04:11.129] [main/DEBUG] [net.minecraftforge.fml.loading.moddiscovery.ModFileInfo/LOADING]: Found valid mod file betterfarmerscombat-1.2-1.20.1.jar with {betterfarmerscombat} mods - versions {1.1}
[15Mar2026 03:04:11.130] [main/DEBUG] [net.minecraftforge.fml.loading.moddiscovery.ModFileParser/LOADING]: Considering mod file candidate C:\Users\Silvaria Zemaitis\AppData\Roaming\PrismLauncher\instances\IridescentCraft\minecraft\mods\biggerstacks-1.20.1-2026.02.27-all.jar
[15Mar2026 03:04:11.130] [main/DEBUG] [net.minecraftforge.fml.loading.moddiscovery.ModFileInfo/LOADING]: Found valid mod file biggerstacks-1.20.1-2026.02.27-all.jar with {biggerstacks} mods - versions {1.20.1-2026.02.27}
[15Mar2026 03:04:11.132] [main/DEBUG] [net.minecraftforge.fml.loading.moddiscovery.ModFileParser/LOADING]: Considering mod file candidate C:\Users\Silvaria Zemaitis\AppData\Roaming\PrismLauncher\instances\IridescentCraft\minecraft\mods\biomemusic-1.20.1-3.5.jar
[15Mar2026 03:04:11.133] [main/DEBUG] [net.minecraftforge.fml.loading.moddiscovery.ModFileInfo/LOADING]: Found valid mod file biomemusic-1.20.1-3.5.jar with {biomemusic} mods - versions {1.20.1-3.5}
[15Mar2026 03:04:11.135] [main/DEBUG] [net.minecraftforge.fml.loading.moddiscovery.ModFileParser/LOADING]: Considering mod file candidate C:\Users\Silvaria Zemaitis\AppData\Roaming\PrismLauncher\instances\IridescentCraft\minecraft\mods\BiomesOPlenty-forge-1.20.1-19.0.0.96.jar
[15Mar2026 03:04:11.135] [main/DEBUG] [net.minecraftforge.fml.loading.moddiscovery.ModFileInfo/LOADING]: Found valid mod file BiomesOPlenty-forge-1.20.1-19.0.0.96.jar with {biomesoplenty} mods - versions {19.0.0.96}
[15Mar2026 03:04:11.137] [main/DEBUG] [net.minecraftforge.fml.loading.moddiscovery.ModFileParser/LOADING]: Considering mod file candidate C:\Users\Silvaria Zemaitis\AppData\Roaming\PrismLauncher\instances\IridescentCraft\minecraft\mods\biomespawnpoint-1.20.1-2.4.jar
[15Mar2026 03:04:11.137] [main/DEBUG] [net.minecraftforge.fml.loading.moddiscovery.ModFileInfo/LOADING]: Found valid mod file biomespawnpoint-1.20.1-2.4.jar with {biomespawnpoint} mods - versions {2.4}
[15Mar2026 03:04:11.138] [main/DEBUG] [net.minecraftforge.fml.loading.moddiscovery.ModFileParser/LOADING]: Considering mod file candidate C:\Users\Silvaria Zemaitis\AppData\Roaming\PrismLauncher\instances\IridescentCraft\minecraft\mods\blahaj-forge+1.20.1-0.6.2.jar
[15Mar2026 03:04:11.138] [main/DEBUG] [net.minecraftforge.fml.loading.moddiscovery.ModFileInfo/LOADING]: Found valid mod file blahaj-forge+1.20.1-0.6.2.jar with {blahaj} mods - versions {0.6.2}
[15Mar2026 03:04:11.140] [main/DEBUG] [net.minecraftforge.fml.loading.moddiscovery.ModFileParser/LOADING]: Considering mod file candidate C:\Users\Silvaria Zemaitis\AppData\Roaming\PrismLauncher\instances\IridescentCraft\minecraft\mods\blastingsand-forge-1.20.1-12.3.jar
[15Mar2026 03:04:11.140] [main/DEBUG] [net.minecraftforge.fml.loading.moddiscovery.ModFileInfo/LOADING]: Found valid mod file blastingsand-forge-1.20.1-12.3.jar with {blastingsand} mods - versions {12.1}
[15Mar2026 03:04:11.142] [main/DEBUG] [net.minecraftforge.fml.loading.moddiscovery.ModFileParser/LOADING]: Considering mod file candidate C:\Users\Silvaria Zemaitis\AppData\Roaming\PrismLauncher\instances\IridescentCraft\minecraft\mods\blockui-1.20.1-1.0.194-snapshot.jar
[15Mar2026 03:04:11.142] [main/DEBUG] [net.minecraftforge.fml.loading.moddiscovery.ModFileInfo/LOADING]: Found valid mod file blockui-1.20.1-1.0.194-snapshot.jar with {blockui} mods - versions {1.20.1-1.0.194-snapshot}
[15Mar2026 03:04:11.146] [main/DEBUG] [net.minecraftforge.fml.loading.moddiscovery.ModFileParser/LOADING]: Considering mod file candidate C:\Users\Silvaria Zemaitis\AppData\Roaming\PrismLauncher\instances\IridescentCraft\minecraft\mods\blue_skies-1.20.1-1.3.31.jar
[15Mar2026 03:04:11.146] [main/DEBUG] [net.minecraftforge.fml.loading.moddiscovery.ModFileInfo/LOADING]: Found valid mod file blue_skies-1.20.1-1.3.31.jar with {blue_skies} mods - versions {1.3.31}
[15Mar2026 03:04:11.148] [main/DEBUG] [net.minecraftforge.fml.loading.moddiscovery.ModFileParser/LOADING]: Considering mod file candidate C:\Users\Silvaria Zemaitis\AppData\Roaming\PrismLauncher\instances\IridescentCraft\minecraft\mods\blueprint-1.20.1-7.1.3.jar
[15Mar2026 03:04:11.148] [main/DEBUG] [net.minecraftforge.fml.loading.moddiscovery.ModFileInfo/LOADING]: Found valid mod file blueprint-1.20.1-7.1.3.jar with {blueprint} mods - versions {7.1.3}
[15Mar2026 03:04:11.151] [main/DEBUG] [net.minecraftforge.fml.loading.moddiscovery.ModFileParser/LOADING]: Considering mod file candidate C:\Users\Silvaria Zemaitis\AppData\Roaming\PrismLauncher\instances\IridescentCraft\minecraft\mods\Bookshelf-Forge-1.20.1-20.2.15.jar
[15Mar2026 03:04:11.151] [main/DEBUG] [net.minecraftforge.fml.loading.moddiscovery.ModFileInfo/LOADING]: Found valid mod file Bookshelf-Forge-1.20.1-20.2.15.jar with {bookshelf} mods - versions {20.2.15}
[15Mar2026 03:04:11.152] [main/DEBUG] [net.minecraftforge.fml.loading.moddiscovery.ModFileParser/LOADING]: Considering mod file candidate C:\Users\Silvaria Zemaitis\AppData\Roaming\PrismLauncher\instances\IridescentCraft\minecraft\mods\boss_checklist-forge-3.4.0.jar
[15Mar2026 03:04:11.152] [main/DEBUG] [net.minecraftforge.fml.loading.moddiscovery.ModFileInfo/LOADING]: Found valid mod file boss_checklist-forge-3.4.0.jar with {boss_checklist} mods - versions {3.4.0}
[15Mar2026 03:04:11.154] [main/DEBUG] [net.minecraftforge.fml.loading.moddiscovery.ModFileParser/LOADING]: Considering mod file candidate C:\Users\Silvaria Zemaitis\AppData\Roaming\PrismLauncher\instances\IridescentCraft\minecraft\mods\bossultimatum-forge-1.0.0-1.20.1.jar
[15Mar2026 03:04:11.154] [main/DEBUG] [net.minecraftforge.fml.loading.moddiscovery.ModFileInfo/LOADING]: Found valid mod file bossultimatum-forge-1.0.0-1.20.1.jar with {bossultimatum} mods - versions {1.0.0}
[15Mar2026 03:04:11.158] [main/DEBUG] [net.minecraftforge.fml.loading.moddiscovery.ModFileParser/LOADING]: Considering mod file candidate C:\Users\Silvaria Zemaitis\AppData\Roaming\PrismLauncher\instances\IridescentCraft\minecraft\mods\Botania-1.20.1-451-FORGE.jar
[15Mar2026 03:04:11.158] [main/DEBUG] [net.minecraftforge.fml.loading.moddiscovery.ModFileInfo/LOADING]: Found valid mod file Botania-1.20.1-451-FORGE.jar with {botania} mods - versions {1.20.1-451-FORGE}
[15Mar2026 03:04:11.160] [main/DEBUG] [net.minecraftforge.fml.loading.moddiscovery.ModFileParser/LOADING]: Considering mod file candidate C:\Users\Silvaria Zemaitis\AppData\Roaming\PrismLauncher\instances\IridescentCraft\minecraft\mods\botarium-forge-1.20.1-2.3.4.jar
[15Mar2026 03:04:11.160] [main/DEBUG] [net.minecraftforge.fml.loading.moddiscovery.ModFileInfo/LOADING]: Found valid mod file botarium-forge-1.20.1-2.3.4.jar with {botarium} mods - versions {2.3.4}
[15Mar2026 03:04:11.162] [main/DEBUG] [net.minecraftforge.fml.loading.moddiscovery.ModFileParser/LOADING]: Considering mod file candidate C:\Users\Silvaria Zemaitis\AppData\Roaming\PrismLauncher\instances\IridescentCraft\minecraft\mods\BrewinAndChewin-1.20.1-3.2.1.jar
[15Mar2026 03:04:11.162] [main/DEBUG] [net.minecraftforge.fml.loading.moddiscovery.ModFileInfo/LOADING]: Found valid mod file BrewinAndChewin-1.20.1-3.2.1.jar with {brewinandchewin} mods - versions {1.20.1-3.2.1}
[15Mar2026 03:04:11.163] [main/DEBUG] [net.minecraftforge.fml.loading.moddiscovery.ModFileParser/LOADING]: Considering mod file candidate C:\Users\Silvaria Zemaitis\AppData\Roaming\PrismLauncher\instances\IridescentCraft\minecraft\mods\brutalbosses-1.20.1-8.5.jar
[15Mar2026 03:04:11.164] [main/DEBUG] [net.minecraftforge.fml.loading.moddiscovery.ModFileInfo/LOADING]: Found valid mod file brutalbosses-1.20.1-8.5.jar with {brutalbosses} mods - versions {1.20.1-8.5}
[15Mar2026 03:04:11.165] [main/DEBUG] [net.minecraftforge.fml.loading.moddiscovery.ModFileParser/LOADING]: Considering mod file candidate C:\Users\Silvaria Zemaitis\AppData\Roaming\PrismLauncher\instances\IridescentCraft\minecraft\mods\bygonenether-1.3.2-1.20.x.jar
[15Mar2026 03:04:11.165] [main/DEBUG] [net.minecraftforge.fml.loading.moddiscovery.ModFileInfo/LOADING]: Found valid mod file bygonenether-1.3.2-1.20.x.jar with {bygonenether} mods - versions {1.3.2}
[15Mar2026 03:04:11.166] [main/DEBUG] [net.minecraftforge.fml.loading.moddiscovery.ModFileParser/LOADING]: Considering mod file candidate C:\Users\Silvaria Zemaitis\AppData\Roaming\PrismLauncher\instances\IridescentCraft\minecraft\mods\cabletiers-1.20.1-1.2.2.jar
[15Mar2026 03:04:11.167] [main/DEBUG] [net.minecraftforge.fml.loading.moddiscovery.ModFileInfo/LOADING]: Found valid mod file cabletiers-1.20.1-1.2.2.jar with {cabletiers} mods - versions {1.20.1-1.2.2}
[15Mar2026 03:04:11.168] [main/DEBUG] [net.minecraftforge.fml.loading.moddiscovery.ModFileParser/LOADING]: Considering mod file candidate C:\Users\Silvaria Zemaitis\AppData\Roaming\PrismLauncher\instances\IridescentCraft\minecraft\mods\caelus-forge-3.2.0+1.20.1.jar
[15Mar2026 03:04:11.168] [main/DEBUG] [net.minecraftforge.fml.loading.moddiscovery.ModFileInfo/LOADING]: Found valid mod file caelus-forge-3.2.0+1.20.1.jar with {caelus} mods - versions {3.2.0+1.20.1}
[15Mar2026 03:04:11.170] [main/DEBUG] [net.minecraftforge.fml.loading.moddiscovery.ModFileParser/LOADING]: Considering mod file candidate C:\Users\Silvaria Zemaitis\AppData\Roaming\PrismLauncher\instances\IridescentCraft\minecraft\mods\canary-mc1.20.1-0.3.3.jar
[15Mar2026 03:04:11.170] [main/DEBUG] [net.minecraftforge.fml.loading.moddiscovery.ModFileInfo/LOADING]: Found valid mod file canary-mc1.20.1-0.3.3.jar with {canary} mods - versions {0.3.3}
[15Mar2026 03:04:11.171] [main/DEBUG] [net.minecraftforge.fml.loading.moddiscovery.ModFileParser/LOADING]: Considering mod file candidate C:\Users\Silvaria Zemaitis\AppData\Roaming\PrismLauncher\instances\IridescentCraft\minecraft\mods\cataclysm_ut-53 - 1.20.1.jar
[15Mar2026 03:04:11.172] [main/DEBUG] [net.minecraftforge.fml.loading.moddiscovery.ModFileInfo/LOADING]: Found valid mod file cataclysm_ut-53 - 1.20.1.jar with {cataclysm_ut} mods - versions {1.9.10}
[15Mar2026 03:04:11.173] [main/DEBUG] [net.minecraftforge.fml.loading.moddiscovery.ModFileParser/LOADING]: Considering mod file candidate C:\Users\Silvaria Zemaitis\AppData\Roaming\PrismLauncher\instances\IridescentCraft\minecraft\mods\cataclysmiccombat-1.4.1-1.20.1.jar
[15Mar2026 03:04:11.173] [main/DEBUG] [net.minecraftforge.fml.loading.moddiscovery.ModFileInfo/LOADING]: Found valid mod file cataclysmiccombat-1.4.1-1.20.1.jar with {cataclysmiccombat} mods - versions {1.4}
[15Mar2026 03:04:11.175] [main/DEBUG] [net.minecraftforge.fml.loading.moddiscovery.ModFileParser/LOADING]: Considering mod file candidate C:\Users\Silvaria Zemaitis\AppData\Roaming\PrismLauncher\instances\IridescentCraft\minecraft\mods\celestial_artifacts-1.5.9.jar
[15Mar2026 03:04:11.175] [main/DEBUG] [net.minecraftforge.fml.loading.moddiscovery.ModFileInfo/LOADING]: Found valid mod file celestial_artifacts-1.5.9.jar with {celestial_artifacts} mods - versions {1.5.9}
[15Mar2026 03:04:11.176] [main/DEBUG] [net.minecraftforge.fml.loading.moddiscovery.ModFileParser/LOADING]: Considering mod file candidate C:\Users\Silvaria Zemaitis\AppData\Roaming\PrismLauncher\instances\IridescentCraft\minecraft\mods\celestial_core-1.5.6.jar
[15Mar2026 03:04:11.176] [main/DEBUG] [net.minecraftforge.fml.loading.moddiscovery.ModFileInfo/LOADING]: Found valid mod file celestial_core-1.5.6.jar with {celestial_core} mods - versions {1.5.6}
[15Mar2026 03:04:11.178] [main/DEBUG] [net.minecraftforge.fml.loading.moddiscovery.ModFileParser/LOADING]: Considering mod file candidate C:\Users\Silvaria Zemaitis\AppData\Roaming\PrismLauncher\instances\IridescentCraft\minecraft\mods\champions-forge-1.20.1-2.1.12.6.jar
[15Mar2026 03:04:11.178] [main/DEBUG] [net.minecraftforge.fml.loading.moddiscovery.ModFileInfo/LOADING]: Found valid mod file champions-forge-1.20.1-2.1.12.6.jar with {champions} mods - versions {1.20.1-2.1.12.6}
[15Mar2026 03:04:11.179] [main/DEBUG] [net.minecraftforge.fml.loading.moddiscovery.ModFileParser/LOADING]: Considering mod file candidate C:\Users\Silvaria Zemaitis\AppData\Roaming\PrismLauncher\instances\IridescentCraft\minecraft\mods\chat_heads-0.15.0-forge-1.20.jar
[15Mar2026 03:04:11.180] [main/DEBUG] [net.minecraftforge.fml.loading.moddiscovery.ModFileInfo/LOADING]: Found valid mod file chat_heads-0.15.0-forge-1.20.jar with {chat_heads} mods - versions {0.15.0}
[15Mar2026 03:04:11.181] [main/DEBUG] [net.minecraftforge.fml.loading.moddiscovery.ModFileParser/LOADING]: Considering mod file candidate C:\Users\Silvaria Zemaitis\AppData\Roaming\PrismLauncher\instances\IridescentCraft\minecraft\mods\cherry_samurai_temple-1.0.1 Forge 1.20.1.jar
[15Mar2026 03:04:11.181] [main/DEBUG] [net.minecraftforge.fml.loading.moddiscovery.ModFileInfo/LOADING]: Found valid mod file cherry_samurai_temple-1.0.1 Forge 1.20.1.jar with {cherry_samurai_temple} mods - versions {1.0.1}
[15Mar2026 03:04:11.182] [main/DEBUG] [net.minecraftforge.fml.loading.moddiscovery.ModFileParser/LOADING]: Considering mod file candidate C:\Users\Silvaria Zemaitis\AppData\Roaming\PrismLauncher\instances\IridescentCraft\minecraft\mods\cherry_village-1.20.1-1.0.0-Forge.jar
[15Mar2026 03:04:11.183] [main/DEBUG] [net.minecraftforge.fml.loading.moddiscovery.ModFileInfo/LOADING]: Found valid mod file cherry_village-1.20.1-1.0.0-Forge.jar with {cherry_village} mods - versions {1.20.1-1.0.0-Forge}
[15Mar2026 03:04:11.190] [main/DEBUG] [net.minecraftforge.fml.loading.moddiscovery.ModFileParser/LOADING]: Considering mod file candidate C:\Users\Silvaria Zemaitis\AppData\Roaming\PrismLauncher\instances\IridescentCraft\minecraft\mods\chipped-forge-1.20.1-3.0.7.jar
[15Mar2026 03:04:11.190] [main/DEBUG] [net.minecraftforge.fml.loading.moddiscovery.ModFileInfo/LOADING]: Found valid mod file chipped-forge-1.20.1-3.0.7.jar with {chipped} mods - versions {3.0.7}
[15Mar2026 03:04:11.192] [main/DEBUG] [net.minecraftforge.fml.loading.moddiscovery.ModFileParser/LOADING]: Considering mod file candidate C:\Users\Silvaria Zemaitis\AppData\Roaming\PrismLauncher\instances\IridescentCraft\minecraft\mods\chisels-and-bits-forge-20.1.20.jar
[15Mar2026 03:04:11.192] [main/DEBUG] [net.minecraftforge.fml.loading.moddiscovery.ModFileInfo/LOADING]: Found valid mod file chisels-and-bits-forge-20.1.20.jar with {chiselsandbits} mods - versions {20.1.20}
[15Mar2026 03:04:11.193] [main/DEBUG] [net.minecraftforge.fml.loading.moddiscovery.ModFileParser/LOADING]: Considering mod file candidate C:\Users\Silvaria Zemaitis\AppData\Roaming\PrismLauncher\instances\IridescentCraft\minecraft\mods\Chunky-1.3.146.jar
[15Mar2026 03:04:11.194] [main/DEBUG] [net.minecraftforge.fml.loading.moddiscovery.ModFileInfo/LOADING]: Found valid mod file Chunky-1.3.146.jar with {chunky} mods - versions {1.3.146}
[15Mar2026 03:04:11.195] [main/DEBUG] [net.minecraftforge.fml.loading.moddiscovery.ModFileParser/LOADING]: Considering mod file candidate C:\Users\Silvaria Zemaitis\AppData\Roaming\PrismLauncher\instances\IridescentCraft\minecraft\mods\chunky-player-pause-1.0.0.jar
[15Mar2026 03:04:11.196] [main/DEBUG] [net.minecraftforge.fml.loading.moddiscovery.ModFileInfo/LOADING]: Found valid mod file chunky-player-pause-1.0.0.jar with {mr_chunky_playerpause} mods - versions {1.0.0}
[15Mar2026 03:04:11.197] [main/DEBUG] [net.minecraftforge.fml.loading.moddiscovery.ModFileParser/LOADING]: Considering mod file candidate C:\Users\Silvaria Zemaitis\AppData\Roaming\PrismLauncher\instances\IridescentCraft\minecraft\mods\citadel-2.6.3-1.20.1.jar
[15Mar2026 03:04:11.198] [main/DEBUG] [net.minecraftforge.fml.loading.moddiscovery.ModFileInfo/LOADING]: Found valid mod file citadel-2.6.3-1.20.1.jar with {citadel} mods - versions {2.6.3}
[15Mar2026 03:04:11.199] [main/DEBUG] [net.minecraftforge.fml.loading.moddiscovery.ModFileParser/LOADING]: Considering mod file candidate C:\Users\Silvaria Zemaitis\AppData\Roaming\PrismLauncher\instances\IridescentCraft\minecraft\mods\cloth-config-11.1.136-forge.jar
[15Mar2026 03:04:11.199] [main/DEBUG] [net.minecraftforge.fml.loading.moddiscovery.ModFileInfo/LOADING]: Found valid mod file cloth-config-11.1.136-forge.jar with {cloth_config} mods - versions {11.1.136}
[15Mar2026 03:04:11.200] [main/DEBUG] [net.minecraftforge.fml.loading.moddiscovery.ModFileParser/LOADING]: Considering mod file candidate C:\Users\Silvaria Zemaitis\AppData\Roaming\PrismLauncher\instances\IridescentCraft\minecraft\mods\Clumps-forge-1.20.1-12.0.0.4.jar
[15Mar2026 03:04:11.201] [main/DEBUG] [net.minecraftforge.fml.loading.moddiscovery.ModFileInfo/LOADING]: Found valid mod file Clumps-forge-1.20.1-12.0.0.4.jar with {clumps} mods - versions {12.0.0.4}
[15Mar2026 03:04:11.205] [main/DEBUG] [net.minecraftforge.fml.loading.moddiscovery.ModFileParser/LOADING]: Considering mod file candidate C:\Users\Silvaria Zemaitis\AppData\Roaming\PrismLauncher\instances\IridescentCraft\minecraft\mods\CodeChickenLib-1.20.1-4.4.0.516-universal.jar
[15Mar2026 03:04:11.205] [main/DEBUG] [net.minecraftforge.fml.loading.moddiscovery.ModFileInfo/LOADING]: Found valid mod file CodeChickenLib-1.20.1-4.4.0.516-universal.jar with {codechickenlib} mods - versions {4.4.0.516}
[15Mar2026 03:04:11.207] [main/DEBUG] [net.minecraftforge.fml.loading.moddiscovery.ModFileParser/LOADING]: Considering mod file candidate C:\Users\Silvaria Zemaitis\AppData\Roaming\PrismLauncher\instances\IridescentCraft\minecraft\mods\cofh_core-1.20.1-11.0.2.56.jar
[15Mar2026 03:04:11.207] [main/DEBUG] [net.minecraftforge.fml.loading.moddiscovery.ModFileInfo/LOADING]: Found valid mod file cofh_core-1.20.1-11.0.2.56.jar with {cofh_core} mods - versions {11.0.2}
[15Mar2026 03:04:11.209] [main/DEBUG] [net.minecraftforge.fml.loading.moddiscovery.ModFileParser/LOADING]: Considering mod file candidate C:\Users\Silvaria Zemaitis\AppData\Roaming\PrismLauncher\instances\IridescentCraft\minecraft\mods\collective-1.20.1-8.13.jar
[15Mar2026 03:04:11.209] [main/DEBUG] [net.minecraftforge.fml.loading.moddiscovery.ModFileInfo/LOADING]: Found valid mod file collective-1.20.1-8.13.jar with {collective} mods - versions {8.13}
[15Mar2026 03:04:11.211] [main/DEBUG] [net.minecraftforge.fml.loading.moddiscovery.ModFileParser/LOADING]: Considering mod file candidate C:\Users\Silvaria Zemaitis\AppData\Roaming\PrismLauncher\instances\IridescentCraft\minecraft\mods\comforts-forge-6.4.0+1.20.1.jar
[15Mar2026 03:04:11.211] [main/DEBUG] [net.minecraftforge.fml.loading.moddiscovery.ModFileInfo/LOADING]: Found valid mod file comforts-forge-6.4.0+1.20.1.jar with {comforts} mods - versions {6.4.0+1.20.1}
[15Mar2026 03:04:11.213] [main/DEBUG] [net.minecraftforge.fml.loading.moddiscovery.ModFileParser/LOADING]: Considering mod file candidate C:\Users\Silvaria Zemaitis\AppData\Roaming\PrismLauncher\instances\IridescentCraft\minecraft\mods\common-networking-forge-1.0.5-1.20.1.jar
[15Mar2026 03:04:11.213] [main/DEBUG] [net.minecraftforge.fml.loading.moddiscovery.ModFileInfo/LOADING]: Found valid mod file common-networking-forge-1.0.5-1.20.1.jar with {commonnetworking} mods - versions {1.0.5-1.20.1}
[15Mar2026 03:04:11.215] [main/DEBUG] [net.minecraftforge.fml.loading.moddiscovery.ModFileParser/LOADING]: Considering mod file candidate C:\Users\Silvaria Zemaitis\AppData\Roaming\PrismLauncher\instances\IridescentCraft\minecraft\mods\configurableextramobdrops-1.20.1-3.5.jar
[15Mar2026 03:04:11.215] [main/DEBUG] [net.minecraftforge.fml.loading.moddiscovery.ModFileInfo/LOADING]: Found valid mod file configurableextramobdrops-1.20.1-3.5.jar with {configurableextramobdrops} mods - versions {3.5}
[15Mar2026 03:04:11.217] [main/DEBUG] [net.minecraftforge.fml.loading.moddiscovery.ModFileParser/LOADING]: Considering mod file candidate C:\Users\Silvaria Zemaitis\AppData\Roaming\PrismLauncher\instances\IridescentCraft\minecraft\mods\configured-forge-1.20.1-2.2.3.jar
[15Mar2026 03:04:11.217] [main/DEBUG] [net.minecraftforge.fml.loading.moddiscovery.ModFileInfo/LOADING]: Found valid mod file configured-forge-1.20.1-2.2.3.jar with {configured} mods - versions {2.2.3}
[15Mar2026 03:04:11.219] [main/DEBUG] [net.minecraftforge.fml.loading.moddiscovery.ModFileParser/LOADING]: Considering mod file candidate C:\Users\Silvaria Zemaitis\AppData\Roaming\PrismLauncher\instances\IridescentCraft\minecraft\mods\connectedglass-1.1.14-forge-mc1.20.1.jar
[15Mar2026 03:04:11.220] [main/DEBUG] [net.minecraftforge.fml.loading.moddiscovery.ModFileInfo/LOADING]: Found valid mod file connectedglass-1.1.14-forge-mc1.20.1.jar with {connectedglass} mods - versions {1.1.14}
[15Mar2026 03:04:11.221] [main/DEBUG] [net.minecraftforge.fml.loading.moddiscovery.ModFileParser/LOADING]: Considering mod file candidate C:\Users\Silvaria Zemaitis\AppData\Roaming\PrismLauncher\instances\IridescentCraft\minecraft\mods\connectivity-1.20.1-7.6.jar
[15Mar2026 03:04:11.222] [main/DEBUG] [net.minecraftforge.fml.loading.moddiscovery.ModFileInfo/LOADING]: Found valid mod file connectivity-1.20.1-7.6.jar with {connectivity} mods - versions {1.20.1-7.6}
[15Mar2026 03:04:11.223] [main/DEBUG] [net.minecraftforge.fml.loading.moddiscovery.ModFileParser/LOADING]: Considering mod file candidate C:\Users\Silvaria Zemaitis\AppData\Roaming\PrismLauncher\instances\IridescentCraft\minecraft\mods\ConnectorExtras-1.11.2+1.20.1.jar
[15Mar2026 03:04:11.224] [main/DEBUG] [net.minecraftforge.fml.loading.moddiscovery.ModFileInfo/LOADING]: Found valid mod file ConnectorExtras-1.11.2+1.20.1.jar with {connectorextras} mods - versions {1.11.2+1.20.1}
[15Mar2026 03:04:11.226] [main/DEBUG] [net.minecraftforge.fml.loading.moddiscovery.ModFileParser/LOADING]: Considering mod file candidate C:\Users\Silvaria Zemaitis\AppData\Roaming\PrismLauncher\instances\IridescentCraft\minecraft\mods\Controlling-forge-1.20.1-12.0.2.jar
[15Mar2026 03:04:11.226] [main/DEBUG] [net.minecraftforge.fml.loading.moddiscovery.ModFileInfo/LOADING]: Found valid mod file Controlling-forge-1.20.1-12.0.2.jar with {controlling} mods - versions {12.0.2}
[15Mar2026 03:04:11.228] [main/DEBUG] [net.minecraftforge.fml.loading.moddiscovery.ModFileParser/LOADING]: Considering mod file candidate C:\Users\Silvaria Zemaitis\AppData\Roaming\PrismLauncher\instances\IridescentCraft\minecraft\mods\cookingforblockheads-forge-1.20.1-16.0.15.jar
[15Mar2026 03:04:11.229] [main/DEBUG] [net.minecraftforge.fml.loading.moddiscovery.ModFileInfo/LOADING]: Found valid mod file cookingforblockheads-forge-1.20.1-16.0.15.jar with {cookingforblockheads} mods - versions {16.0.15}
[15Mar2026 03:04:11.230] [main/DEBUG] [net.minecraftforge.fml.loading.moddiscovery.ModFileParser/LOADING]: Considering mod file candidate C:\Users\Silvaria Zemaitis\AppData\Roaming\PrismLauncher\instances\IridescentCraft\minecraft\mods\Corgilib-Forge-1.20.1-4.0.3.4.jar
[15Mar2026 03:04:11.231] [main/DEBUG] [net.minecraftforge.fml.loading.moddiscovery.ModFileInfo/LOADING]: Found valid mod file Corgilib-Forge-1.20.1-4.0.3.4.jar with {corgilib} mods - versions {4.0.3.4}
[15Mar2026 03:04:11.232] [main/DEBUG] [net.minecraftforge.fml.loading.moddiscovery.ModFileParser/LOADING]: Considering mod file candidate C:\Users\Silvaria Zemaitis\AppData\Roaming\PrismLauncher\instances\IridescentCraft\minecraft\mods\coroutil-forge-1.20.1-1.3.7.jar
[15Mar2026 03:04:11.233] [main/DEBUG] [net.minecraftforge.fml.loading.moddiscovery.ModFileInfo/LOADING]: Found valid mod file coroutil-forge-1.20.1-1.3.7.jar with {coroutil} mods - versions {1.20.1-1.3.7}
[15Mar2026 03:04:11.234] [main/DEBUG] [net.minecraftforge.fml.loading.moddiscovery.ModFileParser/LOADING]: Considering mod file candidate C:\Users\Silvaria Zemaitis\AppData\Roaming\PrismLauncher\instances\IridescentCraft\minecraft\mods\corpse-forge-1.20.1-1.0.23.jar
[15Mar2026 03:04:11.235] [main/DEBUG] [net.minecraftforge.fml.loading.moddiscovery.ModFileInfo/LOADING]: Found valid mod file corpse-forge-1.20.1-1.0.23.jar with {corpse} mods - versions {1.20.1-1.0.23}
[15Mar2026 03:04:11.237] [main/DEBUG] [net.minecraftforge.fml.loading.moddiscovery.ModFileParser/LOADING]: Considering mod file candidate C:\Users\Silvaria Zemaitis\AppData\Roaming\PrismLauncher\instances\IridescentCraft\minecraft\mods\cosmeticarmorreworked-1.20.1-v1a.jar
[15Mar2026 03:04:11.237] [main/DEBUG] [net.minecraftforge.fml.loading.moddiscovery.ModFileInfo/LOADING]: Found valid mod file cosmeticarmorreworked-1.20.1-v1a.jar with {cosmeticarmorreworked} mods - versions {1.20.1-v1a}
[15Mar2026 03:04:11.239] [main/DEBUG] [net.minecraftforge.fml.loading.moddiscovery.ModFileParser/LOADING]: Considering mod file candidate C:\Users\Silvaria Zemaitis\AppData\Roaming\PrismLauncher\instances\IridescentCraft\minecraft\mods\craftingtweaks-forge-1.20.1-18.2.8.jar
[15Mar2026 03:04:11.239] [main/DEBUG] [net.minecraftforge.fml.loading.moddiscovery.ModFileInfo/LOADING]: Found valid mod file craftingtweaks-forge-1.20.1-18.2.8.jar with {craftingtweaks} mods - versions {18.2.8}
[15Mar2026 03:04:11.240] [main/DEBUG] [net.minecraftforge.fml.loading.moddiscovery.ModFileParser/LOADING]: Considering mod file candidate C:\Users\Silvaria Zemaitis\AppData\Roaming\PrismLauncher\instances\IridescentCraft\minecraft\mods\craftslimeforge-1.0.0.jar
[15Mar2026 03:04:11.241] [main/DEBUG] [net.minecraftforge.fml.loading.moddiscovery.ModFileInfo/LOADING]: Found valid mod file craftslimeforge-1.0.0.jar with {craftslimeforge} mods - versions {1.0.0}
[15Mar2026 03:04:11.243] [main/DEBUG] [net.minecraftforge.fml.loading.moddiscovery.ModFileParser/LOADING]: Considering mod file candidate C:\Users\Silvaria Zemaitis\AppData\Roaming\PrismLauncher\instances\IridescentCraft\minecraft\mods\CraftTweaker-forge-1.20.1-14.0.59.jar
[15Mar2026 03:04:11.243] [main/DEBUG] [net.minecraftforge.fml.loading.moddiscovery.ModFileInfo/LOADING]: Found valid mod file CraftTweaker-forge-1.20.1-14.0.59.jar with {crafttweaker} mods - versions {14.0.59}
[15Mar2026 03:04:11.248] [main/DEBUG] [net.minecraftforge.fml.loading.moddiscovery.ModFileParser/LOADING]: Considering mod file candidate C:\Users\Silvaria Zemaitis\AppData\Roaming\PrismLauncher\instances\IridescentCraft\minecraft\mods\create-1.20.1-6.0.8.jar
[15Mar2026 03:04:11.248] [main/DEBUG] [net.minecraftforge.fml.loading.moddiscovery.ModFileInfo/LOADING]: Found valid mod file create-1.20.1-6.0.8.jar with {create} mods - versions {6.0.8}
[15Mar2026 03:04:11.250] [main/DEBUG] [net.minecraftforge.fml.loading.moddiscovery.ModFileParser/LOADING]: Considering mod file candidate C:\Users\Silvaria Zemaitis\AppData\Roaming\PrismLauncher\instances\IridescentCraft\minecraft\mods\createaddition-1.20.1-1.3.3.jar
[15Mar2026 03:04:11.250] [main/DEBUG] [net.minecraftforge.fml.loading.moddiscovery.ModFileInfo/LOADING]: Found valid mod file createaddition-1.20.1-1.3.3.jar with {createaddition} mods - versions {1.20.1-1.3.3}
[15Mar2026 03:04:11.252] [main/DEBUG] [net.minecraftforge.fml.loading.moddiscovery.ModFileParser/LOADING]: Considering mod file candidate C:\Users\Silvaria Zemaitis\AppData\Roaming\PrismLauncher\instances\IridescentCraft\minecraft\mods\createestrogen-1.0.0+1.20.1-forge.jar
[15Mar2026 03:04:11.253] [main/DEBUG] [net.minecraftforge.fml.loading.moddiscovery.ModFileInfo/LOADING]: Found valid mod file createestrogen-1.0.0+1.20.1-forge.jar with {createestrogen} mods - versions {1.0.0+1.20.1}
[15Mar2026 03:04:11.254] [main/DEBUG] [net.minecraftforge.fml.loading.moddiscovery.ModFileParser/LOADING]: Considering mod file candidate C:\Users\Silvaria Zemaitis\AppData\Roaming\PrismLauncher\instances\IridescentCraft\minecraft\mods\creategenderless-1.1.1.jar
[15Mar2026 03:04:11.255] [main/DEBUG] [net.minecraftforge.fml.loading.moddiscovery.ModFileInfo/LOADING]: Found valid mod file creategenderless-1.1.1.jar with {creategenderless} mods - versions {1.1.1}
[15Mar2026 03:04:11.256] [main/DEBUG] [net.minecraftforge.fml.loading.moddiscovery.ModFileParser/LOADING]: Considering mod file candidate C:\Users\Silvaria Zemaitis\AppData\Roaming\PrismLauncher\instances\IridescentCraft\minecraft\mods\CreativeCore_FORGE_v2.12.35_mc1.20.1.jar
[15Mar2026 03:04:11.257] [main/DEBUG] [net.minecraftforge.fml.loading.moddiscovery.ModFileInfo/LOADING]: Found valid mod file CreativeCore_FORGE_v2.12.35_mc1.20.1.jar with {creativecore} mods - versions {2.12.35}
[15Mar2026 03:04:11.258] [main/DEBUG] [net.minecraftforge.fml.loading.moddiscovery.ModFileParser/LOADING]: Considering mod file candidate C:\Users\Silvaria Zemaitis\AppData\Roaming\PrismLauncher\instances\IridescentCraft\minecraft\mods\creeperoverhaul-3.0.2-forge.jar
[15Mar2026 03:04:11.259] [main/DEBUG] [net.minecraftforge.fml.loading.moddiscovery.ModFileInfo/LOADING]: Found valid mod file creeperoverhaul-3.0.2-forge.jar with {creeperoverhaul} mods - versions {3.0.2}
[15Mar2026 03:04:11.260] [main/DEBUG] [net.minecraftforge.fml.loading.moddiscovery.ModFileParser/LOADING]: Considering mod file candidate C:\Users\Silvaria Zemaitis\AppData\Roaming\PrismLauncher\instances\IridescentCraft\minecraft\mods\crust-1.20.1-3.6.13.jar
[15Mar2026 03:04:11.261] [main/DEBUG] [net.minecraftforge.fml.loading.moddiscovery.ModFileInfo/LOADING]: Found valid mod file crust-1.20.1-3.6.13.jar with {crust} mods - versions {3.6.13}
[15Mar2026 03:04:11.262] [main/DEBUG] [net.minecraftforge.fml.loading.moddiscovery.ModFileParser/LOADING]: Considering mod file candidate C:\Users\Silvaria Zemaitis\AppData\Roaming\PrismLauncher\instances\IridescentCraft\minecraft\mods\CTM-1.20.1-1.1.10.jar
[15Mar2026 03:04:11.262] [main/DEBUG] [net.minecraftforge.fml.loading.moddiscovery.ModFileInfo/LOADING]: Found valid mod file CTM-1.20.1-1.1.10.jar with {ctm} mods - versions {1.20.1-1.1.10}
[15Mar2026 03:04:11.264] [main/DEBUG] [net.minecraftforge.fml.loading.moddiscovery.ModFileParser/LOADING]: Considering mod file candidate C:\Users\Silvaria Zemaitis\AppData\Roaming\PrismLauncher\instances\IridescentCraft\minecraft\mods\Cucumber-1.20.1-7.0.16.jar
[15Mar2026 03:04:11.265] [main/DEBUG] [net.minecraftforge.fml.loading.moddiscovery.ModFileInfo/LOADING]: Found valid mod file Cucumber-1.20.1-7.0.16.jar with {cucumber} mods - versions {7.0.16}
[15Mar2026 03:04:11.266] [main/DEBUG] [net.minecraftforge.fml.loading.moddiscovery.ModFileParser/LOADING]: Considering mod file candidate C:\Users\Silvaria Zemaitis\AppData\Roaming\PrismLauncher\instances\IridescentCraft\minecraft\mods\culturaldelights-0.16.5.jar
[15Mar2026 03:04:11.267] [main/DEBUG] [net.minecraftforge.fml.loading.moddiscovery.ModFileInfo/LOADING]: Found valid mod file culturaldelights-0.16.5.jar with {culturaldelights} mods - versions {0.16.5}
[15Mar2026 03:04:11.268] [main/DEBUG] [net.minecraftforge.fml.loading.moddiscovery.ModFileParser/LOADING]: Considering mod file candidate C:\Users\Silvaria Zemaitis\AppData\Roaming\PrismLauncher\instances\IridescentCraft\minecraft\mods\cupboard-1.20.1-3.0.jar
[15Mar2026 03:04:11.268] [main/DEBUG] [net.minecraftforge.fml.loading.moddiscovery.ModFileInfo/LOADING]: Found valid mod file cupboard-1.20.1-3.0.jar with {cupboard} mods - versions {1.20.1-3.0}
[15Mar2026 03:04:11.270] [main/DEBUG] [net.minecraftforge.fml.loading.moddiscovery.ModFileParser/LOADING]: Considering mod file candidate C:\Users\Silvaria Zemaitis\AppData\Roaming\PrismLauncher\instances\IridescentCraft\minecraft\mods\curios-forge-5.14.1+1.20.1.jar
[15Mar2026 03:04:11.271] [main/DEBUG] [net.minecraftforge.fml.loading.moddiscovery.ModFileInfo/LOADING]: Found valid mod file curios-forge-5.14.1+1.20.1.jar with {curios} mods - versions {5.14.1+1.20.1}
[15Mar2026 03:04:11.273] [main/DEBUG] [net.minecraftforge.fml.loading.moddiscovery.ModFileParser/LOADING]: Considering mod file candidate C:\Users\Silvaria Zemaitis\AppData\Roaming\PrismLauncher\instances\IridescentCraft\minecraft\mods\CutThrough-v8.0.2-1.20.1-Forge.jar
[15Mar2026 03:04:11.273] [main/DEBUG] [net.minecraftforge.fml.loading.moddiscovery.ModFileInfo/LOADING]: Found valid mod file CutThrough-v8.0.2-1.20.1-Forge.jar with {cutthrough} mods - versions {8.0.2}
[15Mar2026 03:04:11.275] [main/DEBUG] [net.minecraftforge.fml.loading.moddiscovery.ModFileParser/LOADING]: Considering mod file candidate C:\Users\Silvaria Zemaitis\AppData\Roaming\PrismLauncher\instances\IridescentCraft\minecraft\mods\cynosure-0.1.15-forge.jar
[15Mar2026 03:04:11.275] [main/DEBUG] [net.minecraftforge.fml.loading.moddiscovery.ModFileInfo/LOADING]: Found valid mod file cynosure-0.1.15-forge.jar with {cynosure} mods - versions {0.1.15}
[15Mar2026 03:04:11.277] [main/DEBUG] [net.minecraftforge.fml.loading.moddiscovery.ModFileParser/LOADING]: Considering mod file candidate C:\Users\Silvaria Zemaitis\AppData\Roaming\PrismLauncher\instances\IridescentCraft\minecraft\mods\darkorb-forge-1.20.1-1.0.3.jar
[15Mar2026 03:04:11.278] [main/DEBUG] [net.minecraftforge.fml.loading.moddiscovery.ModFileInfo/LOADING]: Found valid mod file darkorb-forge-1.20.1-1.0.3.jar with {darkorb} mods - versions {1.0.3}
[15Mar2026 03:04:11.279] [main/DEBUG] [net.minecraftforge.fml.loading.moddiscovery.ModFileParser/LOADING]: Considering mod file candidate C:\Users\Silvaria Zemaitis\AppData\Roaming\PrismLauncher\instances\IridescentCraft\minecraft\mods\Data_Anchor-forge-1.20.1-1.0.0.20.jar
[15Mar2026 03:04:11.280] [main/DEBUG] [net.minecraftforge.fml.loading.moddiscovery.ModFileInfo/LOADING]: Found valid mod file Data_Anchor-forge-1.20.1-1.0.0.20.jar with {dataanchor} mods - versions {1.0.0.20}
[15Mar2026 03:04:11.282] [main/DEBUG] [net.minecraftforge.fml.loading.moddiscovery.ModFileParser/LOADING]: Considering mod file candidate C:\Users\Silvaria Zemaitis\AppData\Roaming\PrismLauncher\instances\IridescentCraft\minecraft\mods\decorative_blocks-forge-1.20.1-4.1.3.jar
[15Mar2026 03:04:11.282] [main/DEBUG] [net.minecraftforge.fml.loading.moddiscovery.ModFileInfo/LOADING]: Found valid mod file decorative_blocks-forge-1.20.1-4.1.3.jar with {decorative_blocks} mods - versions {4.1.3}
[15Mar2026 03:04:11.284] [main/DEBUG] [net.minecraftforge.fml.loading.moddiscovery.ModFileParser/LOADING]: Considering mod file candidate C:\Users\Silvaria Zemaitis\AppData\Roaming\PrismLauncher\instances\IridescentCraft\minecraft\mods\decorative_lgbt_wall_flags_150.jar
[15Mar2026 03:04:11.284] [main/DEBUG] [net.minecraftforge.fml.loading.moddiscovery.ModFileInfo/LOADING]: Found valid mod file decorative_lgbt_wall_flags_150.jar with {decorative_lgbt_wall_flags} mods - versions {1.5.0}
[15Mar2026 03:04:11.286] [main/DEBUG] [net.minecraftforge.fml.loading.moddiscovery.ModFileParser/LOADING]: Considering mod file candidate C:\Users\Silvaria Zemaitis\AppData\Roaming\PrismLauncher\instances\IridescentCraft\minecraft\mods\deep_aether-1.20.1-1.1.7.jar
[15Mar2026 03:04:11.286] [main/DEBUG] [net.minecraftforge.fml.loading.moddiscovery.ModFileInfo/LOADING]: Found valid mod file deep_aether-1.20.1-1.1.7.jar with {deep_aether} mods - versions {1.20.1-1.1.7}
[15Mar2026 03:04:11.289] [main/DEBUG] [net.minecraftforge.fml.loading.moddiscovery.ModFileParser/LOADING]: Considering mod file candidate C:\Users\Silvaria Zemaitis\AppData\Roaming\PrismLauncher\instances\IridescentCraft\minecraft\mods\deeperdarker-forge-1.20.1-1.3.3.jar
[15Mar2026 03:04:11.289] [main/DEBUG] [net.minecraftforge.fml.loading.moddiscovery.ModFileInfo/LOADING]: Found valid mod file deeperdarker-forge-1.20.1-1.3.3.jar with {deeperdarker} mods - versions {1.3.3}
[15Mar2026 03:04:11.291] [main/DEBUG] [net.minecraftforge.fml.loading.moddiscovery.ModFileParser/LOADING]: Considering mod file candidate C:\Users\Silvaria Zemaitis\AppData\Roaming\PrismLauncher\instances\IridescentCraft\minecraft\mods\deimos-1.20.1-forge-2.5.jar
[15Mar2026 03:04:11.291] [main/DEBUG] [net.minecraftforge.fml.loading.moddiscovery.ModFileInfo/LOADING]: Found valid mod file deimos-1.20.1-forge-2.5.jar with {deimos} mods - versions {2.5}
[15Mar2026 03:04:11.294] [main/DEBUG] [net.minecraftforge.fml.loading.moddiscovery.ModFileParser/LOADING]: Considering mod file candidate C:\Users\Silvaria Zemaitis\AppData\Roaming\PrismLauncher\instances\IridescentCraft\minecraft\mods\Delightful-1.20.1-3.7.8.jar
[15Mar2026 03:04:11.295] [main/DEBUG] [net.minecraftforge.fml.loading.moddiscovery.ModFileInfo/LOADING]: Found valid mod file Delightful-1.20.1-3.7.8.jar with {delightful} mods - versions {3.7.8}
[15Mar2026 03:04:11.297] [main/DEBUG] [net.minecraftforge.fml.loading.moddiscovery.ModFileParser/LOADING]: Considering mod file candidate C:\Users\Silvaria Zemaitis\AppData\Roaming\PrismLauncher\instances\IridescentCraft\minecraft\mods\Difficult Caves 1.0.0 - 1.20.1.jar
[15Mar2026 03:04:11.297] [main/DEBUG] [net.minecraftforge.fml.loading.moddiscovery.ModFileInfo/LOADING]: Found valid mod file Difficult Caves 1.0.0 - 1.20.1.jar with {difficult_caves} mods - versions {1.0.0}
[15Mar2026 03:04:11.299] [main/DEBUG] [net.minecraftforge.fml.loading.moddiscovery.ModFileParser/LOADING]: Considering mod file candidate C:\Users\Silvaria Zemaitis\AppData\Roaming\PrismLauncher\instances\IridescentCraft\minecraft\mods\Disenchanting-forge-1.20.1-2.2.4.jar
[15Mar2026 03:04:11.299] [main/DEBUG] [net.minecraftforge.fml.loading.moddiscovery.ModFileInfo/LOADING]: Found valid mod file Disenchanting-forge-1.20.1-2.2.4.jar with {disenchanting} mods - versions {2.2.3}
[15Mar2026 03:04:11.301] [main/DEBUG] [net.minecraftforge.fml.loading.moddiscovery.ModFileParser/LOADING]: Considering mod file candidate C:\Users\Silvaria Zemaitis\AppData\Roaming\PrismLauncher\instances\IridescentCraft\minecraft\mods\domum_ornamentum-1.20.1-1.0.296-universal.jar
[15Mar2026 03:04:11.301] [main/DEBUG] [net.minecraftforge.fml.loading.moddiscovery.ModFileInfo/LOADING]: Found valid mod file domum_ornamentum-1.20.1-1.0.296-universal.jar with {domum_ornamentum} mods - versions {1.20.1-1.0.296}
[15Mar2026 03:04:11.303] [main/DEBUG] [net.minecraftforge.fml.loading.moddiscovery.ModFileParser/LOADING]: Considering mod file candidate C:\Users\Silvaria Zemaitis\AppData\Roaming\PrismLauncher\instances\IridescentCraft\minecraft\mods\Dungeon Crawl-1.20.1-2.3.15.jar
[15Mar2026 03:04:11.303] [main/DEBUG] [net.minecraftforge.fml.loading.moddiscovery.ModFileInfo/LOADING]: Found valid mod file Dungeon Crawl-1.20.1-2.3.15.jar with {dungeoncrawl} mods - versions {2.3.15}
[15Mar2026 03:04:11.305] [main/DEBUG] [net.minecraftforge.fml.loading.moddiscovery.ModFileParser/LOADING]: Considering mod file candidate C:\Users\Silvaria Zemaitis\AppData\Roaming\PrismLauncher\instances\IridescentCraft\minecraft\mods\dungeons_plus-1.20.1-1.5.0.jar
[15Mar2026 03:04:11.306] [main/DEBUG] [net.minecraftforge.fml.loading.moddiscovery.ModFileInfo/LOADING]: Found valid mod file dungeons_plus-1.20.1-1.5.0.jar with {dungeons_plus} mods - versions {1.5.0}
[15Mar2026 03:04:11.308] [main/DEBUG] [net.minecraftforge.fml.loading.moddiscovery.ModFileParser/LOADING]: Considering mod file candidate C:\Users\Silvaria Zemaitis\AppData\Roaming\PrismLauncher\instances\IridescentCraft\minecraft\mods\DungeonsArise-1.20.x-2.1.58-release.jar
[15Mar2026 03:04:11.308] [main/DEBUG] [net.minecraftforge.fml.loading.moddiscovery.ModFileInfo/LOADING]: Found valid mod file DungeonsArise-1.20.x-2.1.58-release.jar with {dungeons_arise} mods - versions {2.1.58-1.20.x}
[15Mar2026 03:04:11.310] [main/DEBUG] [net.minecraftforge.fml.loading.moddiscovery.ModFileParser/LOADING]: Considering mod file candidate C:\Users\Silvaria Zemaitis\AppData\Roaming\PrismLauncher\instances\IridescentCraft\minecraft\mods\EasyAnvils-v8.0.2-1.20.1-Forge.jar
[15Mar2026 03:04:11.311] [main/DEBUG] [net.minecraftforge.fml.loading.moddiscovery.ModFileInfo/LOADING]: Found valid mod file EasyAnvils-v8.0.2-1.20.1-Forge.jar with {easyanvils} mods - versions {8.0.2}
[15Mar2026 03:04:11.313] [main/DEBUG] [net.minecraftforge.fml.loading.moddiscovery.ModFileParser/LOADING]: Considering mod file candidate C:\Users\Silvaria Zemaitis\AppData\Roaming\PrismLauncher\instances\IridescentCraft\minecraft\mods\EasyMagic-v8.0.1-1.20.1-Forge.jar
[15Mar2026 03:04:11.313] [main/DEBUG] [net.minecraftforge.fml.loading.moddiscovery.ModFileInfo/LOADING]: Found valid mod file EasyMagic-v8.0.1-1.20.1-Forge.jar with {easymagic} mods - versions {8.0.1}
[15Mar2026 03:04:11.315] [main/DEBUG] [net.minecraftforge.fml.loading.moddiscovery.ModFileParser/LOADING]: Considering mod file candidate C:\Users\Silvaria Zemaitis\AppData\Roaming\PrismLauncher\instances\IridescentCraft\minecraft\mods\edf-remastered-4.3.jar
[15Mar2026 03:04:11.315] [main/DEBUG] [net.minecraftforge.fml.loading.moddiscovery.ModFileInfo/LOADING]: Found valid mod file edf-remastered-4.3.jar with {mr_edf_remastered} mods - versions {4.3}
[15Mar2026 03:04:11.317] [main/DEBUG] [net.minecraftforge.fml.loading.moddiscovery.ModFileParser/LOADING]: Considering mod file candidate C:\Users\Silvaria Zemaitis\AppData\Roaming\PrismLauncher\instances\IridescentCraft\minecraft\mods\EdivadLib-1.20.1-2.0.1.jar
[15Mar2026 03:04:11.317] [main/DEBUG] [net.minecraftforge.fml.loading.moddiscovery.ModFileInfo/LOADING]: Found valid mod file EdivadLib-1.20.1-2.0.1.jar with {edivadlib} mods - versions {2.0.1}
[15Mar2026 03:04:11.319] [main/DEBUG] [net.minecraftforge.fml.loading.moddiscovery.ModFileParser/LOADING]: Considering mod file candidate C:\Users\Silvaria Zemaitis\AppData\Roaming\PrismLauncher\instances\IridescentCraft\minecraft\mods\elytraslot-forge-6.4.4+1.20.1.jar
[15Mar2026 03:04:11.319] [main/DEBUG] [net.minecraftforge.fml.loading.moddiscovery.ModFileInfo/LOADING]: Found valid mod file elytraslot-forge-6.4.4+1.20.1.jar with {elytraslot} mods - versions {6.4.4+1.20.1}
[15Mar2026 03:04:11.321] [main/DEBUG] [net.minecraftforge.fml.loading.moddiscovery.ModFileParser/LOADING]: Considering mod file candidate C:\Users\Silvaria Zemaitis\AppData\Roaming\PrismLauncher\instances\IridescentCraft\minecraft\mods\embeddium-0.3.31+mc1.20.1.jar
[15Mar2026 03:04:11.321] [main/DEBUG] [net.minecraftforge.fml.loading.moddiscovery.ModFileInfo/LOADING]: Found valid mod file embeddium-0.3.31+mc1.20.1.jar with {embeddium,rubidium} mods - versions {0.3.31+mc1.20.1,0.7.1}
[15Mar2026 03:04:11.323] [main/DEBUG] [net.minecraftforge.fml.loading.moddiscovery.ModFileParser/LOADING]: Considering mod file candidate C:\Users\Silvaria Zemaitis\AppData\Roaming\PrismLauncher\instances\IridescentCraft\minecraft\mods\EnchantmentDescriptions-Forge-1.20.1-17.1.21.jar
[15Mar2026 03:04:11.323] [main/DEBUG] [net.minecraftforge.fml.loading.moddiscovery.ModFileInfo/LOADING]: Found valid mod file EnchantmentDescriptions-Forge-1.20.1-17.1.21.jar with {enchdesc} mods - versions {17.1.21}
[15Mar2026 03:04:11.325] [main/DEBUG] [net.minecraftforge.fml.loading.moddiscovery.ModFileParser/LOADING]: Considering mod file candidate C:\Users\Silvaria Zemaitis\AppData\Roaming\PrismLauncher\instances\IridescentCraft\minecraft\mods\enchantmentlevelcapindicator-1.20.1-1.1.jar
[15Mar2026 03:04:11.325] [main/DEBUG] [net.minecraftforge.fml.loading.moddiscovery.ModFileInfo/LOADING]: Found valid mod file enchantmentlevelcapindicator-1.20.1-1.1.jar with {enchantmentlevelcapindicator} mods - versions {1.1}
[15Mar2026 03:04:11.326] [main/DEBUG] [net.minecraftforge.fml.loading.moddiscovery.ModFileParser/LOADING]: Considering mod file candidate C:\Users\Silvaria Zemaitis\AppData\Roaming\PrismLauncher\instances\IridescentCraft\minecraft\mods\enchantmenttransfer-0.0.6-1.20.1.jar
[15Mar2026 03:04:11.327] [main/DEBUG] [net.minecraftforge.fml.loading.moddiscovery.ModFileInfo/LOADING]: Found valid mod file enchantmenttransfer-0.0.6-1.20.1.jar with {enchantmenttransfer} mods - versions {0.0.6}
[15Mar2026 03:04:11.328] [main/DEBUG] [net.minecraftforge.fml.loading.moddiscovery.ModFileParser/LOADING]: Considering mod file candidate C:\Users\Silvaria Zemaitis\AppData\Roaming\PrismLauncher\instances\IridescentCraft\minecraft\mods\enderchests-forge-1.20.1-1.4.jar
[15Mar2026 03:04:11.328] [main/DEBUG] [net.minecraftforge.fml.loading.moddiscovery.ModFileInfo/LOADING]: Found valid mod file enderchests-forge-1.20.1-1.4.jar with {enderchests} mods - versions {1.20.1-1.4}
[15Mar2026 03:04:11.331] [main/DEBUG] [net.minecraftforge.fml.loading.moddiscovery.ModFileParser/LOADING]: Considering mod file candidate C:\Users\Silvaria Zemaitis\AppData\Roaming\PrismLauncher\instances\IridescentCraft\minecraft\mods\EnderStorage-1.20.1-2.11.0.188-universal.jar
[15Mar2026 03:04:11.331] [main/DEBUG] [net.minecraftforge.fml.loading.moddiscovery.ModFileInfo/LOADING]: Found valid mod file EnderStorage-1.20.1-2.11.0.188-universal.jar with {enderstorage} mods - versions {2.11.0.188}
[15Mar2026 03:04:11.333] [main/DEBUG] [net.minecraftforge.fml.loading.moddiscovery.ModFileParser/LOADING]: Considering mod file candidate C:\Users\Silvaria Zemaitis\AppData\Roaming\PrismLauncher\instances\IridescentCraft\minecraft\mods\endportalrecipe-1.20.1-5.7.jar
[15Mar2026 03:04:11.333] [main/DEBUG] [net.minecraftforge.fml.loading.moddiscovery.ModFileInfo/LOADING]: Found valid mod file endportalrecipe-1.20.1-5.7.jar with {endportalrecipe} mods - versions {5.7}
[15Mar2026 03:04:11.334] [main/DEBUG] [net.minecraftforge.fml.loading.moddiscovery.ModFileParser/LOADING]: Considering mod file candidate C:\Users\Silvaria Zemaitis\AppData\Roaming\PrismLauncher\instances\IridescentCraft\minecraft\mods\enemyexpansion-2.3.1-forge-1.20.1.jar
[15Mar2026 03:04:11.334] [main/DEBUG] [net.minecraftforge.fml.loading.moddiscovery.ModFileInfo/LOADING]: Found valid mod file enemyexpansion-2.3.1-forge-1.20.1.jar with {enemyexpansion} mods - versions {2.3.1}
[15Mar2026 03:04:11.336] [main/DEBUG] [net.minecraftforge.fml.loading.moddiscovery.ModFileParser/LOADING]: Considering mod file candidate C:\Users\Silvaria Zemaitis\AppData\Roaming\PrismLauncher\instances\IridescentCraft\minecraft\mods\Enhanced-Celestials-forge-1.20.1-5.0.3.1.jar
[15Mar2026 03:04:11.336] [main/DEBUG] [net.minecraftforge.fml.loading.moddiscovery.ModFileInfo/LOADING]: Found valid mod file Enhanced-Celestials-forge-1.20.1-5.0.3.1.jar with {enhancedcelestials} mods - versions {1.20.1-5.0.3.1}
[15Mar2026 03:04:11.337] [main/DEBUG] [net.minecraftforge.fml.loading.moddiscovery.ModFileParser/LOADING]: Considering mod file candidate C:\Users\Silvaria Zemaitis\AppData\Roaming\PrismLauncher\instances\IridescentCraft\minecraft\mods\ensorcellation-1.20.1-5.0.2.24.jar
[15Mar2026 03:04:11.337] [main/DEBUG] [net.minecraftforge.fml.loading.moddiscovery.ModFileInfo/LOADING]: Found valid mod file ensorcellation-1.20.1-5.0.2.24.jar with {ensorcellation} mods - versions {5.0.2}
[15Mar2026 03:04:11.339] [main/DEBUG] [net.minecraftforge.fml.loading.moddiscovery.ModFileParser/LOADING]: Considering mod file candidate C:\Users\Silvaria Zemaitis\AppData\Roaming\PrismLauncher\instances\IridescentCraft\minecraft\mods\entityculling-forge-1.9.5-mc1.20.1.jar
[15Mar2026 03:04:11.339] [main/DEBUG] [net.minecraftforge.fml.loading.moddiscovery.ModFileInfo/LOADING]: Found valid mod file entityculling-forge-1.9.5-mc1.20.1.jar with {entityculling} mods - versions {1.9.5}
[15Mar2026 03:04:11.340] [main/DEBUG] [net.minecraftforge.fml.loading.moddiscovery.ModFileParser/LOADING]: Considering mod file candidate C:\Users\Silvaria Zemaitis\AppData\Roaming\PrismLauncher\instances\IridescentCraft\minecraft\mods\Epic Dungeons-0.1.04-Forge-1.19-1.20.1.jar
[15Mar2026 03:04:11.341] [main/DEBUG] [net.minecraftforge.fml.loading.moddiscovery.ModFileInfo/LOADING]: Found valid mod file Epic Dungeons-0.1.04-Forge-1.19-1.20.1.jar with {overhauledstructures} mods - versions {1.19~1.20.1}
[15Mar2026 03:04:11.343] [main/DEBUG] [net.minecraftforge.fml.loading.moddiscovery.ModFileParser/LOADING]: Considering mod file candidate C:\Users\Silvaria Zemaitis\AppData\Roaming\PrismLauncher\instances\IridescentCraft\minecraft\mods\estrogen-5.0.8+1.20.1-forge.jar
[15Mar2026 03:04:11.343] [main/DEBUG] [net.minecraftforge.fml.loading.moddiscovery.ModFileInfo/LOADING]: Found valid mod file estrogen-5.0.8+1.20.1-forge.jar with {estrogen} mods - versions {5.0.8+1.20.1}
[15Mar2026 03:04:11.344] [main/DEBUG] [net.minecraftforge.fml.loading.moddiscovery.ModFileParser/LOADING]: Considering mod file candidate C:\Users\Silvaria Zemaitis\AppData\Roaming\PrismLauncher\instances\IridescentCraft\minecraft\mods\experienced_crops-1.20.1-1.1.0-forge.jar
[15Mar2026 03:04:11.344] [main/DEBUG] [net.minecraftforge.fml.loading.moddiscovery.ModFileInfo/LOADING]: Found valid mod file experienced_crops-1.20.1-1.1.0-forge.jar with {experienced_crops} mods - versions {1.20.1-1.1.0}
[15Mar2026 03:04:11.346] [main/DEBUG] [net.minecraftforge.fml.loading.moddiscovery.ModFileParser/LOADING]: Considering mod file candidate C:\Users\Silvaria Zemaitis\AppData\Roaming\PrismLauncher\instances\IridescentCraft\minecraft\mods\explorations-forge-1.20.1-1.6.1.jar
[15Mar2026 03:04:11.346] [main/DEBUG] [net.minecraftforge.fml.loading.moddiscovery.ModFileInfo/LOADING]: Found valid mod file explorations-forge-1.20.1-1.6.1.jar with {explorations} mods - versions {1.20.1-1.6.1}
[15Mar2026 03:04:11.347] [main/DEBUG] [net.minecraftforge.fml.loading.moddiscovery.ModFileParser/LOADING]: Considering mod file candidate C:\Users\Silvaria Zemaitis\AppData\Roaming\PrismLauncher\instances\IridescentCraft\minecraft\mods\ExplorersCompass-1.20.1-1.3.3-forge.jar
[15Mar2026 03:04:11.347] [main/DEBUG] [net.minecraftforge.fml.loading.moddiscovery.ModFileInfo/LOADING]: Found valid mod file ExplorersCompass-1.20.1-1.3.3-forge.jar with {explorerscompass} mods - versions {1.20.1-1.3.3-forge}
[15Mar2026 03:04:11.349] [main/DEBUG] [net.minecraftforge.fml.loading.moddiscovery.ModFileParser/LOADING]: Considering mod file candidate C:\Users\Silvaria Zemaitis\AppData\Roaming\PrismLauncher\instances\IridescentCraft\minecraft\mods\Explorify v1.6.4 f15-88.mod.jar
[15Mar2026 03:04:11.349] [main/DEBUG] [net.minecraftforge.fml.loading.moddiscovery.ModFileInfo/LOADING]: Found valid mod file Explorify v1.6.4 f15-88.mod.jar with {explorify} mods - versions {1.6.4}
[15Mar2026 03:04:11.350] [main/DEBUG] [net.minecraftforge.fml.loading.moddiscovery.ModFileParser/LOADING]: Considering mod file candidate C:\Users\Silvaria Zemaitis\AppData\Roaming\PrismLauncher\instances\IridescentCraft\minecraft\mods\ExtraDisks-1.20.1-3.0.3.jar
[15Mar2026 03:04:11.350] [main/DEBUG] [net.minecraftforge.fml.loading.moddiscovery.ModFileInfo/LOADING]: Found valid mod file ExtraDisks-1.20.1-3.0.3.jar with {extradisks} mods - versions {1.20.1-3.0.3}
[15Mar2026 03:04:11.352] [main/DEBUG] [net.minecraftforge.fml.loading.moddiscovery.ModFileParser/LOADING]: Considering mod file candidate C:\Users\Silvaria Zemaitis\AppData\Roaming\PrismLauncher\instances\IridescentCraft\minecraft\mods\ExtraStorage-1.20.1-4.0.7.jar
[15Mar2026 03:04:11.352] [main/DEBUG] [net.minecraftforge.fml.loading.moddiscovery.ModFileInfo/LOADING]: Found valid mod file ExtraStorage-1.20.1-4.0.7.jar with {extrastorage} mods - versions {4.0.7}
[15Mar2026 03:04:11.353] [main/DEBUG] [net.minecraftforge.fml.loading.moddiscovery.ModFileParser/LOADING]: Considering mod file candidate C:\Users\Silvaria Zemaitis\AppData\Roaming\PrismLauncher\instances\IridescentCraft\minecraft\mods\fabric-api-0.92.6+1.11.14+1.20.1.jar
[15Mar2026 03:04:11.353] [main/DEBUG] [net.minecraftforge.fml.loading.moddiscovery.ModFileInfo/LOADING]: Found valid mod file fabric-api-0.92.6+1.11.14+1.20.1.jar with {fabric_api} mods - versions {0.92.6+1.11.14+1.20.1}
[15Mar2026 03:04:11.355] [main/DEBUG] [net.minecraftforge.fml.loading.moddiscovery.ModFileParser/LOADING]: Considering mod file candidate C:\Users\Silvaria Zemaitis\AppData\Roaming\PrismLauncher\instances\IridescentCraft\minecraft\mods\fallingleaves-1.20.1-2.1.2.jar
[15Mar2026 03:04:11.355] [main/DEBUG] [net.minecraftforge.fml.loading.moddiscovery.ModFileInfo/LOADING]: Found valid mod file fallingleaves-1.20.1-2.1.2.jar with {fallingleaves} mods - versions {2.1.2}
[15Mar2026 03:04:11.356] [main/DEBUG] [net.minecraftforge.fml.loading.moddiscovery.ModFileParser/LOADING]: Considering mod file candidate C:\Users\Silvaria Zemaitis\AppData\Roaming\PrismLauncher\instances\IridescentCraft\minecraft\mods\FarmersDelight-1.20.1-1.2.10.jar
[15Mar2026 03:04:11.357] [main/DEBUG] [net.minecraftforge.fml.loading.moddiscovery.ModFileInfo/LOADING]: Found valid mod file FarmersDelight-1.20.1-1.2.10.jar with {farmersdelight} mods - versions {1.20.1-1.2.10}
[15Mar2026 03:04:11.358] [main/DEBUG] [net.minecraftforge.fml.loading.moddiscovery.ModFileParser/LOADING]: Considering mod file candidate C:\Users\Silvaria Zemaitis\AppData\Roaming\PrismLauncher\instances\IridescentCraft\minecraft\mods\farmingforblockheads-forge-1.20.1-14.0.4.jar
[15Mar2026 03:04:11.358] [main/DEBUG] [net.minecraftforge.fml.loading.moddiscovery.ModFileInfo/LOADING]: Found valid mod file farmingforblockheads-forge-1.20.1-14.0.4.jar with {farmingforblockheads} mods - versions {14.0.4}
[15Mar2026 03:04:11.359] [main/DEBUG] [net.minecraftforge.fml.loading.moddiscovery.ModFileParser/LOADING]: Considering mod file candidate C:\Users\Silvaria Zemaitis\AppData\Roaming\PrismLauncher\instances\IridescentCraft\minecraft\mods\FastFurnace-1.20.1-8.0.2.jar
[15Mar2026 03:04:11.360] [main/DEBUG] [net.minecraftforge.fml.loading.moddiscovery.ModFileInfo/LOADING]: Found valid mod file FastFurnace-1.20.1-8.0.2.jar with {fastfurnace} mods - versions {8.0.2}
[15Mar2026 03:04:11.361] [main/DEBUG] [net.minecraftforge.fml.loading.moddiscovery.ModFileParser/LOADING]: Considering mod file candidate C:\Users\Silvaria Zemaitis\AppData\Roaming\PrismLauncher\instances\IridescentCraft\minecraft\mods\FastLeafDecay-32.jar
[15Mar2026 03:04:11.361] [main/DEBUG] [net.minecraftforge.fml.loading.moddiscovery.ModFileInfo/LOADING]: Found valid mod file FastLeafDecay-32.jar with {fastleafdecay} mods - versions {32}
[15Mar2026 03:04:11.363] [main/DEBUG] [net.minecraftforge.fml.loading.moddiscovery.ModFileParser/LOADING]: Considering mod file candidate C:\Users\Silvaria Zemaitis\AppData\Roaming\PrismLauncher\instances\IridescentCraft\minecraft\mods\FastSuite-1.20.1-5.1.2.jar
[15Mar2026 03:04:11.363] [main/DEBUG] [net.minecraftforge.fml.loading.moddiscovery.ModFileInfo/LOADING]: Found valid mod file FastSuite-1.20.1-5.1.2.jar with {fastsuite} mods - versions {5.1.2}
[15Mar2026 03:04:11.364] [main/DEBUG] [net.minecraftforge.fml.loading.moddiscovery.ModFileParser/LOADING]: Considering mod file candidate C:\Users\Silvaria Zemaitis\AppData\Roaming\PrismLauncher\instances\IridescentCraft\minecraft\mods\FastWorkbench-1.20.1-8.0.4.jar
[15Mar2026 03:04:11.364] [main/DEBUG] [net.minecraftforge.fml.loading.moddiscovery.ModFileInfo/LOADING]: Found valid mod file FastWorkbench-1.20.1-8.0.4.jar with {fastbench} mods - versions {8.0.4}
[15Mar2026 03:04:11.366] [main/DEBUG] [net.minecraftforge.fml.loading.moddiscovery.ModFileParser/LOADING]: Considering mod file candidate C:\Users\Silvaria Zemaitis\AppData\Roaming\PrismLauncher\instances\IridescentCraft\minecraft\mods\ferritecore-6.0.1-forge.jar
[15Mar2026 03:04:11.366] [main/DEBUG] [net.minecraftforge.fml.loading.moddiscovery.ModFileInfo/LOADING]: Found valid mod file ferritecore-6.0.1-forge.jar with {ferritecore} mods - versions {6.0.1}
[15Mar2026 03:04:11.368] [main/DEBUG] [net.minecraftforge.fml.loading.moddiscovery.ModFileParser/LOADING]: Considering mod file candidate C:\Users\Silvaria Zemaitis\AppData\Roaming\PrismLauncher\instances\IridescentCraft\minecraft\mods\findme-3.2.3-forge.jar
[15Mar2026 03:04:11.368] [main/DEBUG] [net.minecraftforge.fml.loading.moddiscovery.ModFileInfo/LOADING]: Found valid mod file findme-3.2.3-forge.jar with {findme} mods - versions {3.2.3}
[15Mar2026 03:04:11.369] [main/DEBUG] [net.minecraftforge.fml.loading.moddiscovery.ModFileParser/LOADING]: Considering mod file candidate C:\Users\Silvaria Zemaitis\AppData\Roaming\PrismLauncher\instances\IridescentCraft\minecraft\mods\FluxNetworks-1.20.1-7.2.1.15.jar
[15Mar2026 03:04:11.369] [main/DEBUG] [net.minecraftforge.fml.loading.moddiscovery.ModFileInfo/LOADING]: Found valid mod file FluxNetworks-1.20.1-7.2.1.15.jar with {fluxnetworks} mods - versions {7.2.1.15}
[15Mar2026 03:04:11.371] [main/DEBUG] [net.minecraftforge.fml.loading.moddiscovery.ModFileParser/LOADING]: Considering mod file candidate C:\Users\Silvaria Zemaitis\AppData\Roaming\PrismLauncher\instances\IridescentCraft\minecraft\mods\footwork-4.3.9.jar
[15Mar2026 03:04:11.371] [main/DEBUG] [net.minecraftforge.fml.loading.moddiscovery.ModFileInfo/LOADING]: Found valid mod file footwork-4.3.9.jar with {footwork} mods - versions {4.3.9}
[15Mar2026 03:04:11.373] [main/DEBUG] [net.minecraftforge.fml.loading.moddiscovery.ModFileParser/LOADING]: Considering mod file candidate C:\Users\Silvaria Zemaitis\AppData\Roaming\PrismLauncher\instances\IridescentCraft\minecraft\mods\forbidden_arcanus-1.20.1-2.2.6.jar
[15Mar2026 03:04:11.373] [main/DEBUG] [net.minecraftforge.fml.loading.moddiscovery.ModFileInfo/LOADING]: Found valid mod file forbidden_arcanus-1.20.1-2.2.6.jar with {forbidden_arcanus} mods - versions {1.20.1-2.2.6}
[15Mar2026 03:04:11.374] [main/DEBUG] [net.minecraftforge.fml.loading.moddiscovery.ModFileParser/LOADING]: Considering mod file candidate C:\Users\Silvaria Zemaitis\AppData\Roaming\PrismLauncher\instances\IridescentCraft\minecraft\mods\ForgeEndertech-1.20.1-11.1.10.0-build.2048.jar
[15Mar2026 03:04:11.374] [main/DEBUG] [net.minecraftforge.fml.loading.moddiscovery.ModFileInfo/LOADING]: Found valid mod file ForgeEndertech-1.20.1-11.1.10.0-build.2048.jar with {forgeendertech} mods - versions {11.1.10.0}
[15Mar2026 03:04:11.376] [main/DEBUG] [net.minecraftforge.fml.loading.moddiscovery.ModFileParser/LOADING]: Considering mod file candidate C:\Users\Silvaria Zemaitis\AppData\Roaming\PrismLauncher\instances\IridescentCraft\minecraft\mods\ftb-chunks-forge-2001.3.6.jar
[15Mar2026 03:04:11.376] [main/DEBUG] [net.minecraftforge.fml.loading.moddiscovery.ModFileInfo/LOADING]: Found valid mod file ftb-chunks-forge-2001.3.6.jar with {ftbchunks} mods - versions {2001.3.6}
[15Mar2026 03:04:11.377] [main/DEBUG] [net.minecraftforge.fml.loading.moddiscovery.ModFileParser/LOADING]: Considering mod file candidate C:\Users\Silvaria Zemaitis\AppData\Roaming\PrismLauncher\instances\IridescentCraft\minecraft\mods\ftb-essentials-forge-2001.2.4.jar
[15Mar2026 03:04:11.377] [main/DEBUG] [net.minecraftforge.fml.loading.moddiscovery.ModFileInfo/LOADING]: Found valid mod file ftb-essentials-forge-2001.2.4.jar with {ftbessentials} mods - versions {2001.2.4}
[15Mar2026 03:04:11.379] [main/DEBUG] [net.minecraftforge.fml.loading.moddiscovery.ModFileParser/LOADING]: Considering mod file candidate C:\Users\Silvaria Zemaitis\AppData\Roaming\PrismLauncher\instances\IridescentCraft\minecraft\mods\ftb-library-forge-2001.2.12.jar
[15Mar2026 03:04:11.379] [main/DEBUG] [net.minecraftforge.fml.loading.moddiscovery.ModFileInfo/LOADING]: Found valid mod file ftb-library-forge-2001.2.12.jar with {ftblibrary} mods - versions {2001.2.12}
[15Mar2026 03:04:11.380] [main/DEBUG] [net.minecraftforge.fml.loading.moddiscovery.ModFileParser/LOADING]: Considering mod file candidate C:\Users\Silvaria Zemaitis\AppData\Roaming\PrismLauncher\instances\IridescentCraft\minecraft\mods\ftb-quests-forge-2001.4.18.jar
[15Mar2026 03:04:11.380] [main/DEBUG] [net.minecraftforge.fml.loading.moddiscovery.ModFileInfo/LOADING]: Found valid mod file ftb-quests-forge-2001.4.18.jar with {ftbquests} mods - versions {2001.4.18}
[15Mar2026 03:04:11.382] [main/DEBUG] [net.minecraftforge.fml.loading.moddiscovery.ModFileParser/LOADING]: Considering mod file candidate C:\Users\Silvaria Zemaitis\AppData\Roaming\PrismLauncher\instances\IridescentCraft\minecraft\mods\ftb-ranks-forge-2001.1.7.jar
[15Mar2026 03:04:11.382] [main/DEBUG] [net.minecraftforge.fml.loading.moddiscovery.ModFileInfo/LOADING]: Found valid mod file ftb-ranks-forge-2001.1.7.jar with {ftbranks} mods - versions {2001.1.7}
[15Mar2026 03:04:11.383] [main/DEBUG] [net.minecraftforge.fml.loading.moddiscovery.ModFileParser/LOADING]: Considering mod file candidate C:\Users\Silvaria Zemaitis\AppData\Roaming\PrismLauncher\instances\IridescentCraft\minecraft\mods\ftb-teams-forge-2001.3.2.jar
[15Mar2026 03:04:11.383] [main/DEBUG] [net.minecraftforge.fml.loading.moddiscovery.ModFileInfo/LOADING]: Found valid mod file ftb-teams-forge-2001.3.2.jar with {ftbteams} mods - versions {2001.3.2}
[15Mar2026 03:04:11.384] [main/DEBUG] [net.minecraftforge.fml.loading.moddiscovery.ModFileParser/LOADING]: Considering mod file candidate C:\Users\Silvaria Zemaitis\AppData\Roaming\PrismLauncher\instances\IridescentCraft\minecraft\mods\ftb-ultimine-forge-2001.1.7.jar
[15Mar2026 03:04:11.385] [main/DEBUG] [net.minecraftforge.fml.loading.moddiscovery.ModFileInfo/LOADING]: Found valid mod file ftb-ultimine-forge-2001.1.7.jar with {ftbultimine} mods - versions {2001.1.7}
[15Mar2026 03:04:11.386] [main/DEBUG] [net.minecraftforge.fml.loading.moddiscovery.ModFileParser/LOADING]: Considering mod file candidate C:\Users\Silvaria Zemaitis\AppData\Roaming\PrismLauncher\instances\IridescentCraft\minecraft\mods\ftbbackups2-forge-1.20-1.0.23.jar
[15Mar2026 03:04:11.386] [main/DEBUG] [net.minecraftforge.fml.loading.moddiscovery.ModFileInfo/LOADING]: Found valid mod file ftbbackups2-forge-1.20-1.0.23.jar with {ftbbackups2} mods - versions {1.0.23}
[15Mar2026 03:04:11.387] [main/DEBUG] [net.minecraftforge.fml.loading.moddiscovery.ModFileParser/LOADING]: Considering mod file candidate C:\Users\Silvaria Zemaitis\AppData\Roaming\PrismLauncher\instances\IridescentCraft\minecraft\mods\fullstackwatchdog-1.0.1+1.19.2-forge.jar
[15Mar2026 03:04:11.388] [main/DEBUG] [net.minecraftforge.fml.loading.moddiscovery.ModFileInfo/LOADING]: Found valid mod file fullstackwatchdog-1.0.1+1.19.2-forge.jar with {fullstackwatchdog} mods - versions {1.0.1+1.19.2-forge}
[15Mar2026 03:04:11.389] [main/DEBUG] [net.minecraftforge.fml.loading.moddiscovery.ModFileParser/LOADING]: Considering mod file candidate C:\Users\Silvaria Zemaitis\AppData\Roaming\PrismLauncher\instances\IridescentCraft\minecraft\mods\furnacerecycle-1.20.1-2.5.jar
[15Mar2026 03:04:11.389] [main/DEBUG] [net.minecraftforge.fml.loading.moddiscovery.ModFileInfo/LOADING]: Found valid mod file furnacerecycle-1.20.1-2.5.jar with {furnacerecycle} mods - versions {2.5}
[15Mar2026 03:04:11.390] [main/DEBUG] [net.minecraftforge.fml.loading.moddiscovery.ModFileParser/LOADING]: Considering mod file candidate C:\Users\Silvaria Zemaitis\AppData\Roaming\PrismLauncher\instances\IridescentCraft\minecraft\mods\fusion-1.2.12-forge-mc1.20.1.jar
[15Mar2026 03:04:11.390] [main/DEBUG] [net.minecraftforge.fml.loading.moddiscovery.ModFileInfo/LOADING]: Found valid mod file fusion-1.2.12-forge-mc1.20.1.jar with {fusion} mods - versions {1.2.12}
[15Mar2026 03:04:11.392] [main/DEBUG] [net.minecraftforge.fml.loading.moddiscovery.ModFileParser/LOADING]: Considering mod file candidate C:\Users\Silvaria Zemaitis\AppData\Roaming\PrismLauncher\instances\IridescentCraft\minecraft\mods\geckolib-forge-1.20.1-4.8.3.jar
[15Mar2026 03:04:11.392] [main/DEBUG] [net.minecraftforge.fml.loading.moddiscovery.ModFileInfo/LOADING]: Found valid mod file geckolib-forge-1.20.1-4.8.3.jar with {geckolib} mods - versions {4.8.3}
[15Mar2026 03:04:11.393] [main/DEBUG] [net.minecraftforge.fml.loading.moddiscovery.ModFileParser/LOADING]: Considering mod file candidate C:\Users\Silvaria Zemaitis\AppData\Roaming\PrismLauncher\instances\IridescentCraft\minecraft\mods\GlitchCore-forge-1.20.1-0.0.1.1.jar
[15Mar2026 03:04:11.393] [main/DEBUG] [net.minecraftforge.fml.loading.moddiscovery.ModFileInfo/LOADING]: Found valid mod file GlitchCore-forge-1.20.1-0.0.1.1.jar with {glitchcore} mods - versions {0.0.1.1}
[15Mar2026 03:04:11.395] [main/DEBUG] [net.minecraftforge.fml.loading.moddiscovery.ModFileParser/LOADING]: Considering mod file candidate C:\Users\Silvaria Zemaitis\AppData\Roaming\PrismLauncher\instances\IridescentCraft\minecraft\mods\Highlighter-1.20.1-forge-1.1.9.jar
[15Mar2026 03:04:11.395] [main/DEBUG] [net.minecraftforge.fml.loading.moddiscovery.ModFileInfo/LOADING]: Found valid mod file Highlighter-1.20.1-forge-1.1.9.jar with {highlighter} mods - versions {1.1.9}
[15Mar2026 03:04:11.396] [main/DEBUG] [net.minecraftforge.fml.loading.moddiscovery.ModFileParser/LOADING]: Considering mod file candidate C:\Users\Silvaria Zemaitis\AppData\Roaming\PrismLauncher\instances\IridescentCraft\minecraft\mods\hunger_overhaul-1.4.7-forge-1.20.1.jar
[15Mar2026 03:04:11.396] [main/DEBUG] [net.minecraftforge.fml.loading.moddiscovery.ModFileInfo/LOADING]: Found valid mod file hunger_overhaul-1.4.7-forge-1.20.1.jar with {hunger_overhaul} mods - versions {1.4.7}
[15Mar2026 03:04:11.397] [main/DEBUG] [net.minecraftforge.fml.loading.moddiscovery.ModFileParser/LOADING]: Considering mod file candidate C:\Users\Silvaria Zemaitis\AppData\Roaming\PrismLauncher\instances\IridescentCraft\minecraft\mods\Icarus-Forge-2.13.1.jar
[15Mar2026 03:04:11.397] [main/DEBUG] [net.minecraftforge.fml.loading.moddiscovery.ModFileInfo/LOADING]: Found valid mod file Icarus-Forge-2.13.1.jar with {icarus} mods - versions {2.13.1}
[15Mar2026 03:04:11.399] [main/DEBUG] [net.minecraftforge.fml.loading.moddiscovery.ModFileParser/LOADING]: Considering mod file candidate C:\Users\Silvaria Zemaitis\AppData\Roaming\PrismLauncher\instances\IridescentCraft\minecraft\mods\Iceberg-1.20.1-forge-1.1.25.jar
[15Mar2026 03:04:11.399] [main/DEBUG] [net.minecraftforge.fml.loading.moddiscovery.ModFileInfo/LOADING]: Found valid mod file Iceberg-1.20.1-forge-1.1.25.jar with {iceberg} mods - versions {1.1.25}
[15Mar2026 03:04:11.400] [main/DEBUG] [net.minecraftforge.fml.loading.moddiscovery.ModFileParser/LOADING]: Considering mod file candidate C:\Users\Silvaria Zemaitis\AppData\Roaming\PrismLauncher\instances\IridescentCraft\minecraft\mods\idas_forge-1.12.1+1.20.1.jar
[15Mar2026 03:04:11.400] [main/DEBUG] [net.minecraftforge.fml.loading.moddiscovery.ModFileInfo/LOADING]: Found valid mod file idas_forge-1.12.1+1.20.1.jar with {idas} mods - versions {1.12.1+1.20.1}
[15Mar2026 03:04:11.402] [main/DEBUG] [net.minecraftforge.fml.loading.moddiscovery.ModFileParser/LOADING]: Considering mod file candidate C:\Users\Silvaria Zemaitis\AppData\Roaming\PrismLauncher\instances\IridescentCraft\minecraft\mods\immersive_optimization-forge-1.20.1-0.1.0.jar
[15Mar2026 03:04:11.402] [main/DEBUG] [net.minecraftforge.fml.loading.moddiscovery.ModFileInfo/LOADING]: Found valid mod file immersive_optimization-forge-1.20.1-0.1.0.jar with {immersive_optimization} mods - versions {0.1.0}
[15Mar2026 03:04:11.404] [main/DEBUG] [net.minecraftforge.fml.loading.moddiscovery.ModFileParser/LOADING]: Considering mod file candidate C:\Users\Silvaria Zemaitis\AppData\Roaming\PrismLauncher\instances\IridescentCraft\minecraft\mods\improvedmobs-1.20.1-1.13.6-forge.jar
[15Mar2026 03:04:11.404] [main/DEBUG] [net.minecraftforge.fml.loading.moddiscovery.ModFileInfo/LOADING]: Found valid mod file improvedmobs-1.20.1-1.13.6-forge.jar with {improvedmobs} mods - versions {1.20.1-1.13.6}
[15Mar2026 03:04:11.406] [main/DEBUG] [net.minecraftforge.fml.loading.moddiscovery.ModFileParser/LOADING]: Considering mod file candidate C:\Users\Silvaria Zemaitis\AppData\Roaming\PrismLauncher\instances\IridescentCraft\minecraft\mods\industrial-foregoing-1.20.1-3.5.21.jar
[15Mar2026 03:04:11.406] [main/DEBUG] [net.minecraftforge.fml.loading.moddiscovery.ModFileInfo/LOADING]: Found valid mod file industrial-foregoing-1.20.1-3.5.21.jar with {industrialforegoing} mods - versions {3.5.21}
[15Mar2026 03:04:11.407] [main/DEBUG] [net.minecraftforge.fml.loading.moddiscovery.ModFileParser/LOADING]: Considering mod file candidate C:\Users\Silvaria Zemaitis\AppData\Roaming\PrismLauncher\instances\IridescentCraft\minecraft\mods\insanelib-1.23.4.3.jar
[15Mar2026 03:04:11.407] [main/DEBUG] [net.minecraftforge.fml.loading.moddiscovery.ModFileInfo/LOADING]: Found valid mod file insanelib-1.23.4.3.jar with {insanelib} mods - versions {1.23.4.3}
[15Mar2026 03:04:11.409] [main/DEBUG] [net.minecraftforge.fml.loading.moddiscovery.ModFileParser/LOADING]: Considering mod file candidate C:\Users\Silvaria Zemaitis\AppData\Roaming\PrismLauncher\instances\IridescentCraft\minecraft\mods\integrated_api-1.5.3+1.20.1-forge.jar
[15Mar2026 03:04:11.409] [main/DEBUG] [net.minecraftforge.fml.loading.moddiscovery.ModFileInfo/LOADING]: Found valid mod file integrated_api-1.5.3+1.20.1-forge.jar with {integrated_api} mods - versions {1.5.3+1.20.1-forge}
[15Mar2026 03:04:11.410] [main/DEBUG] [net.minecraftforge.fml.loading.moddiscovery.ModFileParser/LOADING]: Considering mod file candidate C:\Users\Silvaria Zemaitis\AppData\Roaming\PrismLauncher\instances\IridescentCraft\minecraft\mods\integrated_stronghold-1.1.2+1.20.1-forge.jar
[15Mar2026 03:04:11.410] [main/DEBUG] [net.minecraftforge.fml.loading.moddiscovery.ModFileInfo/LOADING]: Found valid mod file integrated_stronghold-1.1.2+1.20.1-forge.jar with {integrated_stronghold} mods - versions {1.1.2+1.20.1-forge}
[15Mar2026 03:04:11.412] [main/DEBUG] [net.minecraftforge.fml.loading.moddiscovery.ModFileParser/LOADING]: Considering mod file candidate C:\Users\Silvaria Zemaitis\AppData\Roaming\PrismLauncher\instances\IridescentCraft\minecraft\mods\inventoryhud.forge.1.20.1-3.4.26.jar
[15Mar2026 03:04:11.412] [main/DEBUG] [net.minecraftforge.fml.loading.moddiscovery.ModFileInfo/LOADING]: Found valid mod file inventoryhud.forge.1.20.1-3.4.26.jar with {inventoryhud} mods - versions {3.4.26}
[15Mar2026 03:04:11.413] [main/DEBUG] [net.minecraftforge.fml.loading.moddiscovery.ModFileParser/LOADING]: Considering mod file candidate C:\Users\Silvaria Zemaitis\AppData\Roaming\PrismLauncher\instances\IridescentCraft\minecraft\mods\iridescent_classes.jar
[15Mar2026 03:04:11.413] [main/DEBUG] [net.minecraftforge.fml.loading.moddiscovery.ModFileInfo/LOADING]: Found valid mod file iridescent_classes.jar with {iridescent_classes} mods - versions {1.0.0}
[15Mar2026 03:04:11.415] [main/DEBUG] [net.minecraftforge.fml.loading.moddiscovery.ModFileParser/LOADING]: Considering mod file candidate C:\Users\Silvaria Zemaitis\AppData\Roaming\PrismLauncher\instances\IridescentCraft\minecraft\mods\iridescent_codex_data.jar
[15Mar2026 03:04:11.415] [main/DEBUG] [net.minecraftforge.fml.loading.moddiscovery.ModFileInfo/LOADING]: Found valid mod file iridescent_codex_data.jar with {icraft} mods - versions {1.0.0}
[15Mar2026 03:04:11.417] [main/DEBUG] [net.minecraftforge.fml.loading.moddiscovery.ModFileParser/LOADING]: Considering mod file candidate C:\Users\Silvaria Zemaitis\AppData\Roaming\PrismLauncher\instances\IridescentCraft\minecraft\mods\ironfurnaces-1.20.1-4.1.6.jar
[15Mar2026 03:04:11.417] [main/DEBUG] [net.minecraftforge.fml.loading.moddiscovery.ModFileInfo/LOADING]: Found valid mod file ironfurnaces-1.20.1-4.1.6.jar with {ironfurnaces} mods - versions {4.1.6}
[15Mar2026 03:04:11.418] [main/DEBUG] [net.minecraftforge.fml.loading.moddiscovery.ModFileParser/LOADING]: Considering mod file candidate C:\Users\Silvaria Zemaitis\AppData\Roaming\PrismLauncher\instances\IridescentCraft\minecraft\mods\IronJetpacks-1.20.1-7.0.9.jar
[15Mar2026 03:04:11.418] [main/DEBUG] [net.minecraftforge.fml.loading.moddiscovery.ModFileInfo/LOADING]: Found valid mod file IronJetpacks-1.20.1-7.0.9.jar with {ironjetpacks} mods - versions {7.0.9}
[15Mar2026 03:04:11.421] [main/DEBUG] [net.minecraftforge.fml.loading.moddiscovery.ModFileParser/LOADING]: Considering mod file candidate C:\Users\Silvaria Zemaitis\AppData\Roaming\PrismLauncher\instances\IridescentCraft\minecraft\mods\irons_spellbooks-1.20.1-3.15.2.jar
[15Mar2026 03:04:11.421] [main/DEBUG] [net.minecraftforge.fml.loading.moddiscovery.ModFileInfo/LOADING]: Found valid mod file irons_spellbooks-1.20.1-3.15.2.jar with {irons_spellbooks} mods - versions {1.20.1-3.15.2}
[15Mar2026 03:04:11.422] [main/DEBUG] [net.minecraftforge.fml.loading.moddiscovery.ModFileParser/LOADING]: Considering mod file candidate C:\Users\Silvaria Zemaitis\AppData\Roaming\PrismLauncher\instances\IridescentCraft\minecraft\mods\item-filters-forge-2001.1.0-build.59.jar
[15Mar2026 03:04:11.422] [main/DEBUG] [net.minecraftforge.fml.loading.moddiscovery.ModFileInfo/LOADING]: Found valid mod file item-filters-forge-2001.1.0-build.59.jar with {itemfilters} mods - versions {2001.1.0-build.59}
[15Mar2026 03:04:11.424] [main/DEBUG] [net.minecraftforge.fml.loading.moddiscovery.ModFileParser/LOADING]: Considering mod file candidate C:\Users\Silvaria Zemaitis\AppData\Roaming\PrismLauncher\instances\IridescentCraft\minecraft\mods\Jade-1.20.1-Forge-11.13.2.jar
[15Mar2026 03:04:11.424] [main/DEBUG] [net.minecraftforge.fml.loading.moddiscovery.ModFileInfo/LOADING]: Found valid mod file Jade-1.20.1-Forge-11.13.2.jar with {jade} mods - versions {11.13.2+forge}
[15Mar2026 03:04:11.425] [main/DEBUG] [net.minecraftforge.fml.loading.moddiscovery.ModFileParser/LOADING]: Considering mod file candidate C:\Users\Silvaria Zemaitis\AppData\Roaming\PrismLauncher\instances\IridescentCraft\minecraft\mods\jei-1.20.1-forge-15.20.0.129.jar
[15Mar2026 03:04:11.425] [main/DEBUG] [net.minecraftforge.fml.loading.moddiscovery.ModFileInfo/LOADING]: Found valid mod file jei-1.20.1-forge-15.20.0.129.jar with {jei} mods - versions {15.20.0.129}
[15Mar2026 03:04:11.427] [main/DEBUG] [net.minecraftforge.fml.loading.moddiscovery.ModFileParser/LOADING]: Considering mod file candidate C:\Users\Silvaria Zemaitis\AppData\Roaming\PrismLauncher\instances\IridescentCraft\minecraft\mods\JeiTweaker-forge-1.20.1-8.0.6.jar
[15Mar2026 03:04:11.427] [main/DEBUG] [net.minecraftforge.fml.loading.moddiscovery.ModFileInfo/LOADING]: Found valid mod file JeiTweaker-forge-1.20.1-8.0.6.jar with {jeitweaker} mods - versions {8.0.6}
[15Mar2026 03:04:11.428] [main/DEBUG] [net.minecraftforge.fml.loading.moddiscovery.ModFileParser/LOADING]: Considering mod file candidate C:\Users\Silvaria Zemaitis\AppData\Roaming\PrismLauncher\instances\IridescentCraft\minecraft\mods\jmi-forge-1.20.1-0.14-48.jar
[15Mar2026 03:04:11.429] [main/DEBUG] [net.minecraftforge.fml.loading.moddiscovery.ModFileInfo/LOADING]: Found valid mod file jmi-forge-1.20.1-0.14-48.jar with {jmi} mods - versions {1.20.1-0.14-48}
[15Mar2026 03:04:11.430] [main/DEBUG] [net.minecraftforge.fml.loading.moddiscovery.ModFileParser/LOADING]: Considering mod file candidate C:\Users\Silvaria Zemaitis\AppData\Roaming\PrismLauncher\instances\IridescentCraft\minecraft\mods\journeymap-1.20.1-5.10.3-forge.jar
[15Mar2026 03:04:11.430] [main/DEBUG] [net.minecraftforge.fml.loading.moddiscovery.ModFileInfo/LOADING]: Found valid mod file journeymap-1.20.1-5.10.3-forge.jar with {journeymap} mods - versions {5.10.3}
[15Mar2026 03:04:11.432] [main/DEBUG] [net.minecraftforge.fml.loading.moddiscovery.ModFileParser/LOADING]: Considering mod file candidate C:\Users\Silvaria Zemaitis\AppData\Roaming\PrismLauncher\instances\IridescentCraft\minecraft\mods\jumbofurnace-1.20.1-4.0.0.5.jar
[15Mar2026 03:04:11.432] [main/DEBUG] [net.minecraftforge.fml.loading.moddiscovery.ModFileInfo/LOADING]: Found valid mod file jumbofurnace-1.20.1-4.0.0.5.jar with {jumbofurnace} mods - versions {4.0.0.5}
[15Mar2026 03:04:11.433] [main/DEBUG] [net.minecraftforge.fml.loading.moddiscovery.ModFileParser/LOADING]: Considering mod file candidate C:\Users\Silvaria Zemaitis\AppData\Roaming\PrismLauncher\instances\IridescentCraft\minecraft\mods\JustEnoughAdvancements-1.20.1-5.0.1.jar
[15Mar2026 03:04:11.433] [main/DEBUG] [net.minecraftforge.fml.loading.moddiscovery.ModFileInfo/LOADING]: Found valid mod file JustEnoughAdvancements-1.20.1-5.0.1.jar with {jea} mods - versions {1.20.1-5.0.1}
[15Mar2026 03:04:11.435] [main/DEBUG] [net.minecraftforge.fml.loading.moddiscovery.ModFileParser/LOADING]: Considering mod file candidate C:\Users\Silvaria Zemaitis\AppData\Roaming\PrismLauncher\instances\IridescentCraft\minecraft\mods\JustEnoughMekanismMultiblocks-1.20.1-4.16.jar
[15Mar2026 03:04:11.435] [main/DEBUG] [net.minecraftforge.fml.loading.moddiscovery.ModFileInfo/LOADING]: Found valid mod file JustEnoughMekanismMultiblocks-1.20.1-4.16.jar with {jei_mekanism_multiblocks} mods - versions {4.16}
[15Mar2026 03:04:11.436] [main/DEBUG] [net.minecraftforge.fml.loading.moddiscovery.ModFileParser/LOADING]: Considering mod file candidate C:\Users\Silvaria Zemaitis\AppData\Roaming\PrismLauncher\instances\IridescentCraft\minecraft\mods\JustEnoughResources-1.20.1-1.4.0.247.jar
[15Mar2026 03:04:11.436] [main/DEBUG] [net.minecraftforge.fml.loading.moddiscovery.ModFileInfo/LOADING]: Found valid mod file JustEnoughResources-1.20.1-1.4.0.247.jar with {jeresources} mods - versions {1.4.0.247}
[15Mar2026 03:04:11.438] [main/DEBUG] [net.minecraftforge.fml.loading.moddiscovery.ModFileParser/LOADING]: Considering mod file candidate C:\Users\Silvaria Zemaitis\AppData\Roaming\PrismLauncher\instances\IridescentCraft\minecraft\mods\justlevelingfork-1.2.1.jar
[15Mar2026 03:04:11.438] [main/DEBUG] [net.minecraftforge.fml.loading.moddiscovery.ModFileInfo/LOADING]: Found valid mod file justlevelingfork-1.2.1.jar with {justlevelingfork} mods - versions {1.2.1}
[15Mar2026 03:04:11.439] [main/DEBUG] [net.minecraftforge.fml.loading.moddiscovery.ModFileParser/LOADING]: Considering mod file candidate C:\Users\Silvaria Zemaitis\AppData\Roaming\PrismLauncher\instances\IridescentCraft\minecraft\mods\keebszs_battletowers_0.6.0-1.20.1BETA.jar
[15Mar2026 03:04:11.439] [main/DEBUG] [net.minecraftforge.fml.loading.moddiscovery.ModFileInfo/LOADING]: Found valid mod file keebszs_battletowers_0.6.0-1.20.1BETA.jar with {keebszs_battle_towers} mods - versions {0.6.0-1.20.1}
[15Mar2026 03:04:11.441] [main/DEBUG] [net.minecraftforge.fml.loading.moddiscovery.ModFileParser/LOADING]: Considering mod file candidate C:\Users\Silvaria Zemaitis\AppData\Roaming\PrismLauncher\instances\IridescentCraft\minecraft\mods\keepdurable1.20.1.jar
[15Mar2026 03:04:11.441] [main/DEBUG] [net.minecraftforge.fml.loading.moddiscovery.ModFileInfo/LOADING]: Found valid mod file keepdurable1.20.1.jar with {keepdurable} mods - versions {1.0.0}
[15Mar2026 03:04:11.442] [main/DEBUG] [net.minecraftforge.fml.loading.moddiscovery.ModFileParser/LOADING]: Considering mod file candidate C:\Users\Silvaria Zemaitis\AppData\Roaming\PrismLauncher\instances\IridescentCraft\minecraft\mods\keepmysoiltilled-1.20.1-2.5.jar
[15Mar2026 03:04:11.442] [main/DEBUG] [net.minecraftforge.fml.loading.moddiscovery.ModFileInfo/LOADING]: Found valid mod file keepmysoiltilled-1.20.1-2.5.jar with {keepmysoiltilled} mods - versions {2.5}
[15Mar2026 03:04:11.456] [main/DEBUG] [net.minecraftforge.fml.loading.moddiscovery.ModFileParser/LOADING]: Considering mod file candidate C:\Users\Silvaria Zemaitis\AppData\Roaming\PrismLauncher\instances\IridescentCraft\minecraft\mods\kubejs-forge-2001.6.5-build.16.jar
[15Mar2026 03:04:11.456] [main/DEBUG] [net.minecraftforge.fml.loading.moddiscovery.ModFileInfo/LOADING]: Found valid mod file kubejs-forge-2001.6.5-build.16.jar with {kubejs} mods - versions {2001.6.5-build.16}
[15Mar2026 03:04:11.458] [main/DEBUG] [net.minecraftforge.fml.loading.moddiscovery.ModFileParser/LOADING]: Considering mod file candidate C:\Users\Silvaria Zemaitis\AppData\Roaming\PrismLauncher\instances\IridescentCraft\minecraft\mods\kubejs-thermal-2001.1.10-build.2.jar
[15Mar2026 03:04:11.458] [main/DEBUG] [net.minecraftforge.fml.loading.moddiscovery.ModFileInfo/LOADING]: Found valid mod file kubejs-thermal-2001.1.10-build.2.jar with {kubejs_thermal} mods - versions {2001.1.10-build.2}
[15Mar2026 03:04:11.459] [main/DEBUG] [net.minecraftforge.fml.loading.moddiscovery.ModFileParser/LOADING]: Considering mod file candidate C:\Users\Silvaria Zemaitis\AppData\Roaming\PrismLauncher\instances\IridescentCraft\minecraft\mods\kubejs_botania-1.4.0-forge.jar
[15Mar2026 03:04:11.459] [main/DEBUG] [net.minecraftforge.fml.loading.moddiscovery.ModFileInfo/LOADING]: Found valid mod file kubejs_botania-1.4.0-forge.jar with {kubejs_botania} mods - versions {1.4.0}
[15Mar2026 03:04:11.461] [main/DEBUG] [net.minecraftforge.fml.loading.moddiscovery.ModFileParser/LOADING]: Considering mod file candidate C:\Users\Silvaria Zemaitis\AppData\Roaming\PrismLauncher\instances\IridescentCraft\minecraft\mods\kubejsadditions-forge-4.3.4.jar
[15Mar2026 03:04:11.461] [main/DEBUG] [net.minecraftforge.fml.loading.moddiscovery.ModFileInfo/LOADING]: Found valid mod file kubejsadditions-forge-4.3.4.jar with {kubejsadditions} mods - versions {4.3.4}
[15Mar2026 03:04:11.462] [main/DEBUG] [net.minecraftforge.fml.loading.moddiscovery.ModFileParser/LOADING]: Considering mod file candidate C:\Users\Silvaria Zemaitis\AppData\Roaming\PrismLauncher\instances\IridescentCraft\minecraft\mods\kubejsarsnouveau-1.2.2.jar
[15Mar2026 03:04:11.462] [main/DEBUG] [net.minecraftforge.fml.loading.moddiscovery.ModFileInfo/LOADING]: Found valid mod file kubejsarsnouveau-1.2.2.jar with {kubejsarsnouveau} mods - versions {1.2.2}
[15Mar2026 03:04:11.464] [main/DEBUG] [net.minecraftforge.fml.loading.moddiscovery.ModFileParser/LOADING]: Considering mod file candidate C:\Users\Silvaria Zemaitis\AppData\Roaming\PrismLauncher\instances\IridescentCraft\minecraft\mods\kubejsdelight-1.20.1-1.1.5.jar
[15Mar2026 03:04:11.464] [main/DEBUG] [net.minecraftforge.fml.loading.moddiscovery.ModFileInfo/LOADING]: Found valid mod file kubejsdelight-1.20.1-1.1.5.jar with {kubejsdelight} mods - versions {1.1.5}
[15Mar2026 03:04:11.465] [main/DEBUG] [net.minecraftforge.fml.loading.moddiscovery.ModFileParser/LOADING]: Considering mod file candidate C:\Users\Silvaria Zemaitis\AppData\Roaming\PrismLauncher\instances\IridescentCraft\minecraft\mods\kubejsoffline-5.2.0.27.jar
[15Mar2026 03:04:11.466] [main/DEBUG] [net.minecraftforge.fml.loading.moddiscovery.ModFileInfo/LOADING]: Found valid mod file kubejsoffline-5.2.0.27.jar with {kubejsoffline} mods - versions {5.2.0.27}
[15Mar2026 03:04:11.468] [main/DEBUG] [net.minecraftforge.fml.loading.moddiscovery.ModFileParser/LOADING]: Considering mod file candidate C:\Users\Silvaria Zemaitis\AppData\Roaming\PrismLauncher\instances\IridescentCraft\minecraft\mods\L_Enders_Cataclysm-3.16.jar
[15Mar2026 03:04:11.468] [main/DEBUG] [net.minecraftforge.fml.loading.moddiscovery.ModFileInfo/LOADING]: Found valid mod file L_Enders_Cataclysm-3.16.jar with {cataclysm} mods - versions {3.16}
[15Mar2026 03:04:11.469] [main/DEBUG] [net.minecraftforge.fml.loading.moddiscovery.ModFileParser/LOADING]: Considering mod file candidate C:\Users\Silvaria Zemaitis\AppData\Roaming\PrismLauncher\instances\IridescentCraft\minecraft\mods\larger-ore-veins-deluxe-1.2.2.jar
[15Mar2026 03:04:11.470] [main/DEBUG] [net.minecraftforge.fml.loading.moddiscovery.ModFileInfo/LOADING]: Found valid mod file larger-ore-veins-deluxe-1.2.2.jar with {mr_larger_oreveinsdeluxe} mods - versions {1.2.2}
[15Mar2026 03:04:11.471] [main/DEBUG] [net.minecraftforge.fml.loading.moddiscovery.ModFileParser/LOADING]: Considering mod file candidate C:\Users\Silvaria Zemaitis\AppData\Roaming\PrismLauncher\instances\IridescentCraft\minecraft\mods\letmedespawn-1.20.x-forge-1.5.0.jar
[15Mar2026 03:04:11.471] [main/DEBUG] [net.minecraftforge.fml.loading.moddiscovery.ModFileInfo/LOADING]: Found valid mod file letmedespawn-1.20.x-forge-1.5.0.jar with {letmedespawn} mods - versions {1.5.0}
[15Mar2026 03:04:11.472] [main/DEBUG] [net.minecraftforge.fml.loading.moddiscovery.ModFileParser/LOADING]: Considering mod file candidate C:\Users\Silvaria Zemaitis\AppData\Roaming\PrismLauncher\instances\IridescentCraft\minecraft\mods\libIPN-forge-1.20-4.0.2.jar
[15Mar2026 03:04:11.473] [main/DEBUG] [net.minecraftforge.fml.loading.moddiscovery.ModFileInfo/LOADING]: Found valid mod file libIPN-forge-1.20-4.0.2.jar with {libipn} mods - versions {4.0.2}
[15Mar2026 03:04:11.474] [main/DEBUG] [net.minecraftforge.fml.loading.moddiscovery.ModFileParser/LOADING]: Considering mod file candidate C:\Users\Silvaria Zemaitis\AppData\Roaming\PrismLauncher\instances\IridescentCraft\minecraft\mods\libraryferret-forge-1.20.1-4.0.0.jar
[15Mar2026 03:04:11.474] [main/DEBUG] [net.minecraftforge.fml.loading.moddiscovery.ModFileInfo/LOADING]: Found valid mod file libraryferret-forge-1.20.1-4.0.0.jar with {libraryferret} mods - versions {4.0.0}
[15Mar2026 03:04:11.476] [main/DEBUG] [net.minecraftforge.fml.loading.moddiscovery.ModFileParser/LOADING]: Considering mod file candidate C:\Users\Silvaria Zemaitis\AppData\Roaming\PrismLauncher\instances\IridescentCraft\minecraft\mods\LibX-1.20.1-5.0.14.jar
[15Mar2026 03:04:11.476] [main/DEBUG] [net.minecraftforge.fml.loading.moddiscovery.ModFileInfo/LOADING]: Found valid mod file LibX-1.20.1-5.0.14.jar with {libx} mods - versions {1.20.1-5.0.14}
[15Mar2026 03:04:11.477] [main/DEBUG] [net.minecraftforge.fml.loading.moddiscovery.ModFileParser/LOADING]: Considering mod file candidate C:\Users\Silvaria Zemaitis\AppData\Roaming\PrismLauncher\instances\IridescentCraft\minecraft\mods\lionfishapi-2.4-Fix.jar
[15Mar2026 03:04:11.477] [main/DEBUG] [net.minecraftforge.fml.loading.moddiscovery.ModFileInfo/LOADING]: Found valid mod file lionfishapi-2.4-Fix.jar with {lionfishapi} mods - versions {2.4-Fix}
[15Mar2026 03:04:11.478] [main/DEBUG] [net.minecraftforge.fml.loading.moddiscovery.ModFileParser/LOADING]: Considering mod file candidate C:\Users\Silvaria Zemaitis\AppData\Roaming\PrismLauncher\instances\IridescentCraft\minecraft\mods\lithostitched-forge-1.20.1-1.4.11.jar
[15Mar2026 03:04:11.479] [main/DEBUG] [net.minecraftforge.fml.loading.moddiscovery.ModFileInfo/LOADING]: Found valid mod file lithostitched-forge-1.20.1-1.4.11.jar with {lithostitched} mods - versions {1.4.11}
[15Mar2026 03:04:11.480] [main/DEBUG] [net.minecraftforge.fml.loading.moddiscovery.ModFileParser/LOADING]: Considering mod file candidate C:\Users\Silvaria Zemaitis\AppData\Roaming\PrismLauncher\instances\IridescentCraft\minecraft\mods\lmft-1.0.4+1.20.1-forge.jar
[15Mar2026 03:04:11.480] [main/DEBUG] [net.minecraftforge.fml.loading.moddiscovery.ModFileInfo/LOADING]: Found valid mod file lmft-1.0.4+1.20.1-forge.jar with {lmft} mods - versions {1.0.4+1.20.1}
[15Mar2026 03:04:11.481] [main/DEBUG] [net.minecraftforge.fml.loading.moddiscovery.ModFileParser/LOADING]: Considering mod file candidate C:\Users\Silvaria Zemaitis\AppData\Roaming\PrismLauncher\instances\IridescentCraft\minecraft\mods\lootintegrations-1.20.1-4.7.jar
[15Mar2026 03:04:11.481] [main/DEBUG] [net.minecraftforge.fml.loading.moddiscovery.ModFileInfo/LOADING]: Found valid mod file lootintegrations-1.20.1-4.7.jar with {lootintegrations} mods - versions {1.20.1-4.7}
[15Mar2026 03:04:11.483] [main/DEBUG] [net.minecraftforge.fml.loading.moddiscovery.ModFileParser/LOADING]: Considering mod file candidate C:\Users\Silvaria Zemaitis\AppData\Roaming\PrismLauncher\instances\IridescentCraft\minecraft\mods\lootintegrations_cataclysm-1.1.jar
[15Mar2026 03:04:11.483] [main/DEBUG] [net.minecraftforge.fml.loading.moddiscovery.ModFileInfo/LOADING]: Found valid mod file lootintegrations_cataclysm-1.1.jar with {lootintegrations_cataclysm} mods - versions {1}
[15Mar2026 03:04:11.484] [main/DEBUG] [net.minecraftforge.fml.loading.moddiscovery.ModFileParser/LOADING]: Considering mod file candidate C:\Users\Silvaria Zemaitis\AppData\Roaming\PrismLauncher\instances\IridescentCraft\minecraft\mods\lootintegrations_ctov-1.4.jar
[15Mar2026 03:04:11.484] [main/DEBUG] [net.minecraftforge.fml.loading.moddiscovery.ModFileInfo/LOADING]: Found valid mod file lootintegrations_ctov-1.4.jar with {lootintegrations_ctov} mods - versions {1}
[15Mar2026 03:04:11.485] [main/DEBUG] [net.minecraftforge.fml.loading.moddiscovery.ModFileParser/LOADING]: Considering mod file candidate C:\Users\Silvaria Zemaitis\AppData\Roaming\PrismLauncher\instances\IridescentCraft\minecraft\mods\lootintegrations_dungeoncrawl-1.1.jar
[15Mar2026 03:04:11.486] [main/DEBUG] [net.minecraftforge.fml.loading.moddiscovery.ModFileInfo/LOADING]: Found valid mod file lootintegrations_dungeoncrawl-1.1.jar with {lootintegrations_dungeoncrawl} mods - versions {1}
[15Mar2026 03:04:11.487] [main/DEBUG] [net.minecraftforge.fml.loading.moddiscovery.ModFileParser/LOADING]: Considering mod file candidate C:\Users\Silvaria Zemaitis\AppData\Roaming\PrismLauncher\instances\IridescentCraft\minecraft\mods\lootintegrations_hopo-1.4.jar
[15Mar2026 03:04:11.487] [main/DEBUG] [net.minecraftforge.fml.loading.moddiscovery.ModFileInfo/LOADING]: Found valid mod file lootintegrations_hopo-1.4.jar with {lootintegrations_hopo} mods - versions {1}
[15Mar2026 03:04:11.488] [main/DEBUG] [net.minecraftforge.fml.loading.moddiscovery.ModFileParser/LOADING]: Considering mod file candidate C:\Users\Silvaria Zemaitis\AppData\Roaming\PrismLauncher\instances\IridescentCraft\minecraft\mods\lootintegrations_integrated-1.4.jar
[15Mar2026 03:04:11.488] [main/DEBUG] [net.minecraftforge.fml.loading.moddiscovery.ModFileInfo/LOADING]: Found valid mod file lootintegrations_integrated-1.4.jar with {lootintegrations_integrated} mods - versions {1}
[15Mar2026 03:04:11.490] [main/DEBUG] [net.minecraftforge.fml.loading.moddiscovery.ModFileParser/LOADING]: Considering mod file candidate C:\Users\Silvaria Zemaitis\AppData\Roaming\PrismLauncher\instances\IridescentCraft\minecraft\mods\lootintegrations_structory-1.3.jar
[15Mar2026 03:04:11.490] [main/DEBUG] [net.minecraftforge.fml.loading.moddiscovery.ModFileInfo/LOADING]: Found valid mod file lootintegrations_structory-1.3.jar with {lootintegrations_structory} mods - versions {1}
[15Mar2026 03:04:11.491] [main/DEBUG] [net.minecraftforge.fml.loading.moddiscovery.ModFileParser/LOADING]: Considering mod file candidate C:\Users\Silvaria Zemaitis\AppData\Roaming\PrismLauncher\instances\IridescentCraft\minecraft\mods\lootjs-forge-1.20.1-2.13.1.jar
[15Mar2026 03:04:11.491] [main/DEBUG] [net.minecraftforge.fml.loading.moddiscovery.ModFileInfo/LOADING]: Found valid mod file lootjs-forge-1.20.1-2.13.1.jar with {lootjs} mods - versions {1.20.1-2.13.1}
[15Mar2026 03:04:11.492] [main/DEBUG] [net.minecraftforge.fml.loading.moddiscovery.ModFileParser/LOADING]: Considering mod file candidate C:\Users\Silvaria Zemaitis\AppData\Roaming\PrismLauncher\instances\IridescentCraft\minecraft\mods\lootr-forge-1.20-0.7.35.94.jar
[15Mar2026 03:04:11.492] [main/DEBUG] [net.minecraftforge.fml.loading.moddiscovery.ModFileInfo/LOADING]: Found valid mod file lootr-forge-1.20-0.7.35.94.jar with {lootr} mods - versions {0.7.35.94}
[15Mar2026 03:04:11.494] [main/DEBUG] [net.minecraftforge.fml.loading.moddiscovery.ModFileParser/LOADING]: Considering mod file candidate C:\Users\Silvaria Zemaitis\AppData\Roaming\PrismLauncher\instances\IridescentCraft\minecraft\mods\mahou_tsukai_combat-1.0.2-forge-1.20.1.jar
[15Mar2026 03:04:11.494] [main/DEBUG] [net.minecraftforge.fml.loading.moddiscovery.ModFileInfo/LOADING]: Found valid mod file mahou_tsukai_combat-1.0.2-forge-1.20.1.jar with {mahou_tsukai_combat} mods - versions {1.0.2}
[15Mar2026 03:04:11.496] [main/DEBUG] [net.minecraftforge.fml.loading.moddiscovery.ModFileParser/LOADING]: Considering mod file candidate C:\Users\Silvaria Zemaitis\AppData\Roaming\PrismLauncher\instances\IridescentCraft\minecraft\mods\mahoutsukai-1.20.1-v1.34.81.jar
[15Mar2026 03:04:11.496] [main/DEBUG] [net.minecraftforge.fml.loading.moddiscovery.ModFileInfo/LOADING]: Found valid mod file mahoutsukai-1.20.1-v1.34.81.jar with {mahoutsukai} mods - versions {1.20.1-v1.34.81}
[15Mar2026 03:04:11.497] [main/DEBUG] [net.minecraftforge.fml.loading.moddiscovery.ModFileParser/LOADING]: Considering mod file candidate C:\Users\Silvaria Zemaitis\AppData\Roaming\PrismLauncher\instances\IridescentCraft\minecraft\mods\Majestic Manaces - Phase 1 (1.0) for Forge 1.20.1.jar
[15Mar2026 03:04:11.497] [main/DEBUG] [net.minecraftforge.fml.loading.moddiscovery.ModFileInfo/LOADING]: Found valid mod file Majestic Manaces - Phase 1 (1.0) for Forge 1.20.1.jar with {majestic_menaces} mods - versions {1}
[15Mar2026 03:04:11.499] [main/DEBUG] [net.minecraftforge.fml.loading.moddiscovery.ModFileParser/LOADING]: Considering mod file candidate C:\Users\Silvaria Zemaitis\AppData\Roaming\PrismLauncher\instances\IridescentCraft\minecraft\mods\MaxHealthFix-Forge-1.20.1-12.0.4.jar
[15Mar2026 03:04:11.500] [main/DEBUG] [net.minecraftforge.fml.loading.moddiscovery.ModFileInfo/LOADING]: Found valid mod file MaxHealthFix-Forge-1.20.1-12.0.4.jar with {maxhealthfix} mods - versions {12.0.4}
[15Mar2026 03:04:11.501] [main/DEBUG] [net.minecraftforge.fml.loading.moddiscovery.ModFileParser/LOADING]: Considering mod file candidate C:\Users\Silvaria Zemaitis\AppData\Roaming\PrismLauncher\instances\IridescentCraft\minecraft\mods\mcjtylib-1.20-8.0.7.jar
[15Mar2026 03:04:11.501] [main/DEBUG] [net.minecraftforge.fml.loading.moddiscovery.ModFileInfo/LOADING]: Found valid mod file mcjtylib-1.20-8.0.7.jar with {mcjtylib} mods - versions {1.20-8.0.7}
[15Mar2026 03:04:11.502] [main/DEBUG] [net.minecraftforge.fml.loading.moddiscovery.ModFileParser/LOADING]: Considering mod file candidate C:\Users\Silvaria Zemaitis\AppData\Roaming\PrismLauncher\instances\IridescentCraft\minecraft\mods\mcw-bridges-3.1.2-mc1.20.1forge.jar
[15Mar2026 03:04:11.503] [main/DEBUG] [net.minecraftforge.fml.loading.moddiscovery.ModFileInfo/LOADING]: Found valid mod file mcw-bridges-3.1.2-mc1.20.1forge.jar with {mcwbridges} mods - versions {3.1.2}
[15Mar2026 03:04:11.505] [main/DEBUG] [net.minecraftforge.fml.loading.moddiscovery.ModFileParser/LOADING]: Considering mod file candidate C:\Users\Silvaria Zemaitis\AppData\Roaming\PrismLauncher\instances\IridescentCraft\minecraft\mods\mcw-furniture-3.4.1-mc1.20.1forge.jar
[15Mar2026 03:04:11.505] [main/DEBUG] [net.minecraftforge.fml.loading.moddiscovery.ModFileInfo/LOADING]: Found valid mod file mcw-furniture-3.4.1-mc1.20.1forge.jar with {mcwfurnitures} mods - versions {3.4.1}
[15Mar2026 03:04:11.506] [main/DEBUG] [net.minecraftforge.fml.loading.moddiscovery.ModFileParser/LOADING]: Considering mod file candidate C:\Users\Silvaria Zemaitis\AppData\Roaming\PrismLauncher\instances\IridescentCraft\minecraft\mods\mcw-mcwfences-1.2.1-mc1.20.1forge.jar
[15Mar2026 03:04:11.506] [main/DEBUG] [net.minecraftforge.fml.loading.moddiscovery.ModFileInfo/LOADING]: Found valid mod file mcw-mcwfences-1.2.1-mc1.20.1forge.jar with {mcwfences} mods - versions {1.2.1}
[15Mar2026 03:04:11.509] [main/DEBUG] [net.minecraftforge.fml.loading.moddiscovery.ModFileParser/LOADING]: Considering mod file candidate C:\Users\Silvaria Zemaitis\AppData\Roaming\PrismLauncher\instances\IridescentCraft\minecraft\mods\mcw-roofs-2.3.2-mc1.20.1forge.jar
[15Mar2026 03:04:11.509] [main/DEBUG] [net.minecraftforge.fml.loading.moddiscovery.ModFileInfo/LOADING]: Found valid mod file mcw-roofs-2.3.2-mc1.20.1forge.jar with {mcwroofs} mods - versions {2.3.2}
[15Mar2026 03:04:11.510] [main/DEBUG] [net.minecraftforge.fml.loading.moddiscovery.ModFileParser/LOADING]: Considering mod file candidate C:\Users\Silvaria Zemaitis\AppData\Roaming\PrismLauncher\instances\IridescentCraft\minecraft\mods\mcw-trapdoors-1.1.5-mc1.20.1forge.jar
[15Mar2026 03:04:11.510] [main/DEBUG] [net.minecraftforge.fml.loading.moddiscovery.ModFileInfo/LOADING]: Found valid mod file mcw-trapdoors-1.1.5-mc1.20.1forge.jar with {mcwtrpdoors} mods - versions {1.1.5}
[15Mar2026 03:04:11.515] [main/DEBUG] [net.minecraftforge.fml.loading.moddiscovery.ModFileParser/LOADING]: Considering mod file candidate C:\Users\Silvaria Zemaitis\AppData\Roaming\PrismLauncher\instances\IridescentCraft\minecraft\mods\mcwbiomesoplenty-1.20.1-1.5.jar
[15Mar2026 03:04:11.515] [main/DEBUG] [net.minecraftforge.fml.loading.moddiscovery.ModFileInfo/LOADING]: Found valid mod file mcwbiomesoplenty-1.20.1-1.5.jar with {mcwbiomesoplenty} mods - versions {1.20.1-1.5}
[15Mar2026 03:04:11.516] [main/DEBUG] [net.minecraftforge.fml.loading.moddiscovery.ModFileParser/LOADING]: Considering mod file candidate C:\Users\Silvaria Zemaitis\AppData\Roaming\PrismLauncher\instances\IridescentCraft\minecraft\mods\meetyourfight-1.20.1-1.6.0.jar
[15Mar2026 03:04:11.516] [main/DEBUG] [net.minecraftforge.fml.loading.moddiscovery.ModFileInfo/LOADING]: Found valid mod file meetyourfight-1.20.1-1.6.0.jar with {meetyourfight} mods - versions {1.20.1-1.6.0}
[15Mar2026 03:04:11.519] [main/DEBUG] [net.minecraftforge.fml.loading.moddiscovery.ModFileParser/LOADING]: Considering mod file candidate C:\Users\Silvaria Zemaitis\AppData\Roaming\PrismLauncher\instances\IridescentCraft\minecraft\mods\Mekanism-1.20.1-10.4.16.80.jar
[15Mar2026 03:04:11.520] [main/DEBUG] [net.minecraftforge.fml.loading.moddiscovery.ModFileInfo/LOADING]: Found valid mod file Mekanism-1.20.1-10.4.16.80.jar with {mekanism} mods - versions {10.4.16}
[15Mar2026 03:04:11.521] [main/DEBUG] [net.minecraftforge.fml.loading.moddiscovery.ModFileParser/LOADING]: Considering mod file candidate C:\Users\Silvaria Zemaitis\AppData\Roaming\PrismLauncher\instances\IridescentCraft\minecraft\mods\MekanismGenerators-1.20.1-10.4.16.80.jar
[15Mar2026 03:04:11.521] [main/DEBUG] [net.minecraftforge.fml.loading.moddiscovery.ModFileInfo/LOADING]: Found valid mod file MekanismGenerators-1.20.1-10.4.16.80.jar with {mekanismgenerators} mods - versions {10.4.16}
[15Mar2026 03:04:11.522] [main/DEBUG] [net.minecraftforge.fml.loading.moddiscovery.ModFileParser/LOADING]: Considering mod file candidate C:\Users\Silvaria Zemaitis\AppData\Roaming\PrismLauncher\instances\IridescentCraft\minecraft\mods\merenc-forge-1.20.[0-4]-v4.2.jar
[15Mar2026 03:04:11.522] [main/DEBUG] [net.minecraftforge.fml.loading.moddiscovery.ModFileInfo/LOADING]: Found valid mod file merenc-forge-1.20.[0-4]-v4.2.jar with {merenc} mods - versions {4.2}
[15Mar2026 03:04:11.524] [main/DEBUG] [net.minecraftforge.fml.loading.moddiscovery.ModFileParser/LOADING]: Considering mod file candidate C:\Users\Silvaria Zemaitis\AppData\Roaming\PrismLauncher\instances\IridescentCraft\minecraft\mods\mes-1.4.6-1.20.jar
[15Mar2026 03:04:11.524] [main/DEBUG] [net.minecraftforge.fml.loading.moddiscovery.ModFileInfo/LOADING]: Found valid mod file mes-1.4.6-1.20.jar with {mes} mods - versions {1.4.6-1.20-forge}
[15Mar2026 03:04:11.525] [main/DEBUG] [net.minecraftforge.fml.loading.moddiscovery.ModFileParser/LOADING]: Considering mod file candidate C:\Users\Silvaria Zemaitis\AppData\Roaming\PrismLauncher\instances\IridescentCraft\minecraft\mods\mobtimizations-forge-1.20.1-1.0.1.jar
[15Mar2026 03:04:11.525] [main/DEBUG] [net.minecraftforge.fml.loading.moddiscovery.ModFileInfo/LOADING]: Found valid mod file mobtimizations-forge-1.20.1-1.0.1.jar with {mobtimizations} mods - versions {1.20.1-1.0.1}
[15Mar2026 03:04:11.527] [main/DEBUG] [net.minecraftforge.fml.loading.moddiscovery.ModFileParser/LOADING]: Considering mod file candidate C:\Users\Silvaria Zemaitis\AppData\Roaming\PrismLauncher\instances\IridescentCraft\minecraft\mods\modernfix-forge-5.26.2+mc1.20.1.jar
[15Mar2026 03:04:11.527] [main/DEBUG] [net.minecraftforge.fml.loading.moddiscovery.ModFileInfo/LOADING]: Found valid mod file modernfix-forge-5.26.2+mc1.20.1.jar with {modernfix} mods - versions {5.26.2+mc1.20.1}
[15Mar2026 03:04:11.529] [main/DEBUG] [net.minecraftforge.fml.loading.moddiscovery.ModFileParser/LOADING]: Considering mod file candidate C:\Users\Silvaria Zemaitis\AppData\Roaming\PrismLauncher\instances\IridescentCraft\minecraft\mods\modonomicon-1.20.1-forge-1.79.3.jar
[15Mar2026 03:04:11.529] [main/DEBUG] [net.minecraftforge.fml.loading.moddiscovery.ModFileInfo/LOADING]: Found valid mod file modonomicon-1.20.1-forge-1.79.3.jar with {modonomicon} mods - versions {1.79.3}
[15Mar2026 03:04:11.530] [main/DEBUG] [net.minecraftforge.fml.loading.moddiscovery.ModFileParser/LOADING]: Considering mod file candidate C:\Users\Silvaria Zemaitis\AppData\Roaming\PrismLauncher\instances\IridescentCraft\minecraft\mods\moonlight-1.20-2.16.28-forge.jar
[15Mar2026 03:04:11.531] [main/DEBUG] [net.minecraftforge.fml.loading.moddiscovery.ModFileInfo/LOADING]: Found valid mod file moonlight-1.20-2.16.28-forge.jar with {moonlight} mods - versions {1.20-2.16.28}
[15Mar2026 03:04:11.532] [main/DEBUG] [net.minecraftforge.fml.loading.moddiscovery.ModFileParser/LOADING]: Considering mod file candidate C:\Users\Silvaria Zemaitis\AppData\Roaming\PrismLauncher\instances\IridescentCraft\minecraft\mods\moreartifacts-1.5.5-1.20.1.jar
[15Mar2026 03:04:11.532] [main/DEBUG] [net.minecraftforge.fml.loading.moddiscovery.ModFileInfo/LOADING]: Found valid mod file moreartifacts-1.5.5-1.20.1.jar with {moreartifacts} mods - versions {1.5.5}
[15Mar2026 03:04:11.533] [main/DEBUG] [net.minecraftforge.fml.loading.moddiscovery.ModFileParser/LOADING]: Considering mod file candidate C:\Users\Silvaria Zemaitis\AppData\Roaming\PrismLauncher\instances\IridescentCraft\minecraft\mods\moredragoneggs-4.0.jar
[15Mar2026 03:04:11.533] [main/DEBUG] [net.minecraftforge.fml.loading.moddiscovery.ModFileInfo/LOADING]: Found valid mod file moredragoneggs-4.0.jar with {moredragoneggs} mods - versions {4.0}
[15Mar2026 03:04:11.535] [main/DEBUG] [net.minecraftforge.fml.loading.moddiscovery.ModFileParser/LOADING]: Considering mod file candidate C:\Users\Silvaria Zemaitis\AppData\Roaming\PrismLauncher\instances\IridescentCraft\minecraft\mods\Morph-o-Tool-1.7-38.jar
[15Mar2026 03:04:11.535] [main/DEBUG] [net.minecraftforge.fml.loading.moddiscovery.ModFileInfo/LOADING]: Found valid mod file Morph-o-Tool-1.7-38.jar with {morphtool} mods - versions {1.7-38}
[15Mar2026 03:04:11.536] [main/DEBUG] [net.minecraftforge.fml.loading.moddiscovery.ModFileParser/LOADING]: Considering mod file candidate C:\Users\Silvaria Zemaitis\AppData\Roaming\PrismLauncher\instances\IridescentCraft\minecraft\mods\MouseTweaks-forge-mc1.20.1-2.25.1.jar
[15Mar2026 03:04:11.536] [main/DEBUG] [net.minecraftforge.fml.loading.moddiscovery.ModFileInfo/LOADING]: Found valid mod file MouseTweaks-forge-mc1.20.1-2.25.1.jar with {mousetweaks} mods - versions {2.25.1}
[15Mar2026 03:04:11.537] [main/DEBUG] [net.minecraftforge.fml.loading.moddiscovery.ModFileParser/LOADING]: Considering mod file candidate C:\Users\Silvaria Zemaitis\AppData\Roaming\PrismLauncher\instances\IridescentCraft\minecraft\mods\multipiston-1.20-0.0.47-snapshot.jar
[15Mar2026 03:04:11.537] [main/DEBUG] [net.minecraftforge.fml.loading.moddiscovery.ModFileInfo/LOADING]: Found valid mod file multipiston-1.20-0.0.47-snapshot.jar with {multipiston} mods - versions {1.20-0.0.47-snapshot}
[15Mar2026 03:04:11.539] [main/DEBUG] [net.minecraftforge.fml.loading.moddiscovery.ModFileParser/LOADING]: Considering mod file candidate C:\Users\Silvaria Zemaitis\AppData\Roaming\PrismLauncher\instances\IridescentCraft\minecraft\mods\multiplayerbosses-1.1.3.jar
[15Mar2026 03:04:11.539] [main/DEBUG] [net.minecraftforge.fml.loading.moddiscovery.ModFileInfo/LOADING]: Found valid mod file multiplayerbosses-1.1.3.jar with {multiplayerbosses} mods - versions {1.1.3}
[15Mar2026 03:04:11.541] [main/DEBUG] [net.minecraftforge.fml.loading.moddiscovery.ModFileParser/LOADING]: Considering mod file candidate C:\Users\Silvaria Zemaitis\AppData\Roaming\PrismLauncher\instances\IridescentCraft\minecraft\mods\MutantMonsters-v8.0.8-1.20.1-Forge.jar
[15Mar2026 03:04:11.541] [main/DEBUG] [net.minecraftforge.fml.loading.moddiscovery.ModFileInfo/LOADING]: Found valid mod file MutantMonsters-v8.0.8-1.20.1-Forge.jar with {mutantmonsters} mods - versions {8.0.8}
[15Mar2026 03:04:11.543] [main/DEBUG] [net.minecraftforge.fml.loading.moddiscovery.ModFileParser/LOADING]: Considering mod file candidate C:\Users\Silvaria Zemaitis\AppData\Roaming\PrismLauncher\instances\IridescentCraft\minecraft\mods\naturalist-5.0pre5+forge-1.20.1.jar
[15Mar2026 03:04:11.543] [main/DEBUG] [net.minecraftforge.fml.loading.moddiscovery.ModFileInfo/LOADING]: Found valid mod file naturalist-5.0pre5+forge-1.20.1.jar with {naturalist} mods - versions {5.0pre5}
[15Mar2026 03:04:11.544] [main/DEBUG] [net.minecraftforge.fml.loading.moddiscovery.ModFileParser/LOADING]: Considering mod file candidate C:\Users\Silvaria Zemaitis\AppData\Roaming\PrismLauncher\instances\IridescentCraft\minecraft\mods\NaturesCompass-1.20.1-1.11.2-forge.jar
[15Mar2026 03:04:11.544] [main/DEBUG] [net.minecraftforge.fml.loading.moddiscovery.ModFileInfo/LOADING]: Found valid mod file NaturesCompass-1.20.1-1.11.2-forge.jar with {naturescompass} mods - versions {1.20.1-1.11.2-forge}
[15Mar2026 03:04:11.546] [main/DEBUG] [net.minecraftforge.fml.loading.moddiscovery.ModFileParser/LOADING]: Considering mod file candidate C:\Users\Silvaria Zemaitis\AppData\Roaming\PrismLauncher\instances\IridescentCraft\minecraft\mods\Necronomicon-Forge-1.6.0+1.20.1.jar
[15Mar2026 03:04:11.546] [main/DEBUG] [net.minecraftforge.fml.loading.moddiscovery.ModFileInfo/LOADING]: Found valid mod file Necronomicon-Forge-1.6.0+1.20.1.jar with {necronomicon} mods - versions {1.6.0}
[15Mar2026 03:04:11.547] [main/DEBUG] [net.minecraftforge.fml.loading.moddiscovery.ModFileParser/LOADING]: Considering mod file candidate C:\Users\Silvaria Zemaitis\AppData\Roaming\PrismLauncher\instances\IridescentCraft\minecraft\mods\neruina-3.2.1+1.20.1-forge.jar
[15Mar2026 03:04:11.547] [main/DEBUG] [net.minecraftforge.fml.loading.moddiscovery.ModFileInfo/LOADING]: Found valid mod file neruina-3.2.1+1.20.1-forge.jar with {neruina} mods - versions {3.2.1}
[15Mar2026 03:04:11.549] [main/DEBUG] [net.minecraftforge.fml.loading.moddiscovery.ModFileParser/LOADING]: Considering mod file candidate C:\Users\Silvaria Zemaitis\AppData\Roaming\PrismLauncher\instances\IridescentCraft\minecraft\mods\netherportalfix-forge-1.20-13.0.1.jar
[15Mar2026 03:04:11.549] [main/DEBUG] [net.minecraftforge.fml.loading.moddiscovery.ModFileInfo/LOADING]: Found valid mod file netherportalfix-forge-1.20-13.0.1.jar with {netherportalfix} mods - versions {13.0.1}
[15Mar2026 03:04:11.550] [main/DEBUG] [net.minecraftforge.fml.loading.moddiscovery.ModFileParser/LOADING]: Considering mod file candidate C:\Users\Silvaria Zemaitis\AppData\Roaming\PrismLauncher\instances\IridescentCraft\minecraft\mods\nethersdelight-1.20.1-4.0.jar
[15Mar2026 03:04:11.550] [main/DEBUG] [net.minecraftforge.fml.loading.moddiscovery.ModFileInfo/LOADING]: Found valid mod file nethersdelight-1.20.1-4.0.jar with {nethersdelight} mods - versions {1.20.1-4.0}
[15Mar2026 03:04:11.551] [main/DEBUG] [net.minecraftforge.fml.loading.moddiscovery.ModFileParser/LOADING]: Considering mod file candidate C:\Users\Silvaria Zemaitis\AppData\Roaming\PrismLauncher\instances\IridescentCraft\minecraft\mods\netherskeletons-5.0-forge-1.20.1.jar
[15Mar2026 03:04:11.551] [main/DEBUG] [net.minecraftforge.fml.loading.moddiscovery.ModFileInfo/LOADING]: Found valid mod file netherskeletons-5.0-forge-1.20.1.jar with {netherskeletons} mods - versions {5.0}
[15Mar2026 03:04:11.553] [main/DEBUG] [net.minecraftforge.fml.loading.moddiscovery.ModFileParser/LOADING]: Considering mod file candidate C:\Users\Silvaria Zemaitis\AppData\Roaming\PrismLauncher\instances\IridescentCraft\minecraft\mods\netherzombies(1.20.1).jar
[15Mar2026 03:04:11.553] [main/DEBUG] [net.minecraftforge.fml.loading.moddiscovery.ModFileInfo/LOADING]: Found valid mod file netherzombies(1.20.1).jar with {nether_zombies} mods - versions {1.0}
[15Mar2026 03:04:11.554] [main/DEBUG] [net.minecraftforge.fml.loading.moddiscovery.ModFileParser/LOADING]: Considering mod file candidate C:\Users\Silvaria Zemaitis\AppData\Roaming\PrismLauncher\instances\IridescentCraft\minecraft\mods\no-more-nether-gold-ore-1.0.1.jar
[15Mar2026 03:04:11.554] [main/DEBUG] [net.minecraftforge.fml.loading.moddiscovery.ModFileInfo/LOADING]: Found valid mod file no-more-nether-gold-ore-1.0.1.jar with {mr_no_morenethergoldore} mods - versions {1.0.1}
[15Mar2026 03:04:11.555] [main/DEBUG] [net.minecraftforge.fml.loading.moddiscovery.ModFileParser/LOADING]: Considering mod file candidate C:\Users\Silvaria Zemaitis\AppData\Roaming\PrismLauncher\instances\IridescentCraft\minecraft\mods\NoChatReports-FORGE-1.20.1-v2.2.2.jar
[15Mar2026 03:04:11.555] [main/DEBUG] [net.minecraftforge.fml.loading.moddiscovery.ModFileInfo/LOADING]: Found valid mod file NoChatReports-FORGE-1.20.1-v2.2.2.jar with {nochatreports} mods - versions {1.20.1-v2.2.2}
[15Mar2026 03:04:11.557] [main/DEBUG] [net.minecraftforge.fml.loading.moddiscovery.ModFileParser/LOADING]: Considering mod file candidate C:\Users\Silvaria Zemaitis\AppData\Roaming\PrismLauncher\instances\IridescentCraft\minecraft\mods\nohostilesaroundcampfire-1.20.1-7.2.jar
[15Mar2026 03:04:11.557] [main/DEBUG] [net.minecraftforge.fml.loading.moddiscovery.ModFileInfo/LOADING]: Found valid mod file nohostilesaroundcampfire-1.20.1-7.2.jar with {nohostilesaroundcampfire} mods - versions {7.2}
[15Mar2026 03:04:11.558] [main/DEBUG] [net.minecraftforge.fml.loading.moddiscovery.ModFileParser/LOADING]: Considering mod file candidate C:\Users\Silvaria Zemaitis\AppData\Roaming\PrismLauncher\instances\IridescentCraft\minecraft\mods\NoSeeNoTick-2.0.0-1.20.1.jar
[15Mar2026 03:04:11.558] [main/DEBUG] [net.minecraftforge.fml.loading.moddiscovery.ModFileInfo/LOADING]: Found valid mod file NoSeeNoTick-2.0.0-1.20.1.jar with {noseenotick} mods - versions {2.0.0-build.9999}
[15Mar2026 03:04:11.560] [main/DEBUG] [net.minecraftforge.fml.loading.moddiscovery.ModFileParser/LOADING]: Considering mod file candidate C:\Users\Silvaria Zemaitis\AppData\Roaming\PrismLauncher\instances\IridescentCraft\minecraft\mods\occultism-1.20.1-1.157.0.jar
[15Mar2026 03:04:11.560] [main/DEBUG] [net.minecraftforge.fml.loading.moddiscovery.ModFileInfo/LOADING]: Found valid mod file occultism-1.20.1-1.157.0.jar with {occultism} mods - versions {1.157.0}
[15Mar2026 03:04:11.561] [main/DEBUG] [net.minecraftforge.fml.loading.moddiscovery.ModFileParser/LOADING]: Considering mod file candidate C:\Users\Silvaria Zemaitis\AppData\Roaming\PrismLauncher\instances\IridescentCraft\minecraft\mods\OctoLib-FORGE-0.5.0.1+1.20.1.jar
[15Mar2026 03:04:11.561] [main/DEBUG] [net.minecraftforge.fml.loading.moddiscovery.ModFileInfo/LOADING]: Found valid mod file OctoLib-FORGE-0.5.0.1+1.20.1.jar with {octolib} mods - versions {0.5.0.1}
[15Mar2026 03:04:11.563] [main/DEBUG] [net.minecraftforge.fml.loading.moddiscovery.ModFileParser/LOADING]: Considering mod file candidate C:\Users\Silvaria Zemaitis\AppData\Roaming\PrismLauncher\instances\IridescentCraft\minecraft\mods\Origins-1.10.2+mc.1.20.x.jar
[15Mar2026 03:04:11.563] [main/DEBUG] [net.minecraftforge.fml.loading.moddiscovery.ModFileInfo/LOADING]: Found valid mod file Origins-1.10.2+mc.1.20.x.jar with {origins} mods - versions {0.0NONE}
[15Mar2026 03:04:11.564] [main/DEBUG] [net.minecraftforge.fml.loading.moddiscovery.ModFileParser/LOADING]: Considering mod file candidate C:\Users\Silvaria Zemaitis\AppData\Roaming\PrismLauncher\instances\IridescentCraft\minecraft\mods\origins-forge-1.20.1-1.10.0.9-all.jar
[15Mar2026 03:04:11.564] [main/DEBUG] [net.minecraftforge.fml.loading.moddiscovery.ModFileInfo/LOADING]: Found valid mod file origins-forge-1.20.1-1.10.0.9-all.jar with {origins} mods - versions {1.20.1-1.10.0.9}
[15Mar2026 03:04:11.566] [main/DEBUG] [net.minecraftforge.fml.loading.moddiscovery.ModFileParser/LOADING]: Considering mod file candidate C:\Users\Silvaria Zemaitis\AppData\Roaming\PrismLauncher\instances\IridescentCraft\minecraft\mods\origins-plus-plus-2.4-forge.jar
[15Mar2026 03:04:11.566] [main/DEBUG] [net.minecraftforge.fml.loading.moddiscovery.ModFileInfo/LOADING]: Found valid mod file origins-plus-plus-2.4-forge.jar with {origins_plus_plus} mods - versions {2.4-forge}
[15Mar2026 03:04:11.567] [main/DEBUG] [net.minecraftforge.fml.loading.moddiscovery.ModFileParser/LOADING]: Considering mod file candidate C:\Users\Silvaria Zemaitis\AppData\Roaming\PrismLauncher\instances\IridescentCraft\minecraft\mods\origins_genders-1.20.1-forge.jar
[15Mar2026 03:04:11.567] [main/DEBUG] [net.minecraftforge.fml.loading.moddiscovery.ModFileInfo/LOADING]: Found valid mod file origins_genders-1.20.1-forge.jar with {origins_gender} mods - versions {1.0.0}
[15Mar2026 03:04:11.569] [main/DEBUG] [net.minecraftforge.fml.loading.moddiscovery.ModFileParser/LOADING]: Considering mod file candidate C:\Users\Silvaria Zemaitis\AppData\Roaming\PrismLauncher\instances\IridescentCraft\minecraft\mods\OverflowingBars-v8.0.1-1.20.1-Forge.jar
[15Mar2026 03:04:11.569] [main/DEBUG] [net.minecraftforge.fml.loading.moddiscovery.ModFileInfo/LOADING]: Found valid mod file OverflowingBars-v8.0.1-1.20.1-Forge.jar with {overflowingbars} mods - versions {8.0.1}
[15Mar2026 03:04:11.570] [main/DEBUG] [net.minecraftforge.fml.loading.moddiscovery.ModFileParser/LOADING]: Considering mod file candidate C:\Users\Silvaria Zemaitis\AppData\Roaming\PrismLauncher\instances\IridescentCraft\minecraft\mods\overloadedarmorbar-1.20.1-1.jar
[15Mar2026 03:04:11.570] [main/DEBUG] [net.minecraftforge.fml.loading.moddiscovery.ModFileInfo/LOADING]: Found valid mod file overloadedarmorbar-1.20.1-1.jar with {overloadedarmorbar} mods - versions {1.20.1-1}
[15Mar2026 03:04:11.572] [main/DEBUG] [net.minecraftforge.fml.loading.moddiscovery.ModFileParser/LOADING]: Considering mod file candidate C:\Users\Silvaria Zemaitis\AppData\Roaming\PrismLauncher\instances\IridescentCraft\minecraft\mods\overworld_quartz-1.20.1-1.1.2.jar
[15Mar2026 03:04:11.572] [main/DEBUG] [net.minecraftforge.fml.loading.moddiscovery.ModFileInfo/LOADING]: Found valid mod file overworld_quartz-1.20.1-1.1.2.jar with {overworld_quartz} mods - versions {1.1.2}
[15Mar2026 03:04:11.573] [main/DEBUG] [net.minecraftforge.fml.loading.moddiscovery.ModFileParser/LOADING]: Considering mod file candidate C:\Users\Silvaria Zemaitis\AppData\Roaming\PrismLauncher\instances\IridescentCraft\minecraft\mods\packetfixer-3.3.1-1.18-1.20.4-merged.jar
[15Mar2026 03:04:11.573] [main/DEBUG] [net.minecraftforge.fml.loading.moddiscovery.ModFileInfo/LOADING]: Found valid mod file packetfixer-3.3.1-1.18-1.20.4-merged.jar with {packetfixer} mods - versions {3.3.1}
[15Mar2026 03:04:11.575] [main/DEBUG] [net.minecraftforge.fml.loading.moddiscovery.ModFileParser/LOADING]: Considering mod file candidate C:\Users\Silvaria Zemaitis\AppData\Roaming\PrismLauncher\instances\IridescentCraft\minecraft\mods\pamhc2crops-1.20-1.0.3.jar
[15Mar2026 03:04:11.575] [main/DEBUG] [net.minecraftforge.fml.loading.moddiscovery.ModFileInfo/LOADING]: Found valid mod file pamhc2crops-1.20-1.0.3.jar with {pamhc2crops} mods - versions {1.0.3}
[15Mar2026 03:04:11.576] [main/DEBUG] [net.minecraftforge.fml.loading.moddiscovery.ModFileParser/LOADING]: Considering mod file candidate C:\Users\Silvaria Zemaitis\AppData\Roaming\PrismLauncher\instances\IridescentCraft\minecraft\mods\pamhc2foodcore-1.20.4-1.0.5.jar
[15Mar2026 03:04:11.577] [main/DEBUG] [net.minecraftforge.fml.loading.moddiscovery.ModFileInfo/LOADING]: Found valid mod file pamhc2foodcore-1.20.4-1.0.5.jar with {pamhc2foodcore} mods - versions {1.0.5}
[15Mar2026 03:04:11.578] [main/DEBUG] [net.minecraftforge.fml.loading.moddiscovery.ModFileParser/LOADING]: Considering mod file candidate C:\Users\Silvaria Zemaitis\AppData\Roaming\PrismLauncher\instances\IridescentCraft\minecraft\mods\pamhc2foodextended-1.20.4-1.0.1.jar
[15Mar2026 03:04:11.578] [main/DEBUG] [net.minecraftforge.fml.loading.moddiscovery.ModFileInfo/LOADING]: Found valid mod file pamhc2foodextended-1.20.4-1.0.1.jar with {pamhc2foodextended} mods - versions {0.0NONE}
[15Mar2026 03:04:11.580] [main/DEBUG] [net.minecraftforge.fml.loading.moddiscovery.ModFileParser/LOADING]: Considering mod file candidate C:\Users\Silvaria Zemaitis\AppData\Roaming\PrismLauncher\instances\IridescentCraft\minecraft\mods\pamhc2trees-1.20-1.0.2.jar
[15Mar2026 03:04:11.580] [main/DEBUG] [net.minecraftforge.fml.loading.moddiscovery.ModFileInfo/LOADING]: Found valid mod file pamhc2trees-1.20-1.0.2.jar with {pamhc2trees} mods - versions {1.0.2}
[15Mar2026 03:04:11.581] [main/DEBUG] [net.minecraftforge.fml.loading.moddiscovery.ModFileParser/LOADING]: Considering mod file candidate C:\Users\Silvaria Zemaitis\AppData\Roaming\PrismLauncher\instances\IridescentCraft\minecraft\mods\Patchouli-1.20.1-84.1-FORGE.jar
[15Mar2026 03:04:11.581] [main/DEBUG] [net.minecraftforge.fml.loading.moddiscovery.ModFileInfo/LOADING]: Found valid mod file Patchouli-1.20.1-84.1-FORGE.jar with {patchouli} mods - versions {1.20.1-84.1-FORGE}
[15Mar2026 03:04:11.583] [main/DEBUG] [net.minecraftforge.fml.loading.moddiscovery.ModFileParser/LOADING]: Considering mod file candidate C:\Users\Silvaria Zemaitis\AppData\Roaming\PrismLauncher\instances\IridescentCraft\minecraft\mods\Paxi-1.20-Forge-4.0.jar
[15Mar2026 03:04:11.583] [main/DEBUG] [net.minecraftforge.fml.loading.moddiscovery.ModFileInfo/LOADING]: Found valid mod file Paxi-1.20-Forge-4.0.jar with {paxi} mods - versions {1.20-Forge-4.0}
[15Mar2026 03:04:11.584] [main/DEBUG] [net.minecraftforge.fml.loading.moddiscovery.ModFileParser/LOADING]: Considering mod file candidate C:\Users\Silvaria Zemaitis\AppData\Roaming\PrismLauncher\instances\IridescentCraft\minecraft\mods\Pehkui-3.8.2+1.20.1-forge.jar
[15Mar2026 03:04:11.584] [main/DEBUG] [net.minecraftforge.fml.loading.moddiscovery.ModFileInfo/LOADING]: Found valid mod file Pehkui-3.8.2+1.20.1-forge.jar with {pehkui} mods - versions {3.8.2+1.20.1-forge}
[15Mar2026 03:04:11.585] [main/DEBUG] [net.minecraftforge.fml.loading.moddiscovery.ModFileParser/LOADING]: Considering mod file candidate C:\Users\Silvaria Zemaitis\AppData\Roaming\PrismLauncher\instances\IridescentCraft\minecraft\mods\Placebo-1.20.1-8.6.3.jar
[15Mar2026 03:04:11.585] [main/DEBUG] [net.minecraftforge.fml.loading.moddiscovery.ModFileInfo/LOADING]: Found valid mod file Placebo-1.20.1-8.6.3.jar with {placebo} mods - versions {8.6.3}
[15Mar2026 03:04:11.587] [main/DEBUG] [net.minecraftforge.fml.loading.moddiscovery.ModFileParser/LOADING]: Considering mod file candidate C:\Users\Silvaria Zemaitis\AppData\Roaming\PrismLauncher\instances\IridescentCraft\minecraft\mods\player-animation-lib-forge-1.0.2-rc1+1.20.jar
[15Mar2026 03:04:11.587] [main/DEBUG] [net.minecraftforge.fml.loading.moddiscovery.ModFileInfo/LOADING]: Found valid mod file player-animation-lib-forge-1.0.2-rc1+1.20.jar with {playeranimator} mods - versions {1.0.2-rc1+1.20}
[15Mar2026 03:04:11.588] [main/DEBUG] [net.minecraftforge.fml.loading.moddiscovery.ModFileParser/LOADING]: Considering mod file candidate C:\Users\Silvaria Zemaitis\AppData\Roaming\PrismLauncher\instances\IridescentCraft\minecraft\mods\polylib-forge-2000.0.3-build.143.jar
[15Mar2026 03:04:11.588] [main/DEBUG] [net.minecraftforge.fml.loading.moddiscovery.ModFileInfo/LOADING]: Found valid mod file polylib-forge-2000.0.3-build.143.jar with {polylib} mods - versions {2000.0.3-build.143}
[15Mar2026 03:04:11.589] [main/DEBUG] [net.minecraftforge.fml.loading.moddiscovery.ModFileParser/LOADING]: Considering mod file candidate C:\Users\Silvaria Zemaitis\AppData\Roaming\PrismLauncher\instances\IridescentCraft\minecraft\mods\polymorph-forge-0.49.10+1.20.1.jar
[15Mar2026 03:04:11.589] [main/DEBUG] [net.minecraftforge.fml.loading.moddiscovery.ModFileInfo/LOADING]: Found valid mod file polymorph-forge-0.49.10+1.20.1.jar with {polymorph} mods - versions {0.49.10+1.20.1}
[15Mar2026 03:04:11.591] [main/DEBUG] [net.minecraftforge.fml.loading.moddiscovery.ModFileParser/LOADING]: Considering mod file candidate C:\Users\Silvaria Zemaitis\AppData\Roaming\PrismLauncher\instances\IridescentCraft\minecraft\mods\Pretty Rain-1.20.1-Forge-1.1.3.jar
[15Mar2026 03:04:11.591] [main/DEBUG] [net.minecraftforge.fml.loading.moddiscovery.ModFileInfo/LOADING]: Found valid mod file Pretty Rain-1.20.1-Forge-1.1.3.jar with {particlerain} mods - versions {1.1.3}
[15Mar2026 03:04:11.592] [main/DEBUG] [net.minecraftforge.fml.loading.moddiscovery.ModFileParser/LOADING]: Considering mod file candidate C:\Users\Silvaria Zemaitis\AppData\Roaming\PrismLauncher\instances\IridescentCraft\minecraft\mods\prettybeaches-forge-1.20-11.0.1.jar
[15Mar2026 03:04:11.592] [main/DEBUG] [net.minecraftforge.fml.loading.moddiscovery.ModFileInfo/LOADING]: Found valid mod file prettybeaches-forge-1.20-11.0.1.jar with {prettybeaches} mods - versions {11.0.1}
[15Mar2026 03:04:11.594] [main/DEBUG] [net.minecraftforge.fml.loading.moddiscovery.ModFileParser/LOADING]: Considering mod file candidate C:\Users\Silvaria Zemaitis\AppData\Roaming\PrismLauncher\instances\IridescentCraft\minecraft\mods\PrettyPipes-1.15.0-all.jar
[15Mar2026 03:04:11.594] [main/DEBUG] [net.minecraftforge.fml.loading.moddiscovery.ModFileInfo/LOADING]: Found valid mod file PrettyPipes-1.15.0-all.jar with {prettypipes} mods - versions {1.15.0}
[15Mar2026 03:04:11.595] [main/DEBUG] [net.minecraftforge.fml.loading.moddiscovery.ModFileParser/LOADING]: Considering mod file candidate C:\Users\Silvaria Zemaitis\AppData\Roaming\PrismLauncher\instances\IridescentCraft\minecraft\mods\pridemoths-1.8.7+1.20.1.jar
[15Mar2026 03:04:11.595] [main/DEBUG] [net.minecraftforge.fml.loading.moddiscovery.ModFileInfo/LOADING]: Found valid mod file pridemoths-1.8.7+1.20.1.jar with {pridemoths} mods - versions {1.8.7}
[15Mar2026 03:04:11.596] [main/DEBUG] [net.minecraftforge.fml.loading.moddiscovery.ModFileParser/LOADING]: Considering mod file candidate C:\Users\Silvaria Zemaitis\AppData\Roaming\PrismLauncher\instances\IridescentCraft\minecraft\mods\Prism-1.20.1-forge-1.0.5.jar
[15Mar2026 03:04:11.597] [main/DEBUG] [net.minecraftforge.fml.loading.moddiscovery.ModFileInfo/LOADING]: Found valid mod file Prism-1.20.1-forge-1.0.5.jar with {prism} mods - versions {1.0.5}
[15Mar2026 03:04:11.598] [main/DEBUG] [net.minecraftforge.fml.loading.moddiscovery.ModFileParser/LOADING]: Considering mod file candidate C:\Users\Silvaria Zemaitis\AppData\Roaming\PrismLauncher\instances\IridescentCraft\minecraft\mods\probejs-7.0.0-forge.jar
[15Mar2026 03:04:11.598] [main/DEBUG] [net.minecraftforge.fml.loading.moddiscovery.ModFileInfo/LOADING]: Found valid mod file probejs-7.0.0-forge.jar with {probejs} mods - versions {7.0.0}
[15Mar2026 03:04:11.599] [main/DEBUG] [net.minecraftforge.fml.loading.moddiscovery.ModFileParser/LOADING]: Considering mod file candidate C:\Users\Silvaria Zemaitis\AppData\Roaming\PrismLauncher\instances\IridescentCraft\minecraft\mods\progressivebosses-4.3.11.jar
[15Mar2026 03:04:11.599] [main/DEBUG] [net.minecraftforge.fml.loading.moddiscovery.ModFileInfo/LOADING]: Found valid mod file progressivebosses-4.3.11.jar with {progressivebosses} mods - versions {4.3.11}
[15Mar2026 03:04:11.600] [main/DEBUG] [net.minecraftforge.fml.loading.moddiscovery.ModFileParser/LOADING]: Considering mod file candidate C:\Users\Silvaria Zemaitis\AppData\Roaming\PrismLauncher\instances\IridescentCraft\minecraft\mods\puffish_attributes-0.8.2-1.20-forge.jar
[15Mar2026 03:04:11.600] [main/DEBUG] [net.minecraftforge.fml.loading.moddiscovery.ModFileInfo/LOADING]: Found valid mod file puffish_attributes-0.8.2-1.20-forge.jar with {puffish_attributes} mods - versions {0.8.2}
[15Mar2026 03:04:11.602] [main/DEBUG] [net.minecraftforge.fml.loading.moddiscovery.ModFileParser/LOADING]: Considering mod file candidate C:\Users\Silvaria Zemaitis\AppData\Roaming\PrismLauncher\instances\IridescentCraft\minecraft\mods\puffish_skills-0.17.3-1.20-forge.jar
[15Mar2026 03:04:11.602] [main/DEBUG] [net.minecraftforge.fml.loading.moddiscovery.ModFileInfo/LOADING]: Found valid mod file puffish_skills-0.17.3-1.20-forge.jar with {puffish_skills} mods - versions {0.17.3}
[15Mar2026 03:04:11.606] [main/DEBUG] [net.minecraftforge.fml.loading.moddiscovery.ModFileParser/LOADING]: Considering mod file candidate C:\Users\Silvaria Zemaitis\AppData\Roaming\PrismLauncher\instances\IridescentCraft\minecraft\mods\PuzzlesLib-v8.1.33-1.20.1-Forge.jar
[15Mar2026 03:04:11.606] [main/DEBUG] [net.minecraftforge.fml.loading.moddiscovery.ModFileInfo/LOADING]: Found valid mod file PuzzlesLib-v8.1.33-1.20.1-Forge.jar with {puzzleslib} mods - versions {8.1.33}
[15Mar2026 03:04:11.609] [main/DEBUG] [net.minecraftforge.fml.loading.moddiscovery.ModFileParser/LOADING]: Considering mod file candidate C:\Users\Silvaria Zemaitis\AppData\Roaming\PrismLauncher\instances\IridescentCraft\minecraft\mods\Quark-4.0-462.jar
[15Mar2026 03:04:11.609] [main/DEBUG] [net.minecraftforge.fml.loading.moddiscovery.ModFileInfo/LOADING]: Found valid mod file Quark-4.0-462.jar with {quark} mods - versions {4.0-462}
[15Mar2026 03:04:11.610] [main/DEBUG] [net.minecraftforge.fml.loading.moddiscovery.ModFileParser/LOADING]: Considering mod file candidate C:\Users\Silvaria Zemaitis\AppData\Roaming\PrismLauncher\instances\IridescentCraft\minecraft\mods\quickstack-1.20.1-1.jar
[15Mar2026 03:04:11.610] [main/DEBUG] [net.minecraftforge.fml.loading.moddiscovery.ModFileInfo/LOADING]: Found valid mod file quickstack-1.20.1-1.jar with {quickstack} mods - versions {1.20.1-1}
[15Mar2026 03:04:11.611] [main/DEBUG] [net.minecraftforge.fml.loading.moddiscovery.ModFileParser/LOADING]: Considering mod file candidate C:\Users\Silvaria Zemaitis\AppData\Roaming\PrismLauncher\instances\IridescentCraft\minecraft\mods\ramcompat-1.20.1-0.1.4.jar
[15Mar2026 03:04:11.612] [main/DEBUG] [net.minecraftforge.fml.loading.moddiscovery.ModFileInfo/LOADING]: Found valid mod file ramcompat-1.20.1-0.1.4.jar with {ramcompat} mods - versions {0.1.4}
[15Mar2026 03:04:11.613] [main/DEBUG] [net.minecraftforge.fml.loading.moddiscovery.ModFileParser/LOADING]: Considering mod file candidate C:\Users\Silvaria Zemaitis\AppData\Roaming\PrismLauncher\instances\IridescentCraft\minecraft\mods\rarcompat-1.20.1-0.5.jar
[15Mar2026 03:04:11.613] [main/DEBUG] [net.minecraftforge.fml.loading.moddiscovery.ModFileInfo/LOADING]: Found valid mod file rarcompat-1.20.1-0.5.jar with {rarcompat} mods - versions {0.5}
[15Mar2026 03:04:11.614] [main/DEBUG] [net.minecraftforge.fml.loading.moddiscovery.ModFileParser/LOADING]: Considering mod file candidate C:\Users\Silvaria Zemaitis\AppData\Roaming\PrismLauncher\instances\IridescentCraft\minecraft\mods\raw_netherite-1.0.0-forge-1.20.1.jar
[15Mar2026 03:04:11.614] [main/DEBUG] [net.minecraftforge.fml.loading.moddiscovery.ModFileInfo/LOADING]: Found valid mod file raw_netherite-1.0.0-forge-1.20.1.jar with {raw_netherite} mods - versions {1.0.0}
[15Mar2026 03:04:11.619] [main/DEBUG] [net.minecraftforge.fml.loading.moddiscovery.ModFileParser/LOADING]: Considering mod file candidate C:\Users\Silvaria Zemaitis\AppData\Roaming\PrismLauncher\instances\IridescentCraft\minecraft\mods\rechiseled-1.2.3-forge-mc1.20.1.jar
[15Mar2026 03:04:11.619] [main/DEBUG] [net.minecraftforge.fml.loading.moddiscovery.ModFileInfo/LOADING]: Found valid mod file rechiseled-1.2.3-forge-mc1.20.1.jar with {rechiseled} mods - versions {1.2.3}
[15Mar2026 03:04:11.620] [main/DEBUG] [net.minecraftforge.fml.loading.moddiscovery.ModFileParser/LOADING]: Considering mod file candidate C:\Users\Silvaria Zemaitis\AppData\Roaming\PrismLauncher\instances\IridescentCraft\minecraft\mods\refinedcooking-4.0.0.jar
[15Mar2026 03:04:11.620] [main/DEBUG] [net.minecraftforge.fml.loading.moddiscovery.ModFileInfo/LOADING]: Found valid mod file refinedcooking-4.0.0.jar with {refinedcooking} mods - versions {4.0.0}
[15Mar2026 03:04:11.623] [main/DEBUG] [net.minecraftforge.fml.loading.moddiscovery.ModFileParser/LOADING]: Considering mod file candidate C:\Users\Silvaria Zemaitis\AppData\Roaming\PrismLauncher\instances\IridescentCraft\minecraft\mods\refinedstorage-1.12.4.jar
[15Mar2026 03:04:11.623] [main/DEBUG] [net.minecraftforge.fml.loading.moddiscovery.ModFileInfo/LOADING]: Found valid mod file refinedstorage-1.12.4.jar with {refinedstorage} mods - versions {1.12.4}
[15Mar2026 03:04:11.624] [main/DEBUG] [net.minecraftforge.fml.loading.moddiscovery.ModFileParser/LOADING]: Considering mod file candidate C:\Users\Silvaria Zemaitis\AppData\Roaming\PrismLauncher\instances\IridescentCraft\minecraft\mods\refinedstorageaddons-0.10.0.jar
[15Mar2026 03:04:11.624] [main/DEBUG] [net.minecraftforge.fml.loading.moddiscovery.ModFileInfo/LOADING]: Found valid mod file refinedstorageaddons-0.10.0.jar with {refinedstorageaddons} mods - versions {0.10.0}
[15Mar2026 03:04:11.625] [main/DEBUG] [net.minecraftforge.fml.loading.moddiscovery.ModFileParser/LOADING]: Considering mod file candidate C:\Users\Silvaria Zemaitis\AppData\Roaming\PrismLauncher\instances\IridescentCraft\minecraft\mods\relics-1.20.1-0.8.0.11.jar
[15Mar2026 03:04:11.626] [main/DEBUG] [net.minecraftforge.fml.loading.moddiscovery.ModFileInfo/LOADING]: Found valid mod file relics-1.20.1-0.8.0.11.jar with {relics} mods - versions {0.8.0.11}
[15Mar2026 03:04:11.628] [main/DEBUG] [net.minecraftforge.fml.loading.moddiscovery.ModFileParser/LOADING]: Considering mod file candidate C:\Users\Silvaria Zemaitis\AppData\Roaming\PrismLauncher\instances\IridescentCraft\minecraft\mods\repurposed_structures-7.1.21+1.20.1-forge.jar
[15Mar2026 03:04:11.629] [main/DEBUG] [net.minecraftforge.fml.loading.moddiscovery.ModFileInfo/LOADING]: Found valid mod file repurposed_structures-7.1.21+1.20.1-forge.jar with {repurposed_structures} mods - versions {7.1.21+1.20.1-forge}
[15Mar2026 03:04:11.630] [main/DEBUG] [net.minecraftforge.fml.loading.moddiscovery.ModFileParser/LOADING]: Considering mod file candidate C:\Users\Silvaria Zemaitis\AppData\Roaming\PrismLauncher\instances\IridescentCraft\minecraft\mods\resourcefulconfig-forge-1.20.1-2.1.3.jar
[15Mar2026 03:04:11.630] [main/DEBUG] [net.minecraftforge.fml.loading.moddiscovery.ModFileInfo/LOADING]: Found valid mod file resourcefulconfig-forge-1.20.1-2.1.3.jar with {resourcefulconfig} mods - versions {2.1.3}
[15Mar2026 03:04:11.631] [main/DEBUG] [net.minecraftforge.fml.loading.moddiscovery.ModFileParser/LOADING]: Considering mod file candidate C:\Users\Silvaria Zemaitis\AppData\Roaming\PrismLauncher\instances\IridescentCraft\minecraft\mods\resourcefullib-forge-1.20.1-2.1.29.jar
[15Mar2026 03:04:11.631] [main/DEBUG] [net.minecraftforge.fml.loading.moddiscovery.ModFileInfo/LOADING]: Found valid mod file resourcefullib-forge-1.20.1-2.1.29.jar with {resourcefullib} mods - versions {2.1.29}
[15Mar2026 03:04:11.633] [main/DEBUG] [net.minecraftforge.fml.loading.moddiscovery.ModFileParser/LOADING]: Considering mod file candidate C:\Users\Silvaria Zemaitis\AppData\Roaming\PrismLauncher\instances\IridescentCraft\minecraft\mods\rftoolsbase-1.20-5.0.6.jar
[15Mar2026 03:04:11.633] [main/DEBUG] [net.minecraftforge.fml.loading.moddiscovery.ModFileInfo/LOADING]: Found valid mod file rftoolsbase-1.20-5.0.6.jar with {rftoolsbase} mods - versions {1.20-5.0.6}
[15Mar2026 03:04:11.634] [main/DEBUG] [net.minecraftforge.fml.loading.moddiscovery.ModFileParser/LOADING]: Considering mod file candidate C:\Users\Silvaria Zemaitis\AppData\Roaming\PrismLauncher\instances\IridescentCraft\minecraft\mods\rftoolsbuilder-1.20-6.0.8.jar
[15Mar2026 03:04:11.634] [main/DEBUG] [net.minecraftforge.fml.loading.moddiscovery.ModFileInfo/LOADING]: Found valid mod file rftoolsbuilder-1.20-6.0.8.jar with {rftoolsbuilder} mods - versions {1.20-6.0.8}
[15Mar2026 03:04:11.635] [main/DEBUG] [net.minecraftforge.fml.loading.moddiscovery.ModFileParser/LOADING]: Considering mod file candidate C:\Users\Silvaria Zemaitis\AppData\Roaming\PrismLauncher\instances\IridescentCraft\minecraft\mods\rftoolsdim-1.20-11.0.10.jar
[15Mar2026 03:04:11.636] [main/DEBUG] [net.minecraftforge.fml.loading.moddiscovery.ModFileInfo/LOADING]: Found valid mod file rftoolsdim-1.20-11.0.10.jar with {rftoolsdim} mods - versions {1.20-11.0.10}
[15Mar2026 03:04:11.637] [main/DEBUG] [net.minecraftforge.fml.loading.moddiscovery.ModFileParser/LOADING]: Considering mod file candidate C:\Users\Silvaria Zemaitis\AppData\Roaming\PrismLauncher\instances\IridescentCraft\minecraft\mods\rftoolspower-1.20-6.0.2.jar
[15Mar2026 03:04:11.637] [main/DEBUG] [net.minecraftforge.fml.loading.moddiscovery.ModFileInfo/LOADING]: Found valid mod file rftoolspower-1.20-6.0.2.jar with {rftoolspower} mods - versions {1.20-6.0.2}
[15Mar2026 03:04:11.639] [main/DEBUG] [net.minecraftforge.fml.loading.moddiscovery.ModFileParser/LOADING]: Considering mod file candidate C:\Users\Silvaria Zemaitis\AppData\Roaming\PrismLauncher\instances\IridescentCraft\minecraft\mods\rftoolsstorage-1.20-5.0.3.jar
[15Mar2026 03:04:11.639] [main/DEBUG] [net.minecraftforge.fml.loading.moddiscovery.ModFileInfo/LOADING]: Found valid mod file rftoolsstorage-1.20-5.0.3.jar with {rftoolsstorage} mods - versions {1.20-5.0.3}
[15Mar2026 03:04:11.640] [main/DEBUG] [net.minecraftforge.fml.loading.moddiscovery.ModFileParser/LOADING]: Considering mod file candidate C:\Users\Silvaria Zemaitis\AppData\Roaming\PrismLauncher\instances\IridescentCraft\minecraft\mods\rhino-forge-2001.2.3-build.10.jar
[15Mar2026 03:04:11.640] [main/DEBUG] [net.minecraftforge.fml.loading.moddiscovery.ModFileInfo/LOADING]: Found valid mod file rhino-forge-2001.2.3-build.10.jar with {rhino} mods - versions {2001.2.3-build.10}
[15Mar2026 03:04:11.641] [main/DEBUG] [net.minecraftforge.fml.loading.moddiscovery.ModFileParser/LOADING]: Considering mod file candidate C:\Users\Silvaria Zemaitis\AppData\Roaming\PrismLauncher\instances\IridescentCraft\minecraft\mods\RSInfinityBooster-1.20.1-1.0+41.jar
[15Mar2026 03:04:11.641] [main/DEBUG] [net.minecraftforge.fml.loading.moddiscovery.ModFileInfo/LOADING]: Found valid mod file RSInfinityBooster-1.20.1-1.0+41.jar with {rsinfinitybooster} mods - versions {1.20.1-1.0+41}
[15Mar2026 03:04:11.643] [main/DEBUG] [net.minecraftforge.fml.loading.moddiscovery.ModFileParser/LOADING]: Considering mod file candidate C:\Users\Silvaria Zemaitis\AppData\Roaming\PrismLauncher\instances\IridescentCraft\minecraft\mods\rsrequestify-1.20.1-2.3.3.jar
[15Mar2026 03:04:11.643] [main/DEBUG] [net.minecraftforge.fml.loading.moddiscovery.ModFileInfo/LOADING]: Found valid mod file rsrequestify-1.20.1-2.3.3.jar with {rsrequestify} mods - versions {2.3.3}
[15Mar2026 03:04:11.644] [main/DEBUG] [net.minecraftforge.fml.loading.moddiscovery.ModFileParser/LOADING]: Considering mod file candidate C:\Users\Silvaria Zemaitis\AppData\Roaming\PrismLauncher\instances\IridescentCraft\minecraft\mods\rubidium-extra-0.5.4.4+mc1.20.1-build.131.jar
[15Mar2026 03:04:11.644] [main/DEBUG] [net.minecraftforge.fml.loading.moddiscovery.ModFileInfo/LOADING]: Found valid mod file rubidium-extra-0.5.4.4+mc1.20.1-build.131.jar with {embeddium_extra} mods - versions {0.5.4.4+mc1.20.1-build.131}
[15Mar2026 03:04:11.645] [main/DEBUG] [net.minecraftforge.fml.loading.moddiscovery.ModFileParser/LOADING]: Considering mod file candidate C:\Users\Silvaria Zemaitis\AppData\Roaming\PrismLauncher\instances\IridescentCraft\minecraft\mods\savage_and_ravage-1.20.1-6.0.1.jar
[15Mar2026 03:04:11.645] [main/DEBUG] [net.minecraftforge.fml.loading.moddiscovery.ModFileInfo/LOADING]: Found valid mod file savage_and_ravage-1.20.1-6.0.1.jar with {savage_and_ravage} mods - versions {6.0.1}
[15Mar2026 03:04:11.647] [main/DEBUG] [net.minecraftforge.fml.loading.moddiscovery.ModFileParser/LOADING]: Considering mod file candidate C:\Users\Silvaria Zemaitis\AppData\Roaming\PrismLauncher\instances\IridescentCraft\minecraft\mods\ScalingMobs-2.4.3.jar
[15Mar2026 03:04:11.647] [main/DEBUG] [net.minecraftforge.fml.loading.moddiscovery.ModFileInfo/LOADING]: Found valid mod file ScalingMobs-2.4.3.jar with {scalingmobs} mods - versions {2.4.3}
[15Mar2026 03:04:11.648] [main/DEBUG] [net.minecraftforge.fml.loading.moddiscovery.ModFileParser/LOADING]: Considering mod file candidate C:\Users\Silvaria Zemaitis\AppData\Roaming\PrismLauncher\instances\IridescentCraft\minecraft\mods\Searchables-forge-1.20.1-1.0.3.jar
[15Mar2026 03:04:11.648] [main/DEBUG] [net.minecraftforge.fml.loading.moddiscovery.ModFileInfo/LOADING]: Found valid mod file Searchables-forge-1.20.1-1.0.3.jar with {searchables} mods - versions {1.0.3}
[15Mar2026 03:04:11.650] [main/DEBUG] [net.minecraftforge.fml.loading.moddiscovery.ModFileParser/LOADING]: Considering mod file candidate C:\Users\Silvaria Zemaitis\AppData\Roaming\PrismLauncher\instances\IridescentCraft\minecraft\mods\sebastrnlib-4.0.0.jar
[15Mar2026 03:04:11.650] [main/DEBUG] [net.minecraftforge.fml.loading.moddiscovery.ModFileInfo/LOADING]: Found valid mod file sebastrnlib-4.0.0.jar with {sebastrnlib} mods - versions {4.0.0}
[15Mar2026 03:04:11.651] [main/DEBUG] [net.minecraftforge.fml.loading.moddiscovery.ModFileParser/LOADING]: Considering mod file candidate C:\Users\Silvaria Zemaitis\AppData\Roaming\PrismLauncher\instances\IridescentCraft\minecraft\mods\SereneSeasons-forge-1.20.1-9.1.0.2.jar
[15Mar2026 03:04:11.651] [main/DEBUG] [net.minecraftforge.fml.loading.moddiscovery.ModFileInfo/LOADING]: Found valid mod file SereneSeasons-forge-1.20.1-9.1.0.2.jar with {sereneseasons} mods - versions {9.1.0.2}
[15Mar2026 03:04:11.653] [main/DEBUG] [net.minecraftforge.fml.loading.moddiscovery.ModFileParser/LOADING]: Considering mod file candidate C:\Users\Silvaria Zemaitis\AppData\Roaming\PrismLauncher\instances\IridescentCraft\minecraft\mods\servercore-forge-1.5.2+1.20.1.jar
[15Mar2026 03:04:11.653] [main/DEBUG] [net.minecraftforge.fml.loading.moddiscovery.ModFileInfo/LOADING]: Found valid mod file servercore-forge-1.5.2+1.20.1.jar with {servercore} mods - versions {1.5.2+1.20.1}
[15Mar2026 03:04:11.654] [main/DEBUG] [net.minecraftforge.fml.loading.moddiscovery.ModFileParser/LOADING]: Considering mod file candidate C:\Users\Silvaria Zemaitis\AppData\Roaming\PrismLauncher\instances\IridescentCraft\minecraft\mods\shetiphiancore-forge-1.20.1-1.5.jar
[15Mar2026 03:04:11.654] [main/DEBUG] [net.minecraftforge.fml.loading.moddiscovery.ModFileInfo/LOADING]: Found valid mod file shetiphiancore-forge-1.20.1-1.5.jar with {shetiphiancore} mods - versions {1.20.1-1.5}
[15Mar2026 03:04:11.656] [main/DEBUG] [net.minecraftforge.fml.loading.moddiscovery.ModFileParser/LOADING]: Considering mod file candidate C:\Users\Silvaria Zemaitis\AppData\Roaming\PrismLauncher\instances\IridescentCraft\minecraft\mods\silent-lib-1.20.1-8.0.0.jar
[15Mar2026 03:04:11.656] [main/DEBUG] [net.minecraftforge.fml.loading.moddiscovery.ModFileInfo/LOADING]: Found valid mod file silent-lib-1.20.1-8.0.0.jar with {silentlib} mods - versions {8.0.0}
[15Mar2026 03:04:11.657] [main/DEBUG] [net.minecraftforge.fml.loading.moddiscovery.ModFileParser/LOADING]: Considering mod file candidate C:\Users\Silvaria Zemaitis\AppData\Roaming\PrismLauncher\instances\IridescentCraft\minecraft\mods\SimpleDiscordRichPresence-forge-4.0.3-build.40+mc1.20.1.jar
[15Mar2026 03:04:11.657] [main/DEBUG] [net.minecraftforge.fml.loading.moddiscovery.ModFileInfo/LOADING]: Found valid mod file SimpleDiscordRichPresence-forge-4.0.3-build.40+mc1.20.1.jar with {sdrp} mods - versions {4.0.3-build.40+mc1.20.1}
[15Mar2026 03:04:11.658] [main/DEBUG] [net.minecraftforge.fml.loading.moddiscovery.ModFileParser/LOADING]: Considering mod file candidate C:\Users\Silvaria Zemaitis\AppData\Roaming\PrismLauncher\instances\IridescentCraft\minecraft\mods\simplefarming-1.20.1-2.2.6.jar
[15Mar2026 03:04:11.659] [main/DEBUG] [net.minecraftforge.fml.loading.moddiscovery.ModFileInfo/LOADING]: Found valid mod file simplefarming-1.20.1-2.2.6.jar with {simplefarming} mods - versions {1.20.1-2.0.6}
[15Mar2026 03:04:11.660] [main/DEBUG] [net.minecraftforge.fml.loading.moddiscovery.ModFileParser/LOADING]: Considering mod file candidate C:\Users\Silvaria Zemaitis\AppData\Roaming\PrismLauncher\instances\IridescentCraft\minecraft\mods\simplyswords-forge-1.56.0-1.20.1.jar
[15Mar2026 03:04:11.660] [main/DEBUG] [net.minecraftforge.fml.loading.moddiscovery.ModFileInfo/LOADING]: Found valid mod file simplyswords-forge-1.56.0-1.20.1.jar with {simplyswords} mods - versions {1.56.0-1.20.1}
[15Mar2026 03:04:11.663] [main/DEBUG] [net.minecraftforge.fml.loading.moddiscovery.ModFileParser/LOADING]: Considering mod file candidate C:\Users\Silvaria Zemaitis\AppData\Roaming\PrismLauncher\instances\IridescentCraft\minecraft\mods\SmartBrainLib-forge-1.20.1-1.15.jar
[15Mar2026 03:04:11.663] [main/DEBUG] [net.minecraftforge.fml.loading.moddiscovery.ModFileInfo/LOADING]: Found valid mod file SmartBrainLib-forge-1.20.1-1.15.jar with {smartbrainlib} mods - versions {1.15}
[15Mar2026 03:04:11.665] [main/DEBUG] [net.minecraftforge.fml.loading.moddiscovery.ModFileParser/LOADING]: Considering mod file candidate C:\Users\Silvaria Zemaitis\AppData\Roaming\PrismLauncher\instances\IridescentCraft\minecraft\mods\smoothboot(reloaded)-mc1.20.1-0.0.4.jar
[15Mar2026 03:04:11.665] [main/DEBUG] [net.minecraftforge.fml.loading.moddiscovery.ModFileInfo/LOADING]: Found valid mod file smoothboot(reloaded)-mc1.20.1-0.0.4.jar with {smoothboot} mods - versions {0.0.4}
[15Mar2026 03:04:11.666] [main/DEBUG] [net.minecraftforge.fml.loading.moddiscovery.ModFileParser/LOADING]: Considering mod file candidate C:\Users\Silvaria Zemaitis\AppData\Roaming\PrismLauncher\instances\IridescentCraft\minecraft\mods\smoothchunk-1.20.1-4.1.jar
[15Mar2026 03:04:11.666] [main/DEBUG] [net.minecraftforge.fml.loading.moddiscovery.ModFileInfo/LOADING]: Found valid mod file smoothchunk-1.20.1-4.1.jar with {smoothchunk} mods - versions {1.20.1-4.1}
[15Mar2026 03:04:11.667] [main/DEBUG] [net.minecraftforge.fml.loading.moddiscovery.ModFileParser/LOADING]: Considering mod file candidate C:\Users\Silvaria Zemaitis\AppData\Roaming\PrismLauncher\instances\IridescentCraft\minecraft\mods\solcarrot-1.20.1-1.15.1.jar
[15Mar2026 03:04:11.667] [main/DEBUG] [net.minecraftforge.fml.loading.moddiscovery.ModFileInfo/LOADING]: Found valid mod file solcarrot-1.20.1-1.15.1.jar with {solcarrot} mods - versions {1.15.1}
[15Mar2026 03:04:11.669] [main/DEBUG] [net.minecraftforge.fml.loading.moddiscovery.ModFileParser/LOADING]: Considering mod file candidate C:\Users\Silvaria Zemaitis\AppData\Roaming\PrismLauncher\instances\IridescentCraft\minecraft\mods\sophisticatedbackpacks-1.20.1-3.24.24.1538.jar
[15Mar2026 03:04:11.669] [main/DEBUG] [net.minecraftforge.fml.loading.moddiscovery.ModFileInfo/LOADING]: Found valid mod file sophisticatedbackpacks-1.20.1-3.24.24.1538.jar with {sophisticatedbackpacks} mods - versions {3.24.24.1538}
[15Mar2026 03:04:11.671] [main/DEBUG] [net.minecraftforge.fml.loading.moddiscovery.ModFileParser/LOADING]: Considering mod file candidate C:\Users\Silvaria Zemaitis\AppData\Roaming\PrismLauncher\instances\IridescentCraft\minecraft\mods\sophisticatedcore-1.20.1-1.3.5.1505.jar
[15Mar2026 03:04:11.671] [main/DEBUG] [net.minecraftforge.fml.loading.moddiscovery.ModFileInfo/LOADING]: Found valid mod file sophisticatedcore-1.20.1-1.3.5.1505.jar with {sophisticatedcore} mods - versions {1.3.5.1505}
[15Mar2026 03:04:11.672] [main/DEBUG] [net.minecraftforge.fml.loading.moddiscovery.ModFileParser/LOADING]: Considering mod file candidate C:\Users\Silvaria Zemaitis\AppData\Roaming\PrismLauncher\instances\IridescentCraft\minecraft\mods\sophisticatedstorage-1.20.1-1.4.25.1488.jar
[15Mar2026 03:04:11.672] [main/DEBUG] [net.minecraftforge.fml.loading.moddiscovery.ModFileInfo/LOADING]: Found valid mod file sophisticatedstorage-1.20.1-1.4.25.1488.jar with {sophisticatedstorage} mods - versions {1.4.25.1488}
[15Mar2026 03:04:11.674] [main/DEBUG] [net.minecraftforge.fml.loading.moddiscovery.ModFileParser/LOADING]: Considering mod file candidate C:\Users\Silvaria Zemaitis\AppData\Roaming\PrismLauncher\instances\IridescentCraft\minecraft\mods\sound-physics-remastered-forge-1.20.1-1.5.1.jar
[15Mar2026 03:04:11.674] [main/DEBUG] [net.minecraftforge.fml.loading.moddiscovery.ModFileInfo/LOADING]: Found valid mod file sound-physics-remastered-forge-1.20.1-1.5.1.jar with {sound_physics_remastered} mods - versions {1.20.1-1.5.1}
[15Mar2026 03:04:11.675] [main/DEBUG] [net.minecraftforge.fml.loading.moddiscovery.ModFileParser/LOADING]: Considering mod file candidate C:\Users\Silvaria Zemaitis\AppData\Roaming\PrismLauncher\instances\IridescentCraft\minecraft\mods\spark-1.10.53-forge.jar
[15Mar2026 03:04:11.675] [main/DEBUG] [net.minecraftforge.fml.loading.moddiscovery.ModFileInfo/LOADING]: Found valid mod file spark-1.10.53-forge.jar with {spark} mods - versions {1.10.53}
[15Mar2026 03:04:11.677] [main/DEBUG] [net.minecraftforge.fml.loading.moddiscovery.ModFileParser/LOADING]: Considering mod file candidate C:\Users\Silvaria Zemaitis\AppData\Roaming\PrismLauncher\instances\IridescentCraft\minecraft\mods\stalwart-dungeons-1.20.1-1.2.8.jar
[15Mar2026 03:04:11.677] [main/DEBUG] [net.minecraftforge.fml.loading.moddiscovery.ModFileInfo/LOADING]: Found valid mod file stalwart-dungeons-1.20.1-1.2.8.jar with {stalwart_dungeons} mods - versions {1.2.8}
[15Mar2026 03:04:11.679] [main/DEBUG] [net.minecraftforge.fml.loading.moddiscovery.ModFileParser/LOADING]: Considering mod file candidate C:\Users\Silvaria Zemaitis\AppData\Roaming\PrismLauncher\instances\IridescentCraft\minecraft\mods\starlight-1.1.2+forge.1cda73c.jar
[15Mar2026 03:04:11.679] [main/DEBUG] [net.minecraftforge.fml.loading.moddiscovery.ModFileInfo/LOADING]: Found valid mod file starlight-1.1.2+forge.1cda73c.jar with {starlight} mods - versions {1.1.2+forge.1cda73c}
[15Mar2026 03:04:11.683] [main/DEBUG] [net.minecraftforge.fml.loading.moddiscovery.ModFileParser/LOADING]: Considering mod file candidate C:\Users\Silvaria Zemaitis\AppData\Roaming\PrismLauncher\instances\IridescentCraft\minecraft\mods\Steam_Rails-1.6.15-beta+forge-mc1.20.1.jar
[15Mar2026 03:04:11.683] [main/DEBUG] [net.minecraftforge.fml.loading.moddiscovery.ModFileInfo/LOADING]: Found valid mod file Steam_Rails-1.6.15-beta+forge-mc1.20.1.jar with {railways} mods - versions {1.6.15-beta+forge-mc1.20.1}
[15Mar2026 03:04:11.685] [main/DEBUG] [net.minecraftforge.fml.loading.moddiscovery.ModFileParser/LOADING]: Considering mod file candidate C:\Users\Silvaria Zemaitis\AppData\Roaming\PrismLauncher\instances\IridescentCraft\minecraft\mods\StorageDrawers-forge-1.20.1-12.14.3.jar
[15Mar2026 03:04:11.685] [main/DEBUG] [net.minecraftforge.fml.loading.moddiscovery.ModFileInfo/LOADING]: Found valid mod file StorageDrawers-forge-1.20.1-12.14.3.jar with {storagedrawers} mods - versions {12.14.3}
[15Mar2026 03:04:11.686] [main/DEBUG] [net.minecraftforge.fml.loading.moddiscovery.ModFileParser/LOADING]: Considering mod file candidate C:\Users\Silvaria Zemaitis\AppData\Roaming\PrismLauncher\instances\IridescentCraft\minecraft\mods\Structory_1.20.x_v1.3.5.jar
[15Mar2026 03:04:11.686] [main/DEBUG] [net.minecraftforge.fml.loading.moddiscovery.ModFileInfo/LOADING]: Found valid mod file Structory_1.20.x_v1.3.5.jar with {structory} mods - versions {1.3.5}
[15Mar2026 03:04:11.688] [main/DEBUG] [net.minecraftforge.fml.loading.moddiscovery.ModFileParser/LOADING]: Considering mod file candidate C:\Users\Silvaria Zemaitis\AppData\Roaming\PrismLauncher\instances\IridescentCraft\minecraft\mods\Structory_Towers_1.20.x_v1.0.7.jar
[15Mar2026 03:04:11.688] [main/DEBUG] [net.minecraftforge.fml.loading.moddiscovery.ModFileInfo/LOADING]: Found valid mod file Structory_Towers_1.20.x_v1.0.7.jar with {structory_towers} mods - versions {1.0.7}
[15Mar2026 03:04:11.689] [main/DEBUG] [net.minecraftforge.fml.loading.moddiscovery.ModFileParser/LOADING]: Considering mod file candidate C:\Users\Silvaria Zemaitis\AppData\Roaming\PrismLauncher\instances\IridescentCraft\minecraft\mods\structure_gel-1.20.1-2.16.2.jar
[15Mar2026 03:04:11.689] [main/DEBUG] [net.minecraftforge.fml.loading.moddiscovery.ModFileInfo/LOADING]: Found valid mod file structure_gel-1.20.1-2.16.2.jar with {structure_gel} mods - versions {2.16.2}
[15Mar2026 03:04:11.690] [main/DEBUG] [net.minecraftforge.fml.loading.moddiscovery.ModFileParser/LOADING]: Considering mod file candidate C:\Users\Silvaria Zemaitis\AppData\Roaming\PrismLauncher\instances\IridescentCraft\minecraft\mods\structurize-1.20.1-1.0.803-snapshot.jar
[15Mar2026 03:04:11.691] [main/DEBUG] [net.minecraftforge.fml.loading.moddiscovery.ModFileInfo/LOADING]: Found valid mod file structurize-1.20.1-1.0.803-snapshot.jar with {structurize} mods - versions {1.20.1-1.0.803-snapshot}
[15Mar2026 03:04:11.692] [main/DEBUG] [net.minecraftforge.fml.loading.moddiscovery.ModFileParser/LOADING]: Considering mod file candidate C:\Users\Silvaria Zemaitis\AppData\Roaming\PrismLauncher\instances\IridescentCraft\minecraft\mods\supermartijn642configlib-1.1.8-forge-mc1.20.jar
[15Mar2026 03:04:11.692] [main/DEBUG] [net.minecraftforge.fml.loading.moddiscovery.ModFileInfo/LOADING]: Found valid mod file supermartijn642configlib-1.1.8-forge-mc1.20.jar with {supermartijn642configlib} mods - versions {1.1.8}
[15Mar2026 03:04:11.693] [main/DEBUG] [net.minecraftforge.fml.loading.moddiscovery.ModFileParser/LOADING]: Considering mod file candidate C:\Users\Silvaria Zemaitis\AppData\Roaming\PrismLauncher\instances\IridescentCraft\minecraft\mods\supermartijn642corelib-1.1.20-forge-mc1.20.1.jar
[15Mar2026 03:04:11.693] [main/DEBUG] [net.minecraftforge.fml.loading.moddiscovery.ModFileInfo/LOADING]: Found valid mod file supermartijn642corelib-1.1.20-forge-mc1.20.1.jar with {supermartijn642corelib} mods - versions {1.1.20}
[15Mar2026 03:04:11.696] [main/DEBUG] [net.minecraftforge.fml.loading.moddiscovery.ModFileParser/LOADING]: Considering mod file candidate C:\Users\Silvaria Zemaitis\AppData\Roaming\PrismLauncher\instances\IridescentCraft\minecraft\mods\supplementaries-1.20-3.1.42-forge.jar
[15Mar2026 03:04:11.696] [main/DEBUG] [net.minecraftforge.fml.loading.moddiscovery.ModFileInfo/LOADING]: Found valid mod file supplementaries-1.20-3.1.42-forge.jar with {supplementaries} mods - versions {1.20-3.1.42}
[15Mar2026 03:04:11.698] [main/DEBUG] [net.minecraftforge.fml.loading.moddiscovery.ModFileParser/LOADING]: Considering mod file candidate C:\Users\Silvaria Zemaitis\AppData\Roaming\PrismLauncher\instances\IridescentCraft\minecraft\mods\TATOS 1.0.5_beta.jar
[15Mar2026 03:04:11.699] [main/DEBUG] [net.minecraftforge.fml.loading.moddiscovery.ModFileInfo/LOADING]: Found valid mod file TATOS 1.0.5_beta.jar with {theabyss} mods - versions {1.0.0}
[15Mar2026 03:04:11.700] [main/DEBUG] [net.minecraftforge.fml.loading.moddiscovery.ModFileParser/LOADING]: Considering mod file candidate C:\Users\Silvaria Zemaitis\AppData\Roaming\PrismLauncher\instances\IridescentCraft\minecraft\mods\TaxFreeLevels-1.4.14-forge-1.20.1.jar
[15Mar2026 03:04:11.700] [main/DEBUG] [net.minecraftforge.fml.loading.moddiscovery.ModFileInfo/LOADING]: Found valid mod file TaxFreeLevels-1.4.14-forge-1.20.1.jar with {taxfreelevels} mods - versions {1.4.14}
[15Mar2026 03:04:11.702] [main/DEBUG] [net.minecraftforge.fml.loading.moddiscovery.ModFileParser/LOADING]: Considering mod file candidate C:\Users\Silvaria Zemaitis\AppData\Roaming\PrismLauncher\instances\IridescentCraft\minecraft\mods\tectonic-3.0.17-forge-1.20.1.jar
[15Mar2026 03:04:11.702] [main/DEBUG] [net.minecraftforge.fml.loading.moddiscovery.ModFileInfo/LOADING]: Found valid mod file tectonic-3.0.17-forge-1.20.1.jar with {tectonic} mods - versions {3.0.17}
[15Mar2026 03:04:11.703] [main/DEBUG] [net.minecraftforge.fml.loading.moddiscovery.ModFileParser/LOADING]: Considering mod file candidate C:\Users\Silvaria Zemaitis\AppData\Roaming\PrismLauncher\instances\IridescentCraft\minecraft\mods\tenshilib-1.20.1-1.7.6-forge.jar
[15Mar2026 03:04:11.703] [main/DEBUG] [net.minecraftforge.fml.loading.moddiscovery.ModFileInfo/LOADING]: Found valid mod file tenshilib-1.20.1-1.7.6-forge.jar with {tenshilib} mods - versions {1.20.1-1.7.6}
[15Mar2026 03:04:11.704] [main/DEBUG] [net.minecraftforge.fml.loading.moddiscovery.ModFileParser/LOADING]: Considering mod file candidate C:\Users\Silvaria Zemaitis\AppData\Roaming\PrismLauncher\instances\IridescentCraft\minecraft\mods\TerraBlender-forge-1.20.1-3.0.1.10.jar
[15Mar2026 03:04:11.704] [main/DEBUG] [net.minecraftforge.fml.loading.moddiscovery.ModFileInfo/LOADING]: Found valid mod file TerraBlender-forge-1.20.1-3.0.1.10.jar with {terrablender} mods - versions {3.0.1.10}
[15Mar2026 03:04:11.707] [main/DEBUG] [net.minecraftforge.fml.loading.moddiscovery.ModFileParser/LOADING]: Considering mod file candidate C:\Users\Silvaria Zemaitis\AppData\Roaming\PrismLauncher\instances\IridescentCraft\minecraft\mods\terramity-0.9.8-forge-1.20.1.jar
[15Mar2026 03:04:11.707] [main/DEBUG] [net.minecraftforge.fml.loading.moddiscovery.ModFileInfo/LOADING]: Found valid mod file terramity-0.9.8-forge-1.20.1.jar with {terramity} mods - versions {0.9.8}
[15Mar2026 03:04:11.709] [main/DEBUG] [net.minecraftforge.fml.loading.moddiscovery.ModFileParser/LOADING]: Considering mod file candidate C:\Users\Silvaria Zemaitis\AppData\Roaming\PrismLauncher\instances\IridescentCraft\minecraft\mods\The_Undergarden-1.20.1-0.8.14.jar
[15Mar2026 03:04:11.709] [main/DEBUG] [net.minecraftforge.fml.loading.moddiscovery.ModFileInfo/LOADING]: Found valid mod file The_Undergarden-1.20.1-0.8.14.jar with {undergarden} mods - versions {0.8.14}
[15Mar2026 03:04:11.710] [main/DEBUG] [net.minecraftforge.fml.loading.moddiscovery.ModFileParser/LOADING]: Considering mod file candidate C:\Users\Silvaria Zemaitis\AppData\Roaming\PrismLauncher\instances\IridescentCraft\minecraft\mods\thermal_cultivation-1.20.1-11.0.1.24.jar
[15Mar2026 03:04:11.710] [main/DEBUG] [net.minecraftforge.fml.loading.moddiscovery.ModFileInfo/LOADING]: Found valid mod file thermal_cultivation-1.20.1-11.0.1.24.jar with {thermal_cultivation} mods - versions {11.0.1}
[15Mar2026 03:04:11.712] [main/DEBUG] [net.minecraftforge.fml.loading.moddiscovery.ModFileParser/LOADING]: Considering mod file candidate C:\Users\Silvaria Zemaitis\AppData\Roaming\PrismLauncher\instances\IridescentCraft\minecraft\mods\thermal_dynamics-1.20.1-11.0.1.23.jar
[15Mar2026 03:04:11.712] [main/DEBUG] [net.minecraftforge.fml.loading.moddiscovery.ModFileInfo/LOADING]: Found valid mod file thermal_dynamics-1.20.1-11.0.1.23.jar with {thermal_dynamics} mods - versions {11.0.1}
[15Mar2026 03:04:11.713] [main/DEBUG] [net.minecraftforge.fml.loading.moddiscovery.ModFileParser/LOADING]: Considering mod file candidate C:\Users\Silvaria Zemaitis\AppData\Roaming\PrismLauncher\instances\IridescentCraft\minecraft\mods\thermal_expansion-1.20.1-11.0.1.29.jar
[15Mar2026 03:04:11.713] [main/DEBUG] [net.minecraftforge.fml.loading.moddiscovery.ModFileInfo/LOADING]: Found valid mod file thermal_expansion-1.20.1-11.0.1.29.jar with {thermal_expansion} mods - versions {11.0.1}
[15Mar2026 03:04:11.715] [main/DEBUG] [net.minecraftforge.fml.loading.moddiscovery.ModFileParser/LOADING]: Considering mod file candidate C:\Users\Silvaria Zemaitis\AppData\Roaming\PrismLauncher\instances\IridescentCraft\minecraft\mods\thermal_foundation-1.20.1-11.0.6.70.jar
[15Mar2026 03:04:11.715] [main/DEBUG] [net.minecraftforge.fml.loading.moddiscovery.ModFileInfo/LOADING]: Found valid mod file thermal_foundation-1.20.1-11.0.6.70.jar with {thermal_foundation} mods - versions {11.0.6}
[15Mar2026 03:04:11.716] [main/DEBUG] [net.minecraftforge.fml.loading.moddiscovery.ModFileParser/LOADING]: Considering mod file candidate C:\Users\Silvaria Zemaitis\AppData\Roaming\PrismLauncher\instances\IridescentCraft\minecraft\mods\thermal_innovation-1.20.1-11.0.1.23.jar
[15Mar2026 03:04:11.716] [main/DEBUG] [net.minecraftforge.fml.loading.moddiscovery.ModFileInfo/LOADING]: Found valid mod file thermal_innovation-1.20.1-11.0.1.23.jar with {thermal_innovation} mods - versions {11.0.1}
[15Mar2026 03:04:11.718] [main/DEBUG] [net.minecraftforge.fml.loading.moddiscovery.ModFileParser/LOADING]: Considering mod file candidate C:\Users\Silvaria Zemaitis\AppData\Roaming\PrismLauncher\instances\IridescentCraft\minecraft\mods\thermal_integration-1.20.1-11.0.1.27.jar
[15Mar2026 03:04:11.718] [main/DEBUG] [net.minecraftforge.fml.loading.moddiscovery.ModFileInfo/LOADING]: Found valid mod file thermal_integration-1.20.1-11.0.1.27.jar with {thermal_integration} mods - versions {11.0.1}
[15Mar2026 03:04:11.720] [main/DEBUG] [net.minecraftforge.fml.loading.moddiscovery.ModFileParser/LOADING]: Considering mod file candidate C:\Users\Silvaria Zemaitis\AppData\Roaming\PrismLauncher\instances\IridescentCraft\minecraft\mods\THEUNDEADREVAMPED_1.9J_1.20.1.jar
[15Mar2026 03:04:11.720] [main/DEBUG] [net.minecraftforge.fml.loading.moddiscovery.ModFileInfo/LOADING]: Found valid mod file THEUNDEADREVAMPED_1.9J_1.20.1.jar with {undead_revamp2} mods - versions {1.0.1}
[15Mar2026 03:04:11.721] [main/DEBUG] [net.minecraftforge.fml.loading.moddiscovery.ModFileParser/LOADING]: Considering mod file candidate C:\Users\Silvaria Zemaitis\AppData\Roaming\PrismLauncher\instances\IridescentCraft\minecraft\mods\titanium-1.20.1-3.8.32.jar
[15Mar2026 03:04:11.721] [main/DEBUG] [net.minecraftforge.fml.loading.moddiscovery.ModFileInfo/LOADING]: Found valid mod file titanium-1.20.1-3.8.32.jar with {titanium} mods - versions {3.8.32}
[15Mar2026 03:04:11.722] [main/DEBUG] [net.minecraftforge.fml.loading.moddiscovery.ModFileParser/LOADING]: Considering mod file candidate C:\Users\Silvaria Zemaitis\AppData\Roaming\PrismLauncher\instances\IridescentCraft\minecraft\mods\toe-1.0.0-forge-1.20.1.jar
[15Mar2026 03:04:11.723] [main/DEBUG] [net.minecraftforge.fml.loading.moddiscovery.ModFileInfo/LOADING]: Found valid mod file toe-1.0.0-forge-1.20.1.jar with {toe} mods - versions {1.0.0}
[15Mar2026 03:04:11.724] [main/DEBUG] [net.minecraftforge.fml.loading.moddiscovery.ModFileParser/LOADING]: Considering mod file candidate C:\Users\Silvaria Zemaitis\AppData\Roaming\PrismLauncher\instances\IridescentCraft\minecraft\mods\too_many_bows-forge-4.0.1.jar
[15Mar2026 03:04:11.724] [main/DEBUG] [net.minecraftforge.fml.loading.moddiscovery.ModFileInfo/LOADING]: Found valid mod file too_many_bows-forge-4.0.1.jar with {too_many_bows} mods - versions {4.0.1}
[15Mar2026 03:04:11.725] [main/DEBUG] [net.minecraftforge.fml.loading.moddiscovery.ModFileParser/LOADING]: Considering mod file candidate C:\Users\Silvaria Zemaitis\AppData\Roaming\PrismLauncher\instances\IridescentCraft\minecraft\mods\toofast-1.20-0.4.3.5.jar
[15Mar2026 03:04:11.725] [main/DEBUG] [net.minecraftforge.fml.loading.moddiscovery.ModFileInfo/LOADING]: Found valid mod file toofast-1.20-0.4.3.5.jar with {toofast} mods - versions {0.4.3.5}
[15Mar2026 03:04:11.728] [main/DEBUG] [net.minecraftforge.fml.loading.moddiscovery.ModFileParser/LOADING]: Considering mod file candidate C:\Users\Silvaria Zemaitis\AppData\Roaming\PrismLauncher\instances\IridescentCraft\minecraft\mods\ToolStats-Forge-1.20.1-16.0.10.jar
[15Mar2026 03:04:11.728] [main/DEBUG] [net.minecraftforge.fml.loading.moddiscovery.ModFileInfo/LOADING]: Found valid mod file ToolStats-Forge-1.20.1-16.0.10.jar with {toolstats} mods - versions {16.0.10}
[15Mar2026 03:04:11.729] [main/DEBUG] [net.minecraftforge.fml.loading.moddiscovery.ModFileParser/LOADING]: Considering mod file candidate C:\Users\Silvaria Zemaitis\AppData\Roaming\PrismLauncher\instances\IridescentCraft\minecraft\mods\torchmaster-20.1.9.jar
[15Mar2026 03:04:11.729] [main/DEBUG] [net.minecraftforge.fml.loading.moddiscovery.ModFileInfo/LOADING]: Found valid mod file torchmaster-20.1.9.jar with {torchmaster} mods - versions {20.1.9}
[15Mar2026 03:04:11.731] [main/DEBUG] [net.minecraftforge.fml.loading.moddiscovery.ModFileParser/LOADING]: Considering mod file candidate C:\Users\Silvaria Zemaitis\AppData\Roaming\PrismLauncher\instances\IridescentCraft\minecraft\mods\trashcans-1.0.18b-forge-mc1.20.jar
[15Mar2026 03:04:11.731] [main/DEBUG] [net.minecraftforge.fml.loading.moddiscovery.ModFileInfo/LOADING]: Found valid mod file trashcans-1.0.18b-forge-mc1.20.jar with {trashcans} mods - versions {1.0.18b}
[15Mar2026 03:04:11.732] [main/DEBUG] [net.minecraftforge.fml.loading.moddiscovery.ModFileParser/LOADING]: Considering mod file candidate C:\Users\Silvaria Zemaitis\AppData\Roaming\PrismLauncher\instances\IridescentCraft\minecraft\mods\trashslot-forge-1.20.1-15.1.3.jar
[15Mar2026 03:04:11.732] [main/DEBUG] [net.minecraftforge.fml.loading.moddiscovery.ModFileInfo/LOADING]: Found valid mod file trashslot-forge-1.20.1-15.1.3.jar with {trashslot} mods - versions {15.1.3}
[15Mar2026 03:04:11.734] [main/DEBUG] [net.minecraftforge.fml.loading.moddiscovery.ModFileParser/LOADING]: Considering mod file candidate C:\Users\Silvaria Zemaitis\AppData\Roaming\PrismLauncher\instances\IridescentCraft\minecraft\mods\TravelersTitles-1.20-Forge-4.0.2.jar
[15Mar2026 03:04:11.734] [main/DEBUG] [net.minecraftforge.fml.loading.moddiscovery.ModFileInfo/LOADING]: Found valid mod file TravelersTitles-1.20-Forge-4.0.2.jar with {travelerstitles} mods - versions {1.20-Forge-4.0.2}
[15Mar2026 03:04:11.735] [main/DEBUG] [net.minecraftforge.fml.loading.moddiscovery.ModFileParser/LOADING]: Considering mod file candidate C:\Users\Silvaria Zemaitis\AppData\Roaming\PrismLauncher\instances\IridescentCraft\minecraft\mods\treasuredistance-1.20-1.2.jar
[15Mar2026 03:04:11.735] [main/DEBUG] [net.minecraftforge.fml.loading.moddiscovery.ModFileInfo/LOADING]: Found valid mod file treasuredistance-1.20-1.2.jar with {treasuredistance} mods - versions {1.20-1.2}
[15Mar2026 03:04:11.737] [main/DEBUG] [net.minecraftforge.fml.loading.moddiscovery.ModFileParser/LOADING]: Considering mod file candidate C:\Users\Silvaria Zemaitis\AppData\Roaming\PrismLauncher\instances\IridescentCraft\minecraft\mods\Truly-Modular-archery-archery-forge-1.6-1.20.1.jar
[15Mar2026 03:04:11.737] [main/DEBUG] [net.minecraftforge.fml.loading.moddiscovery.ModFileInfo/LOADING]: Found valid mod file Truly-Modular-archery-archery-forge-1.6-1.20.1.jar with {archery} mods - versions {1.6}
[15Mar2026 03:04:11.738] [main/DEBUG] [net.minecraftforge.fml.loading.moddiscovery.ModFileParser/LOADING]: Considering mod file candidate C:\Users\Silvaria Zemaitis\AppData\Roaming\PrismLauncher\instances\IridescentCraft\minecraft\mods\Truly-Modular-armory-armory-forge-1.13-1.20.1.jar
[15Mar2026 03:04:11.738] [main/DEBUG] [net.minecraftforge.fml.loading.moddiscovery.ModFileInfo/LOADING]: Found valid mod file Truly-Modular-armory-armory-forge-1.13-1.20.1.jar with {armory} mods - versions {1.13}
[15Mar2026 03:04:11.740] [main/DEBUG] [net.minecraftforge.fml.loading.moddiscovery.ModFileParser/LOADING]: Considering mod file candidate C:\Users\Silvaria Zemaitis\AppData\Roaming\PrismLauncher\instances\IridescentCraft\minecraft\mods\Truly-Modular-arsenal-arsenal-forge-1.13-1.20.1.jar
[15Mar2026 03:04:11.740] [main/DEBUG] [net.minecraftforge.fml.loading.moddiscovery.ModFileInfo/LOADING]: Found valid mod file Truly-Modular-arsenal-arsenal-forge-1.13-1.20.1.jar with {tm_arsenal} mods - versions {1.13}
[15Mar2026 03:04:11.741] [main/DEBUG] [net.minecraftforge.fml.loading.moddiscovery.ModFileParser/LOADING]: Considering mod file candidate C:\Users\Silvaria Zemaitis\AppData\Roaming\PrismLauncher\instances\IridescentCraft\minecraft\mods\Truly-Modular-miapi-forge-1.1.48-1.20.1.jar
[15Mar2026 03:04:11.741] [main/DEBUG] [net.minecraftforge.fml.loading.moddiscovery.ModFileInfo/LOADING]: Found valid mod file Truly-Modular-miapi-forge-1.1.48-1.20.1.jar with {miapi} mods - versions {1.1.48}
[15Mar2026 03:04:11.743] [main/DEBUG] [net.minecraftforge.fml.loading.moddiscovery.ModFileParser/LOADING]: Considering mod file candidate C:\Users\Silvaria Zemaitis\AppData\Roaming\PrismLauncher\instances\IridescentCraft\minecraft\mods\truly_modular_create_compat-forge-1.20.1-1.0.0.jar
[15Mar2026 03:04:11.743] [main/DEBUG] [net.minecraftforge.fml.loading.moddiscovery.ModFileInfo/LOADING]: Found valid mod file truly_modular_create_compat-forge-1.20.1-1.0.0.jar with {truly_modular_create_compat} mods - versions {1.0.0}
[15Mar2026 03:04:11.744] [main/DEBUG] [net.minecraftforge.fml.loading.moddiscovery.ModFileParser/LOADING]: Considering mod file candidate C:\Users\Silvaria Zemaitis\AppData\Roaming\PrismLauncher\instances\IridescentCraft\minecraft\mods\twilightaether-1.20.1-1.0.0.jar
[15Mar2026 03:04:11.744] [main/DEBUG] [net.minecraftforge.fml.loading.moddiscovery.ModFileInfo/LOADING]: Found valid mod file twilightaether-1.20.1-1.0.0.jar with {twilightaether} mods - versions {1.20.1-1.0.0}
[15Mar2026 03:04:11.747] [main/DEBUG] [net.minecraftforge.fml.loading.moddiscovery.ModFileParser/LOADING]: Considering mod file candidate C:\Users\Silvaria Zemaitis\AppData\Roaming\PrismLauncher\instances\IridescentCraft\minecraft\mods\twilightforest-1.20.1-4.3.2508-universal.jar
[15Mar2026 03:04:11.747] [main/DEBUG] [net.minecraftforge.fml.loading.moddiscovery.ModFileInfo/LOADING]: Found valid mod file twilightforest-1.20.1-4.3.2508-universal.jar with {twilightforest} mods - versions {4.3.2508}
[15Mar2026 03:04:11.749] [main/DEBUG] [net.minecraftforge.fml.loading.moddiscovery.ModFileParser/LOADING]: Considering mod file candidate C:\Users\Silvaria Zemaitis\AppData\Roaming\PrismLauncher\instances\IridescentCraft\minecraft\mods\ultimate-bosses-1.0.4.jar
[15Mar2026 03:04:11.749] [main/DEBUG] [net.minecraftforge.fml.loading.moddiscovery.ModFileInfo/LOADING]: Found valid mod file ultimate-bosses-1.0.4.jar with {mr_ultimate_bosses} mods - versions {1.0.4}
[15Mar2026 03:04:11.750] [main/DEBUG] [net.minecraftforge.fml.loading.moddiscovery.ModFileParser/LOADING]: Considering mod file candidate C:\Users\Silvaria Zemaitis\AppData\Roaming\PrismLauncher\instances\IridescentCraft\minecraft\mods\ultris-v5.6.9c.jar
[15Mar2026 03:04:11.751] [main/DEBUG] [net.minecraftforge.fml.loading.moddiscovery.ModFileInfo/LOADING]: Found valid mod file ultris-v5.6.9c.jar with {ultris_mr} mods - versions {5.6.9c}
[15Mar2026 03:04:11.752] [main/DEBUG] [net.minecraftforge.fml.loading.moddiscovery.ModFileParser/LOADING]: Considering mod file candidate C:\Users\Silvaria Zemaitis\AppData\Roaming\PrismLauncher\instances\IridescentCraft\minecraft\mods\Unwrecked Ships Plus 2.0.5.jar
[15Mar2026 03:04:11.752] [main/DEBUG] [net.minecraftforge.fml.loading.moddiscovery.ModFileInfo/LOADING]: Found valid mod file Unwrecked Ships Plus 2.0.5.jar with {unwrecked_ships_plus} mods - versions {2.0.5}
[15Mar2026 03:04:11.753] [main/DEBUG] [net.minecraftforge.fml.loading.moddiscovery.ModFileParser/LOADING]: Considering mod file candidate C:\Users\Silvaria Zemaitis\AppData\Roaming\PrismLauncher\instances\IridescentCraft\minecraft\mods\valhelsia_core-forge-1.20.1-1.1.2.jar
[15Mar2026 03:04:11.753] [main/DEBUG] [net.minecraftforge.fml.loading.moddiscovery.ModFileInfo/LOADING]: Found valid mod file valhelsia_core-forge-1.20.1-1.1.2.jar with {valhelsia_core} mods - versions {1.1.2}
[15Mar2026 03:04:11.756] [main/DEBUG] [net.minecraftforge.fml.loading.moddiscovery.ModFileParser/LOADING]: Considering mod file candidate C:\Users\Silvaria Zemaitis\AppData\Roaming\PrismLauncher\instances\IridescentCraft\minecraft\mods\valhelsia_furniture-forge-1.20.1-1.1.3.jar
[15Mar2026 03:04:11.756] [main/DEBUG] [net.minecraftforge.fml.loading.moddiscovery.ModFileInfo/LOADING]: Found valid mod file valhelsia_furniture-forge-1.20.1-1.1.3.jar with {valhelsia_furniture} mods - versions {1.1.3}
[15Mar2026 03:04:11.758] [main/DEBUG] [net.minecraftforge.fml.loading.moddiscovery.ModFileParser/LOADING]: Considering mod file candidate C:\Users\Silvaria Zemaitis\AppData\Roaming\PrismLauncher\instances\IridescentCraft\minecraft\mods\valhelsia_structures-forge-1.20.1-1.1.2.jar
[15Mar2026 03:04:11.758] [main/DEBUG] [net.minecraftforge.fml.loading.moddiscovery.ModFileInfo/LOADING]: Found valid mod file valhelsia_structures-forge-1.20.1-1.1.2.jar with {valhelsia_structures} mods - versions {1.20.1-1.1.2}
[15Mar2026 03:04:11.759] [main/DEBUG] [net.minecraftforge.fml.loading.moddiscovery.ModFileParser/LOADING]: Considering mod file candidate C:\Users\Silvaria Zemaitis\AppData\Roaming\PrismLauncher\instances\IridescentCraft\minecraft\mods\villagesandpillages-forge-mc1.20.1-1.0.2.jar
[15Mar2026 03:04:11.759] [main/DEBUG] [net.minecraftforge.fml.loading.moddiscovery.ModFileInfo/LOADING]: Found valid mod file villagesandpillages-forge-mc1.20.1-1.0.2.jar with {villagesandpillages} mods - versions {1.0.2}
[15Mar2026 03:04:11.761] [main/DEBUG] [net.minecraftforge.fml.loading.moddiscovery.ModFileParser/LOADING]: Considering mod file candidate C:\Users\Silvaria Zemaitis\AppData\Roaming\PrismLauncher\instances\IridescentCraft\minecraft\mods\villagespawnpoint-1.20.1-4.6.jar
[15Mar2026 03:04:11.761] [main/DEBUG] [net.minecraftforge.fml.loading.moddiscovery.ModFileInfo/LOADING]: Found valid mod file villagespawnpoint-1.20.1-4.6.jar with {villagespawnpoint} mods - versions {4.6}
[15Mar2026 03:04:11.763] [main/DEBUG] [net.minecraftforge.fml.loading.moddiscovery.ModFileParser/LOADING]: Considering mod file candidate C:\Users\Silvaria Zemaitis\AppData\Roaming\PrismLauncher\instances\IridescentCraft\minecraft\mods\VisualWorkbench-v8.0.1-1.20.1-Forge.jar
[15Mar2026 03:04:11.763] [main/DEBUG] [net.minecraftforge.fml.loading.moddiscovery.ModFileInfo/LOADING]: Found valid mod file VisualWorkbench-v8.0.1-1.20.1-Forge.jar with {visualworkbench} mods - versions {8.0.1}
[15Mar2026 03:04:11.764] [main/DEBUG] [net.minecraftforge.fml.loading.moddiscovery.ModFileParser/LOADING]: Considering mod file candidate C:\Users\Silvaria Zemaitis\AppData\Roaming\PrismLauncher\instances\IridescentCraft\minecraft\mods\voicechat-forge-1.20.1-2.6.12.jar
[15Mar2026 03:04:11.764] [main/DEBUG] [net.minecraftforge.fml.loading.moddiscovery.ModFileInfo/LOADING]: Found valid mod file voicechat-forge-1.20.1-2.6.12.jar with {voicechat,voicechat_api} mods - versions {1.20.1-2.6.12,2.6.0}
[15Mar2026 03:04:11.765] [main/DEBUG] [net.minecraftforge.fml.loading.moddiscovery.ModFileParser/LOADING]: Considering mod file candidate C:\Users\Silvaria Zemaitis\AppData\Roaming\PrismLauncher\instances\IridescentCraft\minecraft\mods\waystone_towers-1.20.1-FORGE-1.0.9.jar
[15Mar2026 03:04:11.765] [main/DEBUG] [net.minecraftforge.fml.loading.moddiscovery.ModFileInfo/LOADING]: Found valid mod file waystone_towers-1.20.1-FORGE-1.0.9.jar with {waystone_towers} mods - versions {1.0.9}
[15Mar2026 03:04:11.767] [main/DEBUG] [net.minecraftforge.fml.loading.moddiscovery.ModFileParser/LOADING]: Considering mod file candidate C:\Users\Silvaria Zemaitis\AppData\Roaming\PrismLauncher\instances\IridescentCraft\minecraft\mods\waystones-forge-1.20.1-14.1.20.jar
[15Mar2026 03:04:11.767] [main/DEBUG] [net.minecraftforge.fml.loading.moddiscovery.ModFileInfo/LOADING]: Found valid mod file waystones-forge-1.20.1-14.1.20.jar with {waystones} mods - versions {14.1.20}
[15Mar2026 03:04:11.768] [main/DEBUG] [net.minecraftforge.fml.loading.moddiscovery.ModFileParser/LOADING]: Considering mod file candidate C:\Users\Silvaria Zemaitis\AppData\Roaming\PrismLauncher\instances\IridescentCraft\minecraft\mods\WitherSkeletonTweaks-1.20.1-9.1.0.jar
[15Mar2026 03:04:11.768] [main/DEBUG] [net.minecraftforge.fml.loading.moddiscovery.ModFileInfo/LOADING]: Found valid mod file WitherSkeletonTweaks-1.20.1-9.1.0.jar with {wstweaks} mods - versions {9.1.0}
[15Mar2026 03:04:11.770] [main/DEBUG] [net.minecraftforge.fml.loading.moddiscovery.ModFileParser/LOADING]: Considering mod file candidate C:\Users\Silvaria Zemaitis\AppData\Roaming\PrismLauncher\instances\IridescentCraft\minecraft\mods\xnet-1.20-6.1.6.jar
[15Mar2026 03:04:11.770] [main/DEBUG] [net.minecraftforge.fml.loading.moddiscovery.ModFileInfo/LOADING]: Found valid mod file xnet-1.20-6.1.6.jar with {xnet} mods - versions {1.20-6.1.6}
[15Mar2026 03:04:11.771] [main/DEBUG] [net.minecraftforge.fml.loading.moddiscovery.ModFileParser/LOADING]: Considering mod file candidate C:\Users\Silvaria Zemaitis\AppData\Roaming\PrismLauncher\instances\IridescentCraft\minecraft\mods\xnetgases-1.20.1-5.1.4.jar
[15Mar2026 03:04:11.771] [main/DEBUG] [net.minecraftforge.fml.loading.moddiscovery.ModFileInfo/LOADING]: Found valid mod file xnetgases-1.20.1-5.1.4.jar with {xnetgases} mods - versions {5.1.4}
[15Mar2026 03:04:11.772] [main/DEBUG] [net.minecraftforge.fml.loading.moddiscovery.ModFileParser/LOADING]: Considering mod file candidate C:\Users\Silvaria Zemaitis\AppData\Roaming\PrismLauncher\instances\IridescentCraft\minecraft\mods\xp_from_crops-1.0.0-forge-1.20.1.jar
[15Mar2026 03:04:11.772] [main/DEBUG] [net.minecraftforge.fml.loading.moddiscovery.ModFileInfo/LOADING]: Found valid mod file xp_from_crops-1.0.0-forge-1.20.1.jar with {xp_from_crops} mods - versions {1.0.0}
[15Mar2026 03:04:11.774] [main/DEBUG] [net.minecraftforge.fml.loading.moddiscovery.ModFileParser/LOADING]: Considering mod file candidate C:\Users\Silvaria Zemaitis\AppData\Roaming\PrismLauncher\instances\IridescentCraft\minecraft\mods\yet_another_config_lib_v3-3.6.6+1.20.1-forge.jar
[15Mar2026 03:04:11.774] [main/DEBUG] [net.minecraftforge.fml.loading.moddiscovery.ModFileInfo/LOADING]: Found valid mod file yet_another_config_lib_v3-3.6.6+1.20.1-forge.jar with {yet_another_config_lib_v3} mods - versions {3.6.6+1.20.1-forge}
[15Mar2026 03:04:11.775] [main/DEBUG] [net.minecraftforge.fml.loading.moddiscovery.ModFileParser/LOADING]: Considering mod file candidate C:\Users\Silvaria Zemaitis\AppData\Roaming\PrismLauncher\instances\IridescentCraft\minecraft\mods\YungsApi-1.20-Forge-4.0.6.jar
[15Mar2026 03:04:11.775] [main/DEBUG] [net.minecraftforge.fml.loading.moddiscovery.ModFileInfo/LOADING]: Found valid mod file YungsApi-1.20-Forge-4.0.6.jar with {yungsapi} mods - versions {1.20-Forge-4.0.6}
[15Mar2026 03:04:11.776] [main/DEBUG] [net.minecraftforge.fml.loading.moddiscovery.ModFileParser/LOADING]: Considering mod file candidate C:\Users\Silvaria Zemaitis\AppData\Roaming\PrismLauncher\instances\IridescentCraft\minecraft\mods\YungsBetterDesertTemples-1.20-Forge-3.0.3.jar
[15Mar2026 03:04:11.776] [main/DEBUG] [net.minecraftforge.fml.loading.moddiscovery.ModFileInfo/LOADING]: Found valid mod file YungsBetterDesertTemples-1.20-Forge-3.0.3.jar with {betterdeserttemples} mods - versions {1.20-Forge-3.0.3}
[15Mar2026 03:04:11.778] [main/DEBUG] [net.minecraftforge.fml.loading.moddiscovery.ModFileParser/LOADING]: Considering mod file candidate C:\Users\Silvaria Zemaitis\AppData\Roaming\PrismLauncher\instances\IridescentCraft\minecraft\mods\YungsBetterDungeons-1.20-Forge-4.0.4.jar
[15Mar2026 03:04:11.778] [main/DEBUG] [net.minecraftforge.fml.loading.moddiscovery.ModFileInfo/LOADING]: Found valid mod file YungsBetterDungeons-1.20-Forge-4.0.4.jar with {betterdungeons} mods - versions {1.20-Forge-4.0.4}
[15Mar2026 03:04:11.780] [main/DEBUG] [net.minecraftforge.fml.loading.moddiscovery.ModFileParser/LOADING]: Considering mod file candidate C:\Users\Silvaria Zemaitis\AppData\Roaming\PrismLauncher\instances\IridescentCraft\minecraft\mods\YungsBetterEndIsland-1.20-Forge-2.0.6.jar
[15Mar2026 03:04:11.780] [main/DEBUG] [net.minecraftforge.fml.loading.moddiscovery.ModFileInfo/LOADING]: Found valid mod file YungsBetterEndIsland-1.20-Forge-2.0.6.jar with {betterendisland} mods - versions {1.20-Forge-2.0.6}
[15Mar2026 03:04:11.781] [main/DEBUG] [net.minecraftforge.fml.loading.moddiscovery.ModFileParser/LOADING]: Considering mod file candidate C:\Users\Silvaria Zemaitis\AppData\Roaming\PrismLauncher\instances\IridescentCraft\minecraft\mods\YungsBetterMineshafts-1.20-Forge-4.0.4.jar
[15Mar2026 03:04:11.781] [main/DEBUG] [net.minecraftforge.fml.loading.moddiscovery.ModFileInfo/LOADING]: Found valid mod file YungsBetterMineshafts-1.20-Forge-4.0.4.jar with {bettermineshafts} mods - versions {1.20-Forge-4.0.4}
[15Mar2026 03:04:11.782] [main/DEBUG] [net.minecraftforge.fml.loading.moddiscovery.ModFileParser/LOADING]: Considering mod file candidate C:\Users\Silvaria Zemaitis\AppData\Roaming\PrismLauncher\instances\IridescentCraft\minecraft\mods\YungsBetterNetherFortresses-1.20-Forge-2.0.6.jar
[15Mar2026 03:04:11.783] [main/DEBUG] [net.minecraftforge.fml.loading.moddiscovery.ModFileInfo/LOADING]: Found valid mod file YungsBetterNetherFortresses-1.20-Forge-2.0.6.jar with {betterfortresses} mods - versions {1.20-Forge-2.0.6}
[15Mar2026 03:04:11.784] [main/DEBUG] [net.minecraftforge.fml.loading.moddiscovery.ModFileParser/LOADING]: Considering mod file candidate C:\Users\Silvaria Zemaitis\AppData\Roaming\PrismLauncher\instances\IridescentCraft\minecraft\mods\YungsBetterOceanMonuments-1.20-Forge-3.0.4.jar
[15Mar2026 03:04:11.784] [main/DEBUG] [net.minecraftforge.fml.loading.moddiscovery.ModFileInfo/LOADING]: Found valid mod file YungsBetterOceanMonuments-1.20-Forge-3.0.4.jar with {betteroceanmonuments} mods - versions {1.20-Forge-3.0.4}
[15Mar2026 03:04:11.785] [main/DEBUG] [net.minecraftforge.fml.loading.moddiscovery.ModFileParser/LOADING]: Considering mod file candidate C:\Users\Silvaria Zemaitis\AppData\Roaming\PrismLauncher\instances\IridescentCraft\minecraft\mods\YungsBetterStrongholds-1.20-Forge-4.0.3.jar
[15Mar2026 03:04:11.786] [main/DEBUG] [net.minecraftforge.fml.loading.moddiscovery.ModFileInfo/LOADING]: Found valid mod file YungsBetterStrongholds-1.20-Forge-4.0.3.jar with {betterstrongholds} mods - versions {1.20-Forge-4.0.3}
[15Mar2026 03:04:11.787] [main/DEBUG] [net.minecraftforge.fml.loading.moddiscovery.ModFileParser/LOADING]: Considering mod file candidate C:\Users\Silvaria Zemaitis\AppData\Roaming\PrismLauncher\instances\IridescentCraft\minecraft\mods\YungsBridges-1.20-Forge-4.0.3.jar
[15Mar2026 03:04:11.787] [main/DEBUG] [net.minecraftforge.fml.loading.moddiscovery.ModFileInfo/LOADING]: Found valid mod file YungsBridges-1.20-Forge-4.0.3.jar with {yungsbridges} mods - versions {1.20-Forge-4.0.3}
[15Mar2026 03:04:11.788] [main/DEBUG] [net.minecraftforge.fml.loading.moddiscovery.ModFileParser/LOADING]: Considering mod file candidate C:\Users\Silvaria Zemaitis\AppData\Roaming\PrismLauncher\instances\IridescentCraft\minecraft\mods\Zeta-1.0-31.jar
[15Mar2026 03:04:11.789] [main/DEBUG] [net.minecraftforge.fml.loading.moddiscovery.ModFileInfo/LOADING]: Found valid mod file Zeta-1.0-31.jar with {zeta} mods - versions {1.0-31}
[15Mar2026 03:04:11.790] [main/DEBUG] [net.minecraftforge.fml.loading.moddiscovery.ModFileParser/LOADING]: Considering mod file candidate C:\Users\Silvaria Zemaitis\AppData\Roaming\PrismLauncher\instances\IridescentCraft\minecraft\mods\zombiehorsespawn-1.20.1-5.2.jar
[15Mar2026 03:04:11.790] [main/DEBUG] [net.minecraftforge.fml.loading.moddiscovery.ModFileInfo/LOADING]: Found valid mod file zombiehorsespawn-1.20.1-5.2.jar with {zombiehorsespawn} mods - versions {5.2}
[15Mar2026 03:04:11.861] [main/DEBUG] [net.minecraftforge.fml.loading.moddiscovery.ModFileInfo/LOADING]: Found valid mod file client-1.20.1-20230612.114412-srg.jar with {minecraft} mods - versions {1.20.1}
[15Mar2026 03:04:11.863] [main/DEBUG] [net.minecraftforge.fml.loading.moddiscovery.ModFileParser/LOADING]: Considering mod file candidate C:\Users\Silvaria Zemaitis\AppData\Roaming\PrismLauncher\libraries\net\minecraftforge\fmlcore\1.20.1-47.4.6\fmlcore-1.20.1-47.4.6.jar
[15Mar2026 03:04:11.863] [main/WARN] [net.minecraftforge.fml.loading.moddiscovery.ModFileParser/LOADING]: Mod file C:\Users\Silvaria Zemaitis\AppData\Roaming\PrismLauncher\libraries\net\minecraftforge\fmlcore\1.20.1-47.4.6\fmlcore-1.20.1-47.4.6.jar is missing mods.toml file
[15Mar2026 03:04:11.865] [main/DEBUG] [net.minecraftforge.fml.loading.moddiscovery.ModFileParser/LOADING]: Considering mod file candidate C:\Users\Silvaria Zemaitis\AppData\Roaming\PrismLauncher\libraries\net\minecraftforge\javafmllanguage\1.20.1-47.4.6\javafmllanguage-1.20.1-47.4.6.jar
[15Mar2026 03:04:11.865] [main/WARN] [net.minecraftforge.fml.loading.moddiscovery.ModFileParser/LOADING]: Mod file C:\Users\Silvaria Zemaitis\AppData\Roaming\PrismLauncher\libraries\net\minecraftforge\javafmllanguage\1.20.1-47.4.6\javafmllanguage-1.20.1-47.4.6.jar is missing mods.toml file
[15Mar2026 03:04:11.867] [main/DEBUG] [net.minecraftforge.fml.loading.moddiscovery.ModFileParser/LOADING]: Considering mod file candidate C:\Users\Silvaria Zemaitis\AppData\Roaming\PrismLauncher\libraries\net\minecraftforge\lowcodelanguage\1.20.1-47.4.6\lowcodelanguage-1.20.1-47.4.6.jar
[15Mar2026 03:04:11.867] [main/WARN] [net.minecraftforge.fml.loading.moddiscovery.ModFileParser/LOADING]: Mod file C:\Users\Silvaria Zemaitis\AppData\Roaming\PrismLauncher\libraries\net\minecraftforge\lowcodelanguage\1.20.1-47.4.6\lowcodelanguage-1.20.1-47.4.6.jar is missing mods.toml file
[15Mar2026 03:04:11.868] [main/DEBUG] [net.minecraftforge.fml.loading.moddiscovery.ModFileParser/LOADING]: Considering mod file candidate C:\Users\Silvaria Zemaitis\AppData\Roaming\PrismLauncher\libraries\net\minecraftforge\mclanguage\1.20.1-47.4.6\mclanguage-1.20.1-47.4.6.jar
[15Mar2026 03:04:11.868] [main/WARN] [net.minecraftforge.fml.loading.moddiscovery.ModFileParser/LOADING]: Mod file C:\Users\Silvaria Zemaitis\AppData\Roaming\PrismLauncher\libraries\net\minecraftforge\mclanguage\1.20.1-47.4.6\mclanguage-1.20.1-47.4.6.jar is missing mods.toml file
[15Mar2026 03:04:11.876] [main/DEBUG] [net.minecraftforge.fml.loading.moddiscovery.ModFileParser/LOADING]: Considering mod file candidate C:\Users\Silvaria Zemaitis\AppData\Roaming\PrismLauncher\libraries\net\minecraftforge\forge\1.20.1-47.4.6\forge-1.20.1-47.4.6-universal.jar
[15Mar2026 03:04:11.877] [main/DEBUG] [net.minecraftforge.fml.loading.moddiscovery.ModFileInfo/LOADING]: Found valid mod file forge-1.20.1-47.4.6-universal.jar with {forge} mods - versions {47.4.6}
[15Mar2026 03:04:11.879] [main/DEBUG] [net.minecraftforge.fml.loading.UniqueModListBuilder/]: Found 2 mods for first modid origins, selecting most recent based on version data
[15Mar2026 03:04:11.879] [main/DEBUG] [net.minecraftforge.fml.loading.UniqueModListBuilder/]: Selected file origins-forge-1.20.1-1.10.0.9-all.jar for modid origins with version 1.20.1-1.10.0.9
[15Mar2026 03:04:11.884] [main/DEBUG] [net.minecraftforge.fml.loading.moddiscovery.AbstractJarFileDependencyLocator/]: Failed to load resource META-INF\jarjar\metadata.json from YungsBetterDungeons-1.20-Forge-4.0.4.jar, it does not contain dependency information.
[15Mar2026 03:04:11.884] [main/DEBUG] [net.minecraftforge.fml.loading.moddiscovery.AbstractJarFileDependencyLocator/]: Failed to load resource META-INF\jarjar\metadata.json from almanac-1.20.x-forge-1.0.2.jar, it does not contain dependency information.
[15Mar2026 03:04:11.884] [main/DEBUG] [net.minecraftforge.fml.loading.moddiscovery.AbstractJarFileDependencyLocator/]: Failed to load resource META-INF\jarjar\metadata.json from ftb-essentials-forge-2001.2.4.jar, it does not contain dependency information.
[15Mar2026 03:04:11.884] [main/DEBUG] [net.minecraftforge.fml.loading.moddiscovery.AbstractJarFileDependencyLocator/]: Failed to load resource META-INF\jarjar\metadata.json from iridescent_classes.jar, it does not contain dependency information.
[15Mar2026 03:04:11.884] [main/DEBUG] [net.minecraftforge.fml.loading.moddiscovery.AbstractJarFileDependencyLocator/]: Failed to load resource META-INF\jarjar\metadata.json from keebszs_battletowers_0.6.0-1.20.1BETA.jar, it does not contain dependency information.
[15Mar2026 03:04:11.884] [main/DEBUG] [net.minecraftforge.fml.loading.moddiscovery.AbstractJarFileDependencyLocator/]: Failed to load resource META-INF\jarjar\metadata.json from valhelsia_furniture-forge-1.20.1-1.1.3.jar, it does not contain dependency information.
[15Mar2026 03:04:11.884] [main/DEBUG] [net.minecraftforge.fml.loading.moddiscovery.AbstractJarFileDependencyLocator/]: Failed to load resource META-INF\jarjar\metadata.json from rftoolsbase-1.20-5.0.6.jar, it does not contain dependency information.
[15Mar2026 03:04:11.884] [main/DEBUG] [net.minecraftforge.fml.loading.moddiscovery.AbstractJarFileDependencyLocator/]: Failed to load resource META-INF\jarjar\metadata.json from ForgeEndertech-1.20.1-11.1.10.0-build.2048.jar, it does not contain dependency information.
[15Mar2026 03:04:11.884] [main/DEBUG] [net.minecraftforge.fml.loading.moddiscovery.AbstractJarFileDependencyLocator/]: Failed to load resource META-INF\jarjar\metadata.json from hunger_overhaul-1.4.7-forge-1.20.1.jar, it does not contain dependency information.
[15Mar2026 03:04:11.884] [main/DEBUG] [net.minecraftforge.fml.loading.moddiscovery.AbstractJarFileDependencyLocator/]: Failed to load resource META-INF\jarjar\metadata.json from YungsApi-1.20-Forge-4.0.6.jar, it does not contain dependency information.
[15Mar2026 03:04:11.884] [main/DEBUG] [net.minecraftforge.fml.loading.moddiscovery.AbstractJarFileDependencyLocator/]: Failed to load resource META-INF\jarjar\metadata.json from jumbofurnace-1.20.1-4.0.0.5.jar, it does not contain dependency information.
[15Mar2026 03:04:11.884] [main/DEBUG] [net.minecraftforge.fml.loading.moddiscovery.AbstractJarFileDependencyLocator/]: Failed to load resource META-INF\jarjar\metadata.json from WitherSkeletonTweaks-1.20.1-9.1.0.jar, it does not contain dependency information.
[15Mar2026 03:04:11.884] [main/DEBUG] [net.minecraftforge.fml.loading.moddiscovery.AbstractJarFileDependencyLocator/]: Failed to load resource META-INF\jarjar\metadata.json from thermal_integration-1.20.1-11.0.1.27.jar, it does not contain dependency information.
[15Mar2026 03:04:11.884] [main/DEBUG] [net.minecraftforge.fml.loading.moddiscovery.AbstractJarFileDependencyLocator/]: Failed to load resource META-INF\jarjar\metadata.json from Apotheosis-1.20.1-7.4.8.jar, it does not contain dependency information.
[15Mar2026 03:04:11.884] [main/DEBUG] [net.minecraftforge.fml.loading.moddiscovery.AbstractJarFileDependencyLocator/]: Failed to load resource META-INF\jarjar\metadata.json from savage_and_ravage-1.20.1-6.0.1.jar, it does not contain dependency information.
[15Mar2026 03:04:11.884] [main/DEBUG] [net.minecraftforge.fml.loading.moddiscovery.AbstractJarFileDependencyLocator/]: Failed to load resource META-INF\jarjar\metadata.json from YungsBetterNetherFortresses-1.20-Forge-2.0.6.jar, it does not contain dependency information.
[15Mar2026 03:04:11.884] [main/DEBUG] [net.minecraftforge.fml.loading.moddiscovery.AbstractJarFileDependencyLocator/]: Failed to load resource META-INF\jarjar\metadata.json from cloth-config-11.1.136-forge.jar, it does not contain dependency information.
[15Mar2026 03:04:11.884] [main/DEBUG] [net.minecraftforge.fml.loading.moddiscovery.AbstractJarFileDependencyLocator/]: Failed to load resource META-INF\jarjar\metadata.json from refinedstorage-1.12.4.jar, it does not contain dependency information.
[15Mar2026 03:04:11.884] [main/DEBUG] [net.minecraftforge.fml.loading.moddiscovery.AbstractJarFileDependencyLocator/]: Failed to load resource META-INF\jarjar\metadata.json from astagespufferfishskills-1.0.0-1.20.1.jar, it does not contain dependency information.
[15Mar2026 03:04:11.884] [main/DEBUG] [net.minecraftforge.fml.loading.moddiscovery.AbstractJarFileDependencyLocator/]: Failed to load resource META-INF\jarjar\metadata.json from structure_gel-1.20.1-2.16.2.jar, it does not contain dependency information.
[15Mar2026 03:04:11.884] [main/DEBUG] [net.minecraftforge.fml.loading.moddiscovery.AbstractJarFileDependencyLocator/]: Failed to load resource META-INF\jarjar\metadata.json from justlevelingfork-1.2.1.jar, it does not contain dependency information.
[15Mar2026 03:04:11.884] [main/DEBUG] [net.minecraftforge.fml.loading.moddiscovery.AbstractJarFileDependencyLocator/]: Failed to load resource META-INF\jarjar\metadata.json from explorations-forge-1.20.1-1.6.1.jar, it does not contain dependency information.
[15Mar2026 03:04:11.884] [main/DEBUG] [net.minecraftforge.fml.loading.moddiscovery.AbstractJarFileDependencyLocator/]: Failed to load resource META-INF\jarjar\metadata.json from corpse-forge-1.20.1-1.0.23.jar, it does not contain dependency information.
[15Mar2026 03:04:11.884] [main/DEBUG] [net.minecraftforge.fml.loading.moddiscovery.AbstractJarFileDependencyLocator/]: Failed to load resource META-INF\jarjar\metadata.json from tenshilib-1.20.1-1.7.6-forge.jar, it does not contain dependency information.
[15Mar2026 03:04:11.885] [main/DEBUG] [net.minecraftforge.fml.loading.moddiscovery.AbstractJarFileDependencyLocator/]: Failed to load resource META-INF\jarjar\metadata.json from no-more-nether-gold-ore-1.0.1.jar, it does not contain dependency information.
[15Mar2026 03:04:11.885] [main/DEBUG] [net.minecraftforge.fml.loading.moddiscovery.AbstractJarFileDependencyLocator/]: Failed to load resource META-INF\jarjar\metadata.json from industrial-foregoing-1.20.1-3.5.21.jar, it does not contain dependency information.
[15Mar2026 03:04:11.885] [main/DEBUG] [net.minecraftforge.fml.loading.moddiscovery.AbstractJarFileDependencyLocator/]: Failed to load resource META-INF\jarjar\metadata.json from BetterCompatibilityChecker-forge-4.0.8+mc1.20.1.jar, it does not contain dependency information.
[15Mar2026 03:04:11.885] [main/DEBUG] [net.minecraftforge.fml.loading.moddiscovery.AbstractJarFileDependencyLocator/]: Failed to load resource META-INF\jarjar\metadata.json from kubejsoffline-5.2.0.27.jar, it does not contain dependency information.
[15Mar2026 03:04:11.885] [main/DEBUG] [net.minecraftforge.fml.loading.moddiscovery.AbstractJarFileDependencyLocator/]: Failed to load resource META-INF\jarjar\metadata.json from BiomesOPlenty-forge-1.20.1-19.0.0.96.jar, it does not contain dependency information.
[15Mar2026 03:04:11.885] [main/DEBUG] [net.minecraftforge.fml.loading.moddiscovery.AbstractJarFileDependencyLocator/]: Failed to load resource META-INF\jarjar\metadata.json from dungeons_plus-1.20.1-1.5.0.jar, it does not contain dependency information.
[15Mar2026 03:04:11.885] [main/DEBUG] [net.minecraftforge.fml.loading.moddiscovery.AbstractJarFileDependencyLocator/]: Failed to load resource META-INF\jarjar\metadata.json from Botania-1.20.1-451-FORGE.jar, it does not contain dependency information.
[15Mar2026 03:04:11.885] [main/DEBUG] [net.minecraftforge.fml.loading.moddiscovery.AbstractJarFileDependencyLocator/]: Failed to load resource META-INF\jarjar\metadata.json from Highlighter-1.20.1-forge-1.1.9.jar, it does not contain dependency information.
[15Mar2026 03:04:11.885] [main/DEBUG] [net.minecraftforge.fml.loading.moddiscovery.AbstractJarFileDependencyLocator/]: Failed to load resource META-INF\jarjar\metadata.json from spark-1.10.53-forge.jar, it does not contain dependency information.
[15Mar2026 03:04:11.885] [main/DEBUG] [net.minecraftforge.fml.loading.moddiscovery.AbstractJarFileDependencyLocator/]: Failed to load resource META-INF\jarjar\metadata.json from ApothicAttributes-1.20.1-1.3.7.jar, it does not contain dependency information.
[15Mar2026 03:04:11.885] [main/DEBUG] [net.minecraftforge.fml.loading.moddiscovery.AbstractJarFileDependencyLocator/]: Failed to load resource META-INF\jarjar\metadata.json from ExtraStorage-1.20.1-4.0.7.jar, it does not contain dependency information.
[15Mar2026 03:04:11.885] [main/DEBUG] [net.minecraftforge.fml.loading.moddiscovery.AbstractJarFileDependencyLocator/]: Failed to load resource META-INF\jarjar\metadata.json from mcw-roofs-2.3.2-mc1.20.1forge.jar, it does not contain dependency information.
[15Mar2026 03:04:11.885] [main/DEBUG] [net.minecraftforge.fml.loading.moddiscovery.AbstractJarFileDependencyLocator/]: Failed to load resource META-INF\jarjar\metadata.json from refinedcooking-4.0.0.jar, it does not contain dependency information.
[15Mar2026 03:04:11.885] [main/DEBUG] [net.minecraftforge.fml.loading.moddiscovery.AbstractJarFileDependencyLocator/]: Failed to load resource META-INF\jarjar\metadata.json from lootintegrations_ctov-1.4.jar, it does not contain dependency information.
[15Mar2026 03:04:11.885] [main/DEBUG] [net.minecraftforge.fml.loading.moddiscovery.AbstractJarFileDependencyLocator/]: Failed to load resource META-INF\jarjar\metadata.json from YungsBetterEndIsland-1.20-Forge-2.0.6.jar, it does not contain dependency information.
[15Mar2026 03:04:11.885] [main/DEBUG] [net.minecraftforge.fml.loading.moddiscovery.AbstractJarFileDependencyLocator/]: Failed to load resource META-INF\jarjar\metadata.json from furnacerecycle-1.20.1-2.5.jar, it does not contain dependency information.
[15Mar2026 03:04:11.885] [main/DEBUG] [net.minecraftforge.fml.loading.moddiscovery.AbstractJarFileDependencyLocator/]: Failed to load resource META-INF\jarjar\metadata.json from FastLeafDecay-32.jar, it does not contain dependency information.
[15Mar2026 03:04:11.885] [main/DEBUG] [net.minecraftforge.fml.loading.moddiscovery.AbstractJarFileDependencyLocator/]: Failed to load resource META-INF\jarjar\metadata.json from prettybeaches-forge-1.20-11.0.1.jar, it does not contain dependency information.
[15Mar2026 03:04:11.885] [main/DEBUG] [net.minecraftforge.fml.loading.moddiscovery.AbstractJarFileDependencyLocator/]: Failed to load resource META-INF\jarjar\metadata.json from experienced_crops-1.20.1-1.1.0-forge.jar, it does not contain dependency information.
[15Mar2026 03:04:11.885] [main/DEBUG] [net.minecraftforge.fml.loading.moddiscovery.AbstractJarFileDependencyLocator/]: Failed to load resource META-INF\jarjar\metadata.json from SmartBrainLib-forge-1.20.1-1.15.jar, it does not contain dependency information.
[15Mar2026 03:04:11.885] [main/DEBUG] [net.minecraftforge.fml.loading.moddiscovery.AbstractJarFileDependencyLocator/]: Failed to load resource META-INF\jarjar\metadata.json from puffish_skills-0.17.3-1.20-forge.jar, it does not contain dependency information.
[15Mar2026 03:04:11.885] [main/DEBUG] [net.minecraftforge.fml.loading.moddiscovery.AbstractJarFileDependencyLocator/]: Failed to load resource META-INF\jarjar\metadata.json from bossultimatum-forge-1.0.0-1.20.1.jar, it does not contain dependency information.
[15Mar2026 03:04:11.885] [main/DEBUG] [net.minecraftforge.fml.loading.moddiscovery.AbstractJarFileDependencyLocator/]: Failed to load resource META-INF\jarjar\metadata.json from adaptive_performance_tweaks_spawn_1.20.1-11.5.0.jar, it does not contain dependency information.
[15Mar2026 03:04:11.885] [main/DEBUG] [net.minecraftforge.fml.loading.moddiscovery.AbstractJarFileDependencyLocator/]: Failed to load resource META-INF\jarjar\metadata.json from rechiseled-1.2.3-forge-mc1.20.1.jar, it does not contain dependency information.
[15Mar2026 03:04:11.885] [main/DEBUG] [net.minecraftforge.fml.loading.moddiscovery.AbstractJarFileDependencyLocator/]: Failed to load resource META-INF\jarjar\metadata.json from AttributeFix-Forge-1.20.1-21.0.5.jar, it does not contain dependency information.
[15Mar2026 03:04:11.885] [main/DEBUG] [net.minecraftforge.fml.loading.moddiscovery.AbstractJarFileDependencyLocator/]: Failed to load resource META-INF\jarjar\metadata.json from libraryferret-forge-1.20.1-4.0.0.jar, it does not contain dependency information.
[15Mar2026 03:04:11.885] [main/DEBUG] [net.minecraftforge.fml.loading.moddiscovery.AbstractJarFileDependencyLocator/]: Failed to load resource META-INF\jarjar\metadata.json from caelus-forge-3.2.0+1.20.1.jar, it does not contain dependency information.
[15Mar2026 03:04:11.885] [main/DEBUG] [net.minecraftforge.fml.loading.moddiscovery.AbstractJarFileDependencyLocator/]: Failed to load resource META-INF\jarjar\metadata.json from Paxi-1.20-Forge-4.0.jar, it does not contain dependency information.
[15Mar2026 03:04:11.885] [main/DEBUG] [net.minecraftforge.fml.loading.moddiscovery.AbstractJarFileDependencyLocator/]: Failed to load resource META-INF\jarjar\metadata.json from fullstackwatchdog-1.0.1+1.19.2-forge.jar, it does not contain dependency information.
[15Mar2026 03:04:11.885] [main/DEBUG] [net.minecraftforge.fml.loading.moddiscovery.AbstractJarFileDependencyLocator/]: Failed to load resource META-INF\jarjar\metadata.json from immersive_optimization-forge-1.20.1-0.1.0.jar, it does not contain dependency information.
[15Mar2026 03:04:11.885] [main/DEBUG] [net.minecraftforge.fml.loading.moddiscovery.AbstractJarFileDependencyLocator/]: Failed to load resource META-INF\jarjar\metadata.json from absolutely_stuffed-1.20.1-47.3.1-1.1.jar, it does not contain dependency information.
[15Mar2026 03:04:11.885] [main/DEBUG] [net.minecraftforge.fml.loading.moddiscovery.AbstractJarFileDependencyLocator/]: Failed to load resource META-INF\jarjar\metadata.json from champions-forge-1.20.1-2.1.12.6.jar, it does not contain dependency information.
[15Mar2026 03:04:11.886] [main/DEBUG] [net.minecraftforge.fml.loading.moddiscovery.AbstractJarFileDependencyLocator/]: Failed to load resource META-INF\jarjar\metadata.json from farmingforblockheads-forge-1.20.1-14.0.4.jar, it does not contain dependency information.
[15Mar2026 03:04:11.886] [main/DEBUG] [net.minecraftforge.fml.loading.moddiscovery.AbstractJarFileDependencyLocator/]: Failed to load resource META-INF\jarjar\metadata.json from cofh_core-1.20.1-11.0.2.56.jar, it does not contain dependency information.
[15Mar2026 03:04:11.886] [main/DEBUG] [net.minecraftforge.fml.loading.moddiscovery.AbstractJarFileDependencyLocator/]: Failed to load resource META-INF\jarjar\metadata.json from aether_treasure_reforging-1.20.1-1.0.1-neoforge.jar, it does not contain dependency information.
[15Mar2026 03:04:11.886] [main/DEBUG] [net.minecraftforge.fml.loading.moddiscovery.AbstractJarFileDependencyLocator/]: Failed to load resource META-INF\jarjar\metadata.json from JeiTweaker-forge-1.20.1-8.0.6.jar, it does not contain dependency information.
[15Mar2026 03:04:11.886] [main/DEBUG] [net.minecraftforge.fml.loading.moddiscovery.AbstractJarFileDependencyLocator/]: Failed to load resource META-INF\jarjar\metadata.json from fusion-1.2.12-forge-mc1.20.1.jar, it does not contain dependency information.
[15Mar2026 03:04:11.886] [main/DEBUG] [net.minecraftforge.fml.loading.moddiscovery.AbstractJarFileDependencyLocator/]: Failed to load resource META-INF\jarjar\metadata.json from CraftTweaker-forge-1.20.1-14.0.59.jar, it does not contain dependency information.
[15Mar2026 03:04:11.886] [main/DEBUG] [net.minecraftforge.fml.loading.moddiscovery.AbstractJarFileDependencyLocator/]: Failed to load resource META-INF\jarjar\metadata.json from rftoolspower-1.20-6.0.2.jar, it does not contain dependency information.
[15Mar2026 03:04:11.886] [main/DEBUG] [net.minecraftforge.fml.loading.moddiscovery.AbstractJarFileDependencyLocator/]: Failed to load resource META-INF\jarjar\metadata.json from ExtraDisks-1.20.1-3.0.3.jar, it does not contain dependency information.
[15Mar2026 03:04:11.886] [main/DEBUG] [net.minecraftforge.fml.loading.moddiscovery.AbstractJarFileDependencyLocator/]: Failed to load resource META-INF\jarjar\metadata.json from EdivadLib-1.20.1-2.0.1.jar, it does not contain dependency information.
[15Mar2026 03:04:11.886] [main/DEBUG] [net.minecraftforge.fml.loading.moddiscovery.AbstractJarFileDependencyLocator/]: Failed to load resource META-INF\jarjar\metadata.json from Difficult Caves 1.0.0 - 1.20.1.jar, it does not contain dependency information.
[15Mar2026 03:04:11.886] [main/DEBUG] [net.minecraftforge.fml.loading.moddiscovery.AbstractJarFileDependencyLocator/]: Failed to load resource META-INF\jarjar\metadata.json from THEUNDEADREVAMPED_1.9J_1.20.1.jar, it does not contain dependency information.
[15Mar2026 03:04:11.886] [main/DEBUG] [net.minecraftforge.fml.loading.moddiscovery.AbstractJarFileDependencyLocator/]: Failed to load resource META-INF\jarjar\metadata.json from DungeonsArise-1.20.x-2.1.58-release.jar, it does not contain dependency information.
[15Mar2026 03:04:11.886] [main/DEBUG] [net.minecraftforge.fml.loading.moddiscovery.AbstractJarFileDependencyLocator/]: Failed to load resource META-INF\jarjar\metadata.json from Alex's Mobs Music Mod 1.20.1 v1.1.0.jar, it does not contain dependency information.
[15Mar2026 03:04:11.886] [main/DEBUG] [net.minecraftforge.fml.loading.moddiscovery.AbstractJarFileDependencyLocator/]: Failed to load resource META-INF\jarjar\metadata.json from tectonic-3.0.17-forge-1.20.1.jar, it does not contain dependency information.
[15Mar2026 03:04:11.886] [main/DEBUG] [net.minecraftforge.fml.loading.moddiscovery.AbstractJarFileDependencyLocator/]: Failed to load resource META-INF\jarjar\metadata.json from client-1.20.1-20230612.114412-srg.jar, it does not contain dependency information.
[15Mar2026 03:04:11.886] [main/DEBUG] [net.minecraftforge.fml.loading.moddiscovery.AbstractJarFileDependencyLocator/]: Failed to load resource META-INF\jarjar\metadata.json from smoothchunk-1.20.1-4.1.jar, it does not contain dependency information.
[15Mar2026 03:04:11.886] [main/DEBUG] [net.minecraftforge.fml.loading.moddiscovery.AbstractJarFileDependencyLocator/]: Failed to load resource META-INF\jarjar\metadata.json from voicechat-forge-1.20.1-2.6.12.jar, it does not contain dependency information.
[15Mar2026 03:04:11.886] [main/DEBUG] [net.minecraftforge.fml.loading.moddiscovery.AbstractJarFileDependencyLocator/]: Failed to load resource META-INF\jarjar\metadata.json from TerraBlender-forge-1.20.1-3.0.1.10.jar, it does not contain dependency information.
[15Mar2026 03:04:11.886] [main/DEBUG] [net.minecraftforge.fml.loading.moddiscovery.AbstractJarFileDependencyLocator/]: Failed to load resource META-INF\jarjar\metadata.json from cherry_samurai_temple-1.0.1 Forge 1.20.1.jar, it does not contain dependency information.
[15Mar2026 03:04:11.886] [main/DEBUG] [net.minecraftforge.fml.loading.moddiscovery.AbstractJarFileDependencyLocator/]: Failed to load resource META-INF\jarjar\metadata.json from Necronomicon-Forge-1.6.0+1.20.1.jar, it does not contain dependency information.
[15Mar2026 03:04:11.886] [main/DEBUG] [net.minecraftforge.fml.loading.moddiscovery.AbstractJarFileDependencyLocator/]: Failed to load resource META-INF\jarjar\metadata.json from animal_feeding_trough-1.1.0+1.20.1-forge.jar, it does not contain dependency information.
[15Mar2026 03:04:11.886] [main/DEBUG] [net.minecraftforge.fml.loading.moddiscovery.AbstractJarFileDependencyLocator/]: Failed to load resource META-INF\jarjar\metadata.json from pamhc2crops-1.20-1.0.3.jar, it does not contain dependency information.
[15Mar2026 03:04:11.886] [main/DEBUG] [net.minecraftforge.fml.loading.moddiscovery.AbstractJarFileDependencyLocator/]: Failed to load resource META-INF\jarjar\metadata.json from AdLods-1.20.1-8.1.9.0-build.2084.jar, it does not contain dependency information.
[15Mar2026 03:04:11.886] [main/DEBUG] [net.minecraftforge.fml.loading.moddiscovery.AbstractJarFileDependencyLocator/]: Failed to load resource META-INF\jarjar\metadata.json from Corgilib-Forge-1.20.1-4.0.3.4.jar, it does not contain dependency information.
[15Mar2026 03:04:11.886] [main/DEBUG] [net.minecraftforge.fml.loading.moddiscovery.AbstractJarFileDependencyLocator/]: Failed to load resource META-INF\jarjar\metadata.json from domum_ornamentum-1.20.1-1.0.296-universal.jar, it does not contain dependency information.
[15Mar2026 03:04:11.886] [main/DEBUG] [net.minecraftforge.fml.loading.moddiscovery.AbstractJarFileDependencyLocator/]: Failed to load resource META-INF\jarjar\metadata.json from rftoolsbuilder-1.20-6.0.8.jar, it does not contain dependency information.
[15Mar2026 03:04:11.886] [main/DEBUG] [net.minecraftforge.fml.loading.moddiscovery.AbstractJarFileDependencyLocator/]: Failed to load resource META-INF\jarjar\metadata.json from thermal_cultivation-1.20.1-11.0.1.24.jar, it does not contain dependency information.
[15Mar2026 03:04:11.886] [main/DEBUG] [net.minecraftforge.fml.loading.moddiscovery.AbstractJarFileDependencyLocator/]: Failed to load resource META-INF\jarjar\metadata.json from Truly-Modular-armory-armory-forge-1.13-1.20.1.jar, it does not contain dependency information.
[15Mar2026 03:04:11.886] [main/DEBUG] [net.minecraftforge.fml.loading.moddiscovery.AbstractJarFileDependencyLocator/]: Failed to load resource META-INF\jarjar\metadata.json from structurize-1.20.1-1.0.803-snapshot.jar, it does not contain dependency information.
[15Mar2026 03:04:11.886] [main/DEBUG] [net.minecraftforge.fml.loading.moddiscovery.AbstractJarFileDependencyLocator/]: Failed to load resource META-INF\jarjar\metadata.json from FastFurnace-1.20.1-8.0.2.jar, it does not contain dependency information.
[15Mar2026 03:04:11.886] [main/DEBUG] [net.minecraftforge.fml.loading.moddiscovery.AbstractJarFileDependencyLocator/]: Failed to load resource META-INF\jarjar\metadata.json from Structory_Towers_1.20.x_v1.0.7.jar, it does not contain dependency information.
[15Mar2026 03:04:11.886] [main/DEBUG] [net.minecraftforge.fml.loading.moddiscovery.AbstractJarFileDependencyLocator/]: Failed to load resource META-INF\jarjar\metadata.json from appleskin-forge-mc1.20.1-2.5.1.jar, it does not contain dependency information.
[15Mar2026 03:04:11.886] [main/DEBUG] [net.minecraftforge.fml.loading.moddiscovery.AbstractJarFileDependencyLocator/]: Failed to load resource META-INF\jarjar\metadata.json from lootr-forge-1.20-0.7.35.94.jar, it does not contain dependency information.
[15Mar2026 03:04:11.886] [main/DEBUG] [net.minecraftforge.fml.loading.moddiscovery.AbstractJarFileDependencyLocator/]: Failed to load resource META-INF\jarjar\metadata.json from occultism-1.20.1-1.157.0.jar, it does not contain dependency information.
[15Mar2026 03:04:11.886] [main/DEBUG] [net.minecraftforge.fml.loading.moddiscovery.AbstractJarFileDependencyLocator/]: Failed to load resource META-INF\jarjar\metadata.json from addonslib-1.20.1-1.7.jar, it does not contain dependency information.
[15Mar2026 03:04:11.886] [main/DEBUG] [net.minecraftforge.fml.loading.moddiscovery.AbstractJarFileDependencyLocator/]: Failed to load resource META-INF\jarjar\metadata.json from cosmeticarmorreworked-1.20.1-v1a.jar, it does not contain dependency information.
[15Mar2026 03:04:11.886] [main/DEBUG] [net.minecraftforge.fml.loading.moddiscovery.AbstractJarFileDependencyLocator/]: Failed to load resource META-INF\jarjar\metadata.json from rsrequestify-1.20.1-2.3.3.jar, it does not contain dependency information.
[15Mar2026 03:04:11.886] [main/DEBUG] [net.minecraftforge.fml.loading.moddiscovery.AbstractJarFileDependencyLocator/]: Failed to load resource META-INF\jarjar\metadata.json from aether_enhanced_extinguishing-1.20.1-1.0.0-neoforge.jar, it does not contain dependency information.
[15Mar2026 03:04:11.886] [main/DEBUG] [net.minecraftforge.fml.loading.moddiscovery.AbstractJarFileDependencyLocator/]: Failed to load resource META-INF\jarjar\metadata.json from zombiehorsespawn-1.20.1-5.2.jar, it does not contain dependency information.
[15Mar2026 03:04:11.886] [main/DEBUG] [net.minecraftforge.fml.loading.moddiscovery.AbstractJarFileDependencyLocator/]: Failed to load resource META-INF\jarjar\metadata.json from moreartifacts-1.5.5-1.20.1.jar, it does not contain dependency information.
[15Mar2026 03:04:11.886] [main/DEBUG] [net.minecraftforge.fml.loading.moddiscovery.AbstractJarFileDependencyLocator/]: Failed to load resource META-INF\jarjar\metadata.json from YungsBetterOceanMonuments-1.20-Forge-3.0.4.jar, it does not contain dependency information.
[15Mar2026 03:04:11.886] [main/DEBUG] [net.minecraftforge.fml.loading.moddiscovery.AbstractJarFileDependencyLocator/]: Failed to load resource META-INF\jarjar\metadata.json from sophisticatedcore-1.20.1-1.3.5.1505.jar, it does not contain dependency information.
[15Mar2026 03:04:11.886] [main/DEBUG] [net.minecraftforge.fml.loading.moddiscovery.AbstractJarFileDependencyLocator/]: Failed to load resource META-INF\jarjar\metadata.json from findme-3.2.3-forge.jar, it does not contain dependency information.
[15Mar2026 03:04:11.886] [main/DEBUG] [net.minecraftforge.fml.loading.moddiscovery.AbstractJarFileDependencyLocator/]: Failed to load resource META-INF\jarjar\metadata.json from configurableextramobdrops-1.20.1-3.5.jar, it does not contain dependency information.
[15Mar2026 03:04:11.886] [main/DEBUG] [net.minecraftforge.fml.loading.moddiscovery.AbstractJarFileDependencyLocator/]: Failed to load resource META-INF\jarjar\metadata.json from Prism-1.20.1-forge-1.0.5.jar, it does not contain dependency information.
[15Mar2026 03:04:11.886] [main/DEBUG] [net.minecraftforge.fml.loading.moddiscovery.AbstractJarFileDependencyLocator/]: Failed to load resource META-INF\jarjar\metadata.json from Placebo-1.20.1-8.6.3.jar, it does not contain dependency information.
[15Mar2026 03:04:11.886] [main/DEBUG] [net.minecraftforge.fml.loading.moddiscovery.AbstractJarFileDependencyLocator/]: Failed to load resource META-INF\jarjar\metadata.json from lootintegrations-1.20.1-4.7.jar, it does not contain dependency information.
[15Mar2026 03:04:11.886] [main/DEBUG] [net.minecraftforge.fml.loading.moddiscovery.AbstractJarFileDependencyLocator/]: Failed to load resource META-INF\jarjar\metadata.json from waystone_towers-1.20.1-FORGE-1.0.9.jar, it does not contain dependency information.
[15Mar2026 03:04:11.886] [main/DEBUG] [net.minecraftforge.fml.loading.moddiscovery.AbstractJarFileDependencyLocator/]: Failed to load resource META-INF\jarjar\metadata.json from Bookshelf-Forge-1.20.1-20.2.15.jar, it does not contain dependency information.
[15Mar2026 03:04:11.886] [main/DEBUG] [net.minecraftforge.fml.loading.moddiscovery.AbstractJarFileDependencyLocator/]: Failed to load resource META-INF\jarjar\metadata.json from sophisticatedbackpacks-1.20.1-3.24.24.1538.jar, it does not contain dependency information.
[15Mar2026 03:04:11.886] [main/DEBUG] [net.minecraftforge.fml.loading.moddiscovery.AbstractJarFileDependencyLocator/]: Failed to load resource META-INF\jarjar\metadata.json from BetterCopper 1.20.1-1.3.jar, it does not contain dependency information.
[15Mar2026 03:04:11.886] [main/DEBUG] [net.minecraftforge.fml.loading.moddiscovery.AbstractJarFileDependencyLocator/]: Failed to load resource META-INF\jarjar\metadata.json from bygonenether-1.3.2-1.20.x.jar, it does not contain dependency information.
[15Mar2026 03:04:11.886] [main/DEBUG] [net.minecraftforge.fml.loading.moddiscovery.AbstractJarFileDependencyLocator/]: Failed to load resource META-INF\jarjar\metadata.json from MekanismGenerators-1.20.1-10.4.16.80.jar, it does not contain dependency information.
[15Mar2026 03:04:11.886] [main/DEBUG] [net.minecraftforge.fml.loading.moddiscovery.AbstractJarFileDependencyLocator/]: Failed to load resource META-INF\jarjar\metadata.json from keepmysoiltilled-1.20.1-2.5.jar, it does not contain dependency information.
[15Mar2026 03:04:11.886] [main/DEBUG] [net.minecraftforge.fml.loading.moddiscovery.AbstractJarFileDependencyLocator/]: Failed to load resource META-INF\jarjar\metadata.json from lootintegrations_structory-1.3.jar, it does not contain dependency information.
[15Mar2026 03:04:11.886] [main/DEBUG] [net.minecraftforge.fml.loading.moddiscovery.AbstractJarFileDependencyLocator/]: Failed to load resource META-INF\jarjar\metadata.json from ramcompat-1.20.1-0.1.4.jar, it does not contain dependency information.
[15Mar2026 03:04:11.886] [main/DEBUG] [net.minecraftforge.fml.loading.moddiscovery.AbstractJarFileDependencyLocator/]: Failed to load resource META-INF\jarjar\metadata.json from ftb-teams-forge-2001.3.2.jar, it does not contain dependency information.
[15Mar2026 03:04:11.886] [main/DEBUG] [net.minecraftforge.fml.loading.moddiscovery.AbstractJarFileDependencyLocator/]: Failed to load resource META-INF\jarjar\metadata.json from RSInfinityBooster-1.20.1-1.0+41.jar, it does not contain dependency information.
[15Mar2026 03:04:11.886] [main/DEBUG] [net.minecraftforge.fml.loading.moddiscovery.AbstractJarFileDependencyLocator/]: Failed to load resource META-INF\jarjar\metadata.json from enemyexpansion-2.3.1-forge-1.20.1.jar, it does not contain dependency information.
[15Mar2026 03:04:11.886] [main/DEBUG] [net.minecraftforge.fml.loading.moddiscovery.AbstractJarFileDependencyLocator/]: Failed to load resource META-INF\jarjar\metadata.json from chipped-forge-1.20.1-3.0.7.jar, it does not contain dependency information.
[15Mar2026 03:04:11.886] [main/DEBUG] [net.minecraftforge.fml.loading.moddiscovery.AbstractJarFileDependencyLocator/]: Failed to load resource META-INF\jarjar\metadata.json from mcw-bridges-3.1.2-mc1.20.1forge.jar, it does not contain dependency information.
[15Mar2026 03:04:11.887] [main/DEBUG] [net.minecraftforge.fml.loading.moddiscovery.AbstractJarFileDependencyLocator/]: Failed to load resource META-INF\jarjar\metadata.json from AmbientSounds_FORGE_v6.3.4_mc1.20.1.jar, it does not contain dependency information.
[15Mar2026 03:04:11.887] [main/DEBUG] [net.minecraftforge.fml.loading.moddiscovery.AbstractJarFileDependencyLocator/]: Failed to load resource META-INF\jarjar\metadata.json from pridemoths-1.8.7+1.20.1.jar, it does not contain dependency information.
[15Mar2026 03:04:11.887] [main/DEBUG] [net.minecraftforge.fml.loading.moddiscovery.AbstractJarFileDependencyLocator/]: Failed to load resource META-INF\jarjar\metadata.json from valhelsia_structures-forge-1.20.1-1.1.2.jar, it does not contain dependency information.
[15Mar2026 03:04:11.887] [main/DEBUG] [net.minecraftforge.fml.loading.moddiscovery.AbstractJarFileDependencyLocator/]: Failed to load resource META-INF\jarjar\metadata.json from ftb-ranks-forge-2001.1.7.jar, it does not contain dependency information.
[15Mar2026 03:04:11.887] [main/DEBUG] [net.minecraftforge.fml.loading.moddiscovery.AbstractJarFileDependencyLocator/]: Failed to load resource META-INF\jarjar\metadata.json from toe-1.0.0-forge-1.20.1.jar, it does not contain dependency information.
[15Mar2026 03:04:11.887] [main/DEBUG] [net.minecraftforge.fml.loading.moddiscovery.AbstractJarFileDependencyLocator/]: Failed to load resource META-INF\jarjar\metadata.json from Chunky-1.3.146.jar, it does not contain dependency information.
[15Mar2026 03:04:11.887] [main/DEBUG] [net.minecraftforge.fml.loading.moddiscovery.AbstractJarFileDependencyLocator/]: Failed to load resource META-INF\jarjar\metadata.json from lionfishapi-2.4-Fix.jar, it does not contain dependency information.
[15Mar2026 03:04:11.887] [main/DEBUG] [net.minecraftforge.fml.loading.moddiscovery.AbstractJarFileDependencyLocator/]: Failed to load resource META-INF\jarjar\metadata.json from mcwbiomesoplenty-1.20.1-1.5.jar, it does not contain dependency information.
[15Mar2026 03:04:11.887] [main/DEBUG] [net.minecraftforge.fml.loading.moddiscovery.AbstractJarFileDependencyLocator/]: Failed to load resource META-INF\jarjar\metadata.json from L_Enders_Cataclysm-3.16.jar, it does not contain dependency information.
[15Mar2026 03:04:11.887] [main/DEBUG] [net.minecraftforge.fml.loading.moddiscovery.AbstractJarFileDependencyLocator/]: Failed to load resource META-INF\jarjar\metadata.json from blockui-1.20.1-1.0.194-snapshot.jar, it does not contain dependency information.
[15Mar2026 03:04:11.887] [main/DEBUG] [net.minecraftforge.fml.loading.moddiscovery.AbstractJarFileDependencyLocator/]: Failed to load resource META-INF\jarjar\metadata.json from ScalingMobs-2.4.3.jar, it does not contain dependency information.
[15Mar2026 03:04:11.887] [main/DEBUG] [net.minecraftforge.fml.loading.moddiscovery.AbstractJarFileDependencyLocator/]: Failed to load resource META-INF\jarjar\metadata.json from cupboard-1.20.1-3.0.jar, it does not contain dependency information.
[15Mar2026 03:04:11.887] [main/DEBUG] [net.minecraftforge.fml.loading.moddiscovery.AbstractJarFileDependencyLocator/]: Failed to load resource META-INF\jarjar\metadata.json from The_Undergarden-1.20.1-0.8.14.jar, it does not contain dependency information.
[15Mar2026 03:04:11.887] [main/DEBUG] [net.minecraftforge.fml.loading.moddiscovery.AbstractJarFileDependencyLocator/]: Failed to load resource META-INF\jarjar\metadata.json from blastingsand-forge-1.20.1-12.3.jar, it does not contain dependency information.
[15Mar2026 03:04:11.887] [main/DEBUG] [net.minecraftforge.fml.loading.moddiscovery.AbstractJarFileDependencyLocator/]: Failed to load resource META-INF\jarjar\metadata.json from Data_Anchor-forge-1.20.1-1.0.0.20.jar, it does not contain dependency information.
[15Mar2026 03:04:11.887] [main/DEBUG] [net.minecraftforge.fml.loading.moddiscovery.AbstractJarFileDependencyLocator/]: Failed to load resource META-INF\jarjar\metadata.json from BetterAdvancements-Forge-1.20.1-0.4.2.25.jar, it does not contain dependency information.
[15Mar2026 03:04:11.887] [main/DEBUG] [net.minecraftforge.fml.loading.moddiscovery.AbstractJarFileDependencyLocator/]: Failed to load resource META-INF\jarjar\metadata.json from Majestic Manaces - Phase 1 (1.0) for Forge 1.20.1.jar, it does not contain dependency information.
[15Mar2026 03:04:11.887] [main/DEBUG] [net.minecraftforge.fml.loading.moddiscovery.AbstractJarFileDependencyLocator/]: Failed to load resource META-INF\jarjar\metadata.json from pamhc2trees-1.20-1.0.2.jar, it does not contain dependency information.
[15Mar2026 03:04:11.887] [main/DEBUG] [net.minecraftforge.fml.loading.moddiscovery.AbstractJarFileDependencyLocator/]: Failed to load resource META-INF\jarjar\metadata.json from quickstack-1.20.1-1.jar, it does not contain dependency information.
[15Mar2026 03:04:11.887] [main/DEBUG] [net.minecraftforge.fml.loading.moddiscovery.AbstractJarFileDependencyLocator/]: Failed to load resource META-INF\jarjar\metadata.json from Pretty Rain-1.20.1-Forge-1.1.3.jar, it does not contain dependency information.
[15Mar2026 03:04:11.887] [main/DEBUG] [net.minecraftforge.fml.loading.moddiscovery.AbstractJarFileDependencyLocator/]: Failed to load resource META-INF\jarjar\metadata.json from common-networking-forge-1.0.5-1.20.1.jar, it does not contain dependency information.
[15Mar2026 03:04:11.887] [main/DEBUG] [net.minecraftforge.fml.loading.moddiscovery.AbstractJarFileDependencyLocator/]: Failed to load resource META-INF\jarjar\metadata.json from Clumps-forge-1.20.1-12.0.0.4.jar, it does not contain dependency information.
[15Mar2026 03:04:11.887] [main/DEBUG] [net.minecraftforge.fml.loading.moddiscovery.AbstractJarFileDependencyLocator/]: Failed to load resource META-INF\jarjar\metadata.json from decorative_blocks-forge-1.20.1-4.1.3.jar, it does not contain dependency information.
[15Mar2026 03:04:11.887] [main/DEBUG] [net.minecraftforge.fml.loading.moddiscovery.AbstractJarFileDependencyLocator/]: Failed to load resource META-INF\jarjar\metadata.json from multiplayerbosses-1.1.3.jar, it does not contain dependency information.
[15Mar2026 03:04:11.887] [main/DEBUG] [net.minecraftforge.fml.loading.moddiscovery.AbstractJarFileDependencyLocator/]: Failed to load resource META-INF\jarjar\metadata.json from BadMobs-1.20.1-19.0.4.jar, it does not contain dependency information.
[15Mar2026 03:04:11.887] [main/DEBUG] [net.minecraftforge.fml.loading.moddiscovery.AbstractJarFileDependencyLocator/]: Failed to load resource META-INF\jarjar\metadata.json from ftbbackups2-forge-1.20-1.0.23.jar, it does not contain dependency information.
[15Mar2026 03:04:11.888] [main/DEBUG] [net.minecraftforge.fml.loading.moddiscovery.AbstractJarFileDependencyLocator/]: Failed to load resource META-INF\jarjar\metadata.json from craftslimeforge-1.0.0.jar, it does not contain dependency information.
[15Mar2026 03:04:11.888] [main/DEBUG] [net.minecraftforge.fml.loading.moddiscovery.AbstractJarFileDependencyLocator/]: Failed to load resource META-INF\jarjar\metadata.json from keepdurable1.20.1.jar, it does not contain dependency information.
[15Mar2026 03:04:11.888] [main/DEBUG] [net.minecraftforge.fml.loading.moddiscovery.AbstractJarFileDependencyLocator/]: Failed to load resource META-INF\jarjar\metadata.json from ExplorersCompass-1.20.1-1.3.3-forge.jar, it does not contain dependency information.
[15Mar2026 03:04:11.888] [main/DEBUG] [net.minecraftforge.fml.loading.moddiscovery.AbstractJarFileDependencyLocator/]: Failed to load resource META-INF\jarjar\metadata.json from AkashicTome-1.7-27.jar, it does not contain dependency information.
[15Mar2026 03:04:11.888] [main/DEBUG] [net.minecraftforge.fml.loading.moddiscovery.AbstractJarFileDependencyLocator/]: Failed to load resource META-INF\jarjar\metadata.json from TravelersTitles-1.20-Forge-4.0.2.jar, it does not contain dependency information.
[15Mar2026 03:04:11.888] [main/DEBUG] [net.minecraftforge.fml.loading.moddiscovery.AbstractJarFileDependencyLocator/]: Failed to load resource META-INF\jarjar\metadata.json from meetyourfight-1.20.1-1.6.0.jar, it does not contain dependency information.
[15Mar2026 03:04:11.888] [main/DEBUG] [net.minecraftforge.fml.loading.moddiscovery.AbstractJarFileDependencyLocator/]: Failed to load resource META-INF\jarjar\metadata.json from ultris-v5.6.9c.jar, it does not contain dependency information.
[15Mar2026 03:04:11.888] [main/DEBUG] [net.minecraftforge.fml.loading.moddiscovery.AbstractJarFileDependencyLocator/]: Failed to load resource META-INF\jarjar\metadata.json from craftingtweaks-forge-1.20.1-18.2.8.jar, it does not contain dependency information.
[15Mar2026 03:04:11.888] [main/DEBUG] [net.minecraftforge.fml.loading.moddiscovery.AbstractJarFileDependencyLocator/]: Failed to load resource META-INF\jarjar\metadata.json from simplyswords-forge-1.56.0-1.20.1.jar, it does not contain dependency information.
[15Mar2026 03:04:11.888] [main/DEBUG] [net.minecraftforge.fml.loading.moddiscovery.AbstractJarFileDependencyLocator/]: Failed to load resource META-INF\jarjar\metadata.json from libIPN-forge-1.20-4.0.2.jar, it does not contain dependency information.
[15Mar2026 03:04:11.888] [main/DEBUG] [net.minecraftforge.fml.loading.moddiscovery.AbstractJarFileDependencyLocator/]: Failed to load resource META-INF\jarjar\metadata.json from nohostilesaroundcampfire-1.20.1-7.2.jar, it does not contain dependency information.
[15Mar2026 03:04:11.888] [main/DEBUG] [net.minecraftforge.fml.loading.moddiscovery.AbstractJarFileDependencyLocator/]: Failed to load resource META-INF\jarjar\metadata.json from CreativeCore_FORGE_v2.12.35_mc1.20.1.jar, it does not contain dependency information.
[15Mar2026 03:04:11.888] [main/DEBUG] [net.minecraftforge.fml.loading.moddiscovery.AbstractJarFileDependencyLocator/]: Failed to load resource META-INF\jarjar\metadata.json from smoothboot(reloaded)-mc1.20.1-0.0.4.jar, it does not contain dependency information.
[15Mar2026 03:04:11.888] [main/DEBUG] [net.minecraftforge.fml.loading.moddiscovery.AbstractJarFileDependencyLocator/]: Failed to load resource META-INF\jarjar\metadata.json from mes-1.4.6-1.20.jar, it does not contain dependency information.
[15Mar2026 03:04:11.888] [main/DEBUG] [net.minecraftforge.fml.loading.moddiscovery.AbstractJarFileDependencyLocator/]: Failed to load resource META-INF\jarjar\metadata.json from FastWorkbench-1.20.1-8.0.4.jar, it does not contain dependency information.
[15Mar2026 03:04:11.888] [main/DEBUG] [net.minecraftforge.fml.loading.moddiscovery.AbstractJarFileDependencyLocator/]: Failed to load resource META-INF\jarjar\metadata.json from NoSeeNoTick-2.0.0-1.20.1.jar, it does not contain dependency information.
[15Mar2026 03:04:11.888] [main/DEBUG] [net.minecraftforge.fml.loading.moddiscovery.AbstractJarFileDependencyLocator/]: Failed to load resource META-INF\jarjar\metadata.json from StorageDrawers-forge-1.20.1-12.14.3.jar, it does not contain dependency information.
[15Mar2026 03:04:11.888] [main/DEBUG] [net.minecraftforge.fml.loading.moddiscovery.AbstractJarFileDependencyLocator/]: Failed to load resource META-INF\jarjar\metadata.json from FluxNetworks-1.20.1-7.2.1.15.jar, it does not contain dependency information.
[15Mar2026 03:04:11.888] [main/DEBUG] [net.minecraftforge.fml.loading.moddiscovery.AbstractJarFileDependencyLocator/]: Failed to load resource META-INF\jarjar\metadata.json from irons_spellbooks-1.20.1-3.15.2.jar, it does not contain dependency information.
[15Mar2026 03:04:11.888] [main/DEBUG] [net.minecraftforge.fml.loading.moddiscovery.AbstractJarFileDependencyLocator/]: Failed to load resource META-INF\jarjar\metadata.json from kubejs_botania-1.4.0-forge.jar, it does not contain dependency information.
[15Mar2026 03:04:11.888] [main/DEBUG] [net.minecraftforge.fml.loading.moddiscovery.AbstractJarFileDependencyLocator/]: Failed to load resource META-INF\jarjar\metadata.json from ferritecore-6.0.1-forge.jar, it does not contain dependency information.
[15Mar2026 03:04:11.888] [main/DEBUG] [net.minecraftforge.fml.loading.moddiscovery.AbstractJarFileDependencyLocator/]: Failed to load resource META-INF\jarjar\metadata.json from ultimate-bosses-1.0.4.jar, it does not contain dependency information.
[15Mar2026 03:04:11.888] [main/DEBUG] [net.minecraftforge.fml.loading.moddiscovery.AbstractJarFileDependencyLocator/]: Failed to load resource META-INF\jarjar\metadata.json from Enhanced-Celestials-forge-1.20.1-5.0.3.1.jar, it does not contain dependency information.
[15Mar2026 03:04:11.888] [main/DEBUG] [net.minecraftforge.fml.loading.moddiscovery.AbstractJarFileDependencyLocator/]: Failed to load resource META-INF\jarjar\metadata.json from rarcompat-1.20.1-0.5.jar, it does not contain dependency information.
[15Mar2026 03:04:11.888] [main/DEBUG] [net.minecraftforge.fml.loading.moddiscovery.AbstractJarFileDependencyLocator/]: Failed to load resource META-INF\jarjar\metadata.json from improvedmobs-1.20.1-1.13.6-forge.jar, it does not contain dependency information.
[15Mar2026 03:04:11.888] [main/DEBUG] [net.minecraftforge.fml.loading.moddiscovery.AbstractJarFileDependencyLocator/]: Failed to load resource META-INF\jarjar\metadata.json from valhelsia_core-forge-1.20.1-1.1.2.jar, it does not contain dependency information.
[15Mar2026 03:04:11.888] [main/DEBUG] [net.minecraftforge.fml.loading.moddiscovery.AbstractJarFileDependencyLocator/]: Failed to load resource META-INF\jarjar\metadata.json from overloadedarmorbar-1.20.1-1.jar, it does not contain dependency information.
[15Mar2026 03:04:11.888] [main/DEBUG] [net.minecraftforge.fml.loading.moddiscovery.AbstractJarFileDependencyLocator/]: Failed to load resource META-INF\jarjar\metadata.json from Morph-o-Tool-1.7-38.jar, it does not contain dependency information.
[15Mar2026 03:04:11.888] [main/DEBUG] [net.minecraftforge.fml.loading.moddiscovery.AbstractJarFileDependencyLocator/]: Failed to load resource META-INF\jarjar\metadata.json from createestrogen-1.0.0+1.20.1-forge.jar, it does not contain dependency information.
[15Mar2026 03:04:11.888] [main/DEBUG] [net.minecraftforge.fml.loading.moddiscovery.AbstractJarFileDependencyLocator/]: Failed to load resource META-INF\jarjar\metadata.json from cherry_village-1.20.1-1.0.0-Forge.jar, it does not contain dependency information.
[15Mar2026 03:04:11.888] [main/DEBUG] [net.minecraftforge.fml.loading.moddiscovery.AbstractJarFileDependencyLocator/]: Failed to load resource META-INF\jarjar\metadata.json from createaddition-1.20.1-1.3.3.jar, it does not contain dependency information.
[15Mar2026 03:04:11.888] [main/DEBUG] [net.minecraftforge.fml.loading.moddiscovery.AbstractJarFileDependencyLocator/]: Failed to load resource META-INF\jarjar\metadata.json from adaptive_performance_tweaks_core_1.20.1-11.5.0.jar, it does not contain dependency information.
[15Mar2026 03:04:11.888] [main/DEBUG] [net.minecraftforge.fml.loading.moddiscovery.AbstractJarFileDependencyLocator/]: Failed to load resource META-INF\jarjar\metadata.json from auudio_forge_1.0.3_MC_1.19.3.jar, it does not contain dependency information.
[15Mar2026 03:04:11.888] [main/DEBUG] [net.minecraftforge.fml.loading.moddiscovery.AbstractJarFileDependencyLocator/]: Failed to load resource META-INF\jarjar\metadata.json from supermartijn642configlib-1.1.8-forge-mc1.20.jar, it does not contain dependency information.
[15Mar2026 03:04:11.888] [main/DEBUG] [net.minecraftforge.fml.loading.moddiscovery.AbstractJarFileDependencyLocator/]: Failed to load resource META-INF\jarjar\metadata.json from Epic Dungeons-0.1.04-Forge-1.19-1.20.1.jar, it does not contain dependency information.
[15Mar2026 03:04:11.888] [main/DEBUG] [net.minecraftforge.fml.loading.moddiscovery.AbstractJarFileDependencyLocator/]: Failed to load resource META-INF\jarjar\metadata.json from alexsmobs-1.22.9.jar, it does not contain dependency information.
[15Mar2026 03:04:11.888] [main/DEBUG] [net.minecraftforge.fml.loading.moddiscovery.AbstractJarFileDependencyLocator/]: Failed to load resource META-INF\jarjar\metadata.json from lootintegrations_integrated-1.4.jar, it does not contain dependency information.
[15Mar2026 03:04:11.888] [main/DEBUG] [net.minecraftforge.fml.loading.moddiscovery.AbstractJarFileDependencyLocator/]: Failed to load resource META-INF\jarjar\metadata.json from player-animation-lib-forge-1.0.2-rc1+1.20.jar, it does not contain dependency information.
[15Mar2026 03:04:11.888] [main/DEBUG] [net.minecraftforge.fml.loading.moddiscovery.AbstractJarFileDependencyLocator/]: Failed to load resource META-INF\jarjar\metadata.json from botarium-forge-1.20.1-2.3.4.jar, it does not contain dependency information.
[15Mar2026 03:04:11.888] [main/DEBUG] [net.minecraftforge.fml.loading.moddiscovery.AbstractJarFileDependencyLocator/]: Failed to load resource META-INF\jarjar\metadata.json from stalwart-dungeons-1.20.1-1.2.8.jar, it does not contain dependency information.
[15Mar2026 03:04:11.888] [main/DEBUG] [net.minecraftforge.fml.loading.moddiscovery.AbstractJarFileDependencyLocator/]: Failed to load resource META-INF\jarjar\metadata.json from sound-physics-remastered-forge-1.20.1-1.5.1.jar, it does not contain dependency information.
[15Mar2026 03:04:11.888] [main/DEBUG] [net.minecraftforge.fml.loading.moddiscovery.AbstractJarFileDependencyLocator/]: Failed to load resource META-INF\jarjar\metadata.json from IronJetpacks-1.20.1-7.0.9.jar, it does not contain dependency information.
[15Mar2026 03:04:11.888] [main/DEBUG] [net.minecraftforge.fml.loading.moddiscovery.AbstractJarFileDependencyLocator/]: Failed to load resource META-INF\jarjar\metadata.json from decorative_lgbt_wall_flags_150.jar, it does not contain dependency information.
[15Mar2026 03:04:11.888] [main/DEBUG] [net.minecraftforge.fml.loading.moddiscovery.AbstractJarFileDependencyLocator/]: Failed to load resource META-INF\jarjar\metadata.json from xnet-1.20-6.1.6.jar, it does not contain dependency information.
[15Mar2026 03:04:11.888] [main/DEBUG] [net.minecraftforge.fml.loading.moddiscovery.AbstractJarFileDependencyLocator/]: Failed to load resource META-INF\jarjar\metadata.json from CTM-1.20.1-1.1.10.jar, it does not contain dependency information.
[15Mar2026 03:04:11.888] [main/DEBUG] [net.minecraftforge.fml.loading.moddiscovery.AbstractJarFileDependencyLocator/]: Failed to load resource META-INF\jarjar\metadata.json from ArmorDamageLimit-1.20.1-1.0.0.jar, it does not contain dependency information.
[15Mar2026 03:04:11.888] [main/DEBUG] [net.minecraftforge.fml.loading.moddiscovery.AbstractJarFileDependencyLocator/]: Failed to load resource META-INF\jarjar\metadata.json from MaxHealthFix-Forge-1.20.1-12.0.4.jar, it does not contain dependency information.
[15Mar2026 03:04:11.888] [main/DEBUG] [net.minecraftforge.fml.loading.moddiscovery.AbstractJarFileDependencyLocator/]: Failed to load resource META-INF\jarjar\metadata.json from cabletiers-1.20.1-1.2.2.jar, it does not contain dependency information.
[15Mar2026 03:04:11.888] [main/DEBUG] [net.minecraftforge.fml.loading.moddiscovery.AbstractJarFileDependencyLocator/]: Failed to load resource META-INF\jarjar\metadata.json from JustEnoughResources-1.20.1-1.4.0.247.jar, it does not contain dependency information.
[15Mar2026 03:04:11.888] [main/DEBUG] [net.minecraftforge.fml.loading.moddiscovery.AbstractJarFileDependencyLocator/]: Failed to load resource META-INF\jarjar\metadata.json from shetiphiancore-forge-1.20.1-1.5.jar, it does not contain dependency information.
[15Mar2026 03:04:11.888] [main/DEBUG] [net.minecraftforge.fml.loading.moddiscovery.AbstractJarFileDependencyLocator/]: Failed to load resource META-INF\jarjar\metadata.json from [forge]ctov-3.4.14.jar, it does not contain dependency information.
[15Mar2026 03:04:11.888] [main/DEBUG] [net.minecraftforge.fml.loading.moddiscovery.AbstractJarFileDependencyLocator/]: Failed to load resource META-INF\jarjar\metadata.json from athena-forge-1.20.1-3.1.2.jar, it does not contain dependency information.
[15Mar2026 03:04:11.888] [main/DEBUG] [net.minecraftforge.fml.loading.moddiscovery.AbstractJarFileDependencyLocator/]: Failed to load resource META-INF\jarjar\metadata.json from lmft-1.0.4+1.20.1-forge.jar, it does not contain dependency information.
[15Mar2026 03:04:11.888] [main/DEBUG] [net.minecraftforge.fml.loading.moddiscovery.AbstractJarFileDependencyLocator/]: Failed to load resource META-INF\jarjar\metadata.json from Truly-Modular-archery-archery-forge-1.6-1.20.1.jar, it does not contain dependency information.
[15Mar2026 03:04:11.888] [main/DEBUG] [net.minecraftforge.fml.loading.moddiscovery.AbstractJarFileDependencyLocator/]: Failed to load resource META-INF\jarjar\metadata.json from terramity-0.9.8-forge-1.20.1.jar, it does not contain dependency information.
[15Mar2026 03:04:11.888] [main/DEBUG] [net.minecraftforge.fml.loading.moddiscovery.AbstractJarFileDependencyLocator/]: Failed to load resource META-INF\jarjar\metadata.json from torchmaster-20.1.9.jar, it does not contain dependency information.
[15Mar2026 03:04:11.888] [main/DEBUG] [net.minecraftforge.fml.loading.moddiscovery.AbstractJarFileDependencyLocator/]: Failed to load resource META-INF\jarjar\metadata.json from thermal_innovation-1.20.1-11.0.1.23.jar, it does not contain dependency information.
[15Mar2026 03:04:11.888] [main/DEBUG] [net.minecraftforge.fml.loading.moddiscovery.AbstractJarFileDependencyLocator/]: Failed to load resource META-INF\jarjar\metadata.json from darkorb-forge-1.20.1-1.0.3.jar, it does not contain dependency information.
[15Mar2026 03:04:11.888] [main/DEBUG] [net.minecraftforge.fml.loading.moddiscovery.AbstractJarFileDependencyLocator/]: Failed to load resource META-INF\jarjar\metadata.json from ToolStats-Forge-1.20.1-16.0.10.jar, it does not contain dependency information.
[15Mar2026 03:04:11.889] [main/DEBUG] [net.minecraftforge.fml.loading.moddiscovery.AbstractJarFileDependencyLocator/]: Failed to load resource META-INF\jarjar\metadata.json from Explorify v1.6.4 f15-88.mod.jar, it does not contain dependency information.
[15Mar2026 03:04:11.889] [main/DEBUG] [net.minecraftforge.fml.loading.moddiscovery.AbstractJarFileDependencyLocator/]: Failed to load resource META-INF\jarjar\metadata.json from ironfurnaces-1.20.1-4.1.6.jar, it does not contain dependency information.
[15Mar2026 03:04:11.889] [main/DEBUG] [net.minecraftforge.fml.loading.moddiscovery.AbstractJarFileDependencyLocator/]: Failed to load resource META-INF\jarjar\metadata.json from mcw-trapdoors-1.1.5-mc1.20.1forge.jar, it does not contain dependency information.
[15Mar2026 03:04:11.889] [main/DEBUG] [net.minecraftforge.fml.loading.moddiscovery.AbstractJarFileDependencyLocator/]: Failed to load resource META-INF\jarjar\metadata.json from supermartijn642corelib-1.1.20-forge-mc1.20.1.jar, it does not contain dependency information.
[15Mar2026 03:04:11.889] [main/DEBUG] [net.minecraftforge.fml.loading.moddiscovery.AbstractJarFileDependencyLocator/]: Failed to load resource META-INF\jarjar\metadata.json from YungsBridges-1.20-Forge-4.0.3.jar, it does not contain dependency information.
[15Mar2026 03:04:11.889] [main/DEBUG] [net.minecraftforge.fml.loading.moddiscovery.AbstractJarFileDependencyLocator/]: Failed to load resource META-INF\jarjar\metadata.json from resourcefulconfig-forge-1.20.1-2.1.3.jar, it does not contain dependency information.
[15Mar2026 03:04:11.889] [main/DEBUG] [net.minecraftforge.fml.loading.moddiscovery.AbstractJarFileDependencyLocator/]: Failed to load resource META-INF\jarjar\metadata.json from enchantmenttransfer-0.0.6-1.20.1.jar, it does not contain dependency information.
[15Mar2026 03:04:11.889] [main/DEBUG] [net.minecraftforge.fml.loading.moddiscovery.AbstractJarFileDependencyLocator/]: Failed to load resource META-INF\jarjar\metadata.json from twilightaether-1.20.1-1.0.0.jar, it does not contain dependency information.
[15Mar2026 03:04:11.889] [main/DEBUG] [net.minecraftforge.fml.loading.moddiscovery.AbstractJarFileDependencyLocator/]: Failed to load resource META-INF\jarjar\metadata.json from lootintegrations_dungeoncrawl-1.1.jar, it does not contain dependency information.
[15Mar2026 03:04:11.889] [main/DEBUG] [net.minecraftforge.fml.loading.moddiscovery.AbstractJarFileDependencyLocator/]: Failed to load resource META-INF\jarjar\metadata.json from curios-forge-5.14.1+1.20.1.jar, it does not contain dependency information.
[15Mar2026 03:04:11.889] [main/DEBUG] [net.minecraftforge.fml.loading.moddiscovery.AbstractJarFileDependencyLocator/]: Failed to load resource META-INF\jarjar\metadata.json from Searchables-forge-1.20.1-1.0.3.jar, it does not contain dependency information.
[15Mar2026 03:04:11.889] [main/DEBUG] [net.minecraftforge.fml.loading.moddiscovery.AbstractJarFileDependencyLocator/]: Failed to load resource META-INF\jarjar\metadata.json from rftoolsdim-1.20-11.0.10.jar, it does not contain dependency information.
[15Mar2026 03:04:11.889] [main/DEBUG] [net.minecraftforge.fml.loading.moddiscovery.AbstractJarFileDependencyLocator/]: Failed to load resource META-INF\jarjar\metadata.json from TATOS 1.0.5_beta.jar, it does not contain dependency information.
[15Mar2026 03:04:11.889] [main/DEBUG] [net.minecraftforge.fml.loading.moddiscovery.AbstractJarFileDependencyLocator/]: Failed to load resource META-INF\jarjar\metadata.json from biomespawnpoint-1.20.1-2.4.jar, it does not contain dependency information.
[15Mar2026 03:04:11.889] [main/DEBUG] [net.minecraftforge.fml.loading.moddiscovery.AbstractJarFileDependencyLocator/]: Failed to load resource META-INF\jarjar\metadata.json from deimos-1.20.1-forge-2.5.jar, it does not contain dependency information.
[15Mar2026 03:04:11.889] [main/DEBUG] [net.minecraftforge.fml.loading.moddiscovery.AbstractJarFileDependencyLocator/]: Failed to load resource META-INF\jarjar\metadata.json from netherskeletons-5.0-forge-1.20.1.jar, it does not contain dependency information.
[15Mar2026 03:04:11.889] [main/DEBUG] [net.minecraftforge.fml.loading.moddiscovery.AbstractJarFileDependencyLocator/]: Failed to load resource META-INF\jarjar\metadata.json from mcw-furniture-3.4.1-mc1.20.1forge.jar, it does not contain dependency information.
[15Mar2026 03:04:11.889] [main/DEBUG] [net.minecraftforge.fml.loading.moddiscovery.AbstractJarFileDependencyLocator/]: Failed to load resource META-INF\jarjar\metadata.json from mobtimizations-forge-1.20.1-1.0.1.jar, it does not contain dependency information.
[15Mar2026 03:04:11.889] [main/DEBUG] [net.minecraftforge.fml.loading.moddiscovery.AbstractJarFileDependencyLocator/]: Failed to load resource META-INF\jarjar\metadata.json from Disenchanting-forge-1.20.1-2.2.4.jar, it does not contain dependency information.
[15Mar2026 03:04:11.889] [main/DEBUG] [net.minecraftforge.fml.loading.moddiscovery.AbstractJarFileDependencyLocator/]: Failed to load resource META-INF\jarjar\metadata.json from CodeChickenLib-1.20.1-4.4.0.516-universal.jar, it does not contain dependency information.
[15Mar2026 03:04:11.889] [main/DEBUG] [net.minecraftforge.fml.loading.moddiscovery.AbstractJarFileDependencyLocator/]: Failed to load resource META-INF\jarjar\metadata.json from cataclysm_ut-53 - 1.20.1.jar, it does not contain dependency information.
[15Mar2026 03:04:11.889] [main/DEBUG] [net.minecraftforge.fml.loading.moddiscovery.AbstractJarFileDependencyLocator/]: Failed to load resource META-INF\jarjar\metadata.json from YungsBetterMineshafts-1.20-Forge-4.0.4.jar, it does not contain dependency information.
[15Mar2026 03:04:11.889] [main/DEBUG] [net.minecraftforge.fml.loading.moddiscovery.AbstractJarFileDependencyLocator/]: Failed to load resource META-INF\jarjar\metadata.json from thermal_dynamics-1.20.1-11.0.1.23.jar, it does not contain dependency information.
[15Mar2026 03:04:11.889] [main/DEBUG] [net.minecraftforge.fml.loading.moddiscovery.AbstractJarFileDependencyLocator/]: Failed to load resource META-INF\jarjar\metadata.json from JustEnoughAdvancements-1.20.1-5.0.1.jar, it does not contain dependency information.
[15Mar2026 03:04:11.889] [main/DEBUG] [net.minecraftforge.fml.loading.moddiscovery.AbstractJarFileDependencyLocator/]: Failed to load resource META-INF\jarjar\metadata.json from ftb-library-forge-2001.2.12.jar, it does not contain dependency information.
[15Mar2026 03:04:11.889] [main/DEBUG] [net.minecraftforge.fml.loading.moddiscovery.AbstractJarFileDependencyLocator/]: Failed to load resource META-INF\jarjar\metadata.json from culturaldelights-0.16.5.jar, it does not contain dependency information.
[15Mar2026 03:04:11.889] [main/DEBUG] [net.minecraftforge.fml.loading.moddiscovery.AbstractJarFileDependencyLocator/]: Failed to load resource META-INF\jarjar\metadata.json from edf-remastered-4.3.jar, it does not contain dependency information.
[15Mar2026 03:04:11.889] [main/DEBUG] [net.minecraftforge.fml.loading.moddiscovery.AbstractJarFileDependencyLocator/]: Failed to load resource META-INF\jarjar\metadata.json from jei-1.20.1-forge-15.20.0.129.jar, it does not contain dependency information.
[15Mar2026 03:04:11.889] [main/DEBUG] [net.minecraftforge.fml.loading.moddiscovery.AbstractJarFileDependencyLocator/]: Failed to load resource META-INF\jarjar\metadata.json from multipiston-1.20-0.0.47-snapshot.jar, it does not contain dependency information.
[15Mar2026 03:04:11.889] [main/DEBUG] [net.minecraftforge.fml.loading.moddiscovery.AbstractJarFileDependencyLocator/]: Failed to load resource META-INF\jarjar\metadata.json from lithostitched-forge-1.20.1-1.4.11.jar, it does not contain dependency information.
[15Mar2026 03:04:11.889] [main/DEBUG] [net.minecraftforge.fml.loading.moddiscovery.AbstractJarFileDependencyLocator/]: Failed to load resource META-INF\jarjar\metadata.json from Mekanism-1.20.1-10.4.16.80.jar, it does not contain dependency information.
[15Mar2026 03:04:11.889] [main/DEBUG] [net.minecraftforge.fml.loading.moddiscovery.AbstractJarFileDependencyLocator/]: Failed to load resource META-INF\jarjar\metadata.json from larger-ore-veins-deluxe-1.2.2.jar, it does not contain dependency information.
[15Mar2026 03:04:11.889] [main/DEBUG] [net.minecraftforge.fml.loading.moddiscovery.AbstractJarFileDependencyLocator/]: Failed to load resource META-INF\jarjar\metadata.json from xp_from_crops-1.0.0-forge-1.20.1.jar, it does not contain dependency information.
[15Mar2026 03:04:11.889] [main/DEBUG] [net.minecraftforge.fml.loading.moddiscovery.AbstractJarFileDependencyLocator/]: Failed to load resource META-INF\jarjar\metadata.json from kubejs-thermal-2001.1.10-build.2.jar, it does not contain dependency information.
[15Mar2026 03:04:11.889] [main/DEBUG] [net.minecraftforge.fml.loading.moddiscovery.AbstractJarFileDependencyLocator/]: Failed to load resource META-INF\jarjar\metadata.json from fallingleaves-1.20.1-2.1.2.jar, it does not contain dependency information.
[15Mar2026 03:04:11.889] [main/DEBUG] [net.minecraftforge.fml.loading.moddiscovery.AbstractJarFileDependencyLocator/]: Failed to load resource META-INF\jarjar\metadata.json from kubejsarsnouveau-1.2.2.jar, it does not contain dependency information.
[15Mar2026 03:04:11.889] [main/DEBUG] [net.minecraftforge.fml.loading.moddiscovery.AbstractJarFileDependencyLocator/]: Failed to load resource META-INF\jarjar\metadata.json from NaturesCompass-1.20.1-1.11.2-forge.jar, it does not contain dependency information.
[15Mar2026 03:04:11.889] [main/DEBUG] [net.minecraftforge.fml.loading.moddiscovery.AbstractJarFileDependencyLocator/]: Failed to load resource META-INF\jarjar\metadata.json from SereneSeasons-forge-1.20.1-9.1.0.2.jar, it does not contain dependency information.
[15Mar2026 03:04:11.889] [main/DEBUG] [net.minecraftforge.fml.loading.moddiscovery.AbstractJarFileDependencyLocator/]: Failed to load resource META-INF\jarjar\metadata.json from Aethersteel-v5.5-1.20.1.jar, it does not contain dependency information.
[15Mar2026 03:04:11.889] [main/DEBUG] [net.minecraftforge.fml.loading.moddiscovery.AbstractJarFileDependencyLocator/]: Failed to load resource META-INF\jarjar\metadata.json from LibX-1.20.1-5.0.14.jar, it does not contain dependency information.
[15Mar2026 03:04:11.889] [main/DEBUG] [net.minecraftforge.fml.loading.moddiscovery.AbstractJarFileDependencyLocator/]: Failed to load resource META-INF\jarjar\metadata.json from AdHooks-1.20.1-10.1.3.0-build.1919.jar, it does not contain dependency information.
[15Mar2026 03:04:11.889] [main/DEBUG] [net.minecraftforge.fml.loading.moddiscovery.AbstractJarFileDependencyLocator/]: Failed to load resource META-INF\jarjar\metadata.json from GlitchCore-forge-1.20.1-0.0.1.1.jar, it does not contain dependency information.
[15Mar2026 03:04:11.889] [main/DEBUG] [net.minecraftforge.fml.loading.moddiscovery.AbstractJarFileDependencyLocator/]: Failed to load resource META-INF\jarjar\metadata.json from starlight-1.1.2+forge.1cda73c.jar, it does not contain dependency information.
[15Mar2026 03:04:11.889] [main/DEBUG] [net.minecraftforge.fml.loading.moddiscovery.AbstractJarFileDependencyLocator/]: Failed to load resource META-INF\jarjar\metadata.json from forge-1.20.1-47.4.6-universal.jar, it does not contain dependency information.
[15Mar2026 03:04:11.889] [main/DEBUG] [net.minecraftforge.fml.loading.moddiscovery.AbstractJarFileDependencyLocator/]: Failed to load resource META-INF\jarjar\metadata.json from idas_forge-1.12.1+1.20.1.jar, it does not contain dependency information.
[15Mar2026 03:04:11.889] [main/DEBUG] [net.minecraftforge.fml.loading.moddiscovery.AbstractJarFileDependencyLocator/]: Failed to load resource META-INF\jarjar\metadata.json from lootintegrations_hopo-1.4.jar, it does not contain dependency information.
[15Mar2026 03:04:11.889] [main/DEBUG] [net.minecraftforge.fml.loading.moddiscovery.AbstractJarFileDependencyLocator/]: Failed to load resource META-INF\jarjar\metadata.json from MouseTweaks-forge-mc1.20.1-2.25.1.jar, it does not contain dependency information.
[15Mar2026 03:04:11.889] [main/DEBUG] [net.minecraftforge.fml.loading.moddiscovery.AbstractJarFileDependencyLocator/]: Failed to load resource META-INF\jarjar\metadata.json from ftb-quests-forge-2001.4.18.jar, it does not contain dependency information.
[15Mar2026 03:04:11.889] [main/DEBUG] [net.minecraftforge.fml.loading.moddiscovery.AbstractJarFileDependencyLocator/]: Failed to load resource META-INF\jarjar\metadata.json from NoChatReports-FORGE-1.20.1-v2.2.2.jar, it does not contain dependency information.
[15Mar2026 03:04:11.889] [main/DEBUG] [net.minecraftforge.fml.loading.moddiscovery.AbstractJarFileDependencyLocator/]: Failed to load resource META-INF\jarjar\metadata.json from aeroblender-1.20.1-1.0.1-neoforge.jar, it does not contain dependency information.
[15Mar2026 03:04:11.889] [main/DEBUG] [net.minecraftforge.fml.loading.moddiscovery.AbstractJarFileDependencyLocator/]: Failed to load resource META-INF\jarjar\metadata.json from origins-plus-plus-2.4-forge.jar, it does not contain dependency information.
[15Mar2026 03:04:11.889] [main/DEBUG] [net.minecraftforge.fml.loading.moddiscovery.AbstractJarFileDependencyLocator/]: Failed to load resource META-INF\jarjar\metadata.json from pamhc2foodcore-1.20.4-1.0.5.jar, it does not contain dependency information.
[15Mar2026 03:04:11.890] [main/DEBUG] [net.minecraftforge.fml.loading.moddiscovery.AbstractJarFileDependencyLocator/]: Failed to load resource META-INF\jarjar\metadata.json from canary-mc1.20.1-0.3.3.jar, it does not contain dependency information.
[15Mar2026 03:04:11.890] [main/DEBUG] [net.minecraftforge.fml.loading.moddiscovery.AbstractJarFileDependencyLocator/]: Failed to load resource META-INF\jarjar\metadata.json from connectedglass-1.1.14-forge-mc1.20.1.jar, it does not contain dependency information.
[15Mar2026 03:04:11.890] [main/DEBUG] [net.minecraftforge.fml.loading.moddiscovery.AbstractJarFileDependencyLocator/]: Failed to load resource META-INF\jarjar\metadata.json from raw_netherite-1.0.0-forge-1.20.1.jar, it does not contain dependency information.
[15Mar2026 03:04:11.890] [main/DEBUG] [net.minecraftforge.fml.loading.moddiscovery.AbstractJarFileDependencyLocator/]: Failed to load resource META-INF\jarjar\metadata.json from biomemusic-1.20.1-3.5.jar, it does not contain dependency information.
[15Mar2026 03:04:11.890] [main/DEBUG] [net.minecraftforge.fml.loading.moddiscovery.AbstractJarFileDependencyLocator/]: Failed to load resource META-INF\jarjar\metadata.json from Aquaculture-1.20.1-2.5.7.jar, it does not contain dependency information.
[15Mar2026 03:04:11.890] [main/DEBUG] [net.minecraftforge.fml.loading.moddiscovery.AbstractJarFileDependencyLocator/]: Failed to load resource META-INF\jarjar\metadata.json from Delightful-1.20.1-3.7.8.jar, it does not contain dependency information.
[15Mar2026 03:04:11.890] [main/DEBUG] [net.minecraftforge.fml.loading.moddiscovery.AbstractJarFileDependencyLocator/]: Failed to load resource META-INF\jarjar\metadata.json from ArmorUnlocked-1.20-1.0.2.jar, it does not contain dependency information.
[15Mar2026 03:04:11.890] [main/DEBUG] [net.minecraftforge.fml.loading.moddiscovery.AbstractJarFileDependencyLocator/]: Failed to load resource META-INF\jarjar\metadata.json from merenc-forge-1.20.[0-4]-v4.2.jar, it does not contain dependency information.
[15Mar2026 03:04:11.890] [main/DEBUG] [net.minecraftforge.fml.loading.moddiscovery.AbstractJarFileDependencyLocator/]: Failed to load resource META-INF\jarjar\metadata.json from blue_skies-1.20.1-1.3.31.jar, it does not contain dependency information.
[15Mar2026 03:04:11.890] [main/DEBUG] [net.minecraftforge.fml.loading.moddiscovery.AbstractJarFileDependencyLocator/]: Failed to load resource META-INF\jarjar\metadata.json from netherportalfix-forge-1.20-13.0.1.jar, it does not contain dependency information.
[15Mar2026 03:04:11.890] [main/DEBUG] [net.minecraftforge.fml.loading.moddiscovery.AbstractJarFileDependencyLocator/]: Failed to load resource META-INF\jarjar\metadata.json from endportalrecipe-1.20.1-5.7.jar, it does not contain dependency information.
[15Mar2026 03:04:11.890] [main/DEBUG] [net.minecraftforge.fml.loading.moddiscovery.AbstractJarFileDependencyLocator/]: Failed to load resource META-INF\jarjar\metadata.json from chunky-player-pause-1.0.0.jar, it does not contain dependency information.
[15Mar2026 03:04:11.890] [main/DEBUG] [net.minecraftforge.fml.loading.moddiscovery.AbstractJarFileDependencyLocator/]: Failed to load resource META-INF\jarjar\metadata.json from connectivity-1.20.1-7.6.jar, it does not contain dependency information.
[15Mar2026 03:04:11.890] [main/DEBUG] [net.minecraftforge.fml.loading.moddiscovery.AbstractJarFileDependencyLocator/]: Failed to load resource META-INF\jarjar\metadata.json from boss_checklist-forge-3.4.0.jar, it does not contain dependency information.
[15Mar2026 03:04:11.890] [main/DEBUG] [net.minecraftforge.fml.loading.moddiscovery.AbstractJarFileDependencyLocator/]: Failed to load resource META-INF\jarjar\metadata.json from cookingforblockheads-forge-1.20.1-16.0.15.jar, it does not contain dependency information.
[15Mar2026 03:04:11.890] [main/DEBUG] [net.minecraftforge.fml.loading.moddiscovery.AbstractJarFileDependencyLocator/]: Failed to load resource META-INF\jarjar\metadata.json from Controlling-forge-1.20.1-12.0.2.jar, it does not contain dependency information.
[15Mar2026 03:04:11.890] [main/DEBUG] [net.minecraftforge.fml.loading.moddiscovery.AbstractJarFileDependencyLocator/]: Failed to load resource META-INF\jarjar\metadata.json from citadel-2.6.3-1.20.1.jar, it does not contain dependency information.
[15Mar2026 03:04:11.890] [main/DEBUG] [net.minecraftforge.fml.loading.moddiscovery.AbstractJarFileDependencyLocator/]: Failed to load resource META-INF\jarjar\metadata.json from relics-1.20.1-0.8.0.11.jar, it does not contain dependency information.
[15Mar2026 03:04:11.890] [main/DEBUG] [net.minecraftforge.fml.loading.moddiscovery.AbstractJarFileDependencyLocator/]: Failed to load resource META-INF\jarjar\metadata.json from xnetgases-1.20.1-5.1.4.jar, it does not contain dependency information.
[15Mar2026 03:04:11.890] [main/DEBUG] [net.minecraftforge.fml.loading.moddiscovery.AbstractJarFileDependencyLocator/]: Failed to load resource META-INF\jarjar\metadata.json from twilightforest-1.20.1-4.3.2508-universal.jar, it does not contain dependency information.
[15Mar2026 03:04:11.890] [main/DEBUG] [net.minecraftforge.fml.loading.moddiscovery.AbstractJarFileDependencyLocator/]: Failed to load resource META-INF\jarjar\metadata.json from origins_genders-1.20.1-forge.jar, it does not contain dependency information.
[15Mar2026 03:04:11.890] [main/DEBUG] [net.minecraftforge.fml.loading.moddiscovery.AbstractJarFileDependencyLocator/]: Failed to load resource META-INF\jarjar\metadata.json from FarmersDelight-1.20.1-1.2.10.jar, it does not contain dependency information.
[15Mar2026 03:04:11.890] [main/DEBUG] [net.minecraftforge.fml.loading.moddiscovery.AbstractJarFileDependencyLocator/]: Failed to load resource META-INF\jarjar\metadata.json from enchantmentlevelcapindicator-1.20.1-1.1.jar, it does not contain dependency information.
[15Mar2026 03:04:11.890] [main/DEBUG] [net.minecraftforge.fml.loading.moddiscovery.AbstractJarFileDependencyLocator/]: Failed to load resource META-INF\jarjar\metadata.json from cataclysmiccombat-1.4.1-1.20.1.jar, it does not contain dependency information.
[15Mar2026 03:04:11.890] [main/DEBUG] [net.minecraftforge.fml.loading.moddiscovery.AbstractJarFileDependencyLocator/]: Failed to load resource META-INF\jarjar\metadata.json from mcw-mcwfences-1.2.1-mc1.20.1forge.jar, it does not contain dependency information.
[15Mar2026 03:04:11.890] [main/DEBUG] [net.minecraftforge.fml.loading.moddiscovery.AbstractJarFileDependencyLocator/]: Failed to load resource META-INF\jarjar\metadata.json from simplefarming-1.20.1-2.2.6.jar, it does not contain dependency information.
[15Mar2026 03:04:11.890] [main/DEBUG] [net.minecraftforge.fml.loading.moddiscovery.AbstractJarFileDependencyLocator/]: Failed to load resource META-INF\jarjar\metadata.json from villagespawnpoint-1.20.1-4.6.jar, it does not contain dependency information.
[15Mar2026 03:04:11.890] [main/DEBUG] [net.minecraftforge.fml.loading.moddiscovery.AbstractJarFileDependencyLocator/]: Failed to load resource META-INF\jarjar\metadata.json from pamhc2foodextended-1.20.4-1.0.1.jar, it does not contain dependency information.
[15Mar2026 03:04:11.890] [main/DEBUG] [net.minecraftforge.fml.loading.moddiscovery.AbstractJarFileDependencyLocator/]: Failed to load resource META-INF\jarjar\metadata.json from Patchouli-1.20.1-84.1-FORGE.jar, it does not contain dependency information.
[15Mar2026 03:04:11.890] [main/DEBUG] [net.minecraftforge.fml.loading.moddiscovery.AbstractJarFileDependencyLocator/]: Failed to load resource META-INF\jarjar\metadata.json from rftoolsstorage-1.20-5.0.3.jar, it does not contain dependency information.
[15Mar2026 03:04:11.890] [main/DEBUG] [net.minecraftforge.fml.loading.moddiscovery.AbstractJarFileDependencyLocator/]: Failed to load resource META-INF\jarjar\metadata.json from collective-1.20.1-8.13.jar, it does not contain dependency information.
[15Mar2026 03:04:11.890] [main/DEBUG] [net.minecraftforge.fml.loading.moddiscovery.AbstractJarFileDependencyLocator/]: Failed to load resource META-INF\jarjar\metadata.json from kubejsdelight-1.20.1-1.1.5.jar, it does not contain dependency information.
[15Mar2026 03:04:11.890] [main/DEBUG] [net.minecraftforge.fml.loading.moddiscovery.AbstractJarFileDependencyLocator/]: Failed to load resource META-INF\jarjar\metadata.json from thermal_expansion-1.20.1-11.0.1.29.jar, it does not contain dependency information.
[15Mar2026 03:04:11.890] [main/DEBUG] [net.minecraftforge.fml.loading.moddiscovery.AbstractJarFileDependencyLocator/]: Failed to load resource META-INF\jarjar\metadata.json from ftb-ultimine-forge-2001.1.7.jar, it does not contain dependency information.
[15Mar2026 03:04:11.890] [main/DEBUG] [net.minecraftforge.fml.loading.moddiscovery.AbstractJarFileDependencyLocator/]: Failed to load resource META-INF\jarjar\metadata.json from YungsBetterStrongholds-1.20-Forge-4.0.3.jar, it does not contain dependency information.
[15Mar2026 03:04:11.890] [main/DEBUG] [net.minecraftforge.fml.loading.moddiscovery.AbstractJarFileDependencyLocator/]: Failed to load resource META-INF\jarjar\metadata.json from lootjs-forge-1.20.1-2.13.1.jar, it does not contain dependency information.
[15Mar2026 03:04:11.890] [main/DEBUG] [net.minecraftforge.fml.loading.moddiscovery.AbstractJarFileDependencyLocator/]: Failed to load resource META-INF\jarjar\metadata.json from deeperdarker-forge-1.20.1-1.3.3.jar, it does not contain dependency information.
[15Mar2026 03:04:11.890] [main/DEBUG] [net.minecraftforge.fml.loading.moddiscovery.AbstractJarFileDependencyLocator/]: Failed to load resource META-INF\jarjar\metadata.json from architectury-9.2.14-forge.jar, it does not contain dependency information.
[15Mar2026 03:04:11.890] [main/DEBUG] [net.minecraftforge.fml.loading.moddiscovery.AbstractJarFileDependencyLocator/]: Failed to load resource META-INF\jarjar\metadata.json from attributizer-3.1.jar, it does not contain dependency information.
[15Mar2026 03:04:11.890] [main/DEBUG] [net.minecraftforge.fml.loading.moddiscovery.AbstractJarFileDependencyLocator/]: Failed to load resource META-INF\jarjar\metadata.json from crust-1.20.1-3.6.13.jar, it does not contain dependency information.
[15Mar2026 03:04:11.890] [main/DEBUG] [net.minecraftforge.fml.loading.moddiscovery.AbstractJarFileDependencyLocator/]: Failed to load resource META-INF\jarjar\metadata.json from trashcans-1.0.18b-forge-mc1.20.jar, it does not contain dependency information.
[15Mar2026 03:04:11.890] [main/DEBUG] [net.minecraftforge.fml.loading.moddiscovery.AbstractJarFileDependencyLocator/]: Failed to load resource META-INF\jarjar\metadata.json from Truly-Modular-arsenal-arsenal-forge-1.13-1.20.1.jar, it does not contain dependency information.
[15Mar2026 03:04:11.890] [main/DEBUG] [net.minecraftforge.fml.loading.moddiscovery.AbstractJarFileDependencyLocator/]: Failed to load resource META-INF\jarjar\metadata.json from polylib-forge-2000.0.3-build.143.jar, it does not contain dependency information.
[15Mar2026 03:04:11.890] [main/DEBUG] [net.minecraftforge.fml.loading.moddiscovery.AbstractJarFileDependencyLocator/]: Failed to load resource META-INF\jarjar\metadata.json from letmedespawn-1.20.x-forge-1.5.0.jar, it does not contain dependency information.
[15Mar2026 03:04:11.890] [main/DEBUG] [net.minecraftforge.fml.loading.moddiscovery.AbstractJarFileDependencyLocator/]: Failed to load resource META-INF\jarjar\metadata.json from iridescent_codex_data.jar, it does not contain dependency information.
[15Mar2026 03:04:11.890] [main/DEBUG] [net.minecraftforge.fml.loading.moddiscovery.AbstractJarFileDependencyLocator/]: Failed to load resource META-INF\jarjar\metadata.json from villagesandpillages-forge-mc1.20.1-1.0.2.jar, it does not contain dependency information.
[15Mar2026 03:04:11.890] [main/DEBUG] [net.minecraftforge.fml.loading.moddiscovery.AbstractJarFileDependencyLocator/]: Failed to load resource META-INF\jarjar\metadata.json from rhino-forge-2001.2.3-build.10.jar, it does not contain dependency information.
[15Mar2026 03:04:11.890] [main/DEBUG] [net.minecraftforge.fml.loading.moddiscovery.AbstractJarFileDependencyLocator/]: Failed to load resource META-INF\jarjar\metadata.json from Cucumber-1.20.1-7.0.16.jar, it does not contain dependency information.
[15Mar2026 03:04:11.890] [main/DEBUG] [net.minecraftforge.fml.loading.moddiscovery.AbstractJarFileDependencyLocator/]: Failed to load resource META-INF\jarjar\metadata.json from trashslot-forge-1.20.1-15.1.3.jar, it does not contain dependency information.
[15Mar2026 03:04:11.890] [main/DEBUG] [net.minecraftforge.fml.loading.moddiscovery.AbstractJarFileDependencyLocator/]: Failed to load resource META-INF\jarjar\metadata.json from jmi-forge-1.20.1-0.14-48.jar, it does not contain dependency information.
[15Mar2026 03:04:11.890] [main/DEBUG] [net.minecraftforge.fml.loading.moddiscovery.AbstractJarFileDependencyLocator/]: Failed to load resource META-INF\jarjar\metadata.json from treasuredistance-1.20-1.2.jar, it does not contain dependency information.
[15Mar2026 03:04:11.890] [main/DEBUG] [net.minecraftforge.fml.loading.moddiscovery.AbstractJarFileDependencyLocator/]: Failed to load resource META-INF\jarjar\metadata.json from sophisticatedstorage-1.20.1-1.4.25.1488.jar, it does not contain dependency information.
[15Mar2026 03:04:11.890] [main/DEBUG] [net.minecraftforge.fml.loading.moddiscovery.AbstractJarFileDependencyLocator/]: Failed to load resource META-INF\jarjar\metadata.json from item-filters-forge-2001.1.0-build.59.jar, it does not contain dependency information.
[15Mar2026 03:04:11.890] [main/DEBUG] [net.minecraftforge.fml.loading.moddiscovery.AbstractJarFileDependencyLocator/]: Failed to load resource META-INF\jarjar\metadata.json from ensorcellation-1.20.1-5.0.2.24.jar, it does not contain dependency information.
[15Mar2026 03:04:11.890] [main/DEBUG] [net.minecraftforge.fml.loading.moddiscovery.AbstractJarFileDependencyLocator/]: Failed to load resource META-INF\jarjar\metadata.json from waystones-forge-1.20.1-14.1.20.jar, it does not contain dependency information.
[15Mar2026 03:04:11.890] [main/DEBUG] [net.minecraftforge.fml.loading.moddiscovery.AbstractJarFileDependencyLocator/]: Failed to load resource META-INF\jarjar\metadata.json from Structory_1.20.x_v1.3.5.jar, it does not contain dependency information.
[15Mar2026 03:04:11.890] [main/DEBUG] [net.minecraftforge.fml.loading.moddiscovery.AbstractJarFileDependencyLocator/]: Failed to load resource META-INF\jarjar\metadata.json from FastSuite-1.20.1-5.1.2.jar, it does not contain dependency information.
[15Mar2026 03:04:11.890] [main/DEBUG] [net.minecraftforge.fml.loading.moddiscovery.AbstractJarFileDependencyLocator/]: Failed to load resource META-INF\jarjar\metadata.json from journeymap-1.20.1-5.10.3-forge.jar, it does not contain dependency information.
[15Mar2026 03:04:11.890] [main/DEBUG] [net.minecraftforge.fml.loading.moddiscovery.AbstractJarFileDependencyLocator/]: Failed to load resource META-INF\jarjar\metadata.json from netherzombies(1.20.1).jar, it does not contain dependency information.
[15Mar2026 03:04:11.890] [main/DEBUG] [net.minecraftforge.fml.loading.moddiscovery.AbstractJarFileDependencyLocator/]: Failed to load resource META-INF\jarjar\metadata.json from configured-forge-1.20.1-2.2.3.jar, it does not contain dependency information.
[15Mar2026 03:04:11.890] [main/DEBUG] [net.minecraftforge.fml.loading.moddiscovery.AbstractJarFileDependencyLocator/]: Failed to load resource META-INF\jarjar\metadata.json from Dungeon Crawl-1.20.1-2.3.15.jar, it does not contain dependency information.
[15Mar2026 03:04:11.890] [main/DEBUG] [net.minecraftforge.fml.loading.moddiscovery.AbstractJarFileDependencyLocator/]: Failed to load resource META-INF\jarjar\metadata.json from mcjtylib-1.20-8.0.7.jar, it does not contain dependency information.
[15Mar2026 03:04:11.891] [main/DEBUG] [net.minecraftforge.fml.loading.moddiscovery.AbstractJarFileDependencyLocator/]: Failed to load resource META-INF\jarjar\metadata.json from YungsBetterDesertTemples-1.20-Forge-3.0.3.jar, it does not contain dependency information.
[15Mar2026 03:04:11.891] [main/DEBUG] [net.minecraftforge.fml.loading.moddiscovery.AbstractJarFileDependencyLocator/]: Failed to load resource META-INF\jarjar\metadata.json from mahoutsukai-1.20.1-v1.34.81.jar, it does not contain dependency information.
[15Mar2026 03:04:11.891] [main/DEBUG] [net.minecraftforge.fml.loading.moddiscovery.AbstractJarFileDependencyLocator/]: Failed to load resource META-INF\jarjar\metadata.json from blueprint-1.20.1-7.1.3.jar, it does not contain dependency information.
[15Mar2026 03:04:11.891] [main/DEBUG] [net.minecraftforge.fml.loading.moddiscovery.AbstractJarFileDependencyLocator/]: Failed to load resource META-INF\jarjar\metadata.json from EnderStorage-1.20.1-2.11.0.188-universal.jar, it does not contain dependency information.
[15Mar2026 03:04:11.891] [main/DEBUG] [net.minecraftforge.fml.loading.moddiscovery.AbstractJarFileDependencyLocator/]: Failed to load resource META-INF\jarjar\metadata.json from Unwrecked Ships Plus 2.0.5.jar, it does not contain dependency information.
[15Mar2026 03:04:11.891] [main/DEBUG] [net.minecraftforge.fml.loading.moddiscovery.AbstractJarFileDependencyLocator/]: Failed to load resource META-INF\jarjar\metadata.json from toofast-1.20-0.4.3.5.jar, it does not contain dependency information.
[15Mar2026 03:04:11.891] [main/DEBUG] [net.minecraftforge.fml.loading.moddiscovery.AbstractJarFileDependencyLocator/]: Failed to load resource META-INF\jarjar\metadata.json from EnchantmentDescriptions-Forge-1.20.1-17.1.21.jar, it does not contain dependency information.
[15Mar2026 03:04:11.891] [main/DEBUG] [net.minecraftforge.fml.loading.moddiscovery.AbstractJarFileDependencyLocator/]: Failed to load resource META-INF\jarjar\metadata.json from sebastrnlib-4.0.0.jar, it does not contain dependency information.
[15Mar2026 03:04:11.891] [main/DEBUG] [net.minecraftforge.fml.loading.moddiscovery.AbstractJarFileDependencyLocator/]: Failed to load resource META-INF\jarjar\metadata.json from titanium-1.20.1-3.8.32.jar, it does not contain dependency information.
[15Mar2026 03:04:11.891] [main/DEBUG] [net.minecraftforge.fml.loading.moddiscovery.AbstractJarFileDependencyLocator/]: Failed to load resource META-INF\jarjar\metadata.json from silent-lib-1.20.1-8.0.0.jar, it does not contain dependency information.
[15Mar2026 03:04:11.891] [main/DEBUG] [net.minecraftforge.fml.loading.moddiscovery.AbstractJarFileDependencyLocator/]: Failed to load resource META-INF\jarjar\metadata.json from azukaarsfairdifficultyoverhaul-1.2.0.jar, it does not contain dependency information.
[15Mar2026 03:04:11.891] [main/DEBUG] [net.minecraftforge.fml.loading.moddiscovery.AbstractJarFileDependencyLocator/]: Failed to load resource META-INF\jarjar\metadata.json from Jade-1.20.1-Forge-11.13.2.jar, it does not contain dependency information.
[15Mar2026 03:04:11.891] [main/DEBUG] [net.minecraftforge.fml.loading.moddiscovery.AbstractJarFileDependencyLocator/]: Failed to load resource META-INF\jarjar\metadata.json from betterfarmerscombat-1.2-1.20.1.jar, it does not contain dependency information.
[15Mar2026 03:04:11.891] [main/DEBUG] [net.minecraftforge.fml.loading.moddiscovery.AbstractJarFileDependencyLocator/]: Failed to load resource META-INF\jarjar\metadata.json from areaeffectcloud3d-1.0.4.jar, it does not contain dependency information.
[15Mar2026 03:04:11.891] [main/DEBUG] [net.minecraftforge.fml.loading.moddiscovery.AbstractJarFileDependencyLocator/]: Failed to load resource META-INF\jarjar\metadata.json from forbidden_arcanus-1.20.1-2.2.6.jar, it does not contain dependency information.
[15Mar2026 03:04:11.891] [main/DEBUG] [net.minecraftforge.fml.loading.moddiscovery.AbstractJarFileDependencyLocator/]: Failed to load resource META-INF\jarjar\metadata.json from nethersdelight-1.20.1-4.0.jar, it does not contain dependency information.
[15Mar2026 03:04:11.891] [main/DEBUG] [net.minecraftforge.fml.loading.moddiscovery.AbstractJarFileDependencyLocator/]: Failed to load resource META-INF\jarjar\metadata.json from Iceberg-1.20.1-forge-1.1.25.jar, it does not contain dependency information.
[15Mar2026 03:04:11.891] [main/DEBUG] [net.minecraftforge.fml.loading.moddiscovery.AbstractJarFileDependencyLocator/]: Failed to load resource META-INF\jarjar\metadata.json from brutalbosses-1.20.1-8.5.jar, it does not contain dependency information.
[15Mar2026 03:04:11.891] [main/DEBUG] [net.minecraftforge.fml.loading.moddiscovery.AbstractJarFileDependencyLocator/]: Failed to load resource META-INF\jarjar\metadata.json from creategenderless-1.1.1.jar, it does not contain dependency information.
[15Mar2026 03:04:11.891] [main/DEBUG] [net.minecraftforge.fml.loading.moddiscovery.AbstractJarFileDependencyLocator/]: Failed to load resource META-INF\jarjar\metadata.json from overworld_quartz-1.20.1-1.1.2.jar, it does not contain dependency information.
[15Mar2026 03:04:11.891] [main/DEBUG] [net.minecraftforge.fml.loading.moddiscovery.AbstractJarFileDependencyLocator/]: Failed to load resource META-INF\jarjar\metadata.json from enderchests-forge-1.20.1-1.4.jar, it does not contain dependency information.
[15Mar2026 03:04:11.891] [main/DEBUG] [net.minecraftforge.fml.loading.moddiscovery.AbstractJarFileDependencyLocator/]: Failed to load resource META-INF\jarjar\metadata.json from JustEnoughMekanismMultiblocks-1.20.1-4.16.jar, it does not contain dependency information.
[15Mar2026 03:04:11.891] [main/DEBUG] [net.minecraftforge.fml.loading.moddiscovery.AbstractJarFileDependencyLocator/]: Failed to load resource META-INF\jarjar\metadata.json from inventoryhud.forge.1.20.1-3.4.26.jar, it does not contain dependency information.
[15Mar2026 03:04:11.891] [main/DEBUG] [net.minecraftforge.fml.loading.moddiscovery.AbstractJarFileDependencyLocator/]: Failed to load resource META-INF\jarjar\metadata.json from coroutil-forge-1.20.1-1.3.7.jar, it does not contain dependency information.
[15Mar2026 03:04:11.891] [main/DEBUG] [net.minecraftforge.fml.loading.moddiscovery.AbstractJarFileDependencyLocator/]: Failed to load resource META-INF\jarjar\metadata.json from alexsdelight-1.5.jar, it does not contain dependency information.
[15Mar2026 03:04:11.891] [main/DEBUG] [net.minecraftforge.fml.loading.moddiscovery.AbstractJarFileDependencyLocator/]: Failed to load resource META-INF\jarjar\metadata.json from solcarrot-1.20.1-1.15.1.jar, it does not contain dependency information.
[15Mar2026 03:04:11.891] [main/DEBUG] [net.minecraftforge.fml.loading.moddiscovery.AbstractJarFileDependencyLocator/]: Failed to load resource META-INF\jarjar\metadata.json from moredragoneggs-4.0.jar, it does not contain dependency information.
[15Mar2026 03:04:11.891] [main/DEBUG] [net.minecraftforge.fml.loading.moddiscovery.AbstractJarFileDependencyLocator/]: Failed to load resource META-INF\jarjar\metadata.json from footwork-4.3.9.jar, it does not contain dependency information.
[15Mar2026 03:04:11.891] [main/DEBUG] [net.minecraftforge.fml.loading.moddiscovery.AbstractJarFileDependencyLocator/]: Failed to load resource META-INF\jarjar\metadata.json from mahou_tsukai_combat-1.0.2-forge-1.20.1.jar, it does not contain dependency information.
[15Mar2026 03:04:11.891] [main/DEBUG] [net.minecraftforge.fml.loading.moddiscovery.AbstractJarFileDependencyLocator/]: Failed to load resource META-INF\jarjar\metadata.json from refinedstorageaddons-0.10.0.jar, it does not contain dependency information.
[15Mar2026 03:04:11.891] [main/DEBUG] [net.minecraftforge.fml.loading.moddiscovery.AbstractJarFileDependencyLocator/]: Failed to load resource META-INF\jarjar\metadata.json from lootintegrations_cataclysm-1.1.jar, it does not contain dependency information.
[15Mar2026 03:04:11.891] [main/DEBUG] [net.minecraftforge.fml.loading.moddiscovery.AbstractJarFileDependencyLocator/]: Failed to load resource META-INF\jarjar\metadata.json from packetfixer-3.3.1-1.18-1.20.4-merged.jar, it does not contain dependency information.
[15Mar2026 03:04:11.891] [main/DEBUG] [net.minecraftforge.fml.loading.moddiscovery.AbstractJarFileDependencyLocator/]: Failed to load resource META-INF\jarjar\metadata.json from mclanguage-1.20.1-47.4.6.jar, it does not contain dependency information.
[15Mar2026 03:04:11.891] [main/DEBUG] [net.minecraftforge.fml.loading.moddiscovery.AbstractJarFileDependencyLocator/]: Failed to load resource META-INF\jarjar\metadata.json from javafmllanguage-1.20.1-47.4.6.jar, it does not contain dependency information.
[15Mar2026 03:04:11.891] [main/DEBUG] [net.minecraftforge.fml.loading.moddiscovery.AbstractJarFileDependencyLocator/]: Failed to load resource META-INF\jarjar\metadata.json from fmlcore-1.20.1-47.4.6.jar, it does not contain dependency information.
[15Mar2026 03:04:11.891] [main/DEBUG] [net.minecraftforge.fml.loading.moddiscovery.AbstractJarFileDependencyLocator/]: Failed to load resource META-INF\jarjar\metadata.json from lowcodelanguage-1.20.1-47.4.6.jar, it does not contain dependency information.
[15Mar2026 03:04:11.918] [main/DEBUG] [net.minecraftforge.fml.loading.moddiscovery.ModFileParser/LOADING]: Considering mod file candidate 
[15Mar2026 03:04:11.918] [main/DEBUG] [net.minecraftforge.fml.loading.moddiscovery.ModFileInfo/LOADING]: Found valid mod file mixinextras-forge-0.2.0.jar with {mixinextras} mods - versions {0.2.0}
[15Mar2026 03:04:11.919] [main/DEBUG] [net.minecraftforge.fml.loading.moddiscovery.ModFileParser/LOADING]: Considering mod file candidate 
[15Mar2026 03:04:11.919] [main/DEBUG] [net.minecraftforge.fml.loading.moddiscovery.ModFileInfo/LOADING]: Found valid mod file mixinextras-forge-0.2.0-beta.9.jar with {mixinextras} mods - versions {0.2.0-beta.9}
[15Mar2026 03:04:11.921] [main/DEBUG] [net.minecraftforge.fml.loading.moddiscovery.ModFileParser/LOADING]: Considering mod file candidate 
[15Mar2026 03:04:11.922] [main/DEBUG] [net.minecraftforge.fml.loading.moddiscovery.ModFileInfo/LOADING]: Found valid mod file nitrogen_internals-1.20.1-1.0.9-neoforge.jar with {nitrogen_internals} mods - versions {1.20.1-1.0.9-neoforge}
[15Mar2026 03:04:11.922] [main/DEBUG] [net.minecraftforge.fml.loading.moddiscovery.ModFileParser/LOADING]: Considering mod file candidate 
[15Mar2026 03:04:11.922] [main/DEBUG] [net.minecraftforge.fml.loading.moddiscovery.ModFileInfo/LOADING]: Found valid mod file mixinextras-forge-0.3.6.jar with {mixinextras} mods - versions {0.3.6}
[15Mar2026 03:04:11.923] [main/DEBUG] [net.minecraftforge.fml.loading.moddiscovery.ModFileParser/LOADING]: Considering mod file candidate 
[15Mar2026 03:04:11.923] [main/DEBUG] [net.minecraftforge.fml.loading.moddiscovery.ModFileInfo/LOADING]: Found valid mod file mixinsquared-forge-0.1.1.jar with {mixinsquared} mods - versions {0.1.1}
[15Mar2026 03:04:11.925] [main/DEBUG] [net.minecraftforge.fml.loading.moddiscovery.ModFileParser/LOADING]: Considering mod file candidate 
[15Mar2026 03:04:11.925] [main/DEBUG] [net.minecraftforge.fml.loading.moddiscovery.ModFileInfo/LOADING]: Found valid mod file kffmod-4.12.0.jar with {kotlinforforge} mods - versions {4.12.0}
[15Mar2026 03:04:11.931] [main/DEBUG] [net.minecraftforge.fml.loading.moddiscovery.ModFileParser/LOADING]: Considering mod file candidate 
[15Mar2026 03:04:11.931] [main/DEBUG] [net.minecraftforge.fml.loading.moddiscovery.ModFileInfo/LOADING]: Found valid mod file kritter-forge-0.1.12+1.20.1.jar with {kritter} mods - versions {0.1.12+1.20.1}
[15Mar2026 03:04:11.941] [main/DEBUG] [net.minecraftforge.fml.loading.moddiscovery.ModFileParser/LOADING]: Considering mod file candidate 
[15Mar2026 03:04:11.941] [main/DEBUG] [net.minecraftforge.fml.loading.moddiscovery.ModFileInfo/LOADING]: Found valid mod file additionalentityattributes-forge-1.4.0.5+1.20.1.jar with {additionalentityattributes} mods - versions {1.4.0.5+1.20.1}
[15Mar2026 03:04:11.943] [main/DEBUG] [net.minecraftforge.fml.loading.moddiscovery.ModFileParser/LOADING]: Considering mod file candidate 
[15Mar2026 03:04:11.943] [main/DEBUG] [net.minecraftforge.fml.loading.moddiscovery.ModFileInfo/LOADING]: Found valid mod file calio-forge-1.20.1-1.11.0.5.jar with {calio} mods - versions {1.20.1-1.11.0.5}
[15Mar2026 03:04:11.953] [main/DEBUG] [net.minecraftforge.fml.loading.moddiscovery.ModFileParser/LOADING]: Considering mod file candidate 
[15Mar2026 03:04:11.953] [main/DEBUG] [net.minecraftforge.fml.loading.moddiscovery.ModFileInfo/LOADING]: Found valid mod file apoli-forge-1.20.1-2.9.0.8.jar with {apoli} mods - versions {1.20.1-2.9.0.8}
[15Mar2026 03:04:11.981] [main/DEBUG] [net.minecraftforge.fml.loading.moddiscovery.ModFileParser/LOADING]: Considering mod file candidate 
[15Mar2026 03:04:11.981] [main/DEBUG] [net.minecraftforge.fml.loading.moddiscovery.ModFileInfo/LOADING]: Found valid mod file mixinextras-forge-0.4.1.jar with {mixinextras} mods - versions {0.4.1}
[15Mar2026 03:04:11.981] [main/DEBUG] [net.minecraftforge.fml.loading.moddiscovery.ModFileParser/LOADING]: Considering mod file candidate 
[15Mar2026 03:04:11.982] [main/DEBUG] [net.minecraftforge.fml.loading.moddiscovery.ModFileInfo/LOADING]: Found valid mod file mixinextras-forge-0.3.6.jar with {mixinextras} mods - versions {0.3.6}
[15Mar2026 03:04:11.982] [main/DEBUG] [net.minecraftforge.fml.loading.moddiscovery.ModFileParser/LOADING]: Considering mod file candidate 
[15Mar2026 03:04:11.982] [main/DEBUG] [net.minecraftforge.fml.loading.moddiscovery.ModFileInfo/LOADING]: Found valid mod file mixinextras-forge-0.2.0-rc.2.jar with {mixinextras} mods - versions {0.2.0-rc.2}
[15Mar2026 03:04:11.983] [main/DEBUG] [net.minecraftforge.fml.loading.moddiscovery.ModFileParser/LOADING]: Considering mod file candidate 
[15Mar2026 03:04:11.983] [main/DEBUG] [net.minecraftforge.fml.loading.moddiscovery.ModFileInfo/LOADING]: Found valid mod file mixinextras-forge-0.3.5.jar with {mixinextras} mods - versions {0.3.5}
[15Mar2026 03:04:11.983] [main/DEBUG] [net.minecraftforge.fml.loading.moddiscovery.ModFileParser/LOADING]: Considering mod file candidate 
[15Mar2026 03:04:11.983] [main/DEBUG] [net.minecraftforge.fml.loading.moddiscovery.ModFileInfo/LOADING]: Found valid mod file mixinextras-forge-0.3.2.jar with {mixinextras} mods - versions {0.3.2}
[15Mar2026 03:04:11.983] [main/DEBUG] [net.minecraftforge.fml.loading.moddiscovery.ModFileParser/LOADING]: Considering mod file candidate 
[15Mar2026 03:04:11.984] [main/DEBUG] [net.minecraftforge.fml.loading.moddiscovery.ModFileInfo/LOADING]: Found valid mod file aeroblender-1.20.1-1.0.2-rc1-neoforge.jar with {aeroblender} mods - versions {1.20.1-1.0.2-rc1-neoforge}
[15Mar2026 03:04:11.984] [main/DEBUG] [net.minecraftforge.fml.loading.moddiscovery.ModFileParser/LOADING]: Considering mod file candidate 
[15Mar2026 03:04:11.984] [main/DEBUG] [net.minecraftforge.fml.loading.moddiscovery.ModFileInfo/LOADING]: Found valid mod file mixinextras-forge-0.3.5.jar with {mixinextras} mods - versions {0.3.5}
[15Mar2026 03:04:11.985] [main/DEBUG] [net.minecraftforge.fml.loading.moddiscovery.ModFileParser/LOADING]: Considering mod file candidate 
[15Mar2026 03:04:11.985] [main/DEBUG] [net.minecraftforge.fml.loading.moddiscovery.ModFileInfo/LOADING]: Found valid mod file mixinextras-forge-0.4.1.jar with {mixinextras} mods - versions {0.4.1}
[15Mar2026 03:04:11.985] [main/DEBUG] [net.minecraftforge.fml.loading.moddiscovery.ModFileParser/LOADING]: Considering mod file candidate 
[15Mar2026 03:04:11.985] [main/DEBUG] [net.minecraftforge.fml.loading.moddiscovery.ModFileInfo/LOADING]: Found valid mod file forge-mixinextras-forge-0.3.2.jar with {mixinextras} mods - versions {0.3.2}
[15Mar2026 03:04:11.986] [main/DEBUG] [net.minecraftforge.fml.loading.moddiscovery.ModFileParser/LOADING]: Considering mod file candidate 
[15Mar2026 03:04:11.986] [main/DEBUG] [net.minecraftforge.fml.loading.moddiscovery.ModFileInfo/LOADING]: Found valid mod file mixinextras-forge-0.2.0-beta.7.jar with {mixinextras} mods - versions {0.2.0-beta.7}
[15Mar2026 03:04:11.987] [main/DEBUG] [net.minecraftforge.fml.loading.moddiscovery.ModFileParser/LOADING]: Considering mod file candidate 
[15Mar2026 03:04:11.987] [main/DEBUG] [net.minecraftforge.fml.loading.moddiscovery.ModFileInfo/LOADING]: Found valid mod file mixinextras-forge-0.4.1.jar with {mixinextras} mods - versions {0.4.1}
[15Mar2026 03:04:11.987] [main/DEBUG] [net.minecraftforge.fml.loading.moddiscovery.ModFileParser/LOADING]: Considering mod file candidate 
[15Mar2026 03:04:11.987] [main/DEBUG] [net.minecraftforge.fml.loading.moddiscovery.ModFileInfo/LOADING]: Found valid mod file mixinextras-forge-0.2.0.jar with {mixinextras} mods - versions {0.2.0}
[15Mar2026 03:04:11.988] [main/DEBUG] [net.minecraftforge.fml.loading.moddiscovery.ModFileParser/LOADING]: Considering mod file candidate 
[15Mar2026 03:04:11.988] [main/DEBUG] [net.minecraftforge.fml.loading.moddiscovery.ModFileInfo/LOADING]: Found valid mod file mixinextras-forge-0.3.2.jar with {mixinextras} mods - versions {0.3.2}
[15Mar2026 03:04:11.989] [main/DEBUG] [net.minecraftforge.fml.loading.moddiscovery.ModFileParser/LOADING]: Considering mod file candidate 
[15Mar2026 03:04:11.989] [main/DEBUG] [net.minecraftforge.fml.loading.moddiscovery.ModFileInfo/LOADING]: Found valid mod file mixinextras-forge-0.2.0-beta.9.jar with {mixinextras} mods - versions {0.2.0-beta.9}
[15Mar2026 03:04:11.991] [main/DEBUG] [net.minecraftforge.fml.loading.moddiscovery.ModFileParser/LOADING]: Considering mod file candidate 
[15Mar2026 03:04:11.991] [main/DEBUG] [net.minecraftforge.fml.loading.moddiscovery.ModFileInfo/LOADING]: Found valid mod file nitrogen_internals-1.20.1-1.0.12-neoforge.jar with {nitrogen_internals} mods - versions {1.20.1-1.0.12-neoforge}
[15Mar2026 03:04:11.992] [main/DEBUG] [net.minecraftforge.fml.loading.moddiscovery.ModFileParser/LOADING]: Considering mod file candidate 
[15Mar2026 03:04:11.992] [main/DEBUG] [net.minecraftforge.fml.loading.moddiscovery.ModFileInfo/LOADING]: Found valid mod file cumulus_menus-1.20.1-1.0.1-neoforge.jar with {cumulus_menus} mods - versions {1.20.1-1.0.1-neoforge}
[15Mar2026 03:04:11.995] [main/DEBUG] [net.minecraftforge.fml.loading.moddiscovery.ModFileParser/LOADING]: Considering mod file candidate 
[15Mar2026 03:04:11.995] [main/DEBUG] [net.minecraftforge.fml.loading.moddiscovery.ModFileInfo/LOADING]: Found valid mod file curios-forge-5.6.1+1.20.1.jar with {curios} mods - versions {5.6.1+1.20.1}
[15Mar2026 03:04:11.996] [main/DEBUG] [net.minecraftforge.fml.loading.moddiscovery.ModFileParser/LOADING]: Considering mod file candidate 
[15Mar2026 03:04:11.996] [main/DEBUG] [net.minecraftforge.fml.loading.moddiscovery.ModFileInfo/LOADING]: Found valid mod file mixinextras-forge-0.4.1.jar with {mixinextras} mods - versions {0.4.1}
[15Mar2026 03:04:11.996] [main/DEBUG] [net.minecraftforge.fml.loading.moddiscovery.ModFileParser/LOADING]: Considering mod file candidate 
[15Mar2026 03:04:11.996] [main/DEBUG] [net.minecraftforge.fml.loading.moddiscovery.ModFileInfo/LOADING]: Found valid mod file mixinextras-forge-0.3.2.jar with {mixinextras} mods - versions {0.3.2}
[15Mar2026 03:04:11.997] [main/DEBUG] [net.minecraftforge.fml.loading.moddiscovery.ModFileParser/LOADING]: Considering mod file candidate 
[15Mar2026 03:04:11.997] [main/DEBUG] [net.minecraftforge.fml.loading.moddiscovery.ModFileInfo/LOADING]: Found valid mod file mixinextras-forge-0.4.1.jar with {mixinextras} mods - versions {0.4.1}
[15Mar2026 03:04:11.998] [main/DEBUG] [net.minecraftforge.fml.loading.moddiscovery.ModFileParser/LOADING]: Considering mod file candidate 
[15Mar2026 03:04:11.998] [main/DEBUG] [net.minecraftforge.fml.loading.moddiscovery.ModFileInfo/LOADING]: Found valid mod file mixinextras-forge-0.4.1.jar with {mixinextras} mods - versions {0.4.1}
[15Mar2026 03:04:11.998] [main/DEBUG] [net.minecraftforge.fml.loading.moddiscovery.ModFileParser/LOADING]: Considering mod file candidate 
[15Mar2026 03:04:11.998] [main/DEBUG] [net.minecraftforge.fml.loading.moddiscovery.ModFileInfo/LOADING]: Found valid mod file mixinextras-forge-0.2.0-beta.7.jar with {mixinextras} mods - versions {0.2.0-beta.7}
[15Mar2026 03:04:11.999] [main/DEBUG] [net.minecraftforge.fml.loading.moddiscovery.ModFileParser/LOADING]: Considering mod file candidate 
[15Mar2026 03:04:11.999] [main/DEBUG] [net.minecraftforge.fml.loading.moddiscovery.ModFileInfo/LOADING]: Found valid mod file mixinsquared-forge-0.1.2-beta.6.jar with {mixinsquared} mods - versions {0.1.2-beta.6}
[15Mar2026 03:04:12.005] [main/DEBUG] [net.minecraftforge.fml.loading.moddiscovery.ModFileParser/LOADING]: Considering mod file candidate 
[15Mar2026 03:04:12.005] [main/DEBUG] [net.minecraftforge.fml.loading.moddiscovery.ModFileInfo/LOADING]: Found valid mod file mixinextras-forge-0.4.1.jar with {mixinextras} mods - versions {0.4.1}
[15Mar2026 03:04:12.005] [main/DEBUG] [net.minecraftforge.fml.loading.moddiscovery.ModFileParser/LOADING]: Considering mod file candidate 
[15Mar2026 03:04:12.005] [main/DEBUG] [net.minecraftforge.fml.loading.moddiscovery.ModFileInfo/LOADING]: Found valid mod file fabric-api-base-0.4.32+ef105b4977.jar with {fabric_api_base} mods - versions {0.4.32+ef105b4977}
[15Mar2026 03:04:12.006] [main/DEBUG] [net.minecraftforge.fml.loading.moddiscovery.ModFileParser/LOADING]: Considering mod file candidate 
[15Mar2026 03:04:12.006] [main/DEBUG] [net.minecraftforge.fml.loading.moddiscovery.ModFileInfo/LOADING]: Found valid mod file fabric-api-lookup-api-v1-1.6.37+67f9824077.jar with {fabric_api_lookup_api_v1} mods - versions {1.6.37+67f9824077}
[15Mar2026 03:04:12.007] [main/DEBUG] [net.minecraftforge.fml.loading.moddiscovery.ModFileParser/LOADING]: Considering mod file candidate 
[15Mar2026 03:04:12.007] [main/DEBUG] [net.minecraftforge.fml.loading.moddiscovery.ModFileInfo/LOADING]: Found valid mod file fabric-biome-api-v1-13.0.14+dc36698e77.jar with {fabric_biome_api_v1} mods - versions {13.0.14+dc36698e77}
[15Mar2026 03:04:12.007] [main/DEBUG] [net.minecraftforge.fml.loading.moddiscovery.ModFileParser/LOADING]: Considering mod file candidate 
[15Mar2026 03:04:12.007] [main/DEBUG] [net.minecraftforge.fml.loading.moddiscovery.ModFileInfo/LOADING]: Found valid mod file fabric-block-api-v1-1.0.12+0e6cb7f777.jar with {fabric_block_api_v1} mods - versions {1.0.12+0e6cb7f777}
[15Mar2026 03:04:12.007] [main/DEBUG] [net.minecraftforge.fml.loading.moddiscovery.ModFileParser/LOADING]: Considering mod file candidate 
[15Mar2026 03:04:12.007] [main/DEBUG] [net.minecraftforge.fml.loading.moddiscovery.ModFileInfo/LOADING]: Found valid mod file fabric-block-view-api-v2-1.0.3+53347ba977.jar with {fabric_block_view_api_v2} mods - versions {1.0.3+53347ba977}
[15Mar2026 03:04:12.008] [main/DEBUG] [net.minecraftforge.fml.loading.moddiscovery.ModFileParser/LOADING]: Considering mod file candidate 
[15Mar2026 03:04:12.008] [main/DEBUG] [net.minecraftforge.fml.loading.moddiscovery.ModFileInfo/LOADING]: Found valid mod file fabric-blockrenderlayer-v1-1.1.42+1d0da21e77.jar with {fabric_blockrenderlayer_v1} mods - versions {1.1.42+1d0da21e77}
[15Mar2026 03:04:12.008] [main/DEBUG] [net.minecraftforge.fml.loading.moddiscovery.ModFileParser/LOADING]: Considering mod file candidate 
[15Mar2026 03:04:12.008] [main/DEBUG] [net.minecraftforge.fml.loading.moddiscovery.ModFileInfo/LOADING]: Found valid mod file fabric-client-tags-api-v1-1.1.3+5d6761b877.jar with {fabric_client_tags_api_v1} mods - versions {1.1.3+5d6761b877}
[15Mar2026 03:04:12.009] [main/DEBUG] [net.minecraftforge.fml.loading.moddiscovery.ModFileParser/LOADING]: Considering mod file candidate 
[15Mar2026 03:04:12.009] [main/DEBUG] [net.minecraftforge.fml.loading.moddiscovery.ModFileInfo/LOADING]: Found valid mod file fabric-command-api-v2-2.2.14+561530ec77.jar with {fabric_command_api_v2} mods - versions {2.2.14+561530ec77}
[15Mar2026 03:04:12.009] [main/DEBUG] [net.minecraftforge.fml.loading.moddiscovery.ModFileParser/LOADING]: Considering mod file candidate 
[15Mar2026 03:04:12.010] [main/DEBUG] [net.minecraftforge.fml.loading.moddiscovery.ModFileInfo/LOADING]: Found valid mod file fabric-content-registries-v0-4.0.13+a670df1e77.jar with {fabric_content_registries_v0} mods - versions {4.0.13+a670df1e77}
[15Mar2026 03:04:12.010] [main/DEBUG] [net.minecraftforge.fml.loading.moddiscovery.ModFileParser/LOADING]: Considering mod file candidate 
[15Mar2026 03:04:12.010] [main/DEBUG] [net.minecraftforge.fml.loading.moddiscovery.ModFileInfo/LOADING]: Found valid mod file fabric-convention-tags-v1-1.5.6+fa3d1c0177.jar with {fabric_convention_tags_v1} mods - versions {1.5.6+fa3d1c0177}
[15Mar2026 03:04:12.011] [main/DEBUG] [net.minecraftforge.fml.loading.moddiscovery.ModFileParser/LOADING]: Considering mod file candidate 
[15Mar2026 03:04:12.011] [main/DEBUG] [net.minecraftforge.fml.loading.moddiscovery.ModFileInfo/LOADING]: Found valid mod file fabric-data-attachment-api-v1-1.0.2+30ef839e77.jar with {fabric_data_attachment_api_v1} mods - versions {1.0.2+30ef839e77}
[15Mar2026 03:04:12.011] [main/DEBUG] [net.minecraftforge.fml.loading.moddiscovery.ModFileParser/LOADING]: Considering mod file candidate 
[15Mar2026 03:04:12.012] [main/DEBUG] [net.minecraftforge.fml.loading.moddiscovery.ModFileInfo/LOADING]: Found valid mod file fabric-data-generation-api-v1-12.3.7+369cb3a477.jar with {fabric_data_generation_api_v1} mods - versions {12.3.7+369cb3a477}
[15Mar2026 03:04:12.012] [main/DEBUG] [net.minecraftforge.fml.loading.moddiscovery.ModFileParser/LOADING]: Considering mod file candidate 
[15Mar2026 03:04:12.012] [main/DEBUG] [net.minecraftforge.fml.loading.moddiscovery.ModFileInfo/LOADING]: Found valid mod file fabric-dimensions-v1-2.1.55+8005d10d77.jar with {fabric_dimensions_v1} mods - versions {2.1.55+8005d10d77}
[15Mar2026 03:04:12.013] [main/DEBUG] [net.minecraftforge.fml.loading.moddiscovery.ModFileParser/LOADING]: Considering mod file candidate 
[15Mar2026 03:04:12.013] [main/DEBUG] [net.minecraftforge.fml.loading.moddiscovery.ModFileInfo/LOADING]: Found valid mod file fabric-entity-events-v1-1.6.1+4ca7515277.jar with {fabric_entity_events_v1} mods - versions {1.6.1+4ca7515277}
[15Mar2026 03:04:12.013] [main/DEBUG] [net.minecraftforge.fml.loading.moddiscovery.ModFileParser/LOADING]: Considering mod file candidate 
[15Mar2026 03:04:12.013] [main/DEBUG] [net.minecraftforge.fml.loading.moddiscovery.ModFileInfo/LOADING]: Found valid mod file fabric-events-interaction-v0-0.6.5+0f26153f77.jar with {fabric_events_interaction_v0} mods - versions {0.6.5+0f26153f77}
[15Mar2026 03:04:12.020] [main/DEBUG] [net.minecraftforge.fml.loading.moddiscovery.ModFileParser/LOADING]: Considering mod file candidate 
[15Mar2026 03:04:12.021] [main/DEBUG] [net.minecraftforge.fml.loading.moddiscovery.ModFileInfo/LOADING]: Found valid mod file fabric-game-rule-api-v1-1.0.41+683d4da877.jar with {fabric_game_rule_api_v1} mods - versions {1.0.41+683d4da877}
[15Mar2026 03:04:12.022] [main/DEBUG] [net.minecraftforge.fml.loading.moddiscovery.ModFileParser/LOADING]: Considering mod file candidate 
[15Mar2026 03:04:12.022] [main/DEBUG] [net.minecraftforge.fml.loading.moddiscovery.ModFileInfo/LOADING]: Found valid mod file fabric-item-api-v1-2.1.29+4d0bbcfa77.jar with {fabric_item_api_v1} mods - versions {2.1.29+4d0bbcfa77}
[15Mar2026 03:04:12.022] [main/DEBUG] [net.minecraftforge.fml.loading.moddiscovery.ModFileParser/LOADING]: Considering mod file candidate 
[15Mar2026 03:04:12.022] [main/DEBUG] [net.minecraftforge.fml.loading.moddiscovery.ModFileInfo/LOADING]: Found valid mod file fabric-item-group-api-v1-4.0.14+c9161c2d77.jar with {fabric_item_group_api_v1} mods - versions {4.0.14+c9161c2d77}
[15Mar2026 03:04:12.023] [main/DEBUG] [net.minecraftforge.fml.loading.moddiscovery.ModFileParser/LOADING]: Considering mod file candidate 
[15Mar2026 03:04:12.023] [main/DEBUG] [net.minecraftforge.fml.loading.moddiscovery.ModFileInfo/LOADING]: Found valid mod file fabric-key-binding-api-v1-1.0.38+561530ec77.jar with {fabric_key_binding_api_v1} mods - versions {1.0.38+561530ec77}
[15Mar2026 03:04:12.024] [main/DEBUG] [net.minecraftforge.fml.loading.moddiscovery.ModFileParser/LOADING]: Considering mod file candidate 
[15Mar2026 03:04:12.024] [main/DEBUG] [net.minecraftforge.fml.loading.moddiscovery.ModFileInfo/LOADING]: Found valid mod file fabric-lifecycle-events-v1-2.2.23+afab492177.jar with {fabric_lifecycle_events_v1} mods - versions {2.2.23+afab492177}
[15Mar2026 03:04:12.024] [main/DEBUG] [net.minecraftforge.fml.loading.moddiscovery.ModFileParser/LOADING]: Considering mod file candidate 
[15Mar2026 03:04:12.024] [main/DEBUG] [net.minecraftforge.fml.loading.moddiscovery.ModFileInfo/LOADING]: Found valid mod file fabric-loot-api-v2-1.2.3+eb28f93e77.jar with {fabric_loot_api_v2} mods - versions {1.2.3+eb28f93e77}
[15Mar2026 03:04:12.025] [main/DEBUG] [net.minecraftforge.fml.loading.moddiscovery.ModFileParser/LOADING]: Considering mod file candidate 
[15Mar2026 03:04:12.025] [main/DEBUG] [net.minecraftforge.fml.loading.moddiscovery.ModFileInfo/LOADING]: Found valid mod file fabric-message-api-v1-5.1.10+52cc178c77.jar with {fabric_message_api_v1} mods - versions {5.1.10+52cc178c77}
[15Mar2026 03:04:12.025] [main/DEBUG] [net.minecraftforge.fml.loading.moddiscovery.ModFileParser/LOADING]: Considering mod file candidate 
[15Mar2026 03:04:12.025] [main/DEBUG] [net.minecraftforge.fml.loading.moddiscovery.ModFileInfo/LOADING]: Found valid mod file fabric-mining-level-api-v1-2.1.52+561530ec77.jar with {fabric_mining_level_api_v1} mods - versions {2.1.52+561530ec77}
[15Mar2026 03:04:12.026] [main/DEBUG] [net.minecraftforge.fml.loading.moddiscovery.ModFileParser/LOADING]: Considering mod file candidate 
[15Mar2026 03:04:12.026] [main/DEBUG] [net.minecraftforge.fml.loading.moddiscovery.ModFileInfo/LOADING]: Found valid mod file fabric-model-loading-api-v1-1.0.4+6274ab9d77.jar with {fabric_model_loading_api_v1} mods - versions {1.0.4+6274ab9d77}
[15Mar2026 03:04:12.027] [main/DEBUG] [net.minecraftforge.fml.loading.moddiscovery.ModFileParser/LOADING]: Considering mod file candidate 
[15Mar2026 03:04:12.027] [main/DEBUG] [net.minecraftforge.fml.loading.moddiscovery.ModFileInfo/LOADING]: Found valid mod file fabric-networking-api-v1-1.3.14+fb7c822677.jar with {fabric_networking_api_v1} mods - versions {1.3.14+fb7c822677}
[15Mar2026 03:04:12.028] [main/DEBUG] [net.minecraftforge.fml.loading.moddiscovery.ModFileParser/LOADING]: Considering mod file candidate 
[15Mar2026 03:04:12.028] [main/DEBUG] [net.minecraftforge.fml.loading.moddiscovery.ModFileInfo/LOADING]: Found valid mod file fabric-object-builder-api-v1-11.1.5+f8c414ce77.jar with {fabric_object_builder_api_v1} mods - versions {11.1.5+f8c414ce77}
[15Mar2026 03:04:12.028] [main/DEBUG] [net.minecraftforge.fml.loading.moddiscovery.ModFileParser/LOADING]: Considering mod file candidate 
[15Mar2026 03:04:12.029] [main/DEBUG] [net.minecraftforge.fml.loading.moddiscovery.ModFileInfo/LOADING]: Found valid mod file fabric-particles-v1-1.1.3+78e1ecb877.jar with {fabric_particles_v1} mods - versions {1.1.3+78e1ecb877}
[15Mar2026 03:04:12.029] [main/DEBUG] [net.minecraftforge.fml.loading.moddiscovery.ModFileParser/LOADING]: Considering mod file candidate 
[15Mar2026 03:04:12.029] [main/DEBUG] [net.minecraftforge.fml.loading.moddiscovery.ModFileInfo/LOADING]: Found valid mod file fabric-recipe-api-v1-1.0.24+514a076577.jar with {fabric_recipe_api_v1} mods - versions {1.0.24+514a076577}
[15Mar2026 03:04:12.030] [main/DEBUG] [net.minecraftforge.fml.loading.moddiscovery.ModFileParser/LOADING]: Considering mod file candidate 
[15Mar2026 03:04:12.030] [main/DEBUG] [net.minecraftforge.fml.loading.moddiscovery.ModFileInfo/LOADING]: Found valid mod file fabric-registry-sync-v0-2.3.6+1c0ea72177.jar with {fabric_registry_sync_v0} mods - versions {2.3.6+1c0ea72177}
[15Mar2026 03:04:12.031] [main/DEBUG] [net.minecraftforge.fml.loading.moddiscovery.ModFileParser/LOADING]: Considering mod file candidate 
[15Mar2026 03:04:12.031] [main/DEBUG] [net.minecraftforge.fml.loading.moddiscovery.ModFileInfo/LOADING]: Found valid mod file fabric-renderer-api-v1-3.2.2+cf68abbe77.jar with {fabric_renderer_api_v1} mods - versions {3.2.2+cf68abbe77}
[15Mar2026 03:04:12.032] [main/DEBUG] [net.minecraftforge.fml.loading.moddiscovery.ModFileParser/LOADING]: Considering mod file candidate 
[15Mar2026 03:04:12.032] [main/DEBUG] [net.minecraftforge.fml.loading.moddiscovery.ModFileInfo/LOADING]: Found valid mod file fabric-renderer-indigo-1.5.3+b5b2da4177.jar with {fabric_renderer_indigo} mods - versions {1.5.3+b5b2da4177}
[15Mar2026 03:04:12.032] [main/DEBUG] [net.minecraftforge.fml.loading.moddiscovery.ModFileParser/LOADING]: Considering mod file candidate 
[15Mar2026 03:04:12.032] [main/DEBUG] [net.minecraftforge.fml.loading.moddiscovery.ModFileInfo/LOADING]: Found valid mod file fabric-rendering-fluids-v1-3.0.29+4ac5e37a77.jar with {fabric_rendering_fluids_v1} mods - versions {3.0.29+4ac5e37a77}
[15Mar2026 03:04:12.033] [main/DEBUG] [net.minecraftforge.fml.loading.moddiscovery.ModFileParser/LOADING]: Considering mod file candidate 
[15Mar2026 03:04:12.033] [main/DEBUG] [net.minecraftforge.fml.loading.moddiscovery.ModFileInfo/LOADING]: Found valid mod file fabric-rendering-v1-3.0.9+66e9a48f77.jar with {fabric_rendering_v1} mods - versions {3.0.9+66e9a48f77}
[15Mar2026 03:04:12.034] [main/DEBUG] [net.minecraftforge.fml.loading.moddiscovery.ModFileParser/LOADING]: Considering mod file candidate 
[15Mar2026 03:04:12.034] [main/DEBUG] [net.minecraftforge.fml.loading.moddiscovery.ModFileInfo/LOADING]: Found valid mod file fabric-resource-conditions-api-v1-2.3.9+996d00b277.jar with {fabric_resource_conditions_api_v1} mods - versions {2.3.9+996d00b277}
[15Mar2026 03:04:12.034] [main/DEBUG] [net.minecraftforge.fml.loading.moddiscovery.ModFileParser/LOADING]: Considering mod file candidate 
[15Mar2026 03:04:12.035] [main/DEBUG] [net.minecraftforge.fml.loading.moddiscovery.ModFileInfo/LOADING]: Found valid mod file fabric-resource-loader-v0-0.11.12+4b4151c077.jar with {fabric_resource_loader_v0} mods - versions {0.11.12+4b4151c077}
[15Mar2026 03:04:12.035] [main/DEBUG] [net.minecraftforge.fml.loading.moddiscovery.ModFileParser/LOADING]: Considering mod file candidate 
[15Mar2026 03:04:12.035] [main/DEBUG] [net.minecraftforge.fml.loading.moddiscovery.ModFileInfo/LOADING]: Found valid mod file fabric-screen-api-v1-2.0.9+45a670a577.jar with {fabric_screen_api_v1} mods - versions {2.0.9+45a670a577}
[15Mar2026 03:04:12.035] [main/DEBUG] [net.minecraftforge.fml.loading.moddiscovery.ModFileParser/LOADING]: Considering mod file candidate 
[15Mar2026 03:04:12.035] [main/DEBUG] [net.minecraftforge.fml.loading.moddiscovery.ModFileInfo/LOADING]: Found valid mod file fabric-screen-handler-api-v1-1.3.33+561530ec77.jar with {fabric_screen_handler_api_v1} mods - versions {1.3.33+561530ec77}
[15Mar2026 03:04:12.036] [main/DEBUG] [net.minecraftforge.fml.loading.moddiscovery.ModFileParser/LOADING]: Considering mod file candidate 
[15Mar2026 03:04:12.036] [main/DEBUG] [net.minecraftforge.fml.loading.moddiscovery.ModFileInfo/LOADING]: Found valid mod file fabric-sound-api-v1-1.0.14+4f23bd8477.jar with {fabric_sound_api_v1} mods - versions {1.0.14+4f23bd8477}
[15Mar2026 03:04:12.037] [main/DEBUG] [net.minecraftforge.fml.loading.moddiscovery.ModFileParser/LOADING]: Considering mod file candidate 
[15Mar2026 03:04:12.037] [main/DEBUG] [net.minecraftforge.fml.loading.moddiscovery.ModFileInfo/LOADING]: Found valid mod file fabric-transfer-api-v1-3.3.6+631c9cd677.jar with {fabric_transfer_api_v1} mods - versions {3.3.6+631c9cd677}
[15Mar2026 03:04:12.038] [main/DEBUG] [net.minecraftforge.fml.loading.moddiscovery.ModFileParser/LOADING]: Considering mod file candidate 
[15Mar2026 03:04:12.038] [main/DEBUG] [net.minecraftforge.fml.loading.moddiscovery.ModFileInfo/LOADING]: Found valid mod file fabric-transitive-access-wideners-v1-4.3.2+1880499877.jar with {fabric_transitive_access_wideners_v1} mods - versions {4.3.2+1880499877}
[15Mar2026 03:04:12.038] [main/DEBUG] [net.minecraftforge.fml.loading.moddiscovery.ModFileParser/LOADING]: Considering mod file candidate 
[15Mar2026 03:04:12.038] [main/DEBUG] [net.minecraftforge.fml.loading.moddiscovery.ModFileInfo/LOADING]: Found valid mod file fabric-command-api-v1-1.2.35+f71b366f77.jar with {fabric_command_api_v1} mods - versions {1.2.35+f71b366f77}
[15Mar2026 03:04:12.038] [main/DEBUG] [net.minecraftforge.fml.loading.moddiscovery.ModFileParser/LOADING]: Considering mod file candidate 
[15Mar2026 03:04:12.038] [main/DEBUG] [net.minecraftforge.fml.loading.moddiscovery.ModFileInfo/LOADING]: Found valid mod file fabric-models-v0-0.4.3+7c3892a477.jar with {fabric_models_v0} mods - versions {0.4.3+7c3892a477}
[15Mar2026 03:04:12.039] [main/DEBUG] [net.minecraftforge.fml.loading.moddiscovery.ModFileParser/LOADING]: Considering mod file candidate 
[15Mar2026 03:04:12.039] [main/DEBUG] [net.minecraftforge.fml.loading.moddiscovery.ModFileInfo/LOADING]: Found valid mod file fabric-rendering-data-attachment-v1-0.3.39+a6081afc77.jar with {fabric_rendering_data_attachment_v1} mods - versions {0.3.39+a6081afc77}
[15Mar2026 03:04:12.048] [main/DEBUG] [net.minecraftforge.fml.loading.moddiscovery.ModFileParser/LOADING]: Considering mod file candidate 
[15Mar2026 03:04:12.048] [main/DEBUG] [net.minecraftforge.fml.loading.moddiscovery.ModFileInfo/LOADING]: Found valid mod file flywheel-forge-1.20.1-1.0.5.jar with {flywheel} mods - versions {1.0.5}
[15Mar2026 03:04:12.048] [main/DEBUG] [net.minecraftforge.fml.loading.moddiscovery.ModFileParser/LOADING]: Considering mod file candidate 
[15Mar2026 03:04:12.048] [main/DEBUG] [net.minecraftforge.fml.loading.moddiscovery.ModFileInfo/LOADING]: Found valid mod file mixinextras-forge-0.4.1.jar with {mixinextras} mods - versions {0.4.1}
[15Mar2026 03:04:12.054] [main/DEBUG] [net.minecraftforge.fml.loading.moddiscovery.ModFileParser/LOADING]: Considering mod file candidate 
[15Mar2026 03:04:12.054] [main/DEBUG] [net.minecraftforge.fml.loading.moddiscovery.ModFileInfo/LOADING]: Found valid mod file Ponder-Forge-1.20.1-1.0.91.jar with {ponder} mods - versions {1.0.91}
[15Mar2026 03:04:12.054] [main/DEBUG] [net.minecraftforge.fml.loading.moddiscovery.ModFileParser/LOADING]: Considering mod file candidate 
[15Mar2026 03:04:12.054] [main/DEBUG] [net.minecraftforge.fml.loading.moddiscovery.ModFileInfo/LOADING]: Found valid mod file kuma-api-forge-20.1.12+1.20.1.jar with {kuma_api} mods - versions {20.1.12}
[15Mar2026 03:04:12.058] [main/DEBUG] [net.minecraftforge.fml.loading.moddiscovery.ModFileParser/LOADING]: Considering mod file candidate 
[15Mar2026 03:04:12.058] [main/DEBUG] [net.minecraftforge.fml.loading.moddiscovery.ModFileInfo/LOADING]: Found valid mod file baubly-forge-1.20.1-1.0.1.jar with {baubly} mods - versions {1.0.1}
[15Mar2026 03:04:12.066] [main/DEBUG] [net.minecraftforge.fml.loading.moddiscovery.ModFileParser/LOADING]: Considering mod file candidate 
[15Mar2026 03:04:12.066] [main/DEBUG] [net.minecraftforge.fml.loading.moddiscovery.ModFileInfo/LOADING]: Found valid mod file flywheel-forge-1.20.1-1.0.2.jar with {flywheel} mods - versions {1.0.2}
[15Mar2026 03:04:12.067] [main/DEBUG] [net.minecraftforge.fml.loading.moddiscovery.ModFileParser/LOADING]: Considering mod file candidate 
[15Mar2026 03:04:12.067] [main/DEBUG] [net.minecraftforge.fml.loading.moddiscovery.ModFileInfo/LOADING]: Found valid mod file botarium-forge-1.20.1-2.3.4.jar with {botarium} mods - versions {2.3.4}
[15Mar2026 03:04:12.070] [main/DEBUG] [net.minecraftforge.fml.loading.moddiscovery.ModFileParser/LOADING]: Considering mod file candidate 
[15Mar2026 03:04:12.071] [main/DEBUG] [net.minecraftforge.fml.loading.moddiscovery.ModFileInfo/LOADING]: Found valid mod file kittyconfig-mc-1.2.16-forge-1.20.1.jar with {kittyconfig} mods - versions {1.2.16}
[15Mar2026 03:04:12.099] [main/DEBUG] [net.minecraftforge.fml.loading.moddiscovery.ModFileParser/LOADING]: Considering mod file candidate 
[15Mar2026 03:04:12.099] [main/DEBUG] [net.minecraftforge.fml.loading.moddiscovery.ModFileInfo/LOADING]: Found valid mod file puzzlesaccessapi-forge-20.1.1.jar with {puzzlesaccessapi} mods - versions {20.1.1}
[15Mar2026 03:04:12.100] [main/DEBUG] [net.minecraftforge.fml.loading.moddiscovery.ModFileParser/LOADING]: Considering mod file candidate 
[15Mar2026 03:04:12.100] [main/DEBUG] [net.minecraftforge.fml.loading.moddiscovery.ModFileInfo/LOADING]: Found valid mod file mixinextras-forge-0.4.1.jar with {mixinextras} mods - versions {0.4.1}
[15Mar2026 03:04:12.101] [main/DEBUG] [net.minecraftforge.fml.loading.moddiscovery.ModFileParser/LOADING]: Considering mod file candidate 
[15Mar2026 03:04:12.101] [main/DEBUG] [net.minecraftforge.fml.loading.moddiscovery.ModFileInfo/LOADING]: Found valid mod file spectrelib-forge-0.13.15+1.20.1.jar with {spectrelib} mods - versions {0.13.15+1.20.1}
[15Mar2026 03:04:12.104] [main/DEBUG] [net.minecraftforge.fml.loading.moddiscovery.ModFileParser/LOADING]: Considering mod file candidate 
[15Mar2026 03:04:12.104] [main/DEBUG] [net.minecraftforge.fml.loading.moddiscovery.ModFileInfo/LOADING]: Found valid mod file resourcefullib-forge-1.20.1-2.1.20.jar with {resourcefullib} mods - versions {2.1.20}
[15Mar2026 03:04:12.105] [main/DEBUG] [net.minecraftforge.fml.loading.moddiscovery.ModFileParser/LOADING]: Considering mod file candidate 
[15Mar2026 03:04:12.105] [main/DEBUG] [net.minecraftforge.fml.loading.moddiscovery.ModFileInfo/LOADING]: Found valid mod file mixinextras-forge-0.2.0-beta.8.jar with {mixinextras} mods - versions {0.2.0-beta.8}
[15Mar2026 03:04:12.109] [main/DEBUG] [net.minecraftforge.fml.loading.moddiscovery.ModFileParser/LOADING]: Considering mod file candidate 
[15Mar2026 03:04:12.109] [main/DEBUG] [net.minecraftforge.fml.loading.moddiscovery.ModFileInfo/LOADING]: Found valid mod file l2tabs-0.3.1.jar with {l2tabs} mods - versions {0.3.1}
[15Mar2026 03:04:12.110] [main/DEBUG] [net.minecraftforge.fml.loading.moddiscovery.ModFileParser/LOADING]: Considering mod file candidate 
[15Mar2026 03:04:12.110] [main/DEBUG] [net.minecraftforge.fml.loading.moddiscovery.ModFileInfo/LOADING]: Found valid mod file l2screentracker-0.1.4.jar with {l2screentracker} mods - versions {0.1.4}
[15Mar2026 03:04:12.111] [main/DEBUG] [net.minecraftforge.fml.loading.moddiscovery.ModFileParser/LOADING]: Considering mod file candidate 
[15Mar2026 03:04:12.111] [main/DEBUG] [net.minecraftforge.fml.loading.moddiscovery.ModFileInfo/LOADING]: Found valid mod file l2damagetracker-0.3.8.jar with {l2damagetracker} mods - versions {0.3.8}
[15Mar2026 03:04:12.112] [main/DEBUG] [net.minecraftforge.fml.loading.moddiscovery.ModFileParser/LOADING]: Considering mod file candidate 
[15Mar2026 03:04:12.112] [main/DEBUG] [net.minecraftforge.fml.loading.moddiscovery.ModFileInfo/LOADING]: Found valid mod file l2itemselector-0.1.7.jar with {l2itemselector} mods - versions {0.1.7}
[15Mar2026 03:04:12.114] [main/DEBUG] [net.minecraftforge.fml.loading.moddiscovery.ModFileParser/LOADING]: Considering mod file candidate 
[15Mar2026 03:04:12.114] [main/DEBUG] [net.minecraftforge.fml.loading.moddiscovery.ModFileInfo/LOADING]: Found valid mod file l2library-2.4.23-slim.jar with {l2library} mods - versions {2.4.23}
[15Mar2026 03:04:12.115] [main/DEBUG] [net.minecraftforge.fml.loading.moddiscovery.ModFileParser/LOADING]: Considering mod file candidate 
[15Mar2026 03:04:12.115] [main/DEBUG] [net.minecraftforge.fml.loading.moddiscovery.ModFileInfo/LOADING]: Found valid mod file mixinextras-forge-0.2.0-rc.2.jar with {mixinextras} mods - versions {0.2.0-rc.2}
[15Mar2026 03:04:12.117] [main/DEBUG] [net.minecraftforge.fml.loading.moddiscovery.ModFileParser/LOADING]: Considering mod file candidate 
[15Mar2026 03:04:12.117] [main/DEBUG] [net.minecraftforge.fml.loading.moddiscovery.ModFileInfo/LOADING]: Found valid mod file TRender-1.0.10-1.20.1-forge-SNAPSHOT.jar with {trender} mods - versions {1.0.10}
[15Mar2026 03:04:12.126] [main/DEBUG] [net.minecraftforge.fml.loading.moddiscovery.ModFileParser/LOADING]: Considering mod file candidate 
[15Mar2026 03:04:12.126] [main/DEBUG] [net.minecraftforge.fml.loading.moddiscovery.ModFileInfo/LOADING]: Found valid mod file TRansition-1.0.11-1.20.1-forge-SNAPSHOT.jar with {transition} mods - versions {1.0.11}
[15Mar2026 03:04:12.155] [main/DEBUG] [net.minecraftforge.fml.loading.moddiscovery.ModFileParser/LOADING]: Considering mod file candidate 
[15Mar2026 03:04:12.155] [main/DEBUG] [net.minecraftforge.fml.loading.moddiscovery.ModFileInfo/LOADING]: Found valid mod file thermal_core-1.20.1-11.0.6.24.jar with {thermal} mods - versions {11.0.6}
[15Mar2026 03:04:12.159] [main/DEBUG] [net.minecraftforge.fml.loading.moddiscovery.ModFileParser/LOADING]: Considering mod file candidate 
[15Mar2026 03:04:12.159] [main/DEBUG] [net.minecraftforge.fml.loading.moddiscovery.ModFileInfo/LOADING]: Found valid mod file nucleus-core-forge-1.20.1+1.1.3.jar with {nucleus} mods - versions {1.1.3}
[15Mar2026 03:04:12.160] [main/DEBUG] [net.minecraftforge.fml.loading.moddiscovery.ModFileParser/LOADING]: Considering mod file candidate 
[15Mar2026 03:04:12.161] [main/DEBUG] [net.minecraftforge.fml.loading.moddiscovery.ModFileInfo/LOADING]: Found valid mod file nucleus-config-forge-1.20.1+1.1.5.jar with {nucleus_config} mods - versions {1.1.5}
[15Mar2026 03:04:12.161] [main/DEBUG] [net.minecraftforge.fml.loading.moddiscovery.ModFileParser/LOADING]: Considering mod file candidate 
[15Mar2026 03:04:12.161] [main/DEBUG] [net.minecraftforge.fml.loading.moddiscovery.ModFileInfo/LOADING]: Found valid mod file nucleus-pose-forge-1.20.1+1.0.0.jar with {nucleus_pose} mods - versions {1.0.0}
[15Mar2026 03:04:12.161] [main/DEBUG] [net.minecraftforge.fml.loading.moddiscovery.ModFileParser/LOADING]: Considering mod file candidate 
[15Mar2026 03:04:12.162] [main/DEBUG] [net.minecraftforge.fml.loading.moddiscovery.ModFileInfo/LOADING]: Found valid mod file nucleus-facet-forge-1.20.1+1.0.0.jar with {nucleus_facet} mods - versions {1.0.0}
[15Mar2026 03:04:12.162] [main/DEBUG] [net.minecraftforge.fml.loading.moddiscovery.ModFileParser/LOADING]: Considering mod file candidate 
[15Mar2026 03:04:12.162] [main/DEBUG] [net.minecraftforge.fml.loading.moddiscovery.ModFileInfo/LOADING]: Found valid mod file mixinextras-forge-0.4.1.jar with {mixinextras} mods - versions {0.4.1}
[15Mar2026 03:04:12.163] [main/DEBUG] [net.minecraftforge.fml.loading.moddiscovery.ModFileParser/LOADING]: Considering mod file candidate 
[15Mar2026 03:04:12.163] [main/DEBUG] [net.minecraftforge.fml.loading.moddiscovery.ModFileInfo/LOADING]: Found valid mod file nucleus-codec-forge-1.20.1+1.1.4.jar with {nucleus_codec} mods - versions {1.1.4}
[15Mar2026 03:04:12.164] [main/DEBUG] [net.minecraftforge.fml.loading.moddiscovery.ModFileParser/LOADING]: Considering mod file candidate 
[15Mar2026 03:04:12.164] [main/DEBUG] [net.minecraftforge.fml.loading.moddiscovery.ModFileInfo/LOADING]: Found valid mod file mixinextras-forge-0.3.6.jar with {mixinextras} mods - versions {0.3.6}
[15Mar2026 03:04:12.164] [main/DEBUG] [net.minecraftforge.fml.loading.moddiscovery.ModFileParser/LOADING]: Considering mod file candidate 
[15Mar2026 03:04:12.164] [main/DEBUG] [net.minecraftforge.fml.loading.moddiscovery.ModFileInfo/LOADING]: Found valid mod file mixinsquared-forge-0.1.1.jar with {mixinsquared} mods - versions {0.1.1}
[15Mar2026 03:04:12.165] [main/DEBUG] [net.minecraftforge.fml.loading.moddiscovery.ModFileParser/LOADING]: Considering mod file candidate 
[15Mar2026 03:04:12.165] [main/DEBUG] [net.minecraftforge.fml.loading.moddiscovery.ModFileInfo/LOADING]: Found valid mod file midnightlib-1.4.2-forge.jar with {midnightlib} mods - versions {1.4.2}
[15Mar2026 03:04:12.173] [main/DEBUG] [net.minecraftforge.fml.loading.moddiscovery.ModFileParser/LOADING]: Considering mod file candidate 
[15Mar2026 03:04:12.173] [main/DEBUG] [net.minecraftforge.fml.loading.moddiscovery.ModFileInfo/LOADING]: Found valid mod file mixinextras-forge-0.3.5.jar with {mixinextras} mods - versions {0.3.5}
[15Mar2026 03:04:12.180] [main/DEBUG] [net.minecraftforge.fml.loading.moddiscovery.ModFileParser/LOADING]: Considering mod file candidate 
[15Mar2026 03:04:12.180] [main/DEBUG] [net.minecraftforge.fml.loading.moddiscovery.ModFileInfo/LOADING]: Found valid mod file mixinextras-forge-0.4.1.jar with {mixinextras} mods - versions {0.4.1}
[15Mar2026 03:04:12.180] [main/DEBUG] [net.minecraftforge.fml.loading.moddiscovery.ModFileParser/LOADING]: Considering mod file candidate 
[15Mar2026 03:04:12.180] [main/DEBUG] [net.minecraftforge.fml.loading.moddiscovery.ModFileInfo/LOADING]: Found valid mod file mixinextras-forge-0.3.1.jar with {mixinextras} mods - versions {0.3.1}
[15Mar2026 03:04:12.200] [main/DEBUG] [net.minecraftforge.fml.loading.moddiscovery.ModFileParser/LOADING]: Considering mod file candidate 
[15Mar2026 03:04:12.200] [main/DEBUG] [net.minecraftforge.fml.loading.moddiscovery.ModFileInfo/LOADING]: Found valid mod file mixinextras-forge-0.3.6.jar with {mixinextras} mods - versions {0.3.6}
[15Mar2026 03:04:12.204] [main/DEBUG] [net.minecraftforge.fml.loading.moddiscovery.ModFileParser/LOADING]: Considering mod file candidate 
[15Mar2026 03:04:12.204] [main/DEBUG] [net.minecraftforge.fml.loading.moddiscovery.ModFileInfo/LOADING]: Found valid mod file scena-forge-1.0.103.jar with {scena} mods - versions {1.0.103}
[15Mar2026 03:04:12.207] [main/DEBUG] [net.minecraftforge.fml.loading.moddiscovery.ModFileParser/LOADING]: Considering mod file candidate 
[15Mar2026 03:04:12.207] [main/DEBUG] [net.minecraftforge.fml.loading.moddiscovery.ModFileInfo/LOADING]: Found valid mod file mixinextras-forge-0.4.1.jar with {mixinextras} mods - versions {0.4.1}
[15Mar2026 03:04:12.207] [main/DEBUG] [net.minecraftforge.fml.loading.moddiscovery.ModFileParser/LOADING]: Considering mod file candidate 
[15Mar2026 03:04:12.207] [main/DEBUG] [net.minecraftforge.fml.loading.moddiscovery.ModFileInfo/LOADING]: Found valid mod file mixinextras-forge-0.2.0-beta.8.jar with {mixinextras} mods - versions {0.2.0-beta.8}
[15Mar2026 03:04:12.213] [main/DEBUG] [net.minecraftforge.fml.loading.moddiscovery.ModFileParser/LOADING]: Considering mod file candidate 
[15Mar2026 03:04:12.213] [main/DEBUG] [net.minecraftforge.fml.loading.moddiscovery.ModFileInfo/LOADING]: Found valid mod file geckolib-forge-1.20.1-4.4.4.jar with {geckolib} mods - versions {4.4.4}
[15Mar2026 03:04:12.214] [main/DEBUG] [net.minecraftforge.fml.loading.moddiscovery.ModFileParser/LOADING]: Considering mod file candidate 
[15Mar2026 03:04:12.214] [main/DEBUG] [net.minecraftforge.fml.loading.moddiscovery.ModFileInfo/LOADING]: Found valid mod file expandability-forge-9.0.4.jar with {expandability} mods - versions {9.0.4}
[15Mar2026 03:04:12.214] [main/DEBUG] [net.minecraftforge.fml.loading.moddiscovery.ModFileParser/LOADING]: Considering mod file candidate 
[15Mar2026 03:04:12.215] [main/DEBUG] [net.minecraftforge.fml.loading.moddiscovery.ModFileInfo/LOADING]: Found valid mod file mixinextras-forge-0.3.5.jar with {mixinextras} mods - versions {0.3.5}
[15Mar2026 03:04:12.215] [main/DEBUG] [net.minecraftforge.fml.loading.moddiscovery.ModFileParser/LOADING]: Considering mod file candidate 
[15Mar2026 03:04:12.215] [main/DEBUG] [net.minecraftforge.fml.loading.moddiscovery.ModFileInfo/LOADING]: Found valid mod file mixinextras-forge-0.3.5.jar with {mixinextras} mods - versions {0.3.5}
[15Mar2026 03:04:12.216] [main/DEBUG] [net.minecraftforge.fml.loading.moddiscovery.ModFileParser/LOADING]: Considering mod file candidate 
[15Mar2026 03:04:12.216] [main/DEBUG] [net.minecraftforge.fml.loading.moddiscovery.ModFileInfo/LOADING]: Found valid mod file unruled-api-0.4-forge+1.20.jar with {unruled_api} mods - versions {0.4}
[15Mar2026 03:04:12.217] [main/DEBUG] [net.minecraftforge.fml.loading.moddiscovery.ModFileParser/LOADING]: Considering mod file candidate 
[15Mar2026 03:04:12.217] [main/DEBUG] [net.minecraftforge.fml.loading.moddiscovery.ModFileInfo/LOADING]: Found valid mod file mixinextras-forge-0.4.1.jar with {mixinextras} mods - versions {0.4.1}
[15Mar2026 03:04:12.218] [main/DEBUG] [net.minecraftforge.fml.loading.moddiscovery.ModFileParser/LOADING]: Considering mod file candidate 
[15Mar2026 03:04:12.218] [main/DEBUG] [net.minecraftforge.fml.loading.moddiscovery.ModFileInfo/LOADING]: Found valid mod file mixinextras-forge-0.4.1.jar with {mixinextras} mods - versions {0.4.1}
[15Mar2026 03:04:12.219] [main/DEBUG] [net.minecraftforge.fml.loading.moddiscovery.ModFileParser/LOADING]: Considering mod file candidate 
[15Mar2026 03:04:12.219] [main/DEBUG] [net.minecraftforge.fml.loading.moddiscovery.ModFileInfo/LOADING]: Found valid mod file spectrelib-forge-0.13.17+1.20.1.jar with {spectrelib} mods - versions {0.13.17+1.20.1}
[15Mar2026 03:04:12.219] [main/DEBUG] [net.minecraftforge.fml.loading.moddiscovery.ModFileParser/LOADING]: Considering mod file candidate 
[15Mar2026 03:04:12.219] [main/DEBUG] [net.minecraftforge.fml.loading.moddiscovery.ModFileInfo/LOADING]: Found valid mod file reach-entity-attributes-2.4.0.jar with {reach_entity_attributes} mods - versions {2.4.0}
[15Mar2026 03:04:12.220] [main/DEBUG] [net.minecraftforge.fml.loading.moddiscovery.ModFileParser/LOADING]: Considering mod file candidate 
[15Mar2026 03:04:12.220] [main/DEBUG] [net.minecraftforge.fml.loading.moddiscovery.ModFileInfo/LOADING]: Found valid mod file rei-bridge-1.11.2+1.20.1.jar with {connectorextras_rei_bridge} mods - versions {1.11.2+1.20.1}
[15Mar2026 03:04:12.220] [main/DEBUG] [net.minecraftforge.fml.loading.moddiscovery.ModFileParser/LOADING]: Considering mod file candidate 
[15Mar2026 03:04:12.220] [main/DEBUG] [net.minecraftforge.fml.loading.moddiscovery.ModFileInfo/LOADING]: Found valid mod file emi-bridge-1.11.2+1.20.1.jar with {connectorextras_emi_bridge} mods - versions {1.11.2+1.20.1}
[15Mar2026 03:04:12.221] [main/DEBUG] [net.minecraftforge.fml.loading.moddiscovery.ModFileParser/LOADING]: Considering mod file candidate 
[15Mar2026 03:04:12.221] [main/DEBUG] [net.minecraftforge.fml.loading.moddiscovery.ModFileInfo/LOADING]: Found valid mod file energy-bridge-1.11.2+1.20.1.jar with {connectorextras_energy_bridge} mods - versions {1.11.2+1.20.1}
[15Mar2026 03:04:12.221] [main/DEBUG] [net.minecraftforge.fml.loading.moddiscovery.ModFileParser/LOADING]: Considering mod file candidate 
[15Mar2026 03:04:12.221] [main/DEBUG] [net.minecraftforge.fml.loading.moddiscovery.ModFileInfo/LOADING]: Found valid mod file architectury-bridge-1.11.2+1.20.1.jar with {connectorextras_architectury_bridge} mods - versions {1.11.2+1.20.1}
[15Mar2026 03:04:12.221] [main/DEBUG] [net.minecraftforge.fml.loading.moddiscovery.ModFileParser/LOADING]: Considering mod file candidate 
[15Mar2026 03:04:12.221] [main/DEBUG] [net.minecraftforge.fml.loading.moddiscovery.ModFileInfo/LOADING]: Found valid mod file terrablender-bridge-1.11.2+1.20.1.jar with {connectorextras_terrablender_bridge} mods - versions {1.11.2+1.20.1}
[15Mar2026 03:04:12.222] [main/DEBUG] [net.minecraftforge.fml.loading.moddiscovery.ModFileParser/LOADING]: Considering mod file candidate 
[15Mar2026 03:04:12.222] [main/DEBUG] [net.minecraftforge.fml.loading.moddiscovery.ModFileInfo/LOADING]: Found valid mod file geckolib-fabric-compat-1.11.2+1.20.1.jar with {connectorextras_geckolib_fabric_compat} mods - versions {1.11.2+1.20.1}
[15Mar2026 03:04:12.222] [main/DEBUG] [net.minecraftforge.fml.loading.moddiscovery.ModFileParser/LOADING]: Considering mod file candidate 
[15Mar2026 03:04:12.222] [main/DEBUG] [net.minecraftforge.fml.loading.moddiscovery.ModFileInfo/LOADING]: Found valid mod file modmenu-bridge-1.11.2+1.20.1.jar with {connectorextras_modmenu_bridge,modmenu} mods - versions {1.11.2+1.20.1,7.2.2}
[15Mar2026 03:04:12.223] [main/DEBUG] [net.minecraftforge.fml.loading.moddiscovery.ModFileParser/LOADING]: Considering mod file candidate 
[15Mar2026 03:04:12.223] [main/DEBUG] [net.minecraftforge.fml.loading.moddiscovery.ModFileInfo/LOADING]: Found valid mod file amecsapi-1.5.3+mc1.20-pre1.jar with {amecsapi} mods - versions {1.5.3+mc1.20-pre1}
[15Mar2026 03:04:12.223] [main/DEBUG] [net.minecraftforge.fml.loading.moddiscovery.ModFileParser/LOADING]: Considering mod file candidate 
[15Mar2026 03:04:12.223] [main/DEBUG] [net.minecraftforge.fml.loading.moddiscovery.ModFileInfo/LOADING]: Found valid mod file forgeconfigapiport-1.11.2+1.20.1.jar with {forgeconfigapiport} mods - versions {8.0.0}
[15Mar2026 03:04:12.224] [main/DEBUG] [net.minecraftforge.fml.loading.moddiscovery.ModFileParser/LOADING]: Considering mod file candidate 
[15Mar2026 03:04:12.224] [main/DEBUG] [net.minecraftforge.fml.loading.moddiscovery.ModFileInfo/LOADING]: Found valid mod file kubejs-bridge-1.11.2+1.20.1.jar with {connectorextras_kubejs_bridge} mods - versions {1.11.2+1.20.1}
[15Mar2026 03:04:12.224] [main/DEBUG] [net.minecraftforge.fml.loading.moddiscovery.ModFileParser/LOADING]: Considering mod file candidate 
[15Mar2026 03:04:12.224] [main/DEBUG] [net.minecraftforge.fml.loading.moddiscovery.ModFileInfo/LOADING]: Found valid mod file jei-bridge-1.11.2+1.20.1.jar with {connectorextras_jei_bridge} mods - versions {1.11.2+1.20.1}
[15Mar2026 03:04:12.224] [main/DEBUG] [net.minecraftforge.fml.loading.moddiscovery.ModFileParser/LOADING]: Considering mod file candidate 
[15Mar2026 03:04:12.225] [main/DEBUG] [net.minecraftforge.fml.loading.moddiscovery.ModFileInfo/LOADING]: Found valid mod file pehkui-bridge-1.11.2+1.20.1.jar with {connectorextras_pehkui_bridge} mods - versions {1.11.2+1.20.1}
[15Mar2026 03:04:12.228] [main/DEBUG] [net.minecraftforge.fml.loading.moddiscovery.AbstractJarFileDependencyLocator/]: Failed to load resource META-INF\jarjar\metadata.json from nitrogen_internals-1.20.1-1.0.9-neoforge.jar, it does not contain dependency information.
[15Mar2026 03:04:12.230] [main/DEBUG] [net.minecraftforge.fml.loading.moddiscovery.AbstractJarFileDependencyLocator/]: Failed to load resource META-INF\jarjar\metadata.json from kfflang-4.12.0.jar, it does not contain dependency information.
[15Mar2026 03:04:12.230] [main/DEBUG] [net.minecraftforge.fml.loading.moddiscovery.AbstractJarFileDependencyLocator/]: Failed to load resource META-INF\jarjar\metadata.json from kfflib-4.12.0.jar, it does not contain dependency information.
[15Mar2026 03:04:12.230] [main/DEBUG] [net.minecraftforge.fml.loading.moddiscovery.AbstractJarFileDependencyLocator/]: Failed to load resource META-INF\jarjar\metadata.json from kffmod-4.12.0.jar, it does not contain dependency information.
[15Mar2026 03:04:12.230] [main/DEBUG] [net.minecraftforge.fml.loading.moddiscovery.AbstractJarFileDependencyLocator/]: Failed to load resource META-INF\jarjar\metadata.json from snakeyaml-2.2.jar, it does not contain dependency information.
[15Mar2026 03:04:12.237] [main/DEBUG] [net.minecraftforge.fml.loading.moddiscovery.AbstractJarFileDependencyLocator/]: Failed to load resource META-INF\jarjar\metadata.json from kritter-forge-0.1.12+1.20.1.jar, it does not contain dependency information.
[15Mar2026 03:04:12.237] [main/DEBUG] [net.minecraftforge.fml.loading.moddiscovery.AbstractJarFileDependencyLocator/]: Failed to load resource META-INF\jarjar\metadata.json from bytecodecs-1.0.2.jar, it does not contain dependency information.
[15Mar2026 03:04:12.237] [main/DEBUG] [net.minecraftforge.fml.loading.moddiscovery.AbstractJarFileDependencyLocator/]: Failed to load resource META-INF\jarjar\metadata.json from kotlin-metadata-jvm-2.1.20.jar, it does not contain dependency information.
[15Mar2026 03:04:12.238] [main/DEBUG] [net.minecraftforge.fml.loading.moddiscovery.ModFileParser/LOADING]: Considering mod file candidate 
[15Mar2026 03:04:12.238] [main/DEBUG] [net.minecraftforge.fml.loading.moddiscovery.ModFileInfo/LOADING]: Found valid mod file mixinextras-forge-0.2.0-beta.8.jar with {mixinextras} mods - versions {0.2.0-beta.8}
[15Mar2026 03:04:12.238] [main/DEBUG] [net.minecraftforge.fml.loading.moddiscovery.AbstractJarFileDependencyLocator/]: Failed to load resource META-INF\jarjar\metadata.json from calio-forge-1.20.1-1.11.0.5.jar, it does not contain dependency information.
[15Mar2026 03:04:12.238] [main/DEBUG] [net.minecraftforge.fml.loading.moddiscovery.AbstractJarFileDependencyLocator/]: Failed to load resource META-INF\jarjar\metadata.json from apoli-forge-1.20.1-2.9.0.8.jar, it does not contain dependency information.
[15Mar2026 03:04:12.238] [main/DEBUG] [net.minecraftforge.fml.loading.moddiscovery.AbstractJarFileDependencyLocator/]: Failed to load resource META-INF\jarjar\metadata.json from common-image-3.12.0.jar, it does not contain dependency information.
[15Mar2026 03:04:12.238] [main/DEBUG] [net.minecraftforge.fml.loading.moddiscovery.AbstractJarFileDependencyLocator/]: Failed to load resource META-INF\jarjar\metadata.json from common-io-3.12.0.jar, it does not contain dependency information.
[15Mar2026 03:04:12.238] [main/DEBUG] [net.minecraftforge.fml.loading.moddiscovery.AbstractJarFileDependencyLocator/]: Failed to load resource META-INF\jarjar\metadata.json from common-lang-3.12.0.jar, it does not contain dependency information.
[15Mar2026 03:04:12.238] [main/DEBUG] [net.minecraftforge.fml.loading.moddiscovery.AbstractJarFileDependencyLocator/]: Failed to load resource META-INF\jarjar\metadata.json from imageio-core-3.12.0.jar, it does not contain dependency information.
[15Mar2026 03:04:12.238] [main/DEBUG] [net.minecraftforge.fml.loading.moddiscovery.AbstractJarFileDependencyLocator/]: Failed to load resource META-INF\jarjar\metadata.json from imageio-metadata-3.12.0.jar, it does not contain dependency information.
[15Mar2026 03:04:12.238] [main/DEBUG] [net.minecraftforge.fml.loading.moddiscovery.AbstractJarFileDependencyLocator/]: Failed to load resource META-INF\jarjar\metadata.json from imageio-webp-3.12.0.jar, it does not contain dependency information.
[15Mar2026 03:04:12.238] [main/DEBUG] [net.minecraftforge.fml.loading.moddiscovery.AbstractJarFileDependencyLocator/]: Failed to load resource META-INF\jarjar\metadata.json from gson-0.2.1.jar, it does not contain dependency information.
[15Mar2026 03:04:12.238] [main/DEBUG] [net.minecraftforge.fml.loading.moddiscovery.AbstractJarFileDependencyLocator/]: Failed to load resource META-INF\jarjar\metadata.json from json-0.2.1.jar, it does not contain dependency information.
[15Mar2026 03:04:12.238] [main/DEBUG] [net.minecraftforge.fml.loading.moddiscovery.AbstractJarFileDependencyLocator/]: Failed to load resource META-INF\jarjar\metadata.json from yabn-1.0.3.jar, it does not contain dependency information.
[15Mar2026 03:04:12.238] [main/DEBUG] [net.minecraftforge.fml.loading.moddiscovery.AbstractJarFileDependencyLocator/]: Failed to load resource META-INF\jarjar\metadata.json from bytecodecs-1.0.2.jar, it does not contain dependency information.
[15Mar2026 03:04:12.238] [main/DEBUG] [net.minecraftforge.fml.loading.moddiscovery.AbstractJarFileDependencyLocator/]: Failed to load resource META-INF\jarjar\metadata.json from jgrapht-core-1.5.2.jar, it does not contain dependency information.
[15Mar2026 03:04:12.238] [main/DEBUG] [net.minecraftforge.fml.loading.moddiscovery.AbstractJarFileDependencyLocator/]: Failed to load resource META-INF\jarjar\metadata.json from jheaps-0.14.jar, it does not contain dependency information.
[15Mar2026 03:04:12.238] [main/DEBUG] [net.minecraftforge.fml.loading.moddiscovery.AbstractJarFileDependencyLocator/]: Failed to load resource META-INF\jarjar\metadata.json from apfloat-1.10.1.jar, it does not contain dependency information.
[15Mar2026 03:04:12.244] [main/DEBUG] [net.minecraftforge.fml.loading.moddiscovery.AbstractJarFileDependencyLocator/]: Failed to load resource META-INF\jarjar\metadata.json from NanoLiveConfig-1.2.1.jar, it does not contain dependency information.
[15Mar2026 03:04:12.250] [main/DEBUG] [net.minecraftforge.fml.loading.moddiscovery.AbstractJarFileDependencyLocator/]: Failed to load resource META-INF\jarjar\metadata.json from aeroblender-1.20.1-1.0.2-rc1-neoforge.jar, it does not contain dependency information.
[15Mar2026 03:04:12.255] [main/DEBUG] [net.minecraftforge.fml.loading.moddiscovery.AbstractJarFileDependencyLocator/]: Failed to load resource META-INF\jarjar\metadata.json from mclib-20.jar, it does not contain dependency information.
[15Mar2026 03:04:12.262] [main/DEBUG] [net.minecraftforge.fml.loading.moddiscovery.AbstractJarFileDependencyLocator/]: Failed to load resource META-INF\jarjar\metadata.json from runtime-1.0.0+1.20.1.jar, it does not contain dependency information.
[15Mar2026 03:04:12.262] [main/DEBUG] [net.minecraftforge.fml.loading.moddiscovery.AbstractJarFileDependencyLocator/]: Failed to load resource META-INF\jarjar\metadata.json from Connector-1.0.0-beta.48+1.20.1-fabricloader.jar, it does not contain dependency information.
[15Mar2026 03:04:12.263] [main/DEBUG] [net.minecraftforge.fml.loading.moddiscovery.AbstractJarFileDependencyLocator/]: Failed to load resource META-INF\jarjar\metadata.json from nitrogen_internals-1.20.1-1.0.12-neoforge.jar, it does not contain dependency information.
[15Mar2026 03:04:12.263] [main/DEBUG] [net.minecraftforge.fml.loading.moddiscovery.AbstractJarFileDependencyLocator/]: Failed to load resource META-INF\jarjar\metadata.json from cumulus_menus-1.20.1-1.0.1-neoforge.jar, it does not contain dependency information.
[15Mar2026 03:04:12.263] [main/DEBUG] [net.minecraftforge.fml.loading.moddiscovery.AbstractJarFileDependencyLocator/]: Failed to load resource META-INF\jarjar\metadata.json from curios-forge-5.6.1+1.20.1.jar, it does not contain dependency information.
[15Mar2026 03:04:12.271] [main/DEBUG] [net.minecraftforge.fml.loading.moddiscovery.AbstractJarFileDependencyLocator/]: Failed to load resource META-INF\jarjar\metadata.json from fabric-loader-2.6.0+0.15.0+1.20.1-full.jar, it does not contain dependency information.
[15Mar2026 03:04:12.272] [main/DEBUG] [net.minecraftforge.fml.loading.moddiscovery.AbstractJarFileDependencyLocator/]: Failed to load resource META-INF\jarjar\metadata.json from fabric-api-base-0.4.32+ef105b4977.jar, it does not contain dependency information.
[15Mar2026 03:04:12.272] [main/DEBUG] [net.minecraftforge.fml.loading.moddiscovery.AbstractJarFileDependencyLocator/]: Failed to load resource META-INF\jarjar\metadata.json from fabric-api-lookup-api-v1-1.6.37+67f9824077.jar, it does not contain dependency information.
[15Mar2026 03:04:12.272] [main/DEBUG] [net.minecraftforge.fml.loading.moddiscovery.AbstractJarFileDependencyLocator/]: Failed to load resource META-INF\jarjar\metadata.json from fabric-biome-api-v1-13.0.14+dc36698e77.jar, it does not contain dependency information.
[15Mar2026 03:04:12.272] [main/DEBUG] [net.minecraftforge.fml.loading.moddiscovery.AbstractJarFileDependencyLocator/]: Failed to load resource META-INF\jarjar\metadata.json from fabric-block-api-v1-1.0.12+0e6cb7f777.jar, it does not contain dependency information.
[15Mar2026 03:04:12.272] [main/DEBUG] [net.minecraftforge.fml.loading.moddiscovery.AbstractJarFileDependencyLocator/]: Failed to load resource META-INF\jarjar\metadata.json from fabric-block-view-api-v2-1.0.3+53347ba977.jar, it does not contain dependency information.
[15Mar2026 03:04:12.272] [main/DEBUG] [net.minecraftforge.fml.loading.moddiscovery.AbstractJarFileDependencyLocator/]: Failed to load resource META-INF\jarjar\metadata.json from fabric-blockrenderlayer-v1-1.1.42+1d0da21e77.jar, it does not contain dependency information.
[15Mar2026 03:04:12.272] [main/DEBUG] [net.minecraftforge.fml.loading.moddiscovery.AbstractJarFileDependencyLocator/]: Failed to load resource META-INF\jarjar\metadata.json from fabric-client-tags-api-v1-1.1.3+5d6761b877.jar, it does not contain dependency information.
[15Mar2026 03:04:12.272] [main/DEBUG] [net.minecraftforge.fml.loading.moddiscovery.AbstractJarFileDependencyLocator/]: Failed to load resource META-INF\jarjar\metadata.json from fabric-command-api-v2-2.2.14+561530ec77.jar, it does not contain dependency information.
[15Mar2026 03:04:12.272] [main/DEBUG] [net.minecraftforge.fml.loading.moddiscovery.AbstractJarFileDependencyLocator/]: Failed to load resource META-INF\jarjar\metadata.json from fabric-content-registries-v0-4.0.13+a670df1e77.jar, it does not contain dependency information.
[15Mar2026 03:04:12.272] [main/DEBUG] [net.minecraftforge.fml.loading.moddiscovery.AbstractJarFileDependencyLocator/]: Failed to load resource META-INF\jarjar\metadata.json from fabric-convention-tags-v1-1.5.6+fa3d1c0177.jar, it does not contain dependency information.
[15Mar2026 03:04:12.272] [main/DEBUG] [net.minecraftforge.fml.loading.moddiscovery.AbstractJarFileDependencyLocator/]: Failed to load resource META-INF\jarjar\metadata.json from fabric-data-attachment-api-v1-1.0.2+30ef839e77.jar, it does not contain dependency information.
[15Mar2026 03:04:12.272] [main/DEBUG] [net.minecraftforge.fml.loading.moddiscovery.AbstractJarFileDependencyLocator/]: Failed to load resource META-INF\jarjar\metadata.json from fabric-data-generation-api-v1-12.3.7+369cb3a477.jar, it does not contain dependency information.
[15Mar2026 03:04:12.272] [main/DEBUG] [net.minecraftforge.fml.loading.moddiscovery.AbstractJarFileDependencyLocator/]: Failed to load resource META-INF\jarjar\metadata.json from fabric-dimensions-v1-2.1.55+8005d10d77.jar, it does not contain dependency information.
[15Mar2026 03:04:12.272] [main/DEBUG] [net.minecraftforge.fml.loading.moddiscovery.AbstractJarFileDependencyLocator/]: Failed to load resource META-INF\jarjar\metadata.json from fabric-entity-events-v1-1.6.1+4ca7515277.jar, it does not contain dependency information.
[15Mar2026 03:04:12.272] [main/DEBUG] [net.minecraftforge.fml.loading.moddiscovery.AbstractJarFileDependencyLocator/]: Failed to load resource META-INF\jarjar\metadata.json from fabric-events-interaction-v0-0.6.5+0f26153f77.jar, it does not contain dependency information.
[15Mar2026 03:04:12.272] [main/DEBUG] [net.minecraftforge.fml.loading.moddiscovery.AbstractJarFileDependencyLocator/]: Failed to load resource META-INF\jarjar\metadata.json from fabric-game-rule-api-v1-1.0.41+683d4da877.jar, it does not contain dependency information.
[15Mar2026 03:04:12.272] [main/DEBUG] [net.minecraftforge.fml.loading.moddiscovery.AbstractJarFileDependencyLocator/]: Failed to load resource META-INF\jarjar\metadata.json from fabric-item-api-v1-2.1.29+4d0bbcfa77.jar, it does not contain dependency information.
[15Mar2026 03:04:12.272] [main/DEBUG] [net.minecraftforge.fml.loading.moddiscovery.AbstractJarFileDependencyLocator/]: Failed to load resource META-INF\jarjar\metadata.json from fabric-item-group-api-v1-4.0.14+c9161c2d77.jar, it does not contain dependency information.
[15Mar2026 03:04:12.272] [main/DEBUG] [net.minecraftforge.fml.loading.moddiscovery.AbstractJarFileDependencyLocator/]: Failed to load resource META-INF\jarjar\metadata.json from fabric-key-binding-api-v1-1.0.38+561530ec77.jar, it does not contain dependency information.
[15Mar2026 03:04:12.272] [main/DEBUG] [net.minecraftforge.fml.loading.moddiscovery.AbstractJarFileDependencyLocator/]: Failed to load resource META-INF\jarjar\metadata.json from fabric-lifecycle-events-v1-2.2.23+afab492177.jar, it does not contain dependency information.
[15Mar2026 03:04:12.272] [main/DEBUG] [net.minecraftforge.fml.loading.moddiscovery.AbstractJarFileDependencyLocator/]: Failed to load resource META-INF\jarjar\metadata.json from fabric-loot-api-v2-1.2.3+eb28f93e77.jar, it does not contain dependency information.
[15Mar2026 03:04:12.272] [main/DEBUG] [net.minecraftforge.fml.loading.moddiscovery.AbstractJarFileDependencyLocator/]: Failed to load resource META-INF\jarjar\metadata.json from fabric-message-api-v1-5.1.10+52cc178c77.jar, it does not contain dependency information.
[15Mar2026 03:04:12.272] [main/DEBUG] [net.minecraftforge.fml.loading.moddiscovery.AbstractJarFileDependencyLocator/]: Failed to load resource META-INF\jarjar\metadata.json from fabric-mining-level-api-v1-2.1.52+561530ec77.jar, it does not contain dependency information.
[15Mar2026 03:04:12.272] [main/DEBUG] [net.minecraftforge.fml.loading.moddiscovery.AbstractJarFileDependencyLocator/]: Failed to load resource META-INF\jarjar\metadata.json from fabric-model-loading-api-v1-1.0.4+6274ab9d77.jar, it does not contain dependency information.
[15Mar2026 03:04:12.272] [main/DEBUG] [net.minecraftforge.fml.loading.moddiscovery.AbstractJarFileDependencyLocator/]: Failed to load resource META-INF\jarjar\metadata.json from fabric-networking-api-v1-1.3.14+fb7c822677.jar, it does not contain dependency information.
[15Mar2026 03:04:12.272] [main/DEBUG] [net.minecraftforge.fml.loading.moddiscovery.AbstractJarFileDependencyLocator/]: Failed to load resource META-INF\jarjar\metadata.json from fabric-object-builder-api-v1-11.1.5+f8c414ce77.jar, it does not contain dependency information.
[15Mar2026 03:04:12.272] [main/DEBUG] [net.minecraftforge.fml.loading.moddiscovery.AbstractJarFileDependencyLocator/]: Failed to load resource META-INF\jarjar\metadata.json from fabric-particles-v1-1.1.3+78e1ecb877.jar, it does not contain dependency information.
[15Mar2026 03:04:12.272] [main/DEBUG] [net.minecraftforge.fml.loading.moddiscovery.AbstractJarFileDependencyLocator/]: Failed to load resource META-INF\jarjar\metadata.json from fabric-recipe-api-v1-1.0.24+514a076577.jar, it does not contain dependency information.
[15Mar2026 03:04:12.273] [main/DEBUG] [net.minecraftforge.fml.loading.moddiscovery.AbstractJarFileDependencyLocator/]: Failed to load resource META-INF\jarjar\metadata.json from fabric-registry-sync-v0-2.3.6+1c0ea72177.jar, it does not contain dependency information.
[15Mar2026 03:04:12.273] [main/DEBUG] [net.minecraftforge.fml.loading.moddiscovery.AbstractJarFileDependencyLocator/]: Failed to load resource META-INF\jarjar\metadata.json from fabric-renderer-api-v1-3.2.2+cf68abbe77.jar, it does not contain dependency information.
[15Mar2026 03:04:12.273] [main/DEBUG] [net.minecraftforge.fml.loading.moddiscovery.AbstractJarFileDependencyLocator/]: Failed to load resource META-INF\jarjar\metadata.json from fabric-renderer-indigo-1.5.3+b5b2da4177.jar, it does not contain dependency information.
[15Mar2026 03:04:12.273] [main/DEBUG] [net.minecraftforge.fml.loading.moddiscovery.AbstractJarFileDependencyLocator/]: Failed to load resource META-INF\jarjar\metadata.json from fabric-rendering-fluids-v1-3.0.29+4ac5e37a77.jar, it does not contain dependency information.
[15Mar2026 03:04:12.273] [main/DEBUG] [net.minecraftforge.fml.loading.moddiscovery.AbstractJarFileDependencyLocator/]: Failed to load resource META-INF\jarjar\metadata.json from fabric-rendering-v1-3.0.9+66e9a48f77.jar, it does not contain dependency information.
[15Mar2026 03:04:12.273] [main/DEBUG] [net.minecraftforge.fml.loading.moddiscovery.AbstractJarFileDependencyLocator/]: Failed to load resource META-INF\jarjar\metadata.json from fabric-resource-conditions-api-v1-2.3.9+996d00b277.jar, it does not contain dependency information.
[15Mar2026 03:04:12.273] [main/DEBUG] [net.minecraftforge.fml.loading.moddiscovery.AbstractJarFileDependencyLocator/]: Failed to load resource META-INF\jarjar\metadata.json from fabric-resource-loader-v0-0.11.12+4b4151c077.jar, it does not contain dependency information.
[15Mar2026 03:04:12.273] [main/DEBUG] [net.minecraftforge.fml.loading.moddiscovery.AbstractJarFileDependencyLocator/]: Failed to load resource META-INF\jarjar\metadata.json from fabric-screen-api-v1-2.0.9+45a670a577.jar, it does not contain dependency information.
[15Mar2026 03:04:12.273] [main/DEBUG] [net.minecraftforge.fml.loading.moddiscovery.AbstractJarFileDependencyLocator/]: Failed to load resource META-INF\jarjar\metadata.json from fabric-screen-handler-api-v1-1.3.33+561530ec77.jar, it does not contain dependency information.
[15Mar2026 03:04:12.273] [main/DEBUG] [net.minecraftforge.fml.loading.moddiscovery.AbstractJarFileDependencyLocator/]: Failed to load resource META-INF\jarjar\metadata.json from fabric-sound-api-v1-1.0.14+4f23bd8477.jar, it does not contain dependency information.
[15Mar2026 03:04:12.273] [main/DEBUG] [net.minecraftforge.fml.loading.moddiscovery.AbstractJarFileDependencyLocator/]: Failed to load resource META-INF\jarjar\metadata.json from fabric-transfer-api-v1-3.3.6+631c9cd677.jar, it does not contain dependency information.
[15Mar2026 03:04:12.273] [main/DEBUG] [net.minecraftforge.fml.loading.moddiscovery.AbstractJarFileDependencyLocator/]: Failed to load resource META-INF\jarjar\metadata.json from fabric-transitive-access-wideners-v1-4.3.2+1880499877.jar, it does not contain dependency information.
[15Mar2026 03:04:12.273] [main/DEBUG] [net.minecraftforge.fml.loading.moddiscovery.AbstractJarFileDependencyLocator/]: Failed to load resource META-INF\jarjar\metadata.json from fabric-command-api-v1-1.2.35+f71b366f77.jar, it does not contain dependency information.
[15Mar2026 03:04:12.273] [main/DEBUG] [net.minecraftforge.fml.loading.moddiscovery.AbstractJarFileDependencyLocator/]: Failed to load resource META-INF\jarjar\metadata.json from fabric-models-v0-0.4.3+7c3892a477.jar, it does not contain dependency information.
[15Mar2026 03:04:12.273] [main/DEBUG] [net.minecraftforge.fml.loading.moddiscovery.AbstractJarFileDependencyLocator/]: Failed to load resource META-INF\jarjar\metadata.json from fabric-rendering-data-attachment-v1-0.3.39+a6081afc77.jar, it does not contain dependency information.
[15Mar2026 03:04:12.278] [main/DEBUG] [net.minecraftforge.fml.loading.moddiscovery.AbstractJarFileDependencyLocator/]: Failed to load resource META-INF\jarjar\metadata.json from Registrate-MC1.20-1.3.3.jar, it does not contain dependency information.
[15Mar2026 03:04:12.278] [main/DEBUG] [net.minecraftforge.fml.loading.moddiscovery.AbstractJarFileDependencyLocator/]: Failed to load resource META-INF\jarjar\metadata.json from flywheel-forge-1.20.1-1.0.5.jar, it does not contain dependency information.
[15Mar2026 03:04:12.280] [main/DEBUG] [net.minecraftforge.fml.loading.moddiscovery.AbstractJarFileDependencyLocator/]: Failed to load resource META-INF\jarjar\metadata.json from Ponder-Forge-1.20.1-1.0.91.jar, it does not contain dependency information.
[15Mar2026 03:04:12.280] [main/DEBUG] [net.minecraftforge.fml.loading.moddiscovery.AbstractJarFileDependencyLocator/]: Failed to load resource META-INF\jarjar\metadata.json from kuma-api-forge-20.1.12+1.20.1.jar, it does not contain dependency information.
[15Mar2026 03:04:12.280] [main/DEBUG] [net.minecraftforge.fml.loading.moddiscovery.AbstractJarFileDependencyLocator/]: Failed to load resource META-INF\jarjar\metadata.json from commonmark-0.27.0.jar, it does not contain dependency information.
[15Mar2026 03:04:12.280] [main/DEBUG] [net.minecraftforge.fml.loading.moddiscovery.AbstractJarFileDependencyLocator/]: Failed to load resource META-INF\jarjar\metadata.json from commonmark-ext-gfm-strikethrough-0.27.0.jar, it does not contain dependency information.
[15Mar2026 03:04:12.280] [main/DEBUG] [net.minecraftforge.fml.loading.moddiscovery.AbstractJarFileDependencyLocator/]: Failed to load resource META-INF\jarjar\metadata.json from commonmark-ext-ins-0.27.0.jar, it does not contain dependency information.
[15Mar2026 03:04:12.280] [main/DEBUG] [net.minecraftforge.fml.loading.moddiscovery.AbstractJarFileDependencyLocator/]: Failed to load resource META-INF\jarjar\metadata.json from baubly-forge-1.20.1-1.0.1.jar, it does not contain dependency information.
[15Mar2026 03:04:12.286] [main/DEBUG] [net.minecraftforge.fml.loading.moddiscovery.AbstractJarFileDependencyLocator/]: Failed to load resource META-INF\jarjar\metadata.json from flywheel-forge-1.20.1-1.0.2.jar, it does not contain dependency information.
[15Mar2026 03:04:12.286] [main/DEBUG] [net.minecraftforge.fml.loading.moddiscovery.AbstractJarFileDependencyLocator/]: Failed to load resource META-INF\jarjar\metadata.json from botarium-forge-1.20.1-2.3.4.jar, it does not contain dependency information.
[15Mar2026 03:04:12.286] [main/DEBUG] [net.minecraftforge.fml.loading.moddiscovery.AbstractJarFileDependencyLocator/]: Failed to load resource META-INF\jarjar\metadata.json from resourceful-cosmetics-4j-1.0.5.jar, it does not contain dependency information.
[15Mar2026 03:04:12.287] [main/DEBUG] [net.minecraftforge.fml.loading.moddiscovery.ModFileParser/LOADING]: Considering mod file candidate 
[15Mar2026 03:04:12.287] [main/DEBUG] [net.minecraftforge.fml.loading.moddiscovery.ModFileInfo/LOADING]: Found valid mod file kittynetworking-0.1.29-1.20.1-forge.jar with {kittynetworking} mods - versions {0.1.29}
[15Mar2026 03:04:12.290] [main/DEBUG] [net.minecraftforge.fml.loading.moddiscovery.AbstractJarFileDependencyLocator/]: Failed to load resource META-INF\jarjar\metadata.json from Java-WebSocket-1.5.6.jar, it does not contain dependency information.
[15Mar2026 03:04:12.290] [main/DEBUG] [net.minecraftforge.fml.loading.moddiscovery.AbstractJarFileDependencyLocator/]: Failed to load resource META-INF\jarjar\metadata.json from javaparser-symbol-solver-core-3.25.8.jar, it does not contain dependency information.
[15Mar2026 03:04:12.290] [main/DEBUG] [net.minecraftforge.fml.loading.moddiscovery.AbstractJarFileDependencyLocator/]: Failed to load resource META-INF\jarjar\metadata.json from javaparser-core-3.25.8.jar, it does not contain dependency information.
[15Mar2026 03:04:12.290] [main/DEBUG] [net.minecraftforge.fml.loading.moddiscovery.AbstractJarFileDependencyLocator/]: Failed to load resource META-INF\jarjar\metadata.json from vineflower-1.10.1.jar, it does not contain dependency information.
[15Mar2026 03:04:12.290] [main/DEBUG] [net.minecraftforge.fml.loading.moddiscovery.AbstractJarFileDependencyLocator/]: Failed to load resource META-INF\jarjar\metadata.json from puzzlesaccessapi-forge-20.1.1.jar, it does not contain dependency information.
[15Mar2026 03:04:12.292] [main/DEBUG] [net.minecraftforge.fml.loading.moddiscovery.AbstractJarFileDependencyLocator/]: Failed to load resource META-INF\jarjar\metadata.json from spectrelib-forge-0.13.15+1.20.1.jar, it does not contain dependency information.
[15Mar2026 03:04:12.294] [main/DEBUG] [net.minecraftforge.fml.loading.moddiscovery.AbstractJarFileDependencyLocator/]: Failed to load resource META-INF\jarjar\metadata.json from Registrate-MC1.20-1.3.11.jar, it does not contain dependency information.
[15Mar2026 03:04:12.294] [main/DEBUG] [net.minecraftforge.fml.loading.moddiscovery.AbstractJarFileDependencyLocator/]: Failed to load resource META-INF\jarjar\metadata.json from l2serial-1.2.2.jar, it does not contain dependency information.
[15Mar2026 03:04:12.294] [main/DEBUG] [net.minecraftforge.fml.loading.moddiscovery.AbstractJarFileDependencyLocator/]: Failed to load resource META-INF\jarjar\metadata.json from l2tabs-0.3.1.jar, it does not contain dependency information.
[15Mar2026 03:04:12.294] [main/DEBUG] [net.minecraftforge.fml.loading.moddiscovery.AbstractJarFileDependencyLocator/]: Failed to load resource META-INF\jarjar\metadata.json from l2screentracker-0.1.4.jar, it does not contain dependency information.
[15Mar2026 03:04:12.294] [main/DEBUG] [net.minecraftforge.fml.loading.moddiscovery.AbstractJarFileDependencyLocator/]: Failed to load resource META-INF\jarjar\metadata.json from l2damagetracker-0.3.8.jar, it does not contain dependency information.
[15Mar2026 03:04:12.294] [main/DEBUG] [net.minecraftforge.fml.loading.moddiscovery.AbstractJarFileDependencyLocator/]: Failed to load resource META-INF\jarjar\metadata.json from l2itemselector-0.1.7.jar, it does not contain dependency information.
[15Mar2026 03:04:12.294] [main/DEBUG] [net.minecraftforge.fml.loading.moddiscovery.AbstractJarFileDependencyLocator/]: Failed to load resource META-INF\jarjar\metadata.json from l2library-2.4.23-slim.jar, it does not contain dependency information.
[15Mar2026 03:04:12.296] [main/DEBUG] [net.minecraftforge.fml.loading.moddiscovery.AbstractJarFileDependencyLocator/]: Failed to load resource META-INF\jarjar\metadata.json from TRender-1.0.10-1.20.1-forge-SNAPSHOT.jar, it does not contain dependency information.
[15Mar2026 03:04:12.296] [main/DEBUG] [net.minecraftforge.fml.loading.moddiscovery.AbstractJarFileDependencyLocator/]: Failed to load resource META-INF\jarjar\metadata.json from TRansition-1.0.11-1.20.1-forge-SNAPSHOT.jar, it does not contain dependency information.
[15Mar2026 03:04:12.296] [main/DEBUG] [net.minecraftforge.fml.loading.moddiscovery.AbstractJarFileDependencyLocator/]: Failed to load resource META-INF\jarjar\metadata.json from thermal_core-1.20.1-11.0.6.24.jar, it does not contain dependency information.
[15Mar2026 03:04:12.296] [main/DEBUG] [net.minecraftforge.fml.loading.moddiscovery.AbstractJarFileDependencyLocator/]: Failed to load resource META-INF\jarjar\metadata.json from EvalEx-3.2.0.jar, it does not contain dependency information.
[15Mar2026 03:04:12.296] [main/DEBUG] [net.minecraftforge.fml.loading.moddiscovery.ModFileParser/LOADING]: Considering mod file candidate 
[15Mar2026 03:04:12.296] [main/DEBUG] [net.minecraftforge.fml.loading.moddiscovery.ModFileInfo/LOADING]: Found valid mod file mixinextras-forge-0.3.2.jar with {mixinextras} mods - versions {0.3.2}
[15Mar2026 03:04:12.296] [main/DEBUG] [net.minecraftforge.fml.loading.moddiscovery.AbstractJarFileDependencyLocator/]: Failed to load resource META-INF\jarjar\metadata.json from nucleus-config-forge-1.20.1+1.1.5.jar, it does not contain dependency information.
[15Mar2026 03:04:12.296] [main/DEBUG] [net.minecraftforge.fml.loading.moddiscovery.AbstractJarFileDependencyLocator/]: Failed to load resource META-INF\jarjar\metadata.json from nucleus-pose-forge-1.20.1+1.0.0.jar, it does not contain dependency information.
[15Mar2026 03:04:12.296] [main/DEBUG] [net.minecraftforge.fml.loading.moddiscovery.AbstractJarFileDependencyLocator/]: Failed to load resource META-INF\jarjar\metadata.json from nucleus-facet-forge-1.20.1+1.0.0.jar, it does not contain dependency information.
[15Mar2026 03:04:12.298] [main/DEBUG] [net.minecraftforge.fml.loading.moddiscovery.AbstractJarFileDependencyLocator/]: Failed to load resource META-INF\jarjar\metadata.json from nucleus-codec-forge-1.20.1+1.1.4.jar, it does not contain dependency information.
[15Mar2026 03:04:12.299] [main/DEBUG] [net.minecraftforge.fml.loading.moddiscovery.AbstractJarFileDependencyLocator/]: Failed to load resource META-INF\jarjar\metadata.json from midnightlib-1.4.2-forge.jar, it does not contain dependency information.
[15Mar2026 03:04:12.305] [main/DEBUG] [net.minecraftforge.fml.loading.moddiscovery.AbstractJarFileDependencyLocator/]: Failed to load resource META-INF\jarjar\metadata.json from github-api-2.0-rc.4.jar, it does not contain dependency information.
[15Mar2026 03:04:12.307] [main/DEBUG] [net.minecraftforge.fml.loading.moddiscovery.AbstractJarFileDependencyLocator/]: Failed to load resource META-INF\jarjar\metadata.json from BiggerStacksConfigLib-2026.02.25.jar, it does not contain dependency information.
[15Mar2026 03:04:12.307] [main/DEBUG] [net.minecraftforge.fml.loading.moddiscovery.AbstractJarFileDependencyLocator/]: Failed to load resource META-INF\jarjar\metadata.json from BiggerStacksTransformerLib-2026.02.24.jar, it does not contain dependency information.
[15Mar2026 03:04:12.307] [main/DEBUG] [net.minecraftforge.fml.loading.moddiscovery.AbstractJarFileDependencyLocator/]: Failed to load resource META-INF\jarjar\metadata.json from SimpleLoggerWrapper-1.0.jar, it does not contain dependency information.
[15Mar2026 03:04:12.307] [main/DEBUG] [net.minecraftforge.fml.loading.moddiscovery.AbstractJarFileDependencyLocator/]: Failed to load resource META-INF\jarjar\metadata.json from xstream-1.4.21.jar, it does not contain dependency information.
[15Mar2026 03:04:12.310] [main/DEBUG] [net.minecraftforge.fml.loading.moddiscovery.AbstractJarFileDependencyLocator/]: Failed to load resource META-INF\jarjar\metadata.json from snakeyaml-2.2.jar, it does not contain dependency information.
[15Mar2026 03:04:12.310] [main/DEBUG] [net.minecraftforge.fml.loading.moddiscovery.AbstractJarFileDependencyLocator/]: Failed to load resource META-INF\jarjar\metadata.json from dazzleconf-core-1.3.0-M2.jar, it does not contain dependency information.
[15Mar2026 03:04:12.310] [main/DEBUG] [net.minecraftforge.fml.loading.moddiscovery.AbstractJarFileDependencyLocator/]: Failed to load resource META-INF\jarjar\metadata.json from dazzleconf-ext-snakeyaml-1.3.0-M2.jar, it does not contain dependency information.
[15Mar2026 03:04:12.310] [main/DEBUG] [net.minecraftforge.fml.loading.moddiscovery.AbstractJarFileDependencyLocator/]: Failed to load resource META-INF\jarjar\metadata.json from DiscordIPC-a8d6631cc9.jar, it does not contain dependency information.
[15Mar2026 03:04:12.310] [main/DEBUG] [net.minecraftforge.fml.loading.moddiscovery.AbstractJarFileDependencyLocator/]: Failed to load resource META-INF\jarjar\metadata.json from junixsocket-common-2.6.2.jar, it does not contain dependency information.
[15Mar2026 03:04:12.310] [main/DEBUG] [net.minecraftforge.fml.loading.moddiscovery.AbstractJarFileDependencyLocator/]: Failed to load resource META-INF\jarjar\metadata.json from junixsocket-native-common-2.6.2.jar, it does not contain dependency information.
[15Mar2026 03:04:12.310] [main/DEBUG] [net.minecraftforge.fml.loading.moddiscovery.AbstractJarFileDependencyLocator/]: Failed to load resource META-INF\jarjar\metadata.json from json-20210307.jar, it does not contain dependency information.
[15Mar2026 03:04:12.319] [main/DEBUG] [net.minecraftforge.fml.loading.moddiscovery.AbstractJarFileDependencyLocator/]: Failed to load resource META-INF\jarjar\metadata.json from lz4-pure-java-1.8.0.jar, it does not contain dependency information.
[15Mar2026 03:04:12.327] [main/DEBUG] [net.minecraftforge.fml.loading.moddiscovery.AbstractJarFileDependencyLocator/]: Failed to load resource META-INF\jarjar\metadata.json from unruled-api-0.4-forge+1.20.jar, it does not contain dependency information.
[15Mar2026 03:04:12.331] [main/DEBUG] [net.minecraftforge.fml.loading.moddiscovery.AbstractJarFileDependencyLocator/]: Failed to load resource META-INF\jarjar\metadata.json from spectrelib-forge-0.13.17+1.20.1.jar, it does not contain dependency information.
[15Mar2026 03:04:12.331] [main/DEBUG] [net.minecraftforge.fml.loading.moddiscovery.AbstractJarFileDependencyLocator/]: Failed to load resource META-INF\jarjar\metadata.json from reach-entity-attributes-2.4.0.jar, it does not contain dependency information.
[15Mar2026 03:04:12.331] [main/DEBUG] [net.minecraftforge.fml.loading.moddiscovery.AbstractJarFileDependencyLocator/]: Failed to load resource META-INF\jarjar\metadata.json from rei-bridge-1.11.2+1.20.1.jar, it does not contain dependency information.
[15Mar2026 03:04:12.331] [main/DEBUG] [net.minecraftforge.fml.loading.moddiscovery.AbstractJarFileDependencyLocator/]: Failed to load resource META-INF\jarjar\metadata.json from emi-bridge-1.11.2+1.20.1.jar, it does not contain dependency information.
[15Mar2026 03:04:12.331] [main/DEBUG] [net.minecraftforge.fml.loading.moddiscovery.AbstractJarFileDependencyLocator/]: Failed to load resource META-INF\jarjar\metadata.json from energy-bridge-1.11.2+1.20.1.jar, it does not contain dependency information.
[15Mar2026 03:04:12.331] [main/DEBUG] [net.minecraftforge.fml.loading.moddiscovery.AbstractJarFileDependencyLocator/]: Failed to load resource META-INF\jarjar\metadata.json from architectury-bridge-1.11.2+1.20.1.jar, it does not contain dependency information.
[15Mar2026 03:04:12.331] [main/DEBUG] [net.minecraftforge.fml.loading.moddiscovery.AbstractJarFileDependencyLocator/]: Failed to load resource META-INF\jarjar\metadata.json from terrablender-bridge-1.11.2+1.20.1.jar, it does not contain dependency information.
[15Mar2026 03:04:12.331] [main/DEBUG] [net.minecraftforge.fml.loading.moddiscovery.AbstractJarFileDependencyLocator/]: Failed to load resource META-INF\jarjar\metadata.json from geckolib-fabric-compat-1.11.2+1.20.1.jar, it does not contain dependency information.
[15Mar2026 03:04:12.331] [main/DEBUG] [net.minecraftforge.fml.loading.moddiscovery.AbstractJarFileDependencyLocator/]: Failed to load resource META-INF\jarjar\metadata.json from modmenu-bridge-1.11.2+1.20.1.jar, it does not contain dependency information.
[15Mar2026 03:04:12.331] [main/DEBUG] [net.minecraftforge.fml.loading.moddiscovery.AbstractJarFileDependencyLocator/]: Failed to load resource META-INF\jarjar\metadata.json from amecsapi-1.5.3+mc1.20-pre1.jar, it does not contain dependency information.
[15Mar2026 03:04:12.331] [main/DEBUG] [net.minecraftforge.fml.loading.moddiscovery.AbstractJarFileDependencyLocator/]: Failed to load resource META-INF\jarjar\metadata.json from forgeconfigapiport-1.11.2+1.20.1.jar, it does not contain dependency information.
[15Mar2026 03:04:12.331] [main/DEBUG] [net.minecraftforge.fml.loading.moddiscovery.AbstractJarFileDependencyLocator/]: Failed to load resource META-INF\jarjar\metadata.json from extras-utils-1.11.2+1.20.1.jar, it does not contain dependency information.
[15Mar2026 03:04:12.331] [main/DEBUG] [net.minecraftforge.fml.loading.moddiscovery.AbstractJarFileDependencyLocator/]: Failed to load resource META-INF\jarjar\metadata.json from kubejs-bridge-1.11.2+1.20.1.jar, it does not contain dependency information.
[15Mar2026 03:04:12.331] [main/DEBUG] [net.minecraftforge.fml.loading.moddiscovery.AbstractJarFileDependencyLocator/]: Failed to load resource META-INF\jarjar\metadata.json from jei-bridge-1.11.2+1.20.1.jar, it does not contain dependency information.
[15Mar2026 03:04:12.331] [main/DEBUG] [net.minecraftforge.fml.loading.moddiscovery.AbstractJarFileDependencyLocator/]: Failed to load resource META-INF\jarjar\metadata.json from pehkui-bridge-1.11.2+1.20.1.jar, it does not contain dependency information.
[15Mar2026 03:04:12.331] [main/DEBUG] [net.minecraftforge.fml.loading.moddiscovery.AbstractJarFileDependencyLocator/]: Failed to load resource META-INF\jarjar\metadata.json from MixinExtras-0.2.0.jar, it does not contain dependency information.
[15Mar2026 03:04:12.331] [main/DEBUG] [net.minecraftforge.fml.loading.moddiscovery.AbstractJarFileDependencyLocator/]: Failed to load resource META-INF\jarjar\metadata.json from MixinExtras-0.2.0-beta.9.jar, it does not contain dependency information.
[15Mar2026 03:04:12.331] [main/DEBUG] [net.minecraftforge.fml.loading.moddiscovery.AbstractJarFileDependencyLocator/]: Failed to load resource META-INF\jarjar\metadata.json from MixinExtras-0.3.6.jar, it does not contain dependency information.
[15Mar2026 03:04:12.331] [main/DEBUG] [net.minecraftforge.fml.loading.moddiscovery.AbstractJarFileDependencyLocator/]: Failed to load resource META-INF\jarjar\metadata.json from MixinSquared-0.1.1.jar, it does not contain dependency information.
[15Mar2026 03:04:12.331] [main/DEBUG] [net.minecraftforge.fml.loading.moddiscovery.AbstractJarFileDependencyLocator/]: Failed to load resource META-INF\jarjar\metadata.json from MixinExtras-0.5.0.jar, it does not contain dependency information.
[15Mar2026 03:04:12.332] [main/DEBUG] [net.minecraftforge.fml.loading.moddiscovery.AbstractJarFileDependencyLocator/]: Failed to load resource META-INF\jarjar\metadata.json from MixinExtras-0.4.1.jar, it does not contain dependency information.
[15Mar2026 03:04:12.332] [main/DEBUG] [net.minecraftforge.fml.loading.moddiscovery.AbstractJarFileDependencyLocator/]: Failed to load resource META-INF\jarjar\metadata.json from MixinExtras-0.3.6.jar, it does not contain dependency information.
[15Mar2026 03:04:12.332] [main/DEBUG] [net.minecraftforge.fml.loading.moddiscovery.AbstractJarFileDependencyLocator/]: Failed to load resource META-INF\jarjar\metadata.json from MixinExtras-0.2.0-rc.2.jar, it does not contain dependency information.
[15Mar2026 03:04:12.332] [main/DEBUG] [net.minecraftforge.fml.loading.moddiscovery.AbstractJarFileDependencyLocator/]: Failed to load resource META-INF\jarjar\metadata.json from MixinExtras-0.3.5.jar, it does not contain dependency information.
[15Mar2026 03:04:12.332] [main/DEBUG] [net.minecraftforge.fml.loading.moddiscovery.AbstractJarFileDependencyLocator/]: Failed to load resource META-INF\jarjar\metadata.json from MixinExtras-0.3.2.jar, it does not contain dependency information.
[15Mar2026 03:04:12.332] [main/DEBUG] [net.minecraftforge.fml.loading.moddiscovery.AbstractJarFileDependencyLocator/]: Failed to load resource META-INF\jarjar\metadata.json from MixinExtras-0.3.5.jar, it does not contain dependency information.
[15Mar2026 03:04:12.332] [main/DEBUG] [net.minecraftforge.fml.loading.moddiscovery.AbstractJarFileDependencyLocator/]: Failed to load resource META-INF\jarjar\metadata.json from MixinExtras-0.4.1.jar, it does not contain dependency information.
[15Mar2026 03:04:12.332] [main/DEBUG] [net.minecraftforge.fml.loading.moddiscovery.AbstractJarFileDependencyLocator/]: Failed to load resource META-INF\jarjar\metadata.json from MixinExtras-0.3.2.jar, it does not contain dependency information.
[15Mar2026 03:04:12.332] [main/DEBUG] [net.minecraftforge.fml.loading.moddiscovery.AbstractJarFileDependencyLocator/]: Failed to load resource META-INF\jarjar\metadata.json from MixinExtras-0.2.0-beta.7.jar, it does not contain dependency information.
[15Mar2026 03:04:12.332] [main/DEBUG] [net.minecraftforge.fml.loading.moddiscovery.AbstractJarFileDependencyLocator/]: Failed to load resource META-INF\jarjar\metadata.json from MixinExtras-0.4.1.jar, it does not contain dependency information.
[15Mar2026 03:04:12.332] [main/DEBUG] [net.minecraftforge.fml.loading.moddiscovery.AbstractJarFileDependencyLocator/]: Failed to load resource META-INF\jarjar\metadata.json from MixinExtras-0.2.0.jar, it does not contain dependency information.
[15Mar2026 03:04:12.332] [main/DEBUG] [net.minecraftforge.fml.loading.moddiscovery.AbstractJarFileDependencyLocator/]: Failed to load resource META-INF\jarjar\metadata.json from MixinExtras-0.3.2.jar, it does not contain dependency information.
[15Mar2026 03:04:12.332] [main/DEBUG] [net.minecraftforge.fml.loading.moddiscovery.AbstractJarFileDependencyLocator/]: Failed to load resource META-INF\jarjar\metadata.json from MixinExtras-0.2.0-beta.9.jar, it does not contain dependency information.
[15Mar2026 03:04:12.332] [main/DEBUG] [net.minecraftforge.fml.loading.moddiscovery.AbstractJarFileDependencyLocator/]: Failed to load resource META-INF\jarjar\metadata.json from MixinExtras-0.4.1.jar, it does not contain dependency information.
[15Mar2026 03:04:12.332] [main/DEBUG] [net.minecraftforge.fml.loading.moddiscovery.AbstractJarFileDependencyLocator/]: Failed to load resource META-INF\jarjar\metadata.json from MixinExtras-0.3.2.jar, it does not contain dependency information.
[15Mar2026 03:04:12.332] [main/DEBUG] [net.minecraftforge.fml.loading.moddiscovery.AbstractJarFileDependencyLocator/]: Failed to load resource META-INF\jarjar\metadata.json from MixinExtras-0.4.1.jar, it does not contain dependency information.
[15Mar2026 03:04:12.332] [main/DEBUG] [net.minecraftforge.fml.loading.moddiscovery.AbstractJarFileDependencyLocator/]: Failed to load resource META-INF\jarjar\metadata.json from MixinExtras-0.4.1.jar, it does not contain dependency information.
[15Mar2026 03:04:12.332] [main/DEBUG] [net.minecraftforge.fml.loading.moddiscovery.AbstractJarFileDependencyLocator/]: Failed to load resource META-INF\jarjar\metadata.json from MixinExtras-0.2.0-beta.7.jar, it does not contain dependency information.
[15Mar2026 03:04:12.332] [main/DEBUG] [net.minecraftforge.fml.loading.moddiscovery.AbstractJarFileDependencyLocator/]: Failed to load resource META-INF\jarjar\metadata.json from MixinSquared-0.1.2-beta.6.jar, it does not contain dependency information.
[15Mar2026 03:04:12.332] [main/DEBUG] [net.minecraftforge.fml.loading.moddiscovery.AbstractJarFileDependencyLocator/]: Failed to load resource META-INF\jarjar\metadata.json from MixinExtras-0.4.1.jar, it does not contain dependency information.
[15Mar2026 03:04:12.332] [main/DEBUG] [net.minecraftforge.fml.loading.moddiscovery.AbstractJarFileDependencyLocator/]: Failed to load resource META-INF\jarjar\metadata.json from MixinExtras-0.5.0.jar, it does not contain dependency information.
[15Mar2026 03:04:12.332] [main/DEBUG] [net.minecraftforge.fml.loading.moddiscovery.AbstractJarFileDependencyLocator/]: Failed to load resource META-INF\jarjar\metadata.json from MixinExtras-0.4.1.jar, it does not contain dependency information.
[15Mar2026 03:04:12.332] [main/DEBUG] [net.minecraftforge.fml.loading.moddiscovery.AbstractJarFileDependencyLocator/]: Failed to load resource META-INF\jarjar\metadata.json from MixinExtras-0.5.0.jar, it does not contain dependency information.
[15Mar2026 03:04:12.333] [main/DEBUG] [net.minecraftforge.fml.loading.moddiscovery.AbstractJarFileDependencyLocator/]: Failed to load resource META-INF\jarjar\metadata.json from kittynetworking-0.1.29-1.20.1-forge.jar, it does not contain dependency information.
[15Mar2026 03:04:12.333] [main/DEBUG] [net.minecraftforge.fml.loading.moddiscovery.AbstractJarFileDependencyLocator/]: Failed to load resource META-INF\jarjar\metadata.json from json5k-jvm-0.3.0.jar, it does not contain dependency information.
[15Mar2026 03:04:12.333] [main/DEBUG] [net.minecraftforge.fml.loading.moddiscovery.AbstractJarFileDependencyLocator/]: Failed to load resource META-INF\jarjar\metadata.json from tomlkt-jvm-0.4.0.jar, it does not contain dependency information.
[15Mar2026 03:04:12.333] [main/DEBUG] [net.minecraftforge.fml.loading.moddiscovery.AbstractJarFileDependencyLocator/]: Failed to load resource META-INF\jarjar\metadata.json from MixinExtras-0.4.1.jar, it does not contain dependency information.
[15Mar2026 03:04:12.333] [main/DEBUG] [net.minecraftforge.fml.loading.moddiscovery.AbstractJarFileDependencyLocator/]: Failed to load resource META-INF\jarjar\metadata.json from yabn-1.0.3.jar, it does not contain dependency information.
[15Mar2026 03:04:12.333] [main/DEBUG] [net.minecraftforge.fml.loading.moddiscovery.AbstractJarFileDependencyLocator/]: Failed to load resource META-INF\jarjar\metadata.json from bytecodecs-1.0.2.jar, it does not contain dependency information.
[15Mar2026 03:04:12.333] [main/DEBUG] [net.minecraftforge.fml.loading.moddiscovery.AbstractJarFileDependencyLocator/]: Failed to load resource META-INF\jarjar\metadata.json from MixinExtras-0.2.0-beta.8.jar, it does not contain dependency information.
[15Mar2026 03:04:12.333] [main/DEBUG] [net.minecraftforge.fml.loading.moddiscovery.AbstractJarFileDependencyLocator/]: Failed to load resource META-INF\jarjar\metadata.json from MixinExtras-0.2.0-rc.2.jar, it does not contain dependency information.
[15Mar2026 03:04:12.334] [main/DEBUG] [net.minecraftforge.fml.loading.moddiscovery.AbstractJarFileDependencyLocator/]: Failed to load resource META-INF\jarjar\metadata.json from MixinExtras-0.4.1.jar, it does not contain dependency information.
[15Mar2026 03:04:12.334] [main/DEBUG] [net.minecraftforge.fml.loading.moddiscovery.AbstractJarFileDependencyLocator/]: Failed to load resource META-INF\jarjar\metadata.json from MixinExtras-0.3.6.jar, it does not contain dependency information.
[15Mar2026 03:04:12.334] [main/DEBUG] [net.minecraftforge.fml.loading.moddiscovery.AbstractJarFileDependencyLocator/]: Failed to load resource META-INF\jarjar\metadata.json from MixinSquared-0.1.1.jar, it does not contain dependency information.
[15Mar2026 03:04:12.334] [main/DEBUG] [net.minecraftforge.fml.loading.moddiscovery.AbstractJarFileDependencyLocator/]: Failed to load resource META-INF\jarjar\metadata.json from MixinExtras-0.5.3.jar, it does not contain dependency information.
[15Mar2026 03:04:12.334] [main/DEBUG] [net.minecraftforge.fml.loading.moddiscovery.AbstractJarFileDependencyLocator/]: Failed to load resource META-INF\jarjar\metadata.json from MixinExtras-0.3.5.jar, it does not contain dependency information.
[15Mar2026 03:04:12.334] [main/DEBUG] [net.minecraftforge.fml.loading.moddiscovery.AbstractJarFileDependencyLocator/]: Failed to load resource META-INF\jarjar\metadata.json from MixinExtras-0.4.1.jar, it does not contain dependency information.
[15Mar2026 03:04:12.334] [main/DEBUG] [net.minecraftforge.fml.loading.moddiscovery.AbstractJarFileDependencyLocator/]: Failed to load resource META-INF\jarjar\metadata.json from MixinExtras-0.3.1.jar, it does not contain dependency information.
[15Mar2026 03:04:12.334] [main/DEBUG] [net.minecraftforge.fml.loading.moddiscovery.AbstractJarFileDependencyLocator/]: Failed to load resource META-INF\jarjar\metadata.json from MixinExtras-0.3.6.jar, it does not contain dependency information.
[15Mar2026 03:04:12.334] [main/DEBUG] [net.minecraftforge.fml.loading.moddiscovery.AbstractJarFileDependencyLocator/]: Failed to load resource META-INF\jarjar\metadata.json from MixinExtras-0.5.0.jar, it does not contain dependency information.
[15Mar2026 03:04:12.334] [main/DEBUG] [net.minecraftforge.fml.loading.moddiscovery.AbstractJarFileDependencyLocator/]: Failed to load resource META-INF\jarjar\metadata.json from saecularia-caudices-forge-1.0.23.jar, it does not contain dependency information.
[15Mar2026 03:04:12.334] [main/DEBUG] [net.minecraftforge.fml.loading.moddiscovery.AbstractJarFileDependencyLocator/]: Failed to load resource META-INF\jarjar\metadata.json from MixinExtras-0.4.1.jar, it does not contain dependency information.
[15Mar2026 03:04:12.334] [main/DEBUG] [net.minecraftforge.fml.loading.moddiscovery.AbstractJarFileDependencyLocator/]: Failed to load resource META-INF\jarjar\metadata.json from MixinExtras-0.2.0-beta.8.jar, it does not contain dependency information.
[15Mar2026 03:04:12.334] [main/DEBUG] [net.minecraftforge.fml.loading.moddiscovery.AbstractJarFileDependencyLocator/]: Failed to load resource META-INF\jarjar\metadata.json from mclib-20.jar, it does not contain dependency information.
[15Mar2026 03:04:12.334] [main/DEBUG] [net.minecraftforge.fml.loading.moddiscovery.AbstractJarFileDependencyLocator/]: Failed to load resource META-INF\jarjar\metadata.json from MixinExtras-0.1.1.jar, it does not contain dependency information.
[15Mar2026 03:04:12.334] [main/DEBUG] [net.minecraftforge.fml.loading.moddiscovery.AbstractJarFileDependencyLocator/]: Failed to load resource META-INF\jarjar\metadata.json from MixinExtras-0.3.5.jar, it does not contain dependency information.
[15Mar2026 03:04:12.334] [main/DEBUG] [net.minecraftforge.fml.loading.moddiscovery.AbstractJarFileDependencyLocator/]: Failed to load resource META-INF\jarjar\metadata.json from MixinExtras-0.3.5.jar, it does not contain dependency information.
[15Mar2026 03:04:12.334] [main/DEBUG] [net.minecraftforge.fml.loading.moddiscovery.AbstractJarFileDependencyLocator/]: Failed to load resource META-INF\jarjar\metadata.json from MixinExtras-0.4.1.jar, it does not contain dependency information.
[15Mar2026 03:04:12.334] [main/DEBUG] [net.minecraftforge.fml.loading.moddiscovery.AbstractJarFileDependencyLocator/]: Failed to load resource META-INF\jarjar\metadata.json from MixinExtras-0.4.1.jar, it does not contain dependency information.
[15Mar2026 03:04:12.334] [main/DEBUG] [net.minecraftforge.fml.loading.moddiscovery.AbstractJarFileDependencyLocator/]: Failed to load resource META-INF\jarjar\metadata.json from MixinExtras-0.2.0-beta.8.jar, it does not contain dependency information.
[15Mar2026 03:04:12.334] [main/DEBUG] [net.minecraftforge.fml.loading.moddiscovery.AbstractJarFileDependencyLocator/]: Failed to load resource META-INF\jarjar\metadata.json from MixinExtras-0.3.2.jar, it does not contain dependency information.
[15Mar2026 03:04:12.349] [main/DEBUG] [net.minecraftforge.fml.loading.moddiscovery.ModFileParser/LOADING]: Considering mod file candidate 
[15Mar2026 03:04:12.349] [main/DEBUG] [net.minecraftforge.fml.loading.moddiscovery.ModFileInfo/LOADING]: Found valid mod file fabric-rendering-v1-3.0.9+66e9a48f77.jar with {fabric_rendering_v1} mods - versions {3.0.9+66e9a48f77}
[15Mar2026 03:04:12.349] [main/DEBUG] [net.minecraftforge.fml.loading.moddiscovery.ModFileParser/LOADING]: Considering mod file candidate 
[15Mar2026 03:04:12.350] [main/DEBUG] [net.minecraftforge.fml.loading.moddiscovery.ModFileInfo/LOADING]: Found valid mod file puzzlesaccessapi-forge-20.1.1.jar with {puzzlesaccessapi} mods - versions {20.1.1}
[15Mar2026 03:04:12.350] [main/DEBUG] [net.minecraftforge.fml.loading.moddiscovery.ModFileParser/LOADING]: Considering mod file candidate 
[15Mar2026 03:04:12.350] [main/DEBUG] [net.minecraftforge.fml.loading.moddiscovery.ModFileInfo/LOADING]: Found valid mod file additionalentityattributes-forge-1.4.0.5+1.20.1.jar with {additionalentityattributes} mods - versions {1.4.0.5+1.20.1}
[15Mar2026 03:04:12.354] [main/DEBUG] [net.minecraftforge.fml.loading.moddiscovery.ModFileParser/LOADING]: Considering mod file candidate 
[15Mar2026 03:04:12.354] [main/DEBUG] [net.minecraftforge.fml.loading.moddiscovery.ModFileInfo/LOADING]: Found valid mod file geckolib-forge-1.20.1-4.4.4.jar with {geckolib} mods - versions {4.4.4}
[15Mar2026 03:04:12.355] [main/DEBUG] [net.minecraftforge.fml.loading.moddiscovery.ModFileParser/LOADING]: Considering mod file candidate 
[15Mar2026 03:04:12.355] [main/DEBUG] [net.minecraftforge.fml.loading.moddiscovery.ModFileInfo/LOADING]: Found valid mod file nucleus-facet-forge-1.20.1+1.0.0.jar with {nucleus_facet} mods - versions {1.0.0}
[15Mar2026 03:04:12.356] [main/DEBUG] [net.minecraftforge.fml.loading.moddiscovery.ModFileParser/LOADING]: Considering mod file candidate 
[15Mar2026 03:04:12.356] [main/DEBUG] [net.minecraftforge.fml.loading.moddiscovery.ModFileInfo/LOADING]: Found valid mod file l2tabs-0.3.1.jar with {l2tabs} mods - versions {0.3.1}
[15Mar2026 03:04:12.358] [main/DEBUG] [net.minecraftforge.fml.loading.moddiscovery.ModFileParser/LOADING]: Considering mod file candidate 
[15Mar2026 03:04:12.358] [main/DEBUG] [net.minecraftforge.fml.loading.moddiscovery.ModFileInfo/LOADING]: Found valid mod file fabric-renderer-indigo-1.5.3+b5b2da4177.jar with {fabric_renderer_indigo} mods - versions {1.5.3+b5b2da4177}
[15Mar2026 03:04:12.366] [main/DEBUG] [net.minecraftforge.fml.loading.moddiscovery.ModFileParser/LOADING]: Considering mod file candidate 
[15Mar2026 03:04:12.366] [main/DEBUG] [net.minecraftforge.fml.loading.moddiscovery.ModFileInfo/LOADING]: Found valid mod file unruled-api-0.4-forge+1.20.jar with {unruled_api} mods - versions {0.4}
[15Mar2026 03:04:12.366] [main/DEBUG] [net.minecraftforge.fml.loading.moddiscovery.ModFileParser/LOADING]: Considering mod file candidate 
[15Mar2026 03:04:12.366] [main/DEBUG] [net.minecraftforge.fml.loading.moddiscovery.ModFileInfo/LOADING]: Found valid mod file fabric-item-group-api-v1-4.0.14+c9161c2d77.jar with {fabric_item_group_api_v1} mods - versions {4.0.14+c9161c2d77}
[15Mar2026 03:04:12.378] [main/DEBUG] [net.minecraftforge.fml.loading.moddiscovery.ModFileParser/LOADING]: Considering mod file candidate 
[15Mar2026 03:04:12.378] [main/DEBUG] [net.minecraftforge.fml.loading.moddiscovery.ModFileInfo/LOADING]: Found valid mod file fabric-client-tags-api-v1-1.1.3+5d6761b877.jar with {fabric_client_tags_api_v1} mods - versions {1.1.3+5d6761b877}
[15Mar2026 03:04:12.378] [main/DEBUG] [net.minecraftforge.fml.loading.moddiscovery.ModFileParser/LOADING]: Considering mod file candidate 
[15Mar2026 03:04:12.378] [main/DEBUG] [net.minecraftforge.fml.loading.moddiscovery.ModFileInfo/LOADING]: Found valid mod file fabric-lifecycle-events-v1-2.2.23+afab492177.jar with {fabric_lifecycle_events_v1} mods - versions {2.2.23+afab492177}
[15Mar2026 03:04:12.380] [main/DEBUG] [net.minecraftforge.fml.loading.moddiscovery.ModFileParser/LOADING]: Considering mod file candidate 
[15Mar2026 03:04:12.380] [main/DEBUG] [net.minecraftforge.fml.loading.moddiscovery.ModFileInfo/LOADING]: Found valid mod file fabric-dimensions-v1-2.1.55+8005d10d77.jar with {fabric_dimensions_v1} mods - versions {2.1.55+8005d10d77}
[15Mar2026 03:04:12.380] [main/DEBUG] [net.minecraftforge.fml.loading.moddiscovery.ModFileParser/LOADING]: Considering mod file candidate 
[15Mar2026 03:04:12.380] [main/DEBUG] [net.minecraftforge.fml.loading.moddiscovery.ModFileInfo/LOADING]: Found valid mod file fabric-object-builder-api-v1-11.1.5+f8c414ce77.jar with {fabric_object_builder_api_v1} mods - versions {11.1.5+f8c414ce77}
[15Mar2026 03:04:12.381] [main/DEBUG] [net.minecraftforge.fml.loading.moddiscovery.ModFileParser/LOADING]: Considering mod file candidate 
[15Mar2026 03:04:12.381] [main/DEBUG] [net.minecraftforge.fml.loading.moddiscovery.ModFileInfo/LOADING]: Found valid mod file fabric-sound-api-v1-1.0.14+4f23bd8477.jar with {fabric_sound_api_v1} mods - versions {1.0.14+4f23bd8477}
[15Mar2026 03:04:12.381] [main/DEBUG] [net.minecraftforge.fml.loading.moddiscovery.ModFileParser/LOADING]: Considering mod file candidate 
[15Mar2026 03:04:12.381] [main/DEBUG] [net.minecraftforge.fml.loading.moddiscovery.ModFileInfo/LOADING]: Found valid mod file fabric-networking-api-v1-1.3.14+fb7c822677.jar with {fabric_networking_api_v1} mods - versions {1.3.14+fb7c822677}
[15Mar2026 03:04:12.390] [main/DEBUG] [net.minecraftforge.fml.loading.moddiscovery.ModFileParser/LOADING]: Considering mod file candidate 
[15Mar2026 03:04:12.390] [main/DEBUG] [net.minecraftforge.fml.loading.moddiscovery.ModFileInfo/LOADING]: Found valid mod file calio-forge-1.20.1-1.11.0.5.jar with {calio} mods - versions {1.20.1-1.11.0.5}
[15Mar2026 03:04:12.391] [main/DEBUG] [net.minecraftforge.fml.loading.moddiscovery.ModFileParser/LOADING]: Considering mod file candidate 
[15Mar2026 03:04:12.391] [main/DEBUG] [net.minecraftforge.fml.loading.moddiscovery.ModFileInfo/LOADING]: Found valid mod file fabric-command-api-v2-2.2.14+561530ec77.jar with {fabric_command_api_v2} mods - versions {2.2.14+561530ec77}
[15Mar2026 03:04:12.392] [main/DEBUG] [net.minecraftforge.fml.loading.moddiscovery.ModFileParser/LOADING]: Considering mod file candidate 
[15Mar2026 03:04:12.392] [main/DEBUG] [net.minecraftforge.fml.loading.moddiscovery.ModFileInfo/LOADING]: Found valid mod file TRender-1.0.10-1.20.1-forge-SNAPSHOT.jar with {trender} mods - versions {1.0.10}
[15Mar2026 03:04:12.392] [main/DEBUG] [net.minecraftforge.fml.loading.moddiscovery.ModFileParser/LOADING]: Considering mod file candidate 
[15Mar2026 03:04:12.393] [main/DEBUG] [net.minecraftforge.fml.loading.moddiscovery.ModFileInfo/LOADING]: Found valid mod file emi-bridge-1.11.2+1.20.1.jar with {connectorextras_emi_bridge} mods - versions {1.11.2+1.20.1}
[15Mar2026 03:04:12.393] [main/DEBUG] [net.minecraftforge.fml.loading.moddiscovery.ModFileParser/LOADING]: Considering mod file candidate 
[15Mar2026 03:04:12.393] [main/DEBUG] [net.minecraftforge.fml.loading.moddiscovery.ModFileInfo/LOADING]: Found valid mod file forgeconfigapiport-1.11.2+1.20.1.jar with {forgeconfigapiport} mods - versions {8.0.0}
[15Mar2026 03:04:12.394] [main/DEBUG] [net.minecraftforge.fml.loading.moddiscovery.ModFileParser/LOADING]: Considering mod file candidate 
[15Mar2026 03:04:12.394] [main/DEBUG] [net.minecraftforge.fml.loading.moddiscovery.ModFileInfo/LOADING]: Found valid mod file fabric-resource-conditions-api-v1-2.3.9+996d00b277.jar with {fabric_resource_conditions_api_v1} mods - versions {2.3.9+996d00b277}
[15Mar2026 03:04:12.394] [main/DEBUG] [net.minecraftforge.fml.loading.moddiscovery.ModFileParser/LOADING]: Considering mod file candidate 
[15Mar2026 03:04:12.394] [main/DEBUG] [net.minecraftforge.fml.loading.moddiscovery.ModFileInfo/LOADING]: Found valid mod file midnightlib-1.4.2-forge.jar with {midnightlib} mods - versions {1.4.2}
[15Mar2026 03:04:12.395] [main/DEBUG] [net.minecraftforge.fml.loading.moddiscovery.ModFileParser/LOADING]: Considering mod file candidate 
[15Mar2026 03:04:12.395] [main/DEBUG] [net.minecraftforge.fml.loading.moddiscovery.ModFileInfo/LOADING]: Found valid mod file geckolib-fabric-compat-1.11.2+1.20.1.jar with {connectorextras_geckolib_fabric_compat} mods - versions {1.11.2+1.20.1}
[15Mar2026 03:04:12.395] [main/DEBUG] [net.minecraftforge.fml.loading.moddiscovery.ModFileParser/LOADING]: Considering mod file candidate 
[15Mar2026 03:04:12.395] [main/DEBUG] [net.minecraftforge.fml.loading.moddiscovery.ModFileInfo/LOADING]: Found valid mod file rei-bridge-1.11.2+1.20.1.jar with {connectorextras_rei_bridge} mods - versions {1.11.2+1.20.1}
[15Mar2026 03:04:12.396] [main/DEBUG] [net.minecraftforge.fml.loading.moddiscovery.ModFileParser/LOADING]: Considering mod file candidate 
[15Mar2026 03:04:12.396] [main/DEBUG] [net.minecraftforge.fml.loading.moddiscovery.ModFileInfo/LOADING]: Found valid mod file kuma-api-forge-20.1.12+1.20.1.jar with {kuma_api} mods - versions {20.1.12}
[15Mar2026 03:04:12.400] [main/DEBUG] [net.minecraftforge.fml.loading.moddiscovery.ModFileParser/LOADING]: Considering mod file candidate 
[15Mar2026 03:04:12.401] [main/DEBUG] [net.minecraftforge.fml.loading.moddiscovery.ModFileInfo/LOADING]: Found valid mod file amecsapi-1.5.3+mc1.20-pre1.jar with {amecsapi} mods - versions {1.5.3+mc1.20-pre1}
[15Mar2026 03:04:12.401] [main/DEBUG] [net.minecraftforge.fml.loading.moddiscovery.ModFileParser/LOADING]: Considering mod file candidate 
[15Mar2026 03:04:12.401] [main/DEBUG] [net.minecraftforge.fml.loading.moddiscovery.ModFileInfo/LOADING]: Found valid mod file energy-bridge-1.11.2+1.20.1.jar with {connectorextras_energy_bridge} mods - versions {1.11.2+1.20.1}
[15Mar2026 03:04:12.402] [main/DEBUG] [net.minecraftforge.fml.loading.moddiscovery.ModFileParser/LOADING]: Considering mod file candidate 
[15Mar2026 03:04:12.403] [main/DEBUG] [net.minecraftforge.fml.loading.moddiscovery.ModFileInfo/LOADING]: Found valid mod file terrablender-bridge-1.11.2+1.20.1.jar with {connectorextras_terrablender_bridge} mods - versions {1.11.2+1.20.1}
[15Mar2026 03:04:12.404] [main/DEBUG] [net.minecraftforge.fml.loading.moddiscovery.ModFileParser/LOADING]: Considering mod file candidate 
[15Mar2026 03:04:12.404] [main/DEBUG] [net.minecraftforge.fml.loading.moddiscovery.ModFileInfo/LOADING]: Found valid mod file kritter-forge-0.1.12+1.20.1.jar with {kritter} mods - versions {0.1.12+1.20.1}
[15Mar2026 03:04:12.405] [main/DEBUG] [net.minecraftforge.fml.loading.moddiscovery.ModFileParser/LOADING]: Considering mod file candidate 
[15Mar2026 03:04:12.405] [main/DEBUG] [net.minecraftforge.fml.loading.moddiscovery.ModFileInfo/LOADING]: Found valid mod file fabric-biome-api-v1-13.0.14+dc36698e77.jar with {fabric_biome_api_v1} mods - versions {13.0.14+dc36698e77}
[15Mar2026 03:04:12.406] [main/DEBUG] [net.minecraftforge.fml.loading.moddiscovery.ModFileParser/LOADING]: Considering mod file candidate 
[15Mar2026 03:04:12.406] [main/DEBUG] [net.minecraftforge.fml.loading.moddiscovery.ModFileInfo/LOADING]: Found valid mod file l2damagetracker-0.3.8.jar with {l2damagetracker} mods - versions {0.3.8}
[15Mar2026 03:04:12.419] [main/DEBUG] [net.minecraftforge.fml.loading.moddiscovery.ModFileParser/LOADING]: Considering mod file candidate 
[15Mar2026 03:04:12.419] [main/DEBUG] [net.minecraftforge.fml.loading.moddiscovery.ModFileInfo/LOADING]: Found valid mod file nucleus-pose-forge-1.20.1+1.0.0.jar with {nucleus_pose} mods - versions {1.0.0}
[15Mar2026 03:04:12.421] [main/DEBUG] [net.minecraftforge.fml.loading.moddiscovery.ModFileParser/LOADING]: Considering mod file candidate 
[15Mar2026 03:04:12.422] [main/DEBUG] [net.minecraftforge.fml.loading.moddiscovery.ModFileInfo/LOADING]: Found valid mod file curios-forge-5.6.1+1.20.1.jar with {curios} mods - versions {5.6.1+1.20.1}
[15Mar2026 03:04:12.423] [main/DEBUG] [net.minecraftforge.fml.loading.moddiscovery.ModFileParser/LOADING]: Considering mod file candidate 
[15Mar2026 03:04:12.423] [main/DEBUG] [net.minecraftforge.fml.loading.moddiscovery.ModFileInfo/LOADING]: Found valid mod file fabric-api-lookup-api-v1-1.6.37+67f9824077.jar with {fabric_api_lookup_api_v1} mods - versions {1.6.37+67f9824077}
[15Mar2026 03:04:12.424] [main/DEBUG] [net.minecraftforge.fml.loading.moddiscovery.ModFileParser/LOADING]: Considering mod file candidate 
[15Mar2026 03:04:12.424] [main/DEBUG] [net.minecraftforge.fml.loading.moddiscovery.ModFileInfo/LOADING]: Found valid mod file fabric-resource-loader-v0-0.11.12+4b4151c077.jar with {fabric_resource_loader_v0} mods - versions {0.11.12+4b4151c077}
[15Mar2026 03:04:12.431] [main/DEBUG] [net.minecraftforge.fml.loading.moddiscovery.ModFileParser/LOADING]: Considering mod file candidate 
[15Mar2026 03:04:12.432] [main/DEBUG] [net.minecraftforge.fml.loading.moddiscovery.ModFileInfo/LOADING]: Found valid mod file fabric-convention-tags-v1-1.5.6+fa3d1c0177.jar with {fabric_convention_tags_v1} mods - versions {1.5.6+fa3d1c0177}
[15Mar2026 03:04:12.432] [main/DEBUG] [net.minecraftforge.fml.loading.moddiscovery.ModFileParser/LOADING]: Considering mod file candidate 
[15Mar2026 03:04:12.432] [main/DEBUG] [net.minecraftforge.fml.loading.moddiscovery.ModFileInfo/LOADING]: Found valid mod file fabric-entity-events-v1-1.6.1+4ca7515277.jar with {fabric_entity_events_v1} mods - versions {1.6.1+4ca7515277}
[15Mar2026 03:04:12.433] [main/DEBUG] [net.minecraftforge.fml.loading.moddiscovery.ModFileParser/LOADING]: Considering mod file candidate 
[15Mar2026 03:04:12.433] [main/DEBUG] [net.minecraftforge.fml.loading.moddiscovery.ModFileInfo/LOADING]: Found valid mod file mixinsquared-forge-0.1.2-beta.6.jar with {mixinsquared} mods - versions {0.1.2-beta.6}
[15Mar2026 03:04:12.433] [main/DEBUG] [net.minecraftforge.fml.loading.moddiscovery.ModFileParser/LOADING]: Considering mod file candidate 
[15Mar2026 03:04:12.433] [main/DEBUG] [net.minecraftforge.fml.loading.moddiscovery.ModFileInfo/LOADING]: Found valid mod file fabric-screen-api-v1-2.0.9+45a670a577.jar with {fabric_screen_api_v1} mods - versions {2.0.9+45a670a577}
[15Mar2026 03:04:12.438] [main/DEBUG] [net.minecraftforge.fml.loading.moddiscovery.ModFileParser/LOADING]: Considering mod file candidate 
[15Mar2026 03:04:12.438] [main/DEBUG] [net.minecraftforge.fml.loading.moddiscovery.ModFileInfo/LOADING]: Found valid mod file flywheel-forge-1.20.1-1.0.5.jar with {flywheel} mods - versions {1.0.5}
[15Mar2026 03:04:12.439] [main/DEBUG] [net.minecraftforge.fml.loading.moddiscovery.ModFileParser/LOADING]: Considering mod file candidate 
[15Mar2026 03:04:12.439] [main/DEBUG] [net.minecraftforge.fml.loading.moddiscovery.ModFileInfo/LOADING]: Found valid mod file modmenu-bridge-1.11.2+1.20.1.jar with {connectorextras_modmenu_bridge,modmenu} mods - versions {1.11.2+1.20.1,7.2.2}
[15Mar2026 03:04:12.439] [main/DEBUG] [net.minecraftforge.fml.loading.moddiscovery.ModFileParser/LOADING]: Considering mod file candidate 
[15Mar2026 03:04:12.439] [main/DEBUG] [net.minecraftforge.fml.loading.moddiscovery.ModFileInfo/LOADING]: Found valid mod file fabric-screen-handler-api-v1-1.3.33+561530ec77.jar with {fabric_screen_handler_api_v1} mods - versions {1.3.33+561530ec77}
[15Mar2026 03:04:12.440] [main/DEBUG] [net.minecraftforge.fml.loading.moddiscovery.ModFileParser/LOADING]: Considering mod file candidate 
[15Mar2026 03:04:12.440] [main/DEBUG] [net.minecraftforge.fml.loading.moddiscovery.ModFileInfo/LOADING]: Found valid mod file fabric-block-view-api-v2-1.0.3+53347ba977.jar with {fabric_block_view_api_v2} mods - versions {1.0.3+53347ba977}
[15Mar2026 03:04:12.442] [main/DEBUG] [net.minecraftforge.fml.loading.moddiscovery.ModFileParser/LOADING]: Considering mod file candidate 
[15Mar2026 03:04:12.442] [main/DEBUG] [net.minecraftforge.fml.loading.moddiscovery.ModFileInfo/LOADING]: Found valid mod file nitrogen_internals-1.20.1-1.0.12-neoforge.jar with {nitrogen_internals} mods - versions {1.20.1-1.0.12-neoforge}
[15Mar2026 03:04:12.455] [main/DEBUG] [net.minecraftforge.fml.loading.moddiscovery.ModFileParser/LOADING]: Considering mod file candidate 
[15Mar2026 03:04:12.455] [main/DEBUG] [net.minecraftforge.fml.loading.moddiscovery.ModFileInfo/LOADING]: Found valid mod file kittyconfig-mc-1.2.16-forge-1.20.1.jar with {kittyconfig} mods - versions {1.2.16}
[15Mar2026 03:04:12.456] [main/DEBUG] [net.minecraftforge.fml.loading.moddiscovery.ModFileParser/LOADING]: Considering mod file candidate 
[15Mar2026 03:04:12.456] [main/DEBUG] [net.minecraftforge.fml.loading.moddiscovery.ModFileInfo/LOADING]: Found valid mod file fabric-item-api-v1-2.1.29+4d0bbcfa77.jar with {fabric_item_api_v1} mods - versions {2.1.29+4d0bbcfa77}
[15Mar2026 03:04:12.457] [main/DEBUG] [net.minecraftforge.fml.loading.moddiscovery.ModFileParser/LOADING]: Considering mod file candidate 
[15Mar2026 03:04:12.457] [main/DEBUG] [net.minecraftforge.fml.loading.moddiscovery.ModFileInfo/LOADING]: Found valid mod file cumulus_menus-1.20.1-1.0.1-neoforge.jar with {cumulus_menus} mods - versions {1.20.1-1.0.1-neoforge}
[15Mar2026 03:04:12.457] [main/DEBUG] [net.minecraftforge.fml.loading.moddiscovery.ModFileParser/LOADING]: Considering mod file candidate 
[15Mar2026 03:04:12.458] [main/DEBUG] [net.minecraftforge.fml.loading.moddiscovery.ModFileInfo/LOADING]: Found valid mod file fabric-game-rule-api-v1-1.0.41+683d4da877.jar with {fabric_game_rule_api_v1} mods - versions {1.0.41+683d4da877}
[15Mar2026 03:04:12.458] [main/DEBUG] [net.minecraftforge.fml.loading.moddiscovery.ModFileParser/LOADING]: Considering mod file candidate 
[15Mar2026 03:04:12.459] [main/DEBUG] [net.minecraftforge.fml.loading.moddiscovery.ModFileInfo/LOADING]: Found valid mod file kittynetworking-0.1.29-1.20.1-forge.jar with {kittynetworking} mods - versions {0.1.29}
[15Mar2026 03:04:12.459] [main/DEBUG] [net.minecraftforge.fml.loading.moddiscovery.ModFileParser/LOADING]: Considering mod file candidate 
[15Mar2026 03:04:12.459] [main/DEBUG] [net.minecraftforge.fml.loading.moddiscovery.ModFileInfo/LOADING]: Found valid mod file reach-entity-attributes-2.4.0.jar with {reach_entity_attributes} mods - versions {2.4.0}
[15Mar2026 03:04:12.459] [main/DEBUG] [net.minecraftforge.fml.loading.moddiscovery.ModFileParser/LOADING]: Considering mod file candidate 
[15Mar2026 03:04:12.460] [main/DEBUG] [net.minecraftforge.fml.loading.moddiscovery.ModFileInfo/LOADING]: Found valid mod file l2screentracker-0.1.4.jar with {l2screentracker} mods - versions {0.1.4}
[15Mar2026 03:04:12.462] [main/DEBUG] [net.minecraftforge.fml.loading.moddiscovery.ModFileParser/LOADING]: Considering mod file candidate 
[15Mar2026 03:04:12.462] [main/DEBUG] [net.minecraftforge.fml.loading.moddiscovery.ModFileInfo/LOADING]: Found valid mod file fabric-events-interaction-v0-0.6.5+0f26153f77.jar with {fabric_events_interaction_v0} mods - versions {0.6.5+0f26153f77}
[15Mar2026 03:04:12.463] [main/DEBUG] [net.minecraftforge.fml.loading.moddiscovery.ModFileParser/LOADING]: Considering mod file candidate 
[15Mar2026 03:04:12.463] [main/DEBUG] [net.minecraftforge.fml.loading.moddiscovery.ModFileInfo/LOADING]: Found valid mod file fabric-particles-v1-1.1.3+78e1ecb877.jar with {fabric_particles_v1} mods - versions {1.1.3+78e1ecb877}
[15Mar2026 03:04:12.474] [main/DEBUG] [net.minecraftforge.fml.loading.moddiscovery.ModFileParser/LOADING]: Considering mod file candidate 
[15Mar2026 03:04:12.474] [main/DEBUG] [net.minecraftforge.fml.loading.moddiscovery.ModFileInfo/LOADING]: Found valid mod file apoli-forge-1.20.1-2.9.0.8.jar with {apoli} mods - versions {1.20.1-2.9.0.8}
[15Mar2026 03:04:12.474] [main/DEBUG] [net.minecraftforge.fml.loading.moddiscovery.ModFileParser/LOADING]: Considering mod file candidate 
[15Mar2026 03:04:12.474] [main/DEBUG] [net.minecraftforge.fml.loading.moddiscovery.ModFileInfo/LOADING]: Found valid mod file fabric-transitive-access-wideners-v1-4.3.2+1880499877.jar with {fabric_transitive_access_wideners_v1} mods - versions {4.3.2+1880499877}
[15Mar2026 03:04:12.481] [main/DEBUG] [net.minecraftforge.fml.loading.moddiscovery.ModFileParser/LOADING]: Considering mod file candidate 
[15Mar2026 03:04:12.481] [main/DEBUG] [net.minecraftforge.fml.loading.moddiscovery.ModFileInfo/LOADING]: Found valid mod file TRansition-1.0.11-1.20.1-forge-SNAPSHOT.jar with {transition} mods - versions {1.0.11}
[15Mar2026 03:04:12.483] [main/DEBUG] [net.minecraftforge.fml.loading.moddiscovery.ModFileParser/LOADING]: Considering mod file candidate 
[15Mar2026 03:04:12.483] [main/DEBUG] [net.minecraftforge.fml.loading.moddiscovery.ModFileInfo/LOADING]: Found valid mod file baubly-forge-1.20.1-1.0.1.jar with {baubly} mods - versions {1.0.1}
[15Mar2026 03:04:12.484] [main/DEBUG] [net.minecraftforge.fml.loading.moddiscovery.ModFileParser/LOADING]: Considering mod file candidate 
[15Mar2026 03:04:12.484] [main/DEBUG] [net.minecraftforge.fml.loading.moddiscovery.ModFileInfo/LOADING]: Found valid mod file nucleus-core-forge-1.20.1+1.1.3.jar with {nucleus} mods - versions {1.1.3}
[15Mar2026 03:04:12.485] [main/DEBUG] [net.minecraftforge.fml.loading.moddiscovery.ModFileParser/LOADING]: Considering mod file candidate 
[15Mar2026 03:04:12.485] [main/DEBUG] [net.minecraftforge.fml.loading.moddiscovery.ModFileInfo/LOADING]: Found valid mod file spectrelib-forge-0.13.17+1.20.1.jar with {spectrelib} mods - versions {0.13.17+1.20.1}
[15Mar2026 03:04:12.486] [main/DEBUG] [net.minecraftforge.fml.loading.moddiscovery.ModFileParser/LOADING]: Considering mod file candidate 
[15Mar2026 03:04:12.486] [main/DEBUG] [net.minecraftforge.fml.loading.moddiscovery.ModFileInfo/LOADING]: Found valid mod file pehkui-bridge-1.11.2+1.20.1.jar with {connectorextras_pehkui_bridge} mods - versions {1.11.2+1.20.1}
[15Mar2026 03:04:12.487] [main/DEBUG] [net.minecraftforge.fml.loading.moddiscovery.ModFileParser/LOADING]: Considering mod file candidate 
[15Mar2026 03:04:12.487] [main/DEBUG] [net.minecraftforge.fml.loading.moddiscovery.ModFileInfo/LOADING]: Found valid mod file fabric-transfer-api-v1-3.3.6+631c9cd677.jar with {fabric_transfer_api_v1} mods - versions {3.3.6+631c9cd677}
[15Mar2026 03:04:12.487] [main/DEBUG] [net.minecraftforge.fml.loading.moddiscovery.ModFileParser/LOADING]: Considering mod file candidate 
[15Mar2026 03:04:12.487] [main/DEBUG] [net.minecraftforge.fml.loading.moddiscovery.ModFileInfo/LOADING]: Found valid mod file aeroblender-1.20.1-1.0.2-rc1-neoforge.jar with {aeroblender} mods - versions {1.20.1-1.0.2-rc1-neoforge}
[15Mar2026 03:04:12.488] [main/DEBUG] [net.minecraftforge.fml.loading.moddiscovery.ModFileParser/LOADING]: Considering mod file candidate 
[15Mar2026 03:04:12.488] [main/DEBUG] [net.minecraftforge.fml.loading.moddiscovery.ModFileInfo/LOADING]: Found valid mod file kffmod-4.12.0.jar with {kotlinforforge} mods - versions {4.12.0}
[15Mar2026 03:04:12.489] [main/DEBUG] [net.minecraftforge.fml.loading.moddiscovery.ModFileParser/LOADING]: Considering mod file candidate 
[15Mar2026 03:04:12.489] [main/DEBUG] [net.minecraftforge.fml.loading.moddiscovery.ModFileInfo/LOADING]: Found valid mod file fabric-data-attachment-api-v1-1.0.2+30ef839e77.jar with {fabric_data_attachment_api_v1} mods - versions {1.0.2+30ef839e77}
[15Mar2026 03:04:12.490] [main/DEBUG] [net.minecraftforge.fml.loading.moddiscovery.ModFileParser/LOADING]: Considering mod file candidate 
[15Mar2026 03:04:12.490] [main/DEBUG] [net.minecraftforge.fml.loading.moddiscovery.ModFileInfo/LOADING]: Found valid mod file fabric-data-generation-api-v1-12.3.7+369cb3a477.jar with {fabric_data_generation_api_v1} mods - versions {12.3.7+369cb3a477}
[15Mar2026 03:04:12.491] [main/DEBUG] [net.minecraftforge.fml.loading.moddiscovery.ModFileParser/LOADING]: Considering mod file candidate 
[15Mar2026 03:04:12.491] [main/DEBUG] [net.minecraftforge.fml.loading.moddiscovery.ModFileInfo/LOADING]: Found valid mod file fabric-command-api-v1-1.2.35+f71b366f77.jar with {fabric_command_api_v1} mods - versions {1.2.35+f71b366f77}
[15Mar2026 03:04:12.492] [main/DEBUG] [net.minecraftforge.fml.loading.moddiscovery.ModFileParser/LOADING]: Considering mod file candidate 
[15Mar2026 03:04:12.492] [main/DEBUG] [net.minecraftforge.fml.loading.moddiscovery.ModFileInfo/LOADING]: Found valid mod file botarium-forge-1.20.1-2.3.4.jar with {botarium} mods - versions {2.3.4}
[15Mar2026 03:04:12.492] [main/DEBUG] [net.minecraftforge.fml.loading.moddiscovery.ModFileParser/LOADING]: Considering mod file candidate 
[15Mar2026 03:04:12.492] [main/DEBUG] [net.minecraftforge.fml.loading.moddiscovery.ModFileInfo/LOADING]: Found valid mod file fabric-block-api-v1-1.0.12+0e6cb7f777.jar with {fabric_block_api_v1} mods - versions {1.0.12+0e6cb7f777}
[15Mar2026 03:04:12.498] [main/DEBUG] [net.minecraftforge.fml.loading.moddiscovery.ModFileParser/LOADING]: Considering mod file candidate 
[15Mar2026 03:04:12.498] [main/DEBUG] [net.minecraftforge.fml.loading.moddiscovery.ModFileInfo/LOADING]: Found valid mod file jei-bridge-1.11.2+1.20.1.jar with {connectorextras_jei_bridge} mods - versions {1.11.2+1.20.1}
[15Mar2026 03:04:12.500] [main/DEBUG] [net.minecraftforge.fml.loading.moddiscovery.ModFileParser/LOADING]: Considering mod file candidate 
[15Mar2026 03:04:12.500] [main/DEBUG] [net.minecraftforge.fml.loading.moddiscovery.ModFileInfo/LOADING]: Found valid mod file fabric-blockrenderlayer-v1-1.1.42+1d0da21e77.jar with {fabric_blockrenderlayer_v1} mods - versions {1.1.42+1d0da21e77}
[15Mar2026 03:04:12.500] [main/DEBUG] [net.minecraftforge.fml.loading.moddiscovery.ModFileParser/LOADING]: Considering mod file candidate 
[15Mar2026 03:04:12.500] [main/DEBUG] [net.minecraftforge.fml.loading.moddiscovery.ModFileInfo/LOADING]: Found valid mod file fabric-model-loading-api-v1-1.0.4+6274ab9d77.jar with {fabric_model_loading_api_v1} mods - versions {1.0.4+6274ab9d77}
[15Mar2026 03:04:12.505] [main/DEBUG] [net.minecraftforge.fml.loading.moddiscovery.ModFileParser/LOADING]: Considering mod file candidate 
[15Mar2026 03:04:12.505] [main/DEBUG] [net.minecraftforge.fml.loading.moddiscovery.ModFileInfo/LOADING]: Found valid mod file Ponder-Forge-1.20.1-1.0.91.jar with {ponder} mods - versions {1.0.91}
[15Mar2026 03:04:12.505] [main/DEBUG] [net.minecraftforge.fml.loading.moddiscovery.ModFileParser/LOADING]: Considering mod file candidate 
[15Mar2026 03:04:12.505] [main/DEBUG] [net.minecraftforge.fml.loading.moddiscovery.ModFileInfo/LOADING]: Found valid mod file architectury-bridge-1.11.2+1.20.1.jar with {connectorextras_architectury_bridge} mods - versions {1.11.2+1.20.1}
[15Mar2026 03:04:12.507] [main/DEBUG] [net.minecraftforge.fml.loading.moddiscovery.ModFileParser/LOADING]: Considering mod file candidate 
[15Mar2026 03:04:12.508] [main/DEBUG] [net.minecraftforge.fml.loading.moddiscovery.ModFileInfo/LOADING]: Found valid mod file resourcefullib-forge-1.20.1-2.1.20.jar with {resourcefullib} mods - versions {2.1.20}
[15Mar2026 03:04:12.509] [main/DEBUG] [net.minecraftforge.fml.loading.moddiscovery.ModFileParser/LOADING]: Considering mod file candidate 
[15Mar2026 03:04:12.509] [main/DEBUG] [net.minecraftforge.fml.loading.moddiscovery.ModFileInfo/LOADING]: Found valid mod file l2itemselector-0.1.7.jar with {l2itemselector} mods - versions {0.1.7}
[15Mar2026 03:04:12.510] [main/DEBUG] [net.minecraftforge.fml.loading.moddiscovery.ModFileParser/LOADING]: Considering mod file candidate 
[15Mar2026 03:04:12.510] [main/DEBUG] [net.minecraftforge.fml.loading.moddiscovery.ModFileInfo/LOADING]: Found valid mod file mixinextras-forge-0.2.0-rc.2.jar with {mixinextras} mods - versions {0.2.0-rc.2}
[15Mar2026 03:04:12.511] [main/DEBUG] [net.minecraftforge.fml.loading.moddiscovery.ModFileParser/LOADING]: Considering mod file candidate 
[15Mar2026 03:04:12.511] [main/DEBUG] [net.minecraftforge.fml.loading.moddiscovery.ModFileInfo/LOADING]: Found valid mod file nucleus-codec-forge-1.20.1+1.1.4.jar with {nucleus_codec} mods - versions {1.1.4}
[15Mar2026 03:04:12.516] [main/DEBUG] [net.minecraftforge.fml.loading.moddiscovery.ModFileParser/LOADING]: Considering mod file candidate 
[15Mar2026 03:04:12.516] [main/DEBUG] [net.minecraftforge.fml.loading.moddiscovery.ModFileInfo/LOADING]: Found valid mod file scena-forge-1.0.103.jar with {scena} mods - versions {1.0.103}
[15Mar2026 03:04:12.517] [main/DEBUG] [net.minecraftforge.fml.loading.moddiscovery.ModFileParser/LOADING]: Considering mod file candidate 
[15Mar2026 03:04:12.517] [main/DEBUG] [net.minecraftforge.fml.loading.moddiscovery.ModFileInfo/LOADING]: Found valid mod file fabric-key-binding-api-v1-1.0.38+561530ec77.jar with {fabric_key_binding_api_v1} mods - versions {1.0.38+561530ec77}
[15Mar2026 03:04:12.518] [main/DEBUG] [net.minecraftforge.fml.loading.moddiscovery.ModFileParser/LOADING]: Considering mod file candidate 
[15Mar2026 03:04:12.518] [main/DEBUG] [net.minecraftforge.fml.loading.moddiscovery.ModFileInfo/LOADING]: Found valid mod file nucleus-config-forge-1.20.1+1.1.5.jar with {nucleus_config} mods - versions {1.1.5}
[15Mar2026 03:04:12.518] [main/DEBUG] [net.minecraftforge.fml.loading.moddiscovery.ModFileParser/LOADING]: Considering mod file candidate 
[15Mar2026 03:04:12.518] [main/DEBUG] [net.minecraftforge.fml.loading.moddiscovery.ModFileInfo/LOADING]: Found valid mod file fabric-mining-level-api-v1-2.1.52+561530ec77.jar with {fabric_mining_level_api_v1} mods - versions {2.1.52+561530ec77}
[15Mar2026 03:04:12.519] [main/DEBUG] [net.minecraftforge.fml.loading.moddiscovery.ModFileParser/LOADING]: Considering mod file candidate 
[15Mar2026 03:04:12.519] [main/DEBUG] [net.minecraftforge.fml.loading.moddiscovery.ModFileInfo/LOADING]: Found valid mod file fabric-message-api-v1-5.1.10+52cc178c77.jar with {fabric_message_api_v1} mods - versions {5.1.10+52cc178c77}
[15Mar2026 03:04:12.519] [main/DEBUG] [net.minecraftforge.fml.loading.moddiscovery.ModFileParser/LOADING]: Considering mod file candidate 
[15Mar2026 03:04:12.519] [main/DEBUG] [net.minecraftforge.fml.loading.moddiscovery.ModFileInfo/LOADING]: Found valid mod file fabric-loot-api-v2-1.2.3+eb28f93e77.jar with {fabric_loot_api_v2} mods - versions {1.2.3+eb28f93e77}
[15Mar2026 03:04:12.520] [main/DEBUG] [net.minecraftforge.fml.loading.moddiscovery.ModFileParser/LOADING]: Considering mod file candidate 
[15Mar2026 03:04:12.520] [main/DEBUG] [net.minecraftforge.fml.loading.moddiscovery.ModFileInfo/LOADING]: Found valid mod file expandability-forge-9.0.4.jar with {expandability} mods - versions {9.0.4}
[15Mar2026 03:04:12.522] [main/DEBUG] [net.minecraftforge.fml.loading.moddiscovery.ModFileParser/LOADING]: Considering mod file candidate 
[15Mar2026 03:04:12.522] [main/DEBUG] [net.minecraftforge.fml.loading.moddiscovery.ModFileInfo/LOADING]: Found valid mod file l2library-2.4.23-slim.jar with {l2library} mods - versions {2.4.23}
[15Mar2026 03:04:12.532] [main/DEBUG] [net.minecraftforge.fml.loading.moddiscovery.ModFileParser/LOADING]: Considering mod file candidate 
[15Mar2026 03:04:12.532] [main/DEBUG] [net.minecraftforge.fml.loading.moddiscovery.ModFileInfo/LOADING]: Found valid mod file fabric-renderer-api-v1-3.2.2+cf68abbe77.jar with {fabric_renderer_api_v1} mods - versions {3.2.2+cf68abbe77}
[15Mar2026 03:04:12.532] [main/DEBUG] [net.minecraftforge.fml.loading.moddiscovery.ModFileParser/LOADING]: Considering mod file candidate 
[15Mar2026 03:04:12.532] [main/DEBUG] [net.minecraftforge.fml.loading.moddiscovery.ModFileInfo/LOADING]: Found valid mod file fabric-recipe-api-v1-1.0.24+514a076577.jar with {fabric_recipe_api_v1} mods - versions {1.0.24+514a076577}
[15Mar2026 03:04:12.533] [main/DEBUG] [net.minecraftforge.fml.loading.moddiscovery.ModFileParser/LOADING]: Considering mod file candidate 
[15Mar2026 03:04:12.533] [main/DEBUG] [net.minecraftforge.fml.loading.moddiscovery.ModFileInfo/LOADING]: Found valid mod file fabric-models-v0-0.4.3+7c3892a477.jar with {fabric_models_v0} mods - versions {0.4.3+7c3892a477}
[15Mar2026 03:04:12.533] [main/DEBUG] [net.minecraftforge.fml.loading.moddiscovery.ModFileParser/LOADING]: Considering mod file candidate 
[15Mar2026 03:04:12.533] [main/DEBUG] [net.minecraftforge.fml.loading.moddiscovery.ModFileInfo/LOADING]: Found valid mod file fabric-registry-sync-v0-2.3.6+1c0ea72177.jar with {fabric_registry_sync_v0} mods - versions {2.3.6+1c0ea72177}
[15Mar2026 03:04:12.534] [main/DEBUG] [net.minecraftforge.fml.loading.moddiscovery.ModFileParser/LOADING]: Considering mod file candidate 
[15Mar2026 03:04:12.534] [main/DEBUG] [net.minecraftforge.fml.loading.moddiscovery.ModFileInfo/LOADING]: Found valid mod file fabric-content-registries-v0-4.0.13+a670df1e77.jar with {fabric_content_registries_v0} mods - versions {4.0.13+a670df1e77}
[15Mar2026 03:04:12.535] [main/DEBUG] [net.minecraftforge.fml.loading.moddiscovery.ModFileParser/LOADING]: Considering mod file candidate 
[15Mar2026 03:04:12.535] [main/DEBUG] [net.minecraftforge.fml.loading.moddiscovery.ModFileInfo/LOADING]: Found valid mod file fabric-rendering-data-attachment-v1-0.3.39+a6081afc77.jar with {fabric_rendering_data_attachment_v1} mods - versions {0.3.39+a6081afc77}
[15Mar2026 03:04:12.535] [main/DEBUG] [net.minecraftforge.fml.loading.moddiscovery.ModFileParser/LOADING]: Considering mod file candidate 
[15Mar2026 03:04:12.535] [main/DEBUG] [net.minecraftforge.fml.loading.moddiscovery.ModFileInfo/LOADING]: Found valid mod file kubejs-bridge-1.11.2+1.20.1.jar with {connectorextras_kubejs_bridge} mods - versions {1.11.2+1.20.1}
[15Mar2026 03:04:12.553] [main/DEBUG] [net.minecraftforge.fml.loading.moddiscovery.ModFileParser/LOADING]: Considering mod file candidate 
[15Mar2026 03:04:12.553] [main/DEBUG] [net.minecraftforge.fml.loading.moddiscovery.ModFileInfo/LOADING]: Found valid mod file thermal_core-1.20.1-11.0.6.24.jar with {thermal} mods - versions {11.0.6}
[15Mar2026 03:04:12.554] [main/DEBUG] [net.minecraftforge.fml.loading.moddiscovery.ModFileParser/LOADING]: Considering mod file candidate 
[15Mar2026 03:04:12.554] [main/DEBUG] [net.minecraftforge.fml.loading.moddiscovery.ModFileInfo/LOADING]: Found valid mod file fabric-api-base-0.4.32+ef105b4977.jar with {fabric_api_base} mods - versions {0.4.32+ef105b4977}
[15Mar2026 03:04:12.554] [main/DEBUG] [net.minecraftforge.fml.loading.moddiscovery.ModFileParser/LOADING]: Considering mod file candidate 
[15Mar2026 03:04:12.554] [main/DEBUG] [net.minecraftforge.fml.loading.moddiscovery.ModFileInfo/LOADING]: Found valid mod file fabric-rendering-fluids-v1-3.0.29+4ac5e37a77.jar with {fabric_rendering_fluids_v1} mods - versions {3.0.29+4ac5e37a77}
[15Mar2026 03:04:12.556] [main/WARN] [net.minecraftforge.jarjar.selection.JarSelector/]: Attempted to select a dependency jar for JarJar which was passed in as source: geckolib. Using Mod File: C:\Users\Silvaria Zemaitis\AppData\Roaming\PrismLauncher\instances\IridescentCraft\minecraft\mods\geckolib-forge-1.20.1-4.8.3.jar
[15Mar2026 03:04:12.556] [main/WARN] [net.minecraftforge.jarjar.selection.JarSelector/]: Attempted to select a dependency jar for JarJar which was passed in as source: botarium. Using Mod File: C:\Users\Silvaria Zemaitis\AppData\Roaming\PrismLauncher\instances\IridescentCraft\minecraft\mods\botarium-forge-1.20.1-2.3.4.jar
[15Mar2026 03:04:12.556] [main/WARN] [net.minecraftforge.jarjar.selection.JarSelector/]: Attempted to select a dependency jar for JarJar which was passed in as source: curios. Using Mod File: C:\Users\Silvaria Zemaitis\AppData\Roaming\PrismLauncher\instances\IridescentCraft\minecraft\mods\curios-forge-5.14.1+1.20.1.jar
[15Mar2026 03:04:12.556] [main/WARN] [net.minecraftforge.jarjar.selection.JarSelector/]: Attempted to select a dependency jar for JarJar which was passed in as source: resourcefullib. Using Mod File: C:\Users\Silvaria Zemaitis\AppData\Roaming\PrismLauncher\instances\IridescentCraft\minecraft\mods\resourcefullib-forge-1.20.1-2.1.29.jar
[15Mar2026 03:04:12.557] [main/WARN] [net.minecraftforge.jarjar.selection.JarSelector/]: Attempted to select a dependency jar for JarJar which was passed in as source: aeroblender. Using Mod File: C:\Users\Silvaria Zemaitis\AppData\Roaming\PrismLauncher\instances\IridescentCraft\minecraft\mods\aeroblender-1.20.1-1.0.1-neoforge.jar
[15Mar2026 03:04:12.557] [main/INFO] [net.minecraftforge.fml.loading.moddiscovery.JarInJarDependencyLocator/]: Found 141 dependencies adding them to mods collection
[15Mar2026 03:04:13.945] [main/INFO] [org.sinytra.connector.locator.DependencyResolver/]: Dependency resolution found 0 candidates to load
[15Mar2026 03:04:13.947] [main/DEBUG] [org.sinytra.connector.locator.SplitPackageMerger/]: Found 0 split packages across 0 jars
[15Mar2026 03:04:14.993] [main/DEBUG] [net.minecraftforge.fml.loading.UniqueModListBuilder/]: Found 2 mods for first modid mixinextras, selecting most recent based on version data
[15Mar2026 03:04:14.993] [main/DEBUG] [net.minecraftforge.fml.loading.UniqueModListBuilder/]: Selected file mixinextras-forge-0.5.3.jar for modid mixinextras with version 0.5.3
[15Mar2026 03:04:14.994] [main/DEBUG] [net.minecraftforge.fml.loading.moddiscovery.ModFileParser/LOADING]: Considering mod file candidate C:\Users\Silvaria Zemaitis\AppData\Roaming\PrismLauncher\instances\IridescentCraft\minecraft\mods\kubejs-forge-2001.6.5-build.16.jar
[15Mar2026 03:04:14.994] [main/DEBUG] [net.minecraftforge.fml.loading.moddiscovery.ModFileInfo/LOADING]: Found valid mod file kubejs-forge-2001.6.5-build.16.jar with {kubejs} mods - versions {2001.6.5-build.16}
[15Mar2026 03:04:14.996] [main/DEBUG] [net.minecraftforge.fml.loading.moddiscovery.ModFile/LOADING]: Loading mod file C:\Users\Silvaria Zemaitis\AppData\Roaming\PrismLauncher\instances\IridescentCraft\minecraft\mods\kubejs-forge-2001.6.5-build.16.jar with languages [LanguageSpec[languageName=javafml, acceptedVersions=[47,)]]
[15Mar2026 03:04:14.996] [main/DEBUG] [net.minecraftforge.fml.loading.moddiscovery.ModFileParser/LOADING]: Considering mod file candidate C:\Users\Silvaria Zemaitis\AppData\Roaming\PrismLauncher\instances\IridescentCraft\minecraft\mods\YungsBetterDungeons-1.20-Forge-4.0.4.jar
[15Mar2026 03:04:14.996] [main/DEBUG] [net.minecraftforge.fml.loading.moddiscovery.ModFileInfo/LOADING]: Found valid mod file YungsBetterDungeons-1.20-Forge-4.0.4.jar with {betterdungeons} mods - versions {1.20-Forge-4.0.4}
[15Mar2026 03:04:14.996] [main/DEBUG] [net.minecraftforge.fml.loading.moddiscovery.ModFile/LOADING]: Loading mod file C:\Users\Silvaria Zemaitis\AppData\Roaming\PrismLauncher\instances\IridescentCraft\minecraft\mods\YungsBetterDungeons-1.20-Forge-4.0.4.jar with languages [LanguageSpec[languageName=javafml, acceptedVersions=[46,)]]
[15Mar2026 03:04:14.996] [main/DEBUG] [net.minecraftforge.fml.loading.moddiscovery.ModFileParser/LOADING]: Considering mod file candidate C:\Users\Silvaria Zemaitis\AppData\Roaming\PrismLauncher\instances\IridescentCraft\minecraft\mods\almanac-1.20.x-forge-1.0.2.jar
[15Mar2026 03:04:14.996] [main/DEBUG] [net.minecraftforge.fml.loading.moddiscovery.ModFileInfo/LOADING]: Found valid mod file almanac-1.20.x-forge-1.0.2.jar with {almanac} mods - versions {1.0.2}
[15Mar2026 03:04:14.996] [main/DEBUG] [net.minecraftforge.fml.loading.moddiscovery.ModFile/LOADING]: Loading mod file C:\Users\Silvaria Zemaitis\AppData\Roaming\PrismLauncher\instances\IridescentCraft\minecraft\mods\almanac-1.20.x-forge-1.0.2.jar with languages [LanguageSpec[languageName=javafml, acceptedVersions=[47,)]]
[15Mar2026 03:04:14.996] [main/DEBUG] [net.minecraftforge.fml.loading.moddiscovery.ModFileParser/LOADING]: Considering mod file candidate C:\Users\Silvaria Zemaitis\AppData\Roaming\PrismLauncher\instances\IridescentCraft\minecraft\mods\ftb-essentials-forge-2001.2.4.jar
[15Mar2026 03:04:14.996] [main/DEBUG] [net.minecraftforge.fml.loading.moddiscovery.ModFileInfo/LOADING]: Found valid mod file ftb-essentials-forge-2001.2.4.jar with {ftbessentials} mods - versions {2001.2.4}
[15Mar2026 03:04:14.996] [main/DEBUG] [net.minecraftforge.fml.loading.moddiscovery.ModFile/LOADING]: Loading mod file C:\Users\Silvaria Zemaitis\AppData\Roaming\PrismLauncher\instances\IridescentCraft\minecraft\mods\ftb-essentials-forge-2001.2.4.jar with languages [LanguageSpec[languageName=javafml, acceptedVersions=[47,)]]
[15Mar2026 03:04:14.996] [main/DEBUG] [net.minecraftforge.fml.loading.moddiscovery.ModFileParser/LOADING]: Considering mod file candidate 
[15Mar2026 03:04:14.996] [main/DEBUG] [net.minecraftforge.fml.loading.moddiscovery.ModFileInfo/LOADING]: Found valid mod file kubejs-bridge-1.11.2+1.20.1.jar with {connectorextras_kubejs_bridge} mods - versions {1.11.2+1.20.1}
[15Mar2026 03:04:14.996] [main/DEBUG] [net.minecraftforge.fml.loading.moddiscovery.ModFile/LOADING]: Loading mod file  with languages [LanguageSpec[languageName=javafml, acceptedVersions=[47,)]]
[15Mar2026 03:04:14.996] [main/DEBUG] [net.minecraftforge.fml.loading.moddiscovery.ModFileParser/LOADING]: Considering mod file candidate C:\Users\Silvaria Zemaitis\AppData\Roaming\PrismLauncher\instances\IridescentCraft\minecraft\mods\iridescent_classes.jar
[15Mar2026 03:04:14.996] [main/DEBUG] [net.minecraftforge.fml.loading.moddiscovery.ModFileInfo/LOADING]: Found valid mod file iridescent_classes.jar with {iridescent_classes} mods - versions {1.0.0}
[15Mar2026 03:04:14.996] [main/DEBUG] [net.minecraftforge.fml.loading.moddiscovery.ModFile/LOADING]: Loading mod file C:\Users\Silvaria Zemaitis\AppData\Roaming\PrismLauncher\instances\IridescentCraft\minecraft\mods\iridescent_classes.jar with languages [LanguageSpec[languageName=lowcodefml, acceptedVersions=[40,)]]
[15Mar2026 03:04:14.996] [main/DEBUG] [net.minecraftforge.fml.loading.moddiscovery.ModFileParser/LOADING]: Considering mod file candidate 
[15Mar2026 03:04:14.996] [main/DEBUG] [net.minecraftforge.fml.loading.moddiscovery.ModFileInfo/LOADING]: Found valid mod file kittyconfig-mc-1.2.16-forge-1.20.1.jar with {kittyconfig} mods - versions {1.2.16}
[15Mar2026 03:04:14.996] [main/DEBUG] [net.minecraftforge.fml.loading.moddiscovery.ModFile/LOADING]: Loading mod file  with languages [LanguageSpec[languageName=javafml, acceptedVersions=[47,)]]
[15Mar2026 03:04:14.996] [main/DEBUG] [net.minecraftforge.fml.loading.moddiscovery.ModFileParser/LOADING]: Considering mod file candidate 
[15Mar2026 03:04:14.997] [main/DEBUG] [net.minecraftforge.fml.loading.moddiscovery.ModFileInfo/LOADING]: Found valid mod file fabric-rendering-fluids-v1-3.0.29+4ac5e37a77.jar with {fabric_rendering_fluids_v1} mods - versions {3.0.29+4ac5e37a77}
[15Mar2026 03:04:14.997] [main/DEBUG] [net.minecraftforge.fml.loading.moddiscovery.ModFile/LOADING]: Loading mod file  with languages [LanguageSpec[languageName=javafml, acceptedVersions=[47,)]]
[15Mar2026 03:04:14.997] [main/DEBUG] [net.minecraftforge.fml.loading.moddiscovery.ModFileParser/LOADING]: Considering mod file candidate C:\Users\Silvaria Zemaitis\AppData\Roaming\PrismLauncher\instances\IridescentCraft\minecraft\mods\keebszs_battletowers_0.6.0-1.20.1BETA.jar
[15Mar2026 03:04:14.997] [main/DEBUG] [net.minecraftforge.fml.loading.moddiscovery.ModFileInfo/LOADING]: Found valid mod file keebszs_battletowers_0.6.0-1.20.1BETA.jar with {keebszs_battle_towers} mods - versions {0.6.0-1.20.1}
[15Mar2026 03:04:14.997] [main/DEBUG] [net.minecraftforge.fml.loading.moddiscovery.ModFile/LOADING]: Loading mod file C:\Users\Silvaria Zemaitis\AppData\Roaming\PrismLauncher\instances\IridescentCraft\minecraft\mods\keebszs_battletowers_0.6.0-1.20.1BETA.jar with languages [LanguageSpec[languageName=javafml, acceptedVersions=[47,)]]
[15Mar2026 03:04:14.997] [main/DEBUG] [net.minecraftforge.fml.loading.moddiscovery.ModFileParser/LOADING]: Considering mod file candidate 
[15Mar2026 03:04:14.997] [main/DEBUG] [net.minecraftforge.fml.loading.moddiscovery.ModFileInfo/LOADING]: Found valid mod file fabric-models-v0-0.4.3+7c3892a477.jar with {fabric_models_v0} mods - versions {0.4.3+7c3892a477}
[15Mar2026 03:04:14.997] [main/DEBUG] [net.minecraftforge.fml.loading.moddiscovery.ModFile/LOADING]: Loading mod file  with languages [LanguageSpec[languageName=javafml, acceptedVersions=[47,)]]
[15Mar2026 03:04:14.997] [main/DEBUG] [net.minecraftforge.fml.loading.moddiscovery.ModFileParser/LOADING]: Considering mod file candidate C:\Users\Silvaria Zemaitis\AppData\Roaming\PrismLauncher\instances\IridescentCraft\minecraft\mods\valhelsia_furniture-forge-1.20.1-1.1.3.jar
[15Mar2026 03:04:14.997] [main/DEBUG] [net.minecraftforge.fml.loading.moddiscovery.ModFileInfo/LOADING]: Found valid mod file valhelsia_furniture-forge-1.20.1-1.1.3.jar with {valhelsia_furniture} mods - versions {1.1.3}
[15Mar2026 03:04:14.997] [main/DEBUG] [net.minecraftforge.fml.loading.moddiscovery.ModFile/LOADING]: Loading mod file C:\Users\Silvaria Zemaitis\AppData\Roaming\PrismLauncher\instances\IridescentCraft\minecraft\mods\valhelsia_furniture-forge-1.20.1-1.1.3.jar with languages [LanguageSpec[languageName=javafml, acceptedVersions=[47,)]]
[15Mar2026 03:04:14.997] [main/DEBUG] [net.minecraftforge.fml.loading.moddiscovery.ModFileParser/LOADING]: Considering mod file candidate 
[15Mar2026 03:04:14.997] [main/DEBUG] [net.minecraftforge.fml.loading.moddiscovery.ModFileInfo/LOADING]: Found valid mod file thermal_core-1.20.1-11.0.6.24.jar with {thermal} mods - versions {11.0.6}
[15Mar2026 03:04:14.997] [main/DEBUG] [net.minecraftforge.fml.loading.moddiscovery.ModFile/LOADING]: Loading mod file  with languages [LanguageSpec[languageName=javafml, acceptedVersions=[47,)]]
[15Mar2026 03:04:14.997] [main/DEBUG] [net.minecraftforge.fml.loading.moddiscovery.ModFileParser/LOADING]: Considering mod file candidate C:\Users\Silvaria Zemaitis\AppData\Roaming\PrismLauncher\instances\IridescentCraft\minecraft\mods\rftoolsbase-1.20-5.0.6.jar
[15Mar2026 03:04:14.997] [main/DEBUG] [net.minecraftforge.fml.loading.moddiscovery.ModFileInfo/LOADING]: Found valid mod file rftoolsbase-1.20-5.0.6.jar with {rftoolsbase} mods - versions {1.20-5.0.6}
[15Mar2026 03:04:14.997] [main/DEBUG] [net.minecraftforge.fml.loading.moddiscovery.ModFile/LOADING]: Loading mod file C:\Users\Silvaria Zemaitis\AppData\Roaming\PrismLauncher\instances\IridescentCraft\minecraft\mods\rftoolsbase-1.20-5.0.6.jar with languages [LanguageSpec[languageName=javafml, acceptedVersions=[47,)]]
[15Mar2026 03:04:14.997] [main/DEBUG] [net.minecraftforge.fml.loading.moddiscovery.ModFileParser/LOADING]: Considering mod file candidate C:\Users\Silvaria Zemaitis\AppData\Roaming\PrismLauncher\instances\IridescentCraft\minecraft\mods\ForgeEndertech-1.20.1-11.1.10.0-build.2048.jar
[15Mar2026 03:04:14.997] [main/DEBUG] [net.minecraftforge.fml.loading.moddiscovery.ModFileInfo/LOADING]: Found valid mod file ForgeEndertech-1.20.1-11.1.10.0-build.2048.jar with {forgeendertech} mods - versions {11.1.10.0}
[15Mar2026 03:04:14.997] [main/DEBUG] [net.minecraftforge.fml.loading.moddiscovery.ModFile/LOADING]: Loading mod file C:\Users\Silvaria Zemaitis\AppData\Roaming\PrismLauncher\instances\IridescentCraft\minecraft\mods\ForgeEndertech-1.20.1-11.1.10.0-build.2048.jar with languages [LanguageSpec[languageName=javafml, acceptedVersions=[47,)]]
[15Mar2026 03:04:14.997] [main/DEBUG] [net.minecraftforge.fml.loading.moddiscovery.ModFileParser/LOADING]: Considering mod file candidate C:\Users\Silvaria Zemaitis\AppData\Roaming\PrismLauncher\instances\IridescentCraft\minecraft\mods\hunger_overhaul-1.4.7-forge-1.20.1.jar
[15Mar2026 03:04:14.997] [main/DEBUG] [net.minecraftforge.fml.loading.moddiscovery.ModFileInfo/LOADING]: Found valid mod file hunger_overhaul-1.4.7-forge-1.20.1.jar with {hunger_overhaul} mods - versions {1.4.7}
[15Mar2026 03:04:14.997] [main/DEBUG] [net.minecraftforge.fml.loading.moddiscovery.ModFile/LOADING]: Loading mod file C:\Users\Silvaria Zemaitis\AppData\Roaming\PrismLauncher\instances\IridescentCraft\minecraft\mods\hunger_overhaul-1.4.7-forge-1.20.1.jar with languages [LanguageSpec[languageName=javafml, acceptedVersions=[47,)]]
[15Mar2026 03:04:14.997] [main/DEBUG] [net.minecraftforge.fml.loading.moddiscovery.ModFileParser/LOADING]: Considering mod file candidate 
[15Mar2026 03:04:14.997] [main/DEBUG] [net.minecraftforge.fml.loading.moddiscovery.ModFileInfo/LOADING]: Found valid mod file fabric-command-api-v1-1.2.35+f71b366f77.jar with {fabric_command_api_v1} mods - versions {1.2.35+f71b366f77}
[15Mar2026 03:04:14.997] [main/DEBUG] [net.minecraftforge.fml.loading.moddiscovery.ModFile/LOADING]: Loading mod file  with languages [LanguageSpec[languageName=javafml, acceptedVersions=[47,)]]
[15Mar2026 03:04:14.997] [main/DEBUG] [net.minecraftforge.fml.loading.moddiscovery.ModFileParser/LOADING]: Considering mod file candidate C:\Users\Silvaria Zemaitis\AppData\Roaming\PrismLauncher\instances\IridescentCraft\minecraft\mods\modernfix-forge-5.26.2+mc1.20.1.jar
[15Mar2026 03:04:14.998] [main/DEBUG] [net.minecraftforge.fml.loading.moddiscovery.ModFileInfo/LOADING]: Found valid mod file modernfix-forge-5.26.2+mc1.20.1.jar with {modernfix} mods - versions {5.26.2+mc1.20.1}
[15Mar2026 03:04:14.998] [main/DEBUG] [net.minecraftforge.fml.loading.moddiscovery.ModFile/LOADING]: Loading mod file C:\Users\Silvaria Zemaitis\AppData\Roaming\PrismLauncher\instances\IridescentCraft\minecraft\mods\modernfix-forge-5.26.2+mc1.20.1.jar with languages [LanguageSpec[languageName=javafml, acceptedVersions=[46,)]]
[15Mar2026 03:04:14.998] [main/DEBUG] [net.minecraftforge.fml.loading.moddiscovery.ModFileParser/LOADING]: Considering mod file candidate 
[15Mar2026 03:04:14.998] [main/DEBUG] [net.minecraftforge.fml.loading.moddiscovery.ModFileInfo/LOADING]: Found valid mod file fabric-command-api-v2-2.2.14+561530ec77.jar with {fabric_command_api_v2} mods - versions {2.2.14+561530ec77}
[15Mar2026 03:04:14.998] [main/DEBUG] [net.minecraftforge.fml.loading.moddiscovery.ModFile/LOADING]: Loading mod file  with languages [LanguageSpec[languageName=javafml, acceptedVersions=[47,)]]
[15Mar2026 03:04:14.998] [main/DEBUG] [net.minecraftforge.fml.loading.moddiscovery.ModFileParser/LOADING]: Considering mod file candidate 
[15Mar2026 03:04:14.998] [main/DEBUG] [net.minecraftforge.fml.loading.moddiscovery.ModFileInfo/LOADING]: Found valid mod file fabric-block-view-api-v2-1.0.3+53347ba977.jar with {fabric_block_view_api_v2} mods - versions {1.0.3+53347ba977}
[15Mar2026 03:04:14.998] [main/DEBUG] [net.minecraftforge.fml.loading.moddiscovery.ModFile/LOADING]: Loading mod file  with languages [LanguageSpec[languageName=javafml, acceptedVersions=[47,)]]
[15Mar2026 03:04:14.998] [main/DEBUG] [net.minecraftforge.fml.loading.moddiscovery.ModFileParser/LOADING]: Considering mod file candidate C:\Users\Silvaria Zemaitis\AppData\Roaming\PrismLauncher\instances\IridescentCraft\minecraft\mods\YungsApi-1.20-Forge-4.0.6.jar
[15Mar2026 03:04:14.998] [main/DEBUG] [net.minecraftforge.fml.loading.moddiscovery.ModFileInfo/LOADING]: Found valid mod file YungsApi-1.20-Forge-4.0.6.jar with {yungsapi} mods - versions {1.20-Forge-4.0.6}
[15Mar2026 03:04:14.998] [main/DEBUG] [net.minecraftforge.fml.loading.moddiscovery.ModFile/LOADING]: Loading mod file C:\Users\Silvaria Zemaitis\AppData\Roaming\PrismLauncher\instances\IridescentCraft\minecraft\mods\YungsApi-1.20-Forge-4.0.6.jar with languages [LanguageSpec[languageName=javafml, acceptedVersions=[46,)]]
[15Mar2026 03:04:14.998] [main/DEBUG] [net.minecraftforge.fml.loading.moddiscovery.ModFileParser/LOADING]: Considering mod file candidate C:\Users\Silvaria Zemaitis\AppData\Roaming\PrismLauncher\instances\IridescentCraft\minecraft\mods\jumbofurnace-1.20.1-4.0.0.5.jar
[15Mar2026 03:04:14.998] [main/DEBUG] [net.minecraftforge.fml.loading.moddiscovery.ModFileInfo/LOADING]: Found valid mod file jumbofurnace-1.20.1-4.0.0.5.jar with {jumbofurnace} mods - versions {4.0.0.5}
[15Mar2026 03:04:14.998] [main/DEBUG] [net.minecraftforge.fml.loading.moddiscovery.ModFile/LOADING]: Loading mod file C:\Users\Silvaria Zemaitis\AppData\Roaming\PrismLauncher\instances\IridescentCraft\minecraft\mods\jumbofurnace-1.20.1-4.0.0.5.jar with languages [LanguageSpec[languageName=javafml, acceptedVersions=[47,)]]
[15Mar2026 03:04:14.998] [main/DEBUG] [net.minecraftforge.fml.loading.moddiscovery.ModFileParser/LOADING]: Considering mod file candidate 
[15Mar2026 03:04:14.998] [main/DEBUG] [net.minecraftforge.fml.loading.moddiscovery.ModFileInfo/LOADING]: Found valid mod file rei-bridge-1.11.2+1.20.1.jar with {connectorextras_rei_bridge} mods - versions {1.11.2+1.20.1}
[15Mar2026 03:04:14.998] [main/DEBUG] [net.minecraftforge.fml.loading.moddiscovery.ModFile/LOADING]: Loading mod file  with languages [LanguageSpec[languageName=javafml, acceptedVersions=[47,)]]
[15Mar2026 03:04:14.998] [main/DEBUG] [net.minecraftforge.fml.loading.moddiscovery.ModFileParser/LOADING]: Considering mod file candidate C:\Users\Silvaria Zemaitis\AppData\Roaming\PrismLauncher\instances\IridescentCraft\minecraft\mods\WitherSkeletonTweaks-1.20.1-9.1.0.jar
[15Mar2026 03:04:14.998] [main/DEBUG] [net.minecraftforge.fml.loading.moddiscovery.ModFileInfo/LOADING]: Found valid mod file WitherSkeletonTweaks-1.20.1-9.1.0.jar with {wstweaks} mods - versions {9.1.0}
[15Mar2026 03:04:14.998] [main/DEBUG] [net.minecraftforge.fml.loading.moddiscovery.ModFile/LOADING]: Loading mod file C:\Users\Silvaria Zemaitis\AppData\Roaming\PrismLauncher\instances\IridescentCraft\minecraft\mods\WitherSkeletonTweaks-1.20.1-9.1.0.jar with languages [LanguageSpec[languageName=javafml, acceptedVersions=[32,)]]
[15Mar2026 03:04:14.999] [main/DEBUG] [net.minecraftforge.fml.loading.moddiscovery.ModFileParser/LOADING]: Considering mod file candidate 
[15Mar2026 03:04:14.999] [main/DEBUG] [net.minecraftforge.fml.loading.moddiscovery.ModFileInfo/LOADING]: Found valid mod file nucleus-codec-forge-1.20.1+1.1.4.jar with {nucleus_codec} mods - versions {1.1.4}
[15Mar2026 03:04:14.999] [main/DEBUG] [net.minecraftforge.fml.loading.moddiscovery.ModFile/LOADING]: Loading mod file  with languages [LanguageSpec[languageName=javafml, acceptedVersions=[47,)]]
[15Mar2026 03:04:14.999] [main/DEBUG] [net.minecraftforge.fml.loading.moddiscovery.ModFileParser/LOADING]: Considering mod file candidate C:\Users\Silvaria Zemaitis\AppData\Roaming\PrismLauncher\instances\IridescentCraft\minecraft\mods\Apotheosis-1.20.1-7.4.8.jar
[15Mar2026 03:04:14.999] [main/DEBUG] [net.minecraftforge.fml.loading.moddiscovery.ModFileInfo/LOADING]: Found valid mod file Apotheosis-1.20.1-7.4.8.jar with {apotheosis} mods - versions {7.4.8}
[15Mar2026 03:04:14.999] [main/DEBUG] [net.minecraftforge.fml.loading.moddiscovery.ModFile/LOADING]: Loading mod file C:\Users\Silvaria Zemaitis\AppData\Roaming\PrismLauncher\instances\IridescentCraft\minecraft\mods\Apotheosis-1.20.1-7.4.8.jar with languages [LanguageSpec[languageName=javafml, acceptedVersions=[32,)]]
[15Mar2026 03:04:15.000] [main/DEBUG] [net.minecraftforge.fml.loading.moddiscovery.ModFileParser/LOADING]: Found coremod apotheosis_ench/ench_info_loot_redirector with Javascript path coremods/ench/ench_info_loot_redirector.js
[15Mar2026 03:04:15.000] [main/DEBUG] [net.minecraftforge.fml.loading.moddiscovery.ModFileParser/LOADING]: Found coremod apotheosis_ench/ench_info_redirector with Javascript path coremods/ench/ench_info_redirector.js
[15Mar2026 03:04:15.000] [main/DEBUG] [net.minecraftforge.fml.loading.moddiscovery.ModFileParser/LOADING]: Found coremod apotheosis_ench/fishing_hook with Javascript path coremods/ench/fishing_hook.js
[15Mar2026 03:04:15.000] [main/DEBUG] [net.minecraftforge.fml.loading.moddiscovery.ModFile/LOADING]: Found coremod coremods/ench/ench_info_loot_redirector.js
[15Mar2026 03:04:15.000] [main/DEBUG] [net.minecraftforge.fml.loading.moddiscovery.ModFile/LOADING]: Found coremod coremods/ench/ench_info_redirector.js
[15Mar2026 03:04:15.000] [main/DEBUG] [net.minecraftforge.fml.loading.moddiscovery.ModFile/LOADING]: Found coremod coremods/ench/fishing_hook.js
[15Mar2026 03:04:15.000] [main/DEBUG] [net.minecraftforge.fml.loading.moddiscovery.ModFileParser/LOADING]: Considering mod file candidate C:\Users\Silvaria Zemaitis\AppData\Roaming\PrismLauncher\instances\IridescentCraft\minecraft\mods\thermal_integration-1.20.1-11.0.1.27.jar
[15Mar2026 03:04:15.000] [main/DEBUG] [net.minecraftforge.fml.loading.moddiscovery.ModFileInfo/LOADING]: Found valid mod file thermal_integration-1.20.1-11.0.1.27.jar with {thermal_integration} mods - versions {11.0.1}
[15Mar2026 03:04:15.000] [main/DEBUG] [net.minecraftforge.fml.loading.moddiscovery.ModFile/LOADING]: Loading mod file C:\Users\Silvaria Zemaitis\AppData\Roaming\PrismLauncher\instances\IridescentCraft\minecraft\mods\thermal_integration-1.20.1-11.0.1.27.jar with languages [LanguageSpec[languageName=javafml, acceptedVersions=[47,)]]
[15Mar2026 03:04:15.000] [main/DEBUG] [net.minecraftforge.fml.loading.moddiscovery.ModFileParser/LOADING]: Considering mod file candidate C:\Users\Silvaria Zemaitis\AppData\Roaming\PrismLauncher\instances\IridescentCraft\minecraft\mods\savage_and_ravage-1.20.1-6.0.1.jar
[15Mar2026 03:04:15.000] [main/DEBUG] [net.minecraftforge.fml.loading.moddiscovery.ModFileInfo/LOADING]: Found valid mod file savage_and_ravage-1.20.1-6.0.1.jar with {savage_and_ravage} mods - versions {6.0.1}
[15Mar2026 03:04:15.000] [main/DEBUG] [net.minecraftforge.fml.loading.moddiscovery.ModFile/LOADING]: Loading mod file C:\Users\Silvaria Zemaitis\AppData\Roaming\PrismLauncher\instances\IridescentCraft\minecraft\mods\savage_and_ravage-1.20.1-6.0.1.jar with languages [LanguageSpec[languageName=javafml, acceptedVersions=[32,)]]
[15Mar2026 03:04:15.000] [main/DEBUG] [net.minecraftforge.fml.loading.moddiscovery.ModFileParser/LOADING]: Considering mod file candidate C:\Users\Silvaria Zemaitis\AppData\Roaming\PrismLauncher\instances\IridescentCraft\minecraft\mods\biggerstacks-1.20.1-2026.02.27-all.jar
[15Mar2026 03:04:15.000] [main/DEBUG] [net.minecraftforge.fml.loading.moddiscovery.ModFileInfo/LOADING]: Found valid mod file biggerstacks-1.20.1-2026.02.27-all.jar with {biggerstacks} mods - versions {1.20.1-2026.02.27}
[15Mar2026 03:04:15.000] [main/DEBUG] [net.minecraftforge.fml.loading.moddiscovery.ModFile/LOADING]: Loading mod file C:\Users\Silvaria Zemaitis\AppData\Roaming\PrismLauncher\instances\IridescentCraft\minecraft\mods\biggerstacks-1.20.1-2026.02.27-all.jar with languages [LanguageSpec[languageName=javafml, acceptedVersions=[47,)]]
[15Mar2026 03:04:15.000] [main/DEBUG] [net.minecraftforge.fml.loading.moddiscovery.ModFileParser/LOADING]: Considering mod file candidate C:\Users\Silvaria Zemaitis\AppData\Roaming\PrismLauncher\instances\IridescentCraft\minecraft\mods\cloth-config-11.1.136-forge.jar
[15Mar2026 03:04:15.000] [main/DEBUG] [net.minecraftforge.fml.loading.moddiscovery.ModFileInfo/LOADING]: Found valid mod file cloth-config-11.1.136-forge.jar with {cloth_config} mods - versions {11.1.136}
[15Mar2026 03:04:15.000] [main/DEBUG] [net.minecraftforge.fml.loading.moddiscovery.ModFile/LOADING]: Loading mod file C:\Users\Silvaria Zemaitis\AppData\Roaming\PrismLauncher\instances\IridescentCraft\minecraft\mods\cloth-config-11.1.136-forge.jar with languages [LanguageSpec[languageName=javafml, acceptedVersions=[34,)]]
[15Mar2026 03:04:15.000] [main/DEBUG] [net.minecraftforge.fml.loading.moddiscovery.ModFileParser/LOADING]: Considering mod file candidate C:\Users\Silvaria Zemaitis\AppData\Roaming\PrismLauncher\instances\IridescentCraft\minecraft\mods\YungsBetterNetherFortresses-1.20-Forge-2.0.6.jar
[15Mar2026 03:04:15.000] [main/DEBUG] [net.minecraftforge.fml.loading.moddiscovery.ModFileInfo/LOADING]: Found valid mod file YungsBetterNetherFortresses-1.20-Forge-2.0.6.jar with {betterfortresses} mods - versions {1.20-Forge-2.0.6}
[15Mar2026 03:04:15.000] [main/DEBUG] [net.minecraftforge.fml.loading.moddiscovery.ModFile/LOADING]: Loading mod file C:\Users\Silvaria Zemaitis\AppData\Roaming\PrismLauncher\instances\IridescentCraft\minecraft\mods\YungsBetterNetherFortresses-1.20-Forge-2.0.6.jar with languages [LanguageSpec[languageName=javafml, acceptedVersions=[46,)]]
[15Mar2026 03:04:15.000] [main/DEBUG] [net.minecraftforge.fml.loading.moddiscovery.ModFileParser/LOADING]: Considering mod file candidate C:\Users\Silvaria Zemaitis\AppData\Roaming\PrismLauncher\instances\IridescentCraft\minecraft\mods\supplementaries-1.20-3.1.42-forge.jar
[15Mar2026 03:04:15.000] [main/DEBUG] [net.minecraftforge.fml.loading.moddiscovery.ModFileInfo/LOADING]: Found valid mod file supplementaries-1.20-3.1.42-forge.jar with {supplementaries} mods - versions {1.20-3.1.42}
[15Mar2026 03:04:15.000] [main/DEBUG] [net.minecraftforge.fml.loading.moddiscovery.ModFile/LOADING]: Loading mod file C:\Users\Silvaria Zemaitis\AppData\Roaming\PrismLauncher\instances\IridescentCraft\minecraft\mods\supplementaries-1.20-3.1.42-forge.jar with languages [LanguageSpec[languageName=javafml, acceptedVersions=[4,)]]
[15Mar2026 03:04:15.000] [main/DEBUG] [net.minecraftforge.fml.loading.moddiscovery.ModFileParser/LOADING]: Considering mod file candidate C:\Users\Silvaria Zemaitis\AppData\Roaming\PrismLauncher\instances\IridescentCraft\minecraft\mods\embeddium-0.3.31+mc1.20.1.jar
[15Mar2026 03:04:15.000] [main/DEBUG] [net.minecraftforge.fml.loading.moddiscovery.ModFileInfo/LOADING]: Found valid mod file embeddium-0.3.31+mc1.20.1.jar with {embeddium,rubidium} mods - versions {0.3.31+mc1.20.1,0.7.1}
[15Mar2026 03:04:15.000] [main/DEBUG] [net.minecraftforge.fml.loading.moddiscovery.ModFile/LOADING]: Loading mod file C:\Users\Silvaria Zemaitis\AppData\Roaming\PrismLauncher\instances\IridescentCraft\minecraft\mods\embeddium-0.3.31+mc1.20.1.jar with languages [LanguageSpec[languageName=javafml, acceptedVersions=[47,)]]
[15Mar2026 03:04:15.000] [main/DEBUG] [net.minecraftforge.fml.loading.moddiscovery.ModFileParser/LOADING]: Considering mod file candidate C:\Users\Silvaria Zemaitis\AppData\Roaming\PrismLauncher\instances\IridescentCraft\minecraft\mods\refinedstorage-1.12.4.jar
[15Mar2026 03:04:15.000] [main/DEBUG] [net.minecraftforge.fml.loading.moddiscovery.ModFileInfo/LOADING]: Found valid mod file refinedstorage-1.12.4.jar with {refinedstorage} mods - versions {1.12.4}
[15Mar2026 03:04:15.000] [main/DEBUG] [net.minecraftforge.fml.loading.moddiscovery.ModFile/LOADING]: Loading mod file C:\Users\Silvaria Zemaitis\AppData\Roaming\PrismLauncher\instances\IridescentCraft\minecraft\mods\refinedstorage-1.12.4.jar with languages [LanguageSpec[languageName=javafml, acceptedVersions=[47,)]]
[15Mar2026 03:04:15.000] [main/DEBUG] [net.minecraftforge.fml.loading.moddiscovery.ModFileParser/LOADING]: Considering mod file candidate C:\Users\Silvaria Zemaitis\AppData\Roaming\PrismLauncher\instances\IridescentCraft\minecraft\mods\astagespufferfishskills-1.0.0-1.20.1.jar
[15Mar2026 03:04:15.000] [main/DEBUG] [net.minecraftforge.fml.loading.moddiscovery.ModFileInfo/LOADING]: Found valid mod file astagespufferfishskills-1.0.0-1.20.1.jar with {astagespufferfishskills} mods - versions {1.0.0-1.20.1}
[15Mar2026 03:04:15.000] [main/DEBUG] [net.minecraftforge.fml.loading.moddiscovery.ModFile/LOADING]: Loading mod file C:\Users\Silvaria Zemaitis\AppData\Roaming\PrismLauncher\instances\IridescentCraft\minecraft\mods\astagespufferfishskills-1.0.0-1.20.1.jar with languages [LanguageSpec[languageName=javafml, acceptedVersions=[47,)]]
[15Mar2026 03:04:15.000] [main/DEBUG] [net.minecraftforge.fml.loading.moddiscovery.ModFileParser/LOADING]: Considering mod file candidate C:\Users\Silvaria Zemaitis\AppData\Roaming\PrismLauncher\instances\IridescentCraft\minecraft\mods\corpse-forge-1.20.1-1.0.23.jar
[15Mar2026 03:04:15.001] [main/DEBUG] [net.minecraftforge.fml.loading.moddiscovery.ModFileInfo/LOADING]: Found valid mod file corpse-forge-1.20.1-1.0.23.jar with {corpse} mods - versions {1.20.1-1.0.23}
[15Mar2026 03:04:15.001] [main/DEBUG] [net.minecraftforge.fml.loading.moddiscovery.ModFile/LOADING]: Loading mod file C:\Users\Silvaria Zemaitis\AppData\Roaming\PrismLauncher\instances\IridescentCraft\minecraft\mods\corpse-forge-1.20.1-1.0.23.jar with languages [LanguageSpec[languageName=javafml, acceptedVersions=*]]
[15Mar2026 03:04:15.001] [main/DEBUG] [net.minecraftforge.fml.loading.moddiscovery.ModFileParser/LOADING]: Considering mod file candidate C:\Users\Silvaria Zemaitis\AppData\Roaming\PrismLauncher\instances\IridescentCraft\minecraft\mods\explorations-forge-1.20.1-1.6.1.jar
[15Mar2026 03:04:15.001] [main/DEBUG] [net.minecraftforge.fml.loading.moddiscovery.ModFileInfo/LOADING]: Found valid mod file explorations-forge-1.20.1-1.6.1.jar with {explorations} mods - versions {1.20.1-1.6.1}
[15Mar2026 03:04:15.001] [main/DEBUG] [net.minecraftforge.fml.loading.moddiscovery.ModFile/LOADING]: Loading mod file C:\Users\Silvaria Zemaitis\AppData\Roaming\PrismLauncher\instances\IridescentCraft\minecraft\mods\explorations-forge-1.20.1-1.6.1.jar with languages [LanguageSpec[languageName=javafml, acceptedVersions=[47,)]]
[15Mar2026 03:04:15.001] [main/DEBUG] [net.minecraftforge.fml.loading.moddiscovery.ModFileParser/LOADING]: Considering mod file candidate C:\Users\Silvaria Zemaitis\AppData\Roaming\PrismLauncher\instances\IridescentCraft\minecraft\mods\justlevelingfork-1.2.1.jar
[15Mar2026 03:04:15.001] [main/DEBUG] [net.minecraftforge.fml.loading.moddiscovery.ModFileInfo/LOADING]: Found valid mod file justlevelingfork-1.2.1.jar with {justlevelingfork} mods - versions {1.2.1}
[15Mar2026 03:04:15.001] [main/DEBUG] [net.minecraftforge.fml.loading.moddiscovery.ModFile/LOADING]: Loading mod file C:\Users\Silvaria Zemaitis\AppData\Roaming\PrismLauncher\instances\IridescentCraft\minecraft\mods\justlevelingfork-1.2.1.jar with languages [LanguageSpec[languageName=javafml, acceptedVersions=[47,)]]
[15Mar2026 03:04:15.001] [main/DEBUG] [net.minecraftforge.fml.loading.moddiscovery.ModFileParser/LOADING]: Considering mod file candidate C:\Users\Silvaria Zemaitis\AppData\Roaming\PrismLauncher\instances\IridescentCraft\minecraft\mods\structure_gel-1.20.1-2.16.2.jar
[15Mar2026 03:04:15.001] [main/DEBUG] [net.minecraftforge.fml.loading.moddiscovery.ModFileInfo/LOADING]: Found valid mod file structure_gel-1.20.1-2.16.2.jar with {structure_gel} mods - versions {2.16.2}
[15Mar2026 03:04:15.001] [main/DEBUG] [net.minecraftforge.fml.loading.moddiscovery.ModFile/LOADING]: Loading mod file C:\Users\Silvaria Zemaitis\AppData\Roaming\PrismLauncher\instances\IridescentCraft\minecraft\mods\structure_gel-1.20.1-2.16.2.jar with languages [LanguageSpec[languageName=javafml, acceptedVersions=[47,)]]
[15Mar2026 03:04:15.001] [main/DEBUG] [net.minecraftforge.fml.loading.moddiscovery.ModFileParser/LOADING]: Considering mod file candidate C:\Users\Silvaria Zemaitis\AppData\Roaming\PrismLauncher\instances\IridescentCraft\minecraft\mods\industrial-foregoing-1.20.1-3.5.21.jar
[15Mar2026 03:04:15.001] [main/DEBUG] [net.minecraftforge.fml.loading.moddiscovery.ModFileInfo/LOADING]: Found valid mod file industrial-foregoing-1.20.1-3.5.21.jar with {industrialforegoing} mods - versions {3.5.21}
[15Mar2026 03:04:15.001] [main/DEBUG] [net.minecraftforge.fml.loading.moddiscovery.ModFile/LOADING]: Loading mod file C:\Users\Silvaria Zemaitis\AppData\Roaming\PrismLauncher\instances\IridescentCraft\minecraft\mods\industrial-foregoing-1.20.1-3.5.21.jar with languages [LanguageSpec[languageName=javafml, acceptedVersions=[37,)]]
[15Mar2026 03:04:15.001] [main/DEBUG] [net.minecraftforge.fml.loading.moddiscovery.ModFileParser/LOADING]: Considering mod file candidate C:\Users\Silvaria Zemaitis\AppData\Roaming\PrismLauncher\instances\IridescentCraft\minecraft\mods\no-more-nether-gold-ore-1.0.1.jar
[15Mar2026 03:04:15.001] [main/DEBUG] [net.minecraftforge.fml.loading.moddiscovery.ModFileInfo/LOADING]: Found valid mod file no-more-nether-gold-ore-1.0.1.jar with {mr_no_morenethergoldore} mods - versions {1.0.1}
[15Mar2026 03:04:15.001] [main/DEBUG] [net.minecraftforge.fml.loading.moddiscovery.ModFile/LOADING]: Loading mod file C:\Users\Silvaria Zemaitis\AppData\Roaming\PrismLauncher\instances\IridescentCraft\minecraft\mods\no-more-nether-gold-ore-1.0.1.jar with languages [LanguageSpec[languageName=lowcodefml, acceptedVersions=[40,)]]
[15Mar2026 03:04:15.001] [main/DEBUG] [net.minecraftforge.fml.loading.moddiscovery.ModFileParser/LOADING]: Considering mod file candidate C:\Users\Silvaria Zemaitis\AppData\Roaming\PrismLauncher\instances\IridescentCraft\minecraft\mods\tenshilib-1.20.1-1.7.6-forge.jar
[15Mar2026 03:04:15.001] [main/DEBUG] [net.minecraftforge.fml.loading.moddiscovery.ModFileInfo/LOADING]: Found valid mod file tenshilib-1.20.1-1.7.6-forge.jar with {tenshilib} mods - versions {1.20.1-1.7.6}
[15Mar2026 03:04:15.002] [main/DEBUG] [net.minecraftforge.fml.loading.moddiscovery.ModFile/LOADING]: Loading mod file C:\Users\Silvaria Zemaitis\AppData\Roaming\PrismLauncher\instances\IridescentCraft\minecraft\mods\tenshilib-1.20.1-1.7.6-forge.jar with languages [LanguageSpec[languageName=javafml, acceptedVersions=[0.14.21,)]]
[15Mar2026 03:04:15.002] [main/DEBUG] [net.minecraftforge.fml.loading.moddiscovery.ModFileParser/LOADING]: Considering mod file candidate C:\Users\Silvaria Zemaitis\AppData\Roaming\PrismLauncher\instances\IridescentCraft\minecraft\mods\BetterCompatibilityChecker-forge-4.0.8+mc1.20.1.jar
[15Mar2026 03:04:15.002] [main/DEBUG] [net.minecraftforge.fml.loading.moddiscovery.ModFileInfo/LOADING]: Found valid mod file BetterCompatibilityChecker-forge-4.0.8+mc1.20.1.jar with {bcc} mods - versions {4.0.8}
[15Mar2026 03:04:15.002] [main/DEBUG] [net.minecraftforge.fml.loading.moddiscovery.ModFile/LOADING]: Loading mod file C:\Users\Silvaria Zemaitis\AppData\Roaming\PrismLauncher\instances\IridescentCraft\minecraft\mods\BetterCompatibilityChecker-forge-4.0.8+mc1.20.1.jar with languages [LanguageSpec[languageName=javafml, acceptedVersions=[47,)]]
[15Mar2026 03:04:15.002] [main/DEBUG] [net.minecraftforge.fml.loading.moddiscovery.ModFileParser/LOADING]: Considering mod file candidate C:\Users\Silvaria Zemaitis\AppData\Roaming\PrismLauncher\instances\IridescentCraft\minecraft\mods\repurposed_structures-7.1.21+1.20.1-forge.jar
[15Mar2026 03:04:15.002] [main/DEBUG] [net.minecraftforge.fml.loading.moddiscovery.ModFileInfo/LOADING]: Found valid mod file repurposed_structures-7.1.21+1.20.1-forge.jar with {repurposed_structures} mods - versions {7.1.21+1.20.1-forge}
[15Mar2026 03:04:15.002] [main/DEBUG] [net.minecraftforge.fml.loading.moddiscovery.ModFile/LOADING]: Loading mod file C:\Users\Silvaria Zemaitis\AppData\Roaming\PrismLauncher\instances\IridescentCraft\minecraft\mods\repurposed_structures-7.1.21+1.20.1-forge.jar with languages [LanguageSpec[languageName=javafml, acceptedVersions=[38,)]]
[15Mar2026 03:04:15.002] [main/DEBUG] [net.minecraftforge.fml.loading.moddiscovery.ModFileParser/LOADING]: Considering mod file candidate C:\Users\Silvaria Zemaitis\AppData\Roaming\PrismLauncher\instances\IridescentCraft\minecraft\mods\kubejsoffline-5.2.0.27.jar
[15Mar2026 03:04:15.002] [main/DEBUG] [net.minecraftforge.fml.loading.moddiscovery.ModFileInfo/LOADING]: Found valid mod file kubejsoffline-5.2.0.27.jar with {kubejsoffline} mods - versions {5.2.0.27}
[15Mar2026 03:04:15.002] [main/DEBUG] [net.minecraftforge.fml.loading.moddiscovery.ModFile/LOADING]: Loading mod file C:\Users\Silvaria Zemaitis\AppData\Roaming\PrismLauncher\instances\IridescentCraft\minecraft\mods\kubejsoffline-5.2.0.27.jar with languages [LanguageSpec[languageName=javafml, acceptedVersions=[36,)]]
[15Mar2026 03:04:15.002] [main/DEBUG] [net.minecraftforge.fml.loading.moddiscovery.ModFileParser/LOADING]: Considering mod file candidate C:\Users\Silvaria Zemaitis\AppData\Roaming\PrismLauncher\instances\IridescentCraft\minecraft\mods\BiomesOPlenty-forge-1.20.1-19.0.0.96.jar
[15Mar2026 03:04:15.002] [main/DEBUG] [net.minecraftforge.fml.loading.moddiscovery.ModFileInfo/LOADING]: Found valid mod file BiomesOPlenty-forge-1.20.1-19.0.0.96.jar with {biomesoplenty} mods - versions {19.0.0.96}
[15Mar2026 03:04:15.002] [main/DEBUG] [net.minecraftforge.fml.loading.moddiscovery.ModFile/LOADING]: Loading mod file C:\Users\Silvaria Zemaitis\AppData\Roaming\PrismLauncher\instances\IridescentCraft\minecraft\mods\BiomesOPlenty-forge-1.20.1-19.0.0.96.jar with languages [LanguageSpec[languageName=javafml, acceptedVersions=[47,)]]
[15Mar2026 03:04:15.002] [main/DEBUG] [net.minecraftforge.fml.loading.moddiscovery.ModFileParser/LOADING]: Considering mod file candidate C:\Users\Silvaria Zemaitis\AppData\Roaming\PrismLauncher\instances\IridescentCraft\minecraft\mods\celestial_core-1.5.6.jar
[15Mar2026 03:04:15.002] [main/DEBUG] [net.minecraftforge.fml.loading.moddiscovery.ModFileInfo/LOADING]: Found valid mod file celestial_core-1.5.6.jar with {celestial_core} mods - versions {1.5.6}
[15Mar2026 03:04:15.002] [main/DEBUG] [net.minecraftforge.fml.loading.moddiscovery.ModFile/LOADING]: Loading mod file C:\Users\Silvaria Zemaitis\AppData\Roaming\PrismLauncher\instances\IridescentCraft\minecraft\mods\celestial_core-1.5.6.jar with languages [LanguageSpec[languageName=javafml, acceptedVersions=[47,)]]
[15Mar2026 03:04:15.002] [main/DEBUG] [net.minecraftforge.fml.loading.moddiscovery.ModFileParser/LOADING]: Considering mod file candidate C:\Users\Silvaria Zemaitis\AppData\Roaming\PrismLauncher\instances\IridescentCraft\minecraft\mods\dungeons_plus-1.20.1-1.5.0.jar
[15Mar2026 03:04:15.002] [main/DEBUG] [net.minecraftforge.fml.loading.moddiscovery.ModFileInfo/LOADING]: Found valid mod file dungeons_plus-1.20.1-1.5.0.jar with {dungeons_plus} mods - versions {1.5.0}
[15Mar2026 03:04:15.002] [main/DEBUG] [net.minecraftforge.fml.loading.moddiscovery.ModFile/LOADING]: Loading mod file C:\Users\Silvaria Zemaitis\AppData\Roaming\PrismLauncher\instances\IridescentCraft\minecraft\mods\dungeons_plus-1.20.1-1.5.0.jar with languages [LanguageSpec[languageName=javafml, acceptedVersions=[47,)]]
[15Mar2026 03:04:15.002] [main/DEBUG] [net.minecraftforge.fml.loading.moddiscovery.ModFileParser/LOADING]: Considering mod file candidate C:\Users\Silvaria Zemaitis\AppData\Roaming\PrismLauncher\instances\IridescentCraft\minecraft\mods\Botania-1.20.1-451-FORGE.jar
[15Mar2026 03:04:15.002] [main/DEBUG] [net.minecraftforge.fml.loading.moddiscovery.ModFileInfo/LOADING]: Found valid mod file Botania-1.20.1-451-FORGE.jar with {botania} mods - versions {1.20.1-451-FORGE}
[15Mar2026 03:04:15.002] [main/DEBUG] [net.minecraftforge.fml.loading.moddiscovery.ModFile/LOADING]: Loading mod file C:\Users\Silvaria Zemaitis\AppData\Roaming\PrismLauncher\instances\IridescentCraft\minecraft\mods\Botania-1.20.1-451-FORGE.jar with languages [LanguageSpec[languageName=javafml, acceptedVersions=[47,)]]
[15Mar2026 03:04:15.002] [main/DEBUG] [net.minecraftforge.fml.loading.moddiscovery.ModFileParser/LOADING]: Considering mod file candidate C:\Users\Silvaria Zemaitis\AppData\Roaming\PrismLauncher\instances\IridescentCraft\minecraft\mods\Highlighter-1.20.1-forge-1.1.9.jar
[15Mar2026 03:04:15.002] [main/DEBUG] [net.minecraftforge.fml.loading.moddiscovery.ModFileInfo/LOADING]: Found valid mod file Highlighter-1.20.1-forge-1.1.9.jar with {highlighter} mods - versions {1.1.9}
[15Mar2026 03:04:15.002] [main/DEBUG] [net.minecraftforge.fml.loading.moddiscovery.ModFile/LOADING]: Loading mod file C:\Users\Silvaria Zemaitis\AppData\Roaming\PrismLauncher\instances\IridescentCraft\minecraft\mods\Highlighter-1.20.1-forge-1.1.9.jar with languages [LanguageSpec[languageName=javafml, acceptedVersions=[46,)]]
[15Mar2026 03:04:15.002] [main/DEBUG] [net.minecraftforge.fml.loading.moddiscovery.ModFileParser/LOADING]: Considering mod file candidate 
[15Mar2026 03:04:15.002] [main/DEBUG] [net.minecraftforge.fml.loading.moddiscovery.ModFileInfo/LOADING]: Found valid mod file unruled-api-0.4-forge+1.20.jar with {unruled_api} mods - versions {0.4}
[15Mar2026 03:04:15.002] [main/DEBUG] [net.minecraftforge.fml.loading.moddiscovery.ModFile/LOADING]: Loading mod file  with languages [LanguageSpec[languageName=javafml, acceptedVersions=[46,)]]
[15Mar2026 03:04:15.002] [main/DEBUG] [net.minecraftforge.fml.loading.moddiscovery.ModFileParser/LOADING]: Considering mod file candidate C:\Users\Silvaria Zemaitis\AppData\Roaming\PrismLauncher\instances\IridescentCraft\minecraft\mods\spark-1.10.53-forge.jar
[15Mar2026 03:04:15.002] [main/DEBUG] [net.minecraftforge.fml.loading.moddiscovery.ModFileInfo/LOADING]: Found valid mod file spark-1.10.53-forge.jar with {spark} mods - versions {1.10.53}
[15Mar2026 03:04:15.002] [main/DEBUG] [net.minecraftforge.fml.loading.moddiscovery.ModFile/LOADING]: Loading mod file C:\Users\Silvaria Zemaitis\AppData\Roaming\PrismLauncher\instances\IridescentCraft\minecraft\mods\spark-1.10.53-forge.jar with languages [LanguageSpec[languageName=javafml, acceptedVersions=[34,)]]
[15Mar2026 03:04:15.002] [main/DEBUG] [net.minecraftforge.fml.loading.moddiscovery.ModFileParser/LOADING]: Considering mod file candidate C:\Users\Silvaria Zemaitis\AppData\Roaming\PrismLauncher\instances\IridescentCraft\minecraft\mods\ApothicAttributes-1.20.1-1.3.7.jar
[15Mar2026 03:04:15.002] [main/DEBUG] [net.minecraftforge.fml.loading.moddiscovery.ModFileInfo/LOADING]: Found valid mod file ApothicAttributes-1.20.1-1.3.7.jar with {attributeslib} mods - versions {1.3.7}
[15Mar2026 03:04:15.002] [main/DEBUG] [net.minecraftforge.fml.loading.moddiscovery.ModFile/LOADING]: Loading mod file C:\Users\Silvaria Zemaitis\AppData\Roaming\PrismLauncher\instances\IridescentCraft\minecraft\mods\ApothicAttributes-1.20.1-1.3.7.jar with languages [LanguageSpec[languageName=javafml, acceptedVersions=[32,)]]
[15Mar2026 03:04:15.002] [main/DEBUG] [net.minecraftforge.fml.loading.moddiscovery.ModFileParser/LOADING]: Found coremod attributeslib_potion_gui_tooltips with Javascript path coremods/potion_gui_tooltips.js
[15Mar2026 03:04:15.002] [main/DEBUG] [net.minecraftforge.fml.loading.moddiscovery.ModFile/LOADING]: Found coremod coremods/potion_gui_tooltips.js
[15Mar2026 03:04:15.002] [main/DEBUG] [net.minecraftforge.fml.loading.moddiscovery.ModFileParser/LOADING]: Considering mod file candidate C:\Users\Silvaria Zemaitis\AppData\Roaming\PrismLauncher\instances\IridescentCraft\minecraft\mods\ExtraStorage-1.20.1-4.0.7.jar
[15Mar2026 03:04:15.002] [main/DEBUG] [net.minecraftforge.fml.loading.moddiscovery.ModFileInfo/LOADING]: Found valid mod file ExtraStorage-1.20.1-4.0.7.jar with {extrastorage} mods - versions {4.0.7}
[15Mar2026 03:04:15.002] [main/DEBUG] [net.minecraftforge.fml.loading.moddiscovery.ModFile/LOADING]: Loading mod file C:\Users\Silvaria Zemaitis\AppData\Roaming\PrismLauncher\instances\IridescentCraft\minecraft\mods\ExtraStorage-1.20.1-4.0.7.jar with languages [LanguageSpec[languageName=javafml, acceptedVersions=[47,)]]
[15Mar2026 03:04:15.002] [main/DEBUG] [net.minecraftforge.fml.loading.moddiscovery.ModFileParser/LOADING]: Considering mod file candidate 
[15Mar2026 03:04:15.003] [main/DEBUG] [net.minecraftforge.fml.loading.moddiscovery.ModFileInfo/LOADING]: Found valid mod file cumulus_menus-1.20.1-1.0.1-neoforge.jar with {cumulus_menus} mods - versions {1.20.1-1.0.1-neoforge}
[15Mar2026 03:04:15.003] [main/DEBUG] [net.minecraftforge.fml.loading.moddiscovery.ModFile/LOADING]: Loading mod file  with languages [LanguageSpec[languageName=javafml, acceptedVersions=[47,)]]
[15Mar2026 03:04:15.003] [main/DEBUG] [net.minecraftforge.fml.loading.moddiscovery.ModFileParser/LOADING]: Considering mod file candidate C:\Users\Silvaria Zemaitis\AppData\Roaming\PrismLauncher\instances\IridescentCraft\minecraft\mods\mcw-roofs-2.3.2-mc1.20.1forge.jar
[15Mar2026 03:04:15.003] [main/DEBUG] [net.minecraftforge.fml.loading.moddiscovery.ModFileInfo/LOADING]: Found valid mod file mcw-roofs-2.3.2-mc1.20.1forge.jar with {mcwroofs} mods - versions {2.3.2}
[15Mar2026 03:04:15.003] [main/DEBUG] [net.minecraftforge.fml.loading.moddiscovery.ModFile/LOADING]: Loading mod file C:\Users\Silvaria Zemaitis\AppData\Roaming\PrismLauncher\instances\IridescentCraft\minecraft\mods\mcw-roofs-2.3.2-mc1.20.1forge.jar with languages [LanguageSpec[languageName=javafml, acceptedVersions=[28,)]]
[15Mar2026 03:04:15.003] [main/DEBUG] [net.minecraftforge.fml.loading.moddiscovery.ModFileParser/LOADING]: Considering mod file candidate C:\Users\Silvaria Zemaitis\AppData\Roaming\PrismLauncher\instances\IridescentCraft\minecraft\mods\refinedcooking-4.0.0.jar
[15Mar2026 03:04:15.003] [main/DEBUG] [net.minecraftforge.fml.loading.moddiscovery.ModFileInfo/LOADING]: Found valid mod file refinedcooking-4.0.0.jar with {refinedcooking} mods - versions {4.0.0}
[15Mar2026 03:04:15.003] [main/DEBUG] [net.minecraftforge.fml.loading.moddiscovery.ModFile/LOADING]: Loading mod file C:\Users\Silvaria Zemaitis\AppData\Roaming\PrismLauncher\instances\IridescentCraft\minecraft\mods\refinedcooking-4.0.0.jar with languages [LanguageSpec[languageName=javafml, acceptedVersions=[47,)]]
[15Mar2026 03:04:15.003] [main/DEBUG] [net.minecraftforge.fml.loading.moddiscovery.ModFileParser/LOADING]: Considering mod file candidate 
[15Mar2026 03:04:15.003] [main/DEBUG] [net.minecraftforge.fml.loading.moddiscovery.ModFileInfo/LOADING]: Found valid mod file TRansition-1.0.11-1.20.1-forge-SNAPSHOT.jar with {transition} mods - versions {1.0.11}
[15Mar2026 03:04:15.003] [main/DEBUG] [net.minecraftforge.fml.loading.moddiscovery.ModFile/LOADING]: Loading mod file  with languages [LanguageSpec[languageName=javafml, acceptedVersions=[28,)]]
[15Mar2026 03:04:15.003] [main/DEBUG] [net.minecraftforge.fml.loading.moddiscovery.ModFileParser/LOADING]: Considering mod file candidate C:\Users\Silvaria Zemaitis\AppData\Roaming\PrismLauncher\instances\IridescentCraft\minecraft\mods\lootintegrations_ctov-1.4.jar
[15Mar2026 03:04:15.003] [main/DEBUG] [net.minecraftforge.fml.loading.moddiscovery.ModFileInfo/LOADING]: Found valid mod file lootintegrations_ctov-1.4.jar with {lootintegrations_ctov} mods - versions {1}
[15Mar2026 03:04:15.003] [main/DEBUG] [net.minecraftforge.fml.loading.moddiscovery.ModFile/LOADING]: Loading mod file C:\Users\Silvaria Zemaitis\AppData\Roaming\PrismLauncher\instances\IridescentCraft\minecraft\mods\lootintegrations_ctov-1.4.jar with languages [LanguageSpec[languageName=lowcodefml, acceptedVersions=[0,)]]
[15Mar2026 03:04:15.003] [main/DEBUG] [net.minecraftforge.fml.loading.moddiscovery.ModFileParser/LOADING]: Considering mod file candidate 
[15Mar2026 03:04:15.003] [main/DEBUG] [net.minecraftforge.fml.loading.moddiscovery.ModFileInfo/LOADING]: Found valid mod file fabric-rendering-data-attachment-v1-0.3.39+a6081afc77.jar with {fabric_rendering_data_attachment_v1} mods - versions {0.3.39+a6081afc77}
[15Mar2026 03:04:15.003] [main/DEBUG] [net.minecraftforge.fml.loading.moddiscovery.ModFile/LOADING]: Loading mod file  with languages [LanguageSpec[languageName=javafml, acceptedVersions=[47,)]]
[15Mar2026 03:04:15.003] [main/DEBUG] [net.minecraftforge.fml.loading.moddiscovery.ModFileParser/LOADING]: Considering mod file candidate C:\Users\Silvaria Zemaitis\AppData\Roaming\PrismLauncher\instances\IridescentCraft\minecraft\mods\YungsBetterEndIsland-1.20-Forge-2.0.6.jar
[15Mar2026 03:04:15.003] [main/DEBUG] [net.minecraftforge.fml.loading.moddiscovery.ModFileInfo/LOADING]: Found valid mod file YungsBetterEndIsland-1.20-Forge-2.0.6.jar with {betterendisland} mods - versions {1.20-Forge-2.0.6}
[15Mar2026 03:04:15.003] [main/DEBUG] [net.minecraftforge.fml.loading.moddiscovery.ModFile/LOADING]: Loading mod file C:\Users\Silvaria Zemaitis\AppData\Roaming\PrismLauncher\instances\IridescentCraft\minecraft\mods\YungsBetterEndIsland-1.20-Forge-2.0.6.jar with languages [LanguageSpec[languageName=javafml, acceptedVersions=[46,)]]
[15Mar2026 03:04:15.003] [main/DEBUG] [net.minecraftforge.fml.loading.moddiscovery.ModFileParser/LOADING]: Considering mod file candidate 
[15Mar2026 03:04:15.003] [main/DEBUG] [net.minecraftforge.fml.loading.moddiscovery.ModFileInfo/LOADING]: Found valid mod file nitrogen_internals-1.20.1-1.0.12-neoforge.jar with {nitrogen_internals} mods - versions {1.20.1-1.0.12-neoforge}
[15Mar2026 03:04:15.003] [main/DEBUG] [net.minecraftforge.fml.loading.moddiscovery.ModFile/LOADING]: Loading mod file  with languages [LanguageSpec[languageName=javafml, acceptedVersions=[47,)]]
[15Mar2026 03:04:15.003] [main/DEBUG] [net.minecraftforge.fml.loading.moddiscovery.ModFileParser/LOADING]: Considering mod file candidate 
[15Mar2026 03:04:15.003] [main/DEBUG] [net.minecraftforge.fml.loading.moddiscovery.ModFileInfo/LOADING]: Found valid mod file l2library-2.4.23-slim.jar with {l2library} mods - versions {2.4.23}
[15Mar2026 03:04:15.003] [main/DEBUG] [net.minecraftforge.fml.loading.moddiscovery.ModFile/LOADING]: Loading mod file  with languages [LanguageSpec[languageName=javafml, acceptedVersions=[46,)]]
[15Mar2026 03:04:15.003] [main/DEBUG] [net.minecraftforge.fml.loading.moddiscovery.ModFileParser/LOADING]: Considering mod file candidate C:\Users\Silvaria Zemaitis\AppData\Roaming\PrismLauncher\instances\IridescentCraft\minecraft\mods\furnacerecycle-1.20.1-2.5.jar
[15Mar2026 03:04:15.003] [main/DEBUG] [net.minecraftforge.fml.loading.moddiscovery.ModFileInfo/LOADING]: Found valid mod file furnacerecycle-1.20.1-2.5.jar with {furnacerecycle} mods - versions {2.5}
[15Mar2026 03:04:15.003] [main/DEBUG] [net.minecraftforge.fml.loading.moddiscovery.ModFile/LOADING]: Loading mod file C:\Users\Silvaria Zemaitis\AppData\Roaming\PrismLauncher\instances\IridescentCraft\minecraft\mods\furnacerecycle-1.20.1-2.5.jar with languages [LanguageSpec[languageName=javafml, acceptedVersions=*]]
[15Mar2026 03:04:15.003] [main/DEBUG] [net.minecraftforge.fml.loading.moddiscovery.ModFileParser/LOADING]: Considering mod file candidate C:\Users\Silvaria Zemaitis\AppData\Roaming\PrismLauncher\instances\IridescentCraft\minecraft\mods\FastLeafDecay-32.jar
[15Mar2026 03:04:15.004] [main/DEBUG] [net.minecraftforge.fml.loading.moddiscovery.ModFileInfo/LOADING]: Found valid mod file FastLeafDecay-32.jar with {fastleafdecay} mods - versions {32}
[15Mar2026 03:04:15.004] [main/DEBUG] [net.minecraftforge.fml.loading.moddiscovery.ModFile/LOADING]: Loading mod file C:\Users\Silvaria Zemaitis\AppData\Roaming\PrismLauncher\instances\IridescentCraft\minecraft\mods\FastLeafDecay-32.jar with languages [LanguageSpec[languageName=javafml, acceptedVersions=[47,)]]
[15Mar2026 03:04:15.004] [main/DEBUG] [net.minecraftforge.fml.loading.moddiscovery.ModFileParser/LOADING]: Considering mod file candidate C:\Users\Silvaria Zemaitis\AppData\Roaming\PrismLauncher\instances\IridescentCraft\minecraft\mods\prettybeaches-forge-1.20-11.0.1.jar
[15Mar2026 03:04:15.004] [main/DEBUG] [net.minecraftforge.fml.loading.moddiscovery.ModFileInfo/LOADING]: Found valid mod file prettybeaches-forge-1.20-11.0.1.jar with {prettybeaches} mods - versions {11.0.1}
[15Mar2026 03:04:15.004] [main/DEBUG] [net.minecraftforge.fml.loading.moddiscovery.ModFile/LOADING]: Loading mod file C:\Users\Silvaria Zemaitis\AppData\Roaming\PrismLauncher\instances\IridescentCraft\minecraft\mods\prettybeaches-forge-1.20-11.0.1.jar with languages [LanguageSpec[languageName=javafml, acceptedVersions=[46,)]]
[15Mar2026 03:04:15.004] [main/DEBUG] [net.minecraftforge.fml.loading.moddiscovery.ModFileParser/LOADING]: Considering mod file candidate C:\Users\Silvaria Zemaitis\AppData\Roaming\PrismLauncher\instances\IridescentCraft\minecraft\mods\experienced_crops-1.20.1-1.1.0-forge.jar
[15Mar2026 03:04:15.004] [main/DEBUG] [net.minecraftforge.fml.loading.moddiscovery.ModFileInfo/LOADING]: Found valid mod file experienced_crops-1.20.1-1.1.0-forge.jar with {experienced_crops} mods - versions {1.20.1-1.1.0}
[15Mar2026 03:04:15.004] [main/DEBUG] [net.minecraftforge.fml.loading.moddiscovery.ModFile/LOADING]: Loading mod file C:\Users\Silvaria Zemaitis\AppData\Roaming\PrismLauncher\instances\IridescentCraft\minecraft\mods\experienced_crops-1.20.1-1.1.0-forge.jar with languages [LanguageSpec[languageName=javafml, acceptedVersions=[40,)]]
[15Mar2026 03:04:15.004] [main/DEBUG] [net.minecraftforge.fml.loading.moddiscovery.ModFileParser/LOADING]: Considering mod file candidate C:\Users\Silvaria Zemaitis\AppData\Roaming\PrismLauncher\instances\IridescentCraft\minecraft\mods\SimpleDiscordRichPresence-forge-4.0.3-build.40+mc1.20.1.jar
[15Mar2026 03:04:15.004] [main/DEBUG] [net.minecraftforge.fml.loading.moddiscovery.ModFileInfo/LOADING]: Found valid mod file SimpleDiscordRichPresence-forge-4.0.3-build.40+mc1.20.1.jar with {sdrp} mods - versions {4.0.3-build.40+mc1.20.1}
[15Mar2026 03:04:15.004] [main/DEBUG] [net.minecraftforge.fml.loading.moddiscovery.ModFile/LOADING]: Loading mod file C:\Users\Silvaria Zemaitis\AppData\Roaming\PrismLauncher\instances\IridescentCraft\minecraft\mods\SimpleDiscordRichPresence-forge-4.0.3-build.40+mc1.20.1.jar with languages [LanguageSpec[languageName=javafml, acceptedVersions=[47,)]]
[15Mar2026 03:04:15.004] [main/DEBUG] [net.minecraftforge.fml.loading.moddiscovery.ModFileParser/LOADING]: Considering mod file candidate C:\Users\Silvaria Zemaitis\AppData\Roaming\PrismLauncher\instances\IridescentCraft\minecraft\mods\BEB-Forge-1.20.1-6.0.0.jar
[15Mar2026 03:04:15.004] [main/DEBUG] [net.minecraftforge.fml.loading.moddiscovery.ModFileInfo/LOADING]: Found valid mod file BEB-Forge-1.20.1-6.0.0.jar with {beb} mods - versions {6.0.0}
[15Mar2026 03:04:15.004] [main/DEBUG] [net.minecraftforge.fml.loading.moddiscovery.ModFile/LOADING]: Loading mod file C:\Users\Silvaria Zemaitis\AppData\Roaming\PrismLauncher\instances\IridescentCraft\minecraft\mods\BEB-Forge-1.20.1-6.0.0.jar with languages [LanguageSpec[languageName=javafml, acceptedVersions=[47,)]]
[15Mar2026 03:04:15.004] [main/DEBUG] [net.minecraftforge.fml.loading.moddiscovery.ModFileParser/LOADING]: Considering mod file candidate 
[15Mar2026 03:04:15.004] [main/DEBUG] [net.minecraftforge.fml.loading.moddiscovery.ModFileInfo/LOADING]: Found valid mod file fabric-client-tags-api-v1-1.1.3+5d6761b877.jar with {fabric_client_tags_api_v1} mods - versions {1.1.3+5d6761b877}
[15Mar2026 03:04:15.004] [main/DEBUG] [net.minecraftforge.fml.loading.moddiscovery.ModFile/LOADING]: Loading mod file  with languages [LanguageSpec[languageName=javafml, acceptedVersions=[47,)]]
[15Mar2026 03:04:15.004] [main/DEBUG] [net.minecraftforge.fml.loading.moddiscovery.ModFileParser/LOADING]: Considering mod file candidate C:\Users\Silvaria Zemaitis\AppData\Roaming\PrismLauncher\instances\IridescentCraft\minecraft\mods\blahaj-forge+1.20.1-0.6.2.jar
[15Mar2026 03:04:15.004] [main/DEBUG] [net.minecraftforge.fml.loading.moddiscovery.ModFileInfo/LOADING]: Found valid mod file blahaj-forge+1.20.1-0.6.2.jar with {blahaj} mods - versions {0.6.2}
[15Mar2026 03:04:15.004] [main/DEBUG] [net.minecraftforge.fml.loading.moddiscovery.ModFile/LOADING]: Loading mod file C:\Users\Silvaria Zemaitis\AppData\Roaming\PrismLauncher\instances\IridescentCraft\minecraft\mods\blahaj-forge+1.20.1-0.6.2.jar with languages [LanguageSpec[languageName=javafml, acceptedVersions=[46,)]]
[15Mar2026 03:04:15.004] [main/DEBUG] [net.minecraftforge.fml.loading.moddiscovery.ModFileParser/LOADING]: Considering mod file candidate C:\Users\Silvaria Zemaitis\AppData\Roaming\PrismLauncher\instances\IridescentCraft\minecraft\mods\SmartBrainLib-forge-1.20.1-1.15.jar
[15Mar2026 03:04:15.004] [main/DEBUG] [net.minecraftforge.fml.loading.moddiscovery.ModFileInfo/LOADING]: Found valid mod file SmartBrainLib-forge-1.20.1-1.15.jar with {smartbrainlib} mods - versions {1.15}
[15Mar2026 03:04:15.004] [main/DEBUG] [net.minecraftforge.fml.loading.moddiscovery.ModFile/LOADING]: Loading mod file C:\Users\Silvaria Zemaitis\AppData\Roaming\PrismLauncher\instances\IridescentCraft\minecraft\mods\SmartBrainLib-forge-1.20.1-1.15.jar with languages [LanguageSpec[languageName=javafml, acceptedVersions=[47,)]]
[15Mar2026 03:04:15.004] [main/DEBUG] [net.minecraftforge.fml.loading.moddiscovery.ModFileParser/LOADING]: Considering mod file candidate C:\Users\Silvaria Zemaitis\AppData\Roaming\PrismLauncher\instances\IridescentCraft\minecraft\mods\bossultimatum-forge-1.0.0-1.20.1.jar
[15Mar2026 03:04:15.004] [main/DEBUG] [net.minecraftforge.fml.loading.moddiscovery.ModFileInfo/LOADING]: Found valid mod file bossultimatum-forge-1.0.0-1.20.1.jar with {bossultimatum} mods - versions {1.0.0}
[15Mar2026 03:04:15.004] [main/DEBUG] [net.minecraftforge.fml.loading.moddiscovery.ModFile/LOADING]: Loading mod file C:\Users\Silvaria Zemaitis\AppData\Roaming\PrismLauncher\instances\IridescentCraft\minecraft\mods\bossultimatum-forge-1.0.0-1.20.1.jar with languages [LanguageSpec[languageName=javafml, acceptedVersions=[1,)]]
[15Mar2026 03:04:15.004] [main/DEBUG] [net.minecraftforge.fml.loading.moddiscovery.ModFileParser/LOADING]: Considering mod file candidate C:\Users\Silvaria Zemaitis\AppData\Roaming\PrismLauncher\instances\IridescentCraft\minecraft\mods\puffish_skills-0.17.3-1.20-forge.jar
[15Mar2026 03:04:15.004] [main/DEBUG] [net.minecraftforge.fml.loading.moddiscovery.ModFileInfo/LOADING]: Found valid mod file puffish_skills-0.17.3-1.20-forge.jar with {puffish_skills} mods - versions {0.17.3}
[15Mar2026 03:04:15.004] [main/DEBUG] [net.minecraftforge.fml.loading.moddiscovery.ModFile/LOADING]: Loading mod file C:\Users\Silvaria Zemaitis\AppData\Roaming\PrismLauncher\instances\IridescentCraft\minecraft\mods\puffish_skills-0.17.3-1.20-forge.jar with languages [LanguageSpec[languageName=javafml, acceptedVersions=[46,)]]
[15Mar2026 03:04:15.004] [main/DEBUG] [net.minecraftforge.fml.loading.moddiscovery.ModFileParser/LOADING]: Considering mod file candidate C:\Users\Silvaria Zemaitis\AppData\Roaming\PrismLauncher\instances\IridescentCraft\minecraft\mods\adaptive_performance_tweaks_spawn_1.20.1-11.5.0.jar
[15Mar2026 03:04:15.004] [main/DEBUG] [net.minecraftforge.fml.loading.moddiscovery.ModFileInfo/LOADING]: Found valid mod file adaptive_performance_tweaks_spawn_1.20.1-11.5.0.jar with {adaptive_performance_tweaks_spawn} mods - versions {11.5.0}
[15Mar2026 03:04:15.005] [main/DEBUG] [net.minecraftforge.fml.loading.moddiscovery.ModFile/LOADING]: Loading mod file C:\Users\Silvaria Zemaitis\AppData\Roaming\PrismLauncher\instances\IridescentCraft\minecraft\mods\adaptive_performance_tweaks_spawn_1.20.1-11.5.0.jar with languages [LanguageSpec[languageName=javafml, acceptedVersions=[47,)]]
[15Mar2026 03:04:15.005] [main/DEBUG] [net.minecraftforge.fml.loading.moddiscovery.ModFileParser/LOADING]: Considering mod file candidate C:\Users\Silvaria Zemaitis\AppData\Roaming\PrismLauncher\instances\IridescentCraft\minecraft\mods\MutantMonsters-v8.0.8-1.20.1-Forge.jar
[15Mar2026 03:04:15.005] [main/DEBUG] [net.minecraftforge.fml.loading.moddiscovery.ModFileInfo/LOADING]: Found valid mod file MutantMonsters-v8.0.8-1.20.1-Forge.jar with {mutantmonsters} mods - versions {8.0.8}
[15Mar2026 03:04:15.005] [main/DEBUG] [net.minecraftforge.fml.loading.moddiscovery.ModFile/LOADING]: Loading mod file C:\Users\Silvaria Zemaitis\AppData\Roaming\PrismLauncher\instances\IridescentCraft\minecraft\mods\MutantMonsters-v8.0.8-1.20.1-Forge.jar with languages [LanguageSpec[languageName=javafml, acceptedVersions=[47,)]]
[15Mar2026 03:04:15.005] [main/DEBUG] [net.minecraftforge.fml.loading.moddiscovery.ModFileParser/LOADING]: Considering mod file candidate C:\Users\Silvaria Zemaitis\AppData\Roaming\PrismLauncher\instances\IridescentCraft\minecraft\mods\too_many_bows-forge-4.0.1.jar
[15Mar2026 03:04:15.005] [main/DEBUG] [net.minecraftforge.fml.loading.moddiscovery.ModFileInfo/LOADING]: Found valid mod file too_many_bows-forge-4.0.1.jar with {too_many_bows} mods - versions {4.0.1}
[15Mar2026 03:04:15.005] [main/DEBUG] [net.minecraftforge.fml.loading.moddiscovery.ModFile/LOADING]: Loading mod file C:\Users\Silvaria Zemaitis\AppData\Roaming\PrismLauncher\instances\IridescentCraft\minecraft\mods\too_many_bows-forge-4.0.1.jar with languages [LanguageSpec[languageName=javafml, acceptedVersions=[47,)]]
[15Mar2026 03:04:15.005] [main/DEBUG] [net.minecraftforge.fml.loading.moddiscovery.ModFileParser/LOADING]: Considering mod file candidate C:\Users\Silvaria Zemaitis\AppData\Roaming\PrismLauncher\instances\IridescentCraft\minecraft\mods\rechiseled-1.2.3-forge-mc1.20.1.jar
[15Mar2026 03:04:15.005] [main/DEBUG] [net.minecraftforge.fml.loading.moddiscovery.ModFileInfo/LOADING]: Found valid mod file rechiseled-1.2.3-forge-mc1.20.1.jar with {rechiseled} mods - versions {1.2.3}
[15Mar2026 03:04:15.005] [main/DEBUG] [net.minecraftforge.fml.loading.moddiscovery.ModFile/LOADING]: Loading mod file C:\Users\Silvaria Zemaitis\AppData\Roaming\PrismLauncher\instances\IridescentCraft\minecraft\mods\rechiseled-1.2.3-forge-mc1.20.1.jar with languages [LanguageSpec[languageName=javafml, acceptedVersions=[46,)]]
[15Mar2026 03:04:15.005] [main/DEBUG] [net.minecraftforge.fml.loading.moddiscovery.ModFileParser/LOADING]: Considering mod file candidate C:\Users\Silvaria Zemaitis\AppData\Roaming\PrismLauncher\instances\IridescentCraft\minecraft\mods\AttributeFix-Forge-1.20.1-21.0.5.jar
[15Mar2026 03:04:15.005] [main/DEBUG] [net.minecraftforge.fml.loading.moddiscovery.ModFileInfo/LOADING]: Found valid mod file AttributeFix-Forge-1.20.1-21.0.5.jar with {attributefix} mods - versions {21.0.5}
[15Mar2026 03:04:15.005] [main/DEBUG] [net.minecraftforge.fml.loading.moddiscovery.ModFile/LOADING]: Loading mod file C:\Users\Silvaria Zemaitis\AppData\Roaming\PrismLauncher\instances\IridescentCraft\minecraft\mods\AttributeFix-Forge-1.20.1-21.0.5.jar with languages [LanguageSpec[languageName=javafml, acceptedVersions=[47,)]]
[15Mar2026 03:04:15.005] [main/DEBUG] [net.minecraftforge.fml.loading.moddiscovery.ModFileParser/LOADING]: Considering mod file candidate C:\Users\Silvaria Zemaitis\AppData\Roaming\PrismLauncher\instances\IridescentCraft\minecraft\mods\VisualWorkbench-v8.0.1-1.20.1-Forge.jar
[15Mar2026 03:04:15.005] [main/DEBUG] [net.minecraftforge.fml.loading.moddiscovery.ModFileInfo/LOADING]: Found valid mod file VisualWorkbench-v8.0.1-1.20.1-Forge.jar with {visualworkbench} mods - versions {8.0.1}
[15Mar2026 03:04:15.005] [main/DEBUG] [net.minecraftforge.fml.loading.moddiscovery.ModFile/LOADING]: Loading mod file C:\Users\Silvaria Zemaitis\AppData\Roaming\PrismLauncher\instances\IridescentCraft\minecraft\mods\VisualWorkbench-v8.0.1-1.20.1-Forge.jar with languages [LanguageSpec[languageName=javafml, acceptedVersions=[47,)]]
[15Mar2026 03:04:15.005] [main/DEBUG] [net.minecraftforge.fml.loading.moddiscovery.ModFileParser/LOADING]: Considering mod file candidate 
[15Mar2026 03:04:15.005] [main/DEBUG] [net.minecraftforge.fml.loading.moddiscovery.ModFileInfo/LOADING]: Found valid mod file fabric-screen-handler-api-v1-1.3.33+561530ec77.jar with {fabric_screen_handler_api_v1} mods - versions {1.3.33+561530ec77}
[15Mar2026 03:04:15.005] [main/DEBUG] [net.minecraftforge.fml.loading.moddiscovery.ModFile/LOADING]: Loading mod file  with languages [LanguageSpec[languageName=javafml, acceptedVersions=[47,)]]
[15Mar2026 03:04:15.005] [main/DEBUG] [net.minecraftforge.fml.loading.moddiscovery.ModFileParser/LOADING]: Considering mod file candidate C:\Users\Silvaria Zemaitis\AppData\Roaming\PrismLauncher\instances\IridescentCraft\minecraft\mods\libraryferret-forge-1.20.1-4.0.0.jar
[15Mar2026 03:04:15.005] [main/DEBUG] [net.minecraftforge.fml.loading.moddiscovery.ModFileInfo/LOADING]: Found valid mod file libraryferret-forge-1.20.1-4.0.0.jar with {libraryferret} mods - versions {4.0.0}
[15Mar2026 03:04:15.005] [main/DEBUG] [net.minecraftforge.fml.loading.moddiscovery.ModFile/LOADING]: Loading mod file C:\Users\Silvaria Zemaitis\AppData\Roaming\PrismLauncher\instances\IridescentCraft\minecraft\mods\libraryferret-forge-1.20.1-4.0.0.jar with languages [LanguageSpec[languageName=javafml, acceptedVersions=[47,)]]
[15Mar2026 03:04:15.005] [main/DEBUG] [net.minecraftforge.fml.loading.moddiscovery.ModFileParser/LOADING]: Considering mod file candidate C:\Users\Silvaria Zemaitis\AppData\Roaming\PrismLauncher\instances\IridescentCraft\minecraft\mods\caelus-forge-3.2.0+1.20.1.jar
[15Mar2026 03:04:15.005] [main/DEBUG] [net.minecraftforge.fml.loading.moddiscovery.ModFileInfo/LOADING]: Found valid mod file caelus-forge-3.2.0+1.20.1.jar with {caelus} mods - versions {3.2.0+1.20.1}
[15Mar2026 03:04:15.005] [main/DEBUG] [net.minecraftforge.fml.loading.moddiscovery.ModFile/LOADING]: Loading mod file C:\Users\Silvaria Zemaitis\AppData\Roaming\PrismLauncher\instances\IridescentCraft\minecraft\mods\caelus-forge-3.2.0+1.20.1.jar with languages [LanguageSpec[languageName=javafml, acceptedVersions=[46,)]]
[15Mar2026 03:04:15.005] [main/DEBUG] [net.minecraftforge.fml.loading.moddiscovery.ModFileParser/LOADING]: Considering mod file candidate C:\Users\Silvaria Zemaitis\AppData\Roaming\PrismLauncher\instances\IridescentCraft\minecraft\mods\Paxi-1.20-Forge-4.0.jar
[15Mar2026 03:04:15.005] [main/DEBUG] [net.minecraftforge.fml.loading.moddiscovery.ModFileInfo/LOADING]: Found valid mod file Paxi-1.20-Forge-4.0.jar with {paxi} mods - versions {1.20-Forge-4.0}
[15Mar2026 03:04:15.005] [main/DEBUG] [net.minecraftforge.fml.loading.moddiscovery.ModFile/LOADING]: Loading mod file C:\Users\Silvaria Zemaitis\AppData\Roaming\PrismLauncher\instances\IridescentCraft\minecraft\mods\Paxi-1.20-Forge-4.0.jar with languages [LanguageSpec[languageName=javafml, acceptedVersions=[46,)]]
[15Mar2026 03:04:15.005] [main/DEBUG] [net.minecraftforge.fml.loading.moddiscovery.ModFileParser/LOADING]: Considering mod file candidate C:\Users\Silvaria Zemaitis\AppData\Roaming\PrismLauncher\instances\IridescentCraft\minecraft\mods\fullstackwatchdog-1.0.1+1.19.2-forge.jar
[15Mar2026 03:04:15.005] [main/DEBUG] [net.minecraftforge.fml.loading.moddiscovery.ModFileInfo/LOADING]: Found valid mod file fullstackwatchdog-1.0.1+1.19.2-forge.jar with {fullstackwatchdog} mods - versions {1.0.1+1.19.2-forge}
[15Mar2026 03:04:15.005] [main/DEBUG] [net.minecraftforge.fml.loading.moddiscovery.ModFile/LOADING]: Loading mod file C:\Users\Silvaria Zemaitis\AppData\Roaming\PrismLauncher\instances\IridescentCraft\minecraft\mods\fullstackwatchdog-1.0.1+1.19.2-forge.jar with languages [LanguageSpec[languageName=javafml, acceptedVersions=[37,)]]
[15Mar2026 03:04:15.005] [main/DEBUG] [net.minecraftforge.fml.loading.moddiscovery.ModFileParser/LOADING]: Considering mod file candidate C:\Users\Silvaria Zemaitis\AppData\Roaming\PrismLauncher\instances\IridescentCraft\minecraft\mods\immersive_optimization-forge-1.20.1-0.1.0.jar
[15Mar2026 03:04:15.005] [main/DEBUG] [net.minecraftforge.fml.loading.moddiscovery.ModFileInfo/LOADING]: Found valid mod file immersive_optimization-forge-1.20.1-0.1.0.jar with {immersive_optimization} mods - versions {0.1.0}
[15Mar2026 03:04:15.005] [main/DEBUG] [net.minecraftforge.fml.loading.moddiscovery.ModFile/LOADING]: Loading mod file C:\Users\Silvaria Zemaitis\AppData\Roaming\PrismLauncher\instances\IridescentCraft\minecraft\mods\immersive_optimization-forge-1.20.1-0.1.0.jar with languages [LanguageSpec[languageName=javafml, acceptedVersions=[47,)]]
[15Mar2026 03:04:15.005] [main/DEBUG] [net.minecraftforge.fml.loading.moddiscovery.ModFileParser/LOADING]: Considering mod file candidate C:\Users\Silvaria Zemaitis\AppData\Roaming\PrismLauncher\instances\IridescentCraft\minecraft\mods\integrated_api-1.5.3+1.20.1-forge.jar
[15Mar2026 03:04:15.005] [main/DEBUG] [net.minecraftforge.fml.loading.moddiscovery.ModFileInfo/LOADING]: Found valid mod file integrated_api-1.5.3+1.20.1-forge.jar with {integrated_api} mods - versions {1.5.3+1.20.1-forge}
[15Mar2026 03:04:15.005] [main/DEBUG] [net.minecraftforge.fml.loading.moddiscovery.ModFile/LOADING]: Loading mod file C:\Users\Silvaria Zemaitis\AppData\Roaming\PrismLauncher\instances\IridescentCraft\minecraft\mods\integrated_api-1.5.3+1.20.1-forge.jar with languages [LanguageSpec[languageName=javafml, acceptedVersions=[38,)]]
[15Mar2026 03:04:15.005] [main/DEBUG] [net.minecraftforge.fml.loading.moddiscovery.ModFileParser/LOADING]: Considering mod file candidate C:\Users\Silvaria Zemaitis\AppData\Roaming\PrismLauncher\instances\IridescentCraft\minecraft\mods\absolutely_stuffed-1.20.1-47.3.1-1.1.jar
[15Mar2026 03:04:15.005] [main/DEBUG] [net.minecraftforge.fml.loading.moddiscovery.ModFileInfo/LOADING]: Found valid mod file absolutely_stuffed-1.20.1-47.3.1-1.1.jar with {absolutely_stuffed} mods - versions {1.1}
[15Mar2026 03:04:15.005] [main/DEBUG] [net.minecraftforge.fml.loading.moddiscovery.ModFile/LOADING]: Loading mod file C:\Users\Silvaria Zemaitis\AppData\Roaming\PrismLauncher\instances\IridescentCraft\minecraft\mods\absolutely_stuffed-1.20.1-47.3.1-1.1.jar with languages [LanguageSpec[languageName=javafml, acceptedVersions=[47,)]]
[15Mar2026 03:04:15.006] [main/DEBUG] [net.minecraftforge.fml.loading.moddiscovery.ModFileParser/LOADING]: Considering mod file candidate 
[15Mar2026 03:04:15.006] [main/DEBUG] [net.minecraftforge.fml.loading.moddiscovery.ModFileInfo/LOADING]: Found valid mod file l2screentracker-0.1.4.jar with {l2screentracker} mods - versions {0.1.4}
[15Mar2026 03:04:15.006] [main/DEBUG] [net.minecraftforge.fml.loading.moddiscovery.ModFile/LOADING]: Loading mod file  with languages [LanguageSpec[languageName=javafml, acceptedVersions=[46,)]]
[15Mar2026 03:04:15.006] [main/DEBUG] [net.minecraftforge.fml.loading.moddiscovery.ModFileParser/LOADING]: Considering mod file candidate C:\Users\Silvaria Zemaitis\AppData\Roaming\PrismLauncher\instances\IridescentCraft\minecraft\mods\champions-forge-1.20.1-2.1.12.6.jar
[15Mar2026 03:04:15.006] [main/DEBUG] [net.minecraftforge.fml.loading.moddiscovery.ModFileInfo/LOADING]: Found valid mod file champions-forge-1.20.1-2.1.12.6.jar with {champions} mods - versions {1.20.1-2.1.12.6}
[15Mar2026 03:04:15.006] [main/DEBUG] [net.minecraftforge.fml.loading.moddiscovery.ModFile/LOADING]: Loading mod file C:\Users\Silvaria Zemaitis\AppData\Roaming\PrismLauncher\instances\IridescentCraft\minecraft\mods\champions-forge-1.20.1-2.1.12.6.jar with languages [LanguageSpec[languageName=javafml, acceptedVersions=[47,)]]
[15Mar2026 03:04:15.006] [main/DEBUG] [net.minecraftforge.fml.loading.moddiscovery.ModFileParser/LOADING]: Considering mod file candidate C:\Users\Silvaria Zemaitis\AppData\Roaming\PrismLauncher\instances\IridescentCraft\minecraft\mods\farmingforblockheads-forge-1.20.1-14.0.4.jar
[15Mar2026 03:04:15.006] [main/DEBUG] [net.minecraftforge.fml.loading.moddiscovery.ModFileInfo/LOADING]: Found valid mod file farmingforblockheads-forge-1.20.1-14.0.4.jar with {farmingforblockheads} mods - versions {14.0.4}
[15Mar2026 03:04:15.006] [main/DEBUG] [net.minecraftforge.fml.loading.moddiscovery.ModFile/LOADING]: Loading mod file C:\Users\Silvaria Zemaitis\AppData\Roaming\PrismLauncher\instances\IridescentCraft\minecraft\mods\farmingforblockheads-forge-1.20.1-14.0.4.jar with languages [LanguageSpec[languageName=javafml, acceptedVersions=[46,)]]
[15Mar2026 03:04:15.006] [main/DEBUG] [net.minecraftforge.fml.loading.moddiscovery.ModFileParser/LOADING]: Considering mod file candidate C:\Users\Silvaria Zemaitis\AppData\Roaming\PrismLauncher\instances\IridescentCraft\minecraft\mods\cofh_core-1.20.1-11.0.2.56.jar
[15Mar2026 03:04:15.006] [main/DEBUG] [net.minecraftforge.fml.loading.moddiscovery.ModFileInfo/LOADING]: Found valid mod file cofh_core-1.20.1-11.0.2.56.jar with {cofh_core} mods - versions {11.0.2}
[15Mar2026 03:04:15.006] [main/DEBUG] [net.minecraftforge.fml.loading.moddiscovery.ModFile/LOADING]: Loading mod file C:\Users\Silvaria Zemaitis\AppData\Roaming\PrismLauncher\instances\IridescentCraft\minecraft\mods\cofh_core-1.20.1-11.0.2.56.jar with languages [LanguageSpec[languageName=javafml, acceptedVersions=[47,)]]
[15Mar2026 03:04:15.006] [main/DEBUG] [net.minecraftforge.fml.loading.moddiscovery.ModFileParser/LOADING]: Considering mod file candidate 
[15Mar2026 03:04:15.006] [main/DEBUG] [net.minecraftforge.fml.loading.moddiscovery.ModFileInfo/LOADING]: Found valid mod file midnightlib-1.4.2-forge.jar with {midnightlib} mods - versions {1.4.2}
[15Mar2026 03:04:15.006] [main/DEBUG] [net.minecraftforge.fml.loading.moddiscovery.ModFile/LOADING]: Loading mod file  with languages [LanguageSpec[languageName=javafml, acceptedVersions=[43,)]]
[15Mar2026 03:04:15.006] [main/DEBUG] [net.minecraftforge.fml.loading.moddiscovery.ModFileParser/LOADING]: Considering mod file candidate C:\Users\Silvaria Zemaitis\AppData\Roaming\PrismLauncher\instances\IridescentCraft\minecraft\mods\aether_treasure_reforging-1.20.1-1.0.1-neoforge.jar
[15Mar2026 03:04:15.006] [main/DEBUG] [net.minecraftforge.fml.loading.moddiscovery.ModFileInfo/LOADING]: Found valid mod file aether_treasure_reforging-1.20.1-1.0.1-neoforge.jar with {aether_treasure_reforging} mods - versions {1.20.1-1.0.1-neoforge}
[15Mar2026 03:04:15.006] [main/DEBUG] [net.minecraftforge.fml.loading.moddiscovery.ModFile/LOADING]: Loading mod file C:\Users\Silvaria Zemaitis\AppData\Roaming\PrismLauncher\instances\IridescentCraft\minecraft\mods\aether_treasure_reforging-1.20.1-1.0.1-neoforge.jar with languages [LanguageSpec[languageName=javafml, acceptedVersions=[47,)]]
[15Mar2026 03:04:15.006] [main/DEBUG] [net.minecraftforge.fml.loading.moddiscovery.ModFileParser/LOADING]: Considering mod file candidate C:\Users\Silvaria Zemaitis\AppData\Roaming\PrismLauncher\instances\IridescentCraft\minecraft\mods\JeiTweaker-forge-1.20.1-8.0.6.jar
[15Mar2026 03:04:15.006] [main/DEBUG] [net.minecraftforge.fml.loading.moddiscovery.ModFileInfo/LOADING]: Found valid mod file JeiTweaker-forge-1.20.1-8.0.6.jar with {jeitweaker} mods - versions {8.0.6}
[15Mar2026 03:04:15.006] [main/DEBUG] [net.minecraftforge.fml.loading.moddiscovery.ModFile/LOADING]: Loading mod file C:\Users\Silvaria Zemaitis\AppData\Roaming\PrismLauncher\instances\IridescentCraft\minecraft\mods\JeiTweaker-forge-1.20.1-8.0.6.jar with languages [LanguageSpec[languageName=javafml, acceptedVersions=[43,)]]
[15Mar2026 03:04:15.006] [main/DEBUG] [net.minecraftforge.fml.loading.moddiscovery.ModFileParser/LOADING]: Considering mod file candidate C:\Users\Silvaria Zemaitis\AppData\Roaming\PrismLauncher\instances\IridescentCraft\minecraft\mods\fusion-1.2.12-forge-mc1.20.1.jar
[15Mar2026 03:04:15.006] [main/DEBUG] [net.minecraftforge.fml.loading.moddiscovery.ModFileInfo/LOADING]: Found valid mod file fusion-1.2.12-forge-mc1.20.1.jar with {fusion} mods - versions {1.2.12}
[15Mar2026 03:04:15.006] [main/DEBUG] [net.minecraftforge.fml.loading.moddiscovery.ModFile/LOADING]: Loading mod file C:\Users\Silvaria Zemaitis\AppData\Roaming\PrismLauncher\instances\IridescentCraft\minecraft\mods\fusion-1.2.12-forge-mc1.20.1.jar with languages [LanguageSpec[languageName=javafml, acceptedVersions=[46,)]]
[15Mar2026 03:04:15.006] [main/DEBUG] [net.minecraftforge.fml.loading.moddiscovery.ModFileParser/LOADING]: Considering mod file candidate C:\Users\Silvaria Zemaitis\AppData\Roaming\PrismLauncher\instances\IridescentCraft\minecraft\mods\CraftTweaker-forge-1.20.1-14.0.59.jar
[15Mar2026 03:04:15.006] [main/DEBUG] [net.minecraftforge.fml.loading.moddiscovery.ModFileInfo/LOADING]: Found valid mod file CraftTweaker-forge-1.20.1-14.0.59.jar with {crafttweaker} mods - versions {14.0.59}
[15Mar2026 03:04:15.006] [main/DEBUG] [net.minecraftforge.fml.loading.moddiscovery.ModFile/LOADING]: Loading mod file C:\Users\Silvaria Zemaitis\AppData\Roaming\PrismLauncher\instances\IridescentCraft\minecraft\mods\CraftTweaker-forge-1.20.1-14.0.59.jar with languages [LanguageSpec[languageName=javafml, acceptedVersions=[39,)]]
[15Mar2026 03:04:15.006] [main/DEBUG] [net.minecraftforge.fml.loading.moddiscovery.ModFileParser/LOADING]: Considering mod file candidate C:\Users\Silvaria Zemaitis\AppData\Roaming\PrismLauncher\instances\IridescentCraft\minecraft\mods\EdivadLib-1.20.1-2.0.1.jar
[15Mar2026 03:04:15.006] [main/DEBUG] [net.minecraftforge.fml.loading.moddiscovery.ModFileInfo/LOADING]: Found valid mod file EdivadLib-1.20.1-2.0.1.jar with {edivadlib} mods - versions {2.0.1}
[15Mar2026 03:04:15.006] [main/DEBUG] [net.minecraftforge.fml.loading.moddiscovery.ModFile/LOADING]: Loading mod file C:\Users\Silvaria Zemaitis\AppData\Roaming\PrismLauncher\instances\IridescentCraft\minecraft\mods\EdivadLib-1.20.1-2.0.1.jar with languages [LanguageSpec[languageName=javafml, acceptedVersions=[47,)]]
[15Mar2026 03:04:15.006] [main/DEBUG] [net.minecraftforge.fml.loading.moddiscovery.ModFileParser/LOADING]: Considering mod file candidate C:\Users\Silvaria Zemaitis\AppData\Roaming\PrismLauncher\instances\IridescentCraft\minecraft\mods\ExtraDisks-1.20.1-3.0.3.jar
[15Mar2026 03:04:15.006] [main/DEBUG] [net.minecraftforge.fml.loading.moddiscovery.ModFileInfo/LOADING]: Found valid mod file ExtraDisks-1.20.1-3.0.3.jar with {extradisks} mods - versions {1.20.1-3.0.3}
[15Mar2026 03:04:15.006] [main/DEBUG] [net.minecraftforge.fml.loading.moddiscovery.ModFile/LOADING]: Loading mod file C:\Users\Silvaria Zemaitis\AppData\Roaming\PrismLauncher\instances\IridescentCraft\minecraft\mods\ExtraDisks-1.20.1-3.0.3.jar with languages [LanguageSpec[languageName=javafml, acceptedVersions=[47,)]]
[15Mar2026 03:04:15.006] [main/DEBUG] [net.minecraftforge.fml.loading.moddiscovery.ModFileParser/LOADING]: Considering mod file candidate C:\Users\Silvaria Zemaitis\AppData\Roaming\PrismLauncher\instances\IridescentCraft\minecraft\mods\rftoolspower-1.20-6.0.2.jar
[15Mar2026 03:04:15.006] [main/DEBUG] [net.minecraftforge.fml.loading.moddiscovery.ModFileInfo/LOADING]: Found valid mod file rftoolspower-1.20-6.0.2.jar with {rftoolspower} mods - versions {1.20-6.0.2}
[15Mar2026 03:04:15.006] [main/DEBUG] [net.minecraftforge.fml.loading.moddiscovery.ModFile/LOADING]: Loading mod file C:\Users\Silvaria Zemaitis\AppData\Roaming\PrismLauncher\instances\IridescentCraft\minecraft\mods\rftoolspower-1.20-6.0.2.jar with languages [LanguageSpec[languageName=javafml, acceptedVersions=[47,)]]
[15Mar2026 03:04:15.006] [main/DEBUG] [net.minecraftforge.fml.loading.moddiscovery.ModFileParser/LOADING]: Considering mod file candidate 
[15Mar2026 03:04:15.006] [main/DEBUG] [net.minecraftforge.fml.loading.moddiscovery.ModFileInfo/LOADING]: Found valid mod file fabric-particles-v1-1.1.3+78e1ecb877.jar with {fabric_particles_v1} mods - versions {1.1.3+78e1ecb877}
[15Mar2026 03:04:15.006] [main/DEBUG] [net.minecraftforge.fml.loading.moddiscovery.ModFile/LOADING]: Loading mod file  with languages [LanguageSpec[languageName=javafml, acceptedVersions=[47,)]]
[15Mar2026 03:04:15.006] [main/DEBUG] [net.minecraftforge.fml.loading.moddiscovery.ModFileParser/LOADING]: Considering mod file candidate C:\Users\Silvaria Zemaitis\AppData\Roaming\PrismLauncher\instances\IridescentCraft\minecraft\mods\Difficult Caves 1.0.0 - 1.20.1.jar
[15Mar2026 03:04:15.006] [main/DEBUG] [net.minecraftforge.fml.loading.moddiscovery.ModFileInfo/LOADING]: Found valid mod file Difficult Caves 1.0.0 - 1.20.1.jar with {difficult_caves} mods - versions {1.0.0}
[15Mar2026 03:04:15.006] [main/DEBUG] [net.minecraftforge.fml.loading.moddiscovery.ModFile/LOADING]: Loading mod file C:\Users\Silvaria Zemaitis\AppData\Roaming\PrismLauncher\instances\IridescentCraft\minecraft\mods\Difficult Caves 1.0.0 - 1.20.1.jar with languages [LanguageSpec[languageName=javafml, acceptedVersions=[47,)]]
[15Mar2026 03:04:15.006] [main/DEBUG] [net.minecraftforge.fml.loading.moddiscovery.ModFileParser/LOADING]: Considering mod file candidate C:\Users\Silvaria Zemaitis\AppData\Roaming\PrismLauncher\instances\IridescentCraft\minecraft\mods\THEUNDEADREVAMPED_1.9J_1.20.1.jar
[15Mar2026 03:04:15.006] [main/DEBUG] [net.minecraftforge.fml.loading.moddiscovery.ModFileInfo/LOADING]: Found valid mod file THEUNDEADREVAMPED_1.9J_1.20.1.jar with {undead_revamp2} mods - versions {1.0.1}
[15Mar2026 03:04:15.007] [main/DEBUG] [net.minecraftforge.fml.loading.moddiscovery.ModFile/LOADING]: Loading mod file C:\Users\Silvaria Zemaitis\AppData\Roaming\PrismLauncher\instances\IridescentCraft\minecraft\mods\THEUNDEADREVAMPED_1.9J_1.20.1.jar with languages [LanguageSpec[languageName=javafml, acceptedVersions=[47,)]]
[15Mar2026 03:04:15.007] [main/DEBUG] [net.minecraftforge.fml.loading.moddiscovery.ModFileParser/LOADING]: Considering mod file candidate C:\Users\Silvaria Zemaitis\AppData\Roaming\PrismLauncher\instances\IridescentCraft\minecraft\mods\Alex's Mobs Music Mod 1.20.1 v1.1.0.jar
[15Mar2026 03:04:15.007] [main/DEBUG] [net.minecraftforge.fml.loading.moddiscovery.ModFileInfo/LOADING]: Found valid mod file Alex's Mobs Music Mod 1.20.1 v1.1.0.jar with {alexs_mobs_extra_music} mods - versions {1.1.0}
[15Mar2026 03:04:15.007] [main/DEBUG] [net.minecraftforge.fml.loading.moddiscovery.ModFile/LOADING]: Loading mod file C:\Users\Silvaria Zemaitis\AppData\Roaming\PrismLauncher\instances\IridescentCraft\minecraft\mods\Alex's Mobs Music Mod 1.20.1 v1.1.0.jar with languages [LanguageSpec[languageName=javafml, acceptedVersions=[47,)]]
[15Mar2026 03:04:15.007] [main/DEBUG] [net.minecraftforge.fml.loading.moddiscovery.ModFileParser/LOADING]: Considering mod file candidate C:\Users\Silvaria Zemaitis\AppData\Roaming\PrismLauncher\instances\IridescentCraft\minecraft\mods\DungeonsArise-1.20.x-2.1.58-release.jar
[15Mar2026 03:04:15.007] [main/DEBUG] [net.minecraftforge.fml.loading.moddiscovery.ModFileInfo/LOADING]: Found valid mod file DungeonsArise-1.20.x-2.1.58-release.jar with {dungeons_arise} mods - versions {2.1.58-1.20.x}
[15Mar2026 03:04:15.007] [main/DEBUG] [net.minecraftforge.fml.loading.moddiscovery.ModFile/LOADING]: Loading mod file C:\Users\Silvaria Zemaitis\AppData\Roaming\PrismLauncher\instances\IridescentCraft\minecraft\mods\DungeonsArise-1.20.x-2.1.58-release.jar with languages [LanguageSpec[languageName=javafml, acceptedVersions=[41,)]]
[15Mar2026 03:04:15.007] [main/DEBUG] [net.minecraftforge.fml.loading.moddiscovery.ModFileParser/LOADING]: Considering mod file candidate C:\Users\Silvaria Zemaitis\AppData\Roaming\PrismLauncher\instances\IridescentCraft\minecraft\mods\tectonic-3.0.17-forge-1.20.1.jar
[15Mar2026 03:04:15.007] [main/DEBUG] [net.minecraftforge.fml.loading.moddiscovery.ModFileInfo/LOADING]: Found valid mod file tectonic-3.0.17-forge-1.20.1.jar with {tectonic} mods - versions {3.0.17}
[15Mar2026 03:04:15.007] [main/DEBUG] [net.minecraftforge.fml.loading.moddiscovery.ModFile/LOADING]: Loading mod file C:\Users\Silvaria Zemaitis\AppData\Roaming\PrismLauncher\instances\IridescentCraft\minecraft\mods\tectonic-3.0.17-forge-1.20.1.jar with languages [LanguageSpec[languageName=javafml, acceptedVersions=[47,)]]
[15Mar2026 03:04:15.007] [main/DEBUG] [net.minecraftforge.fml.loading.moddiscovery.ModFileParser/LOADING]: Considering mod file candidate C:\Users\Silvaria Zemaitis\AppData\Roaming\PrismLauncher\instances\IridescentCraft\minecraft\mods\smoothchunk-1.20.1-4.1.jar
[15Mar2026 03:04:15.007] [main/DEBUG] [net.minecraftforge.fml.loading.moddiscovery.ModFileInfo/LOADING]: Found valid mod file smoothchunk-1.20.1-4.1.jar with {smoothchunk} mods - versions {1.20.1-4.1}
[15Mar2026 03:04:15.007] [main/DEBUG] [net.minecraftforge.fml.loading.moddiscovery.ModFile/LOADING]: Loading mod file C:\Users\Silvaria Zemaitis\AppData\Roaming\PrismLauncher\instances\IridescentCraft\minecraft\mods\smoothchunk-1.20.1-4.1.jar with languages [LanguageSpec[languageName=javafml, acceptedVersions=[36,)]]
[15Mar2026 03:04:15.007] [main/DEBUG] [net.minecraftforge.fml.loading.moddiscovery.ModFileInfo/LOADING]: Found valid mod file client-1.20.1-20230612.114412-srg.jar with {minecraft} mods - versions {1.20.1}
[15Mar2026 03:04:15.007] [main/DEBUG] [net.minecraftforge.fml.loading.moddiscovery.ModFile/LOADING]: Loading mod file C:\Users\Silvaria Zemaitis\AppData\Roaming\PrismLauncher\libraries\net\minecraft\client\1.20.1-20230612.114412\client-1.20.1-20230612.114412-srg.jar with languages [LanguageSpec[languageName=minecraft, acceptedVersions=1]]
[15Mar2026 03:04:15.007] [main/DEBUG] [net.minecraftforge.fml.loading.moddiscovery.ModFileParser/LOADING]: Considering mod file candidate C:\Users\Silvaria Zemaitis\AppData\Roaming\PrismLauncher\instances\IridescentCraft\minecraft\mods\voicechat-forge-1.20.1-2.6.12.jar
[15Mar2026 03:04:15.007] [main/DEBUG] [net.minecraftforge.fml.loading.moddiscovery.ModFileInfo/LOADING]: Found valid mod file voicechat-forge-1.20.1-2.6.12.jar with {voicechat,voicechat_api} mods - versions {1.20.1-2.6.12,2.6.0}
[15Mar2026 03:04:15.007] [main/DEBUG] [net.minecraftforge.fml.loading.moddiscovery.ModFile/LOADING]: Loading mod file C:\Users\Silvaria Zemaitis\AppData\Roaming\PrismLauncher\instances\IridescentCraft\minecraft\mods\voicechat-forge-1.20.1-2.6.12.jar with languages [LanguageSpec[languageName=javafml, acceptedVersions=*]]
[15Mar2026 03:04:15.007] [main/DEBUG] [net.minecraftforge.fml.loading.moddiscovery.ModFileParser/LOADING]: Considering mod file candidate C:\Users\Silvaria Zemaitis\AppData\Roaming\PrismLauncher\instances\IridescentCraft\minecraft\mods\TerraBlender-forge-1.20.1-3.0.1.10.jar
[15Mar2026 03:04:15.007] [main/DEBUG] [net.minecraftforge.fml.loading.moddiscovery.ModFileInfo/LOADING]: Found valid mod file TerraBlender-forge-1.20.1-3.0.1.10.jar with {terrablender} mods - versions {3.0.1.10}
[15Mar2026 03:04:15.007] [main/DEBUG] [net.minecraftforge.fml.loading.moddiscovery.ModFile/LOADING]: Loading mod file C:\Users\Silvaria Zemaitis\AppData\Roaming\PrismLauncher\instances\IridescentCraft\minecraft\mods\TerraBlender-forge-1.20.1-3.0.1.10.jar with languages [LanguageSpec[languageName=javafml, acceptedVersions=[47,)]]
[15Mar2026 03:04:15.007] [main/DEBUG] [net.minecraftforge.fml.loading.moddiscovery.ModFileParser/LOADING]: Considering mod file candidate C:\Users\Silvaria Zemaitis\AppData\Roaming\PrismLauncher\instances\IridescentCraft\minecraft\mods\cherry_samurai_temple-1.0.1 Forge 1.20.1.jar
[15Mar2026 03:04:15.007] [main/DEBUG] [net.minecraftforge.fml.loading.moddiscovery.ModFileInfo/LOADING]: Found valid mod file cherry_samurai_temple-1.0.1 Forge 1.20.1.jar with {cherry_samurai_temple} mods - versions {1.0.1}
[15Mar2026 03:04:15.007] [main/DEBUG] [net.minecraftforge.fml.loading.moddiscovery.ModFile/LOADING]: Loading mod file C:\Users\Silvaria Zemaitis\AppData\Roaming\PrismLauncher\instances\IridescentCraft\minecraft\mods\cherry_samurai_temple-1.0.1 Forge 1.20.1.jar with languages [LanguageSpec[languageName=javafml, acceptedVersions=[47,)]]
[15Mar2026 03:04:15.007] [main/DEBUG] [net.minecraftforge.fml.loading.moddiscovery.ModFileParser/LOADING]: Considering mod file candidate C:\Users\Silvaria Zemaitis\AppData\Roaming\PrismLauncher\instances\IridescentCraft\minecraft\mods\Necronomicon-Forge-1.6.0+1.20.1.jar
[15Mar2026 03:04:15.007] [main/DEBUG] [net.minecraftforge.fml.loading.moddiscovery.ModFileInfo/LOADING]: Found valid mod file Necronomicon-Forge-1.6.0+1.20.1.jar with {necronomicon} mods - versions {1.6.0}
[15Mar2026 03:04:15.007] [main/DEBUG] [net.minecraftforge.fml.loading.moddiscovery.ModFile/LOADING]: Loading mod file C:\Users\Silvaria Zemaitis\AppData\Roaming\PrismLauncher\instances\IridescentCraft\minecraft\mods\Necronomicon-Forge-1.6.0+1.20.1.jar with languages [LanguageSpec[languageName=javafml, acceptedVersions=*]]
[15Mar2026 03:04:15.007] [main/DEBUG] [net.minecraftforge.fml.loading.moddiscovery.ModFileParser/LOADING]: Considering mod file candidate C:\Users\Silvaria Zemaitis\AppData\Roaming\PrismLauncher\instances\IridescentCraft\minecraft\mods\animal_feeding_trough-1.1.0+1.20.1-forge.jar
[15Mar2026 03:04:15.007] [main/DEBUG] [net.minecraftforge.fml.loading.moddiscovery.ModFileInfo/LOADING]: Found valid mod file animal_feeding_trough-1.1.0+1.20.1-forge.jar with {animal_feeding_trough} mods - versions {1.1.0+1.20.1-forge}
[15Mar2026 03:04:15.007] [main/DEBUG] [net.minecraftforge.fml.loading.moddiscovery.ModFile/LOADING]: Loading mod file C:\Users\Silvaria Zemaitis\AppData\Roaming\PrismLauncher\instances\IridescentCraft\minecraft\mods\animal_feeding_trough-1.1.0+1.20.1-forge.jar with languages [LanguageSpec[languageName=javafml, acceptedVersions=[46,)]]
[15Mar2026 03:04:15.007] [main/DEBUG] [net.minecraftforge.fml.loading.moddiscovery.ModFileParser/LOADING]: Considering mod file candidate C:\Users\Silvaria Zemaitis\AppData\Roaming\PrismLauncher\instances\IridescentCraft\minecraft\mods\pamhc2crops-1.20-1.0.3.jar
[15Mar2026 03:04:15.007] [main/DEBUG] [net.minecraftforge.fml.loading.moddiscovery.ModFileInfo/LOADING]: Found valid mod file pamhc2crops-1.20-1.0.3.jar with {pamhc2crops} mods - versions {1.0.3}
[15Mar2026 03:04:15.007] [main/DEBUG] [net.minecraftforge.fml.loading.moddiscovery.ModFile/LOADING]: Loading mod file C:\Users\Silvaria Zemaitis\AppData\Roaming\PrismLauncher\instances\IridescentCraft\minecraft\mods\pamhc2crops-1.20-1.0.3.jar with languages [LanguageSpec[languageName=javafml, acceptedVersions=[40,)]]
[15Mar2026 03:04:15.007] [main/DEBUG] [net.minecraftforge.fml.loading.moddiscovery.ModFileParser/LOADING]: Considering mod file candidate 
[15Mar2026 03:04:15.008] [main/DEBUG] [net.minecraftforge.fml.loading.moddiscovery.ModFileInfo/LOADING]: Found valid mod file fabric-block-api-v1-1.0.12+0e6cb7f777.jar with {fabric_block_api_v1} mods - versions {1.0.12+0e6cb7f777}
[15Mar2026 03:04:15.008] [main/DEBUG] [net.minecraftforge.fml.loading.moddiscovery.ModFile/LOADING]: Loading mod file  with languages [LanguageSpec[languageName=javafml, acceptedVersions=[47,)]]
[15Mar2026 03:04:15.008] [main/DEBUG] [net.minecraftforge.fml.loading.moddiscovery.ModFileParser/LOADING]: Found coremod implementFabricBlock with Javascript path META-INF/asm/implementFabricBlock.js
[15Mar2026 03:04:15.008] [main/DEBUG] [net.minecraftforge.fml.loading.moddiscovery.ModFileParser/LOADING]: Found coremod implementFabricBlockState with Javascript path META-INF/asm/implementFabricBlockState.js
[15Mar2026 03:04:15.008] [main/DEBUG] [net.minecraftforge.fml.loading.moddiscovery.ModFile/LOADING]: Found coremod META-INF/asm/implementFabricBlock.js
[15Mar2026 03:04:15.008] [main/DEBUG] [net.minecraftforge.fml.loading.moddiscovery.ModFile/LOADING]: Found coremod META-INF/asm/implementFabricBlockState.js
[15Mar2026 03:04:15.008] [main/DEBUG] [net.minecraftforge.fml.loading.moddiscovery.ModFileParser/LOADING]: Considering mod file candidate C:\Users\Silvaria Zemaitis\AppData\Roaming\PrismLauncher\instances\IridescentCraft\minecraft\mods\AdLods-1.20.1-8.1.9.0-build.2084.jar
[15Mar2026 03:04:15.008] [main/DEBUG] [net.minecraftforge.fml.loading.moddiscovery.ModFileInfo/LOADING]: Found valid mod file AdLods-1.20.1-8.1.9.0-build.2084.jar with {adlods} mods - versions {8.1.9.0}
[15Mar2026 03:04:15.008] [main/DEBUG] [net.minecraftforge.fml.loading.moddiscovery.ModFile/LOADING]: Loading mod file C:\Users\Silvaria Zemaitis\AppData\Roaming\PrismLauncher\instances\IridescentCraft\minecraft\mods\AdLods-1.20.1-8.1.9.0-build.2084.jar with languages [LanguageSpec[languageName=javafml, acceptedVersions=[47,)]]
[15Mar2026 03:04:15.008] [main/DEBUG] [net.minecraftforge.fml.loading.moddiscovery.ModFileParser/LOADING]: Considering mod file candidate C:\Users\Silvaria Zemaitis\AppData\Roaming\PrismLauncher\instances\IridescentCraft\minecraft\mods\Truly-Modular-miapi-forge-1.1.48-1.20.1.jar
[15Mar2026 03:04:15.008] [main/DEBUG] [net.minecraftforge.fml.loading.moddiscovery.ModFileInfo/LOADING]: Found valid mod file Truly-Modular-miapi-forge-1.1.48-1.20.1.jar with {miapi} mods - versions {1.1.48}
[15Mar2026 03:04:15.008] [main/DEBUG] [net.minecraftforge.fml.loading.moddiscovery.ModFile/LOADING]: Loading mod file C:\Users\Silvaria Zemaitis\AppData\Roaming\PrismLauncher\instances\IridescentCraft\minecraft\mods\Truly-Modular-miapi-forge-1.1.48-1.20.1.jar with languages [LanguageSpec[languageName=javafml, acceptedVersions=[47,)]]
[15Mar2026 03:04:15.008] [main/DEBUG] [net.minecraftforge.fml.loading.moddiscovery.ModFileParser/LOADING]: Considering mod file candidate C:\Users\Silvaria Zemaitis\AppData\Roaming\PrismLauncher\instances\IridescentCraft\minecraft\mods\Corgilib-Forge-1.20.1-4.0.3.4.jar
[15Mar2026 03:04:15.008] [main/DEBUG] [net.minecraftforge.fml.loading.moddiscovery.ModFileInfo/LOADING]: Found valid mod file Corgilib-Forge-1.20.1-4.0.3.4.jar with {corgilib} mods - versions {4.0.3.4}
[15Mar2026 03:04:15.008] [main/DEBUG] [net.minecraftforge.fml.loading.moddiscovery.ModFile/LOADING]: Loading mod file C:\Users\Silvaria Zemaitis\AppData\Roaming\PrismLauncher\instances\IridescentCraft\minecraft\mods\Corgilib-Forge-1.20.1-4.0.3.4.jar with languages [LanguageSpec[languageName=javafml, acceptedVersions=[46,)]]
[15Mar2026 03:04:15.008] [main/DEBUG] [net.minecraftforge.fml.loading.moddiscovery.ModFileParser/LOADING]: Considering mod file candidate 
[15Mar2026 03:04:15.008] [main/DEBUG] [net.minecraftforge.fml.loading.moddiscovery.ModFileInfo/LOADING]: Found valid mod file fabric-resource-conditions-api-v1-2.3.9+996d00b277.jar with {fabric_resource_conditions_api_v1} mods - versions {2.3.9+996d00b277}
[15Mar2026 03:04:15.008] [main/DEBUG] [net.minecraftforge.fml.loading.moddiscovery.ModFile/LOADING]: Loading mod file  with languages [LanguageSpec[languageName=javafml, acceptedVersions=[47,)]]
[15Mar2026 03:04:15.008] [main/DEBUG] [net.minecraftforge.fml.loading.moddiscovery.ModFileParser/LOADING]: Found coremod injectDataProvider with Javascript path META-INF/asm/injectDataProvider.js
[15Mar2026 03:04:15.008] [main/DEBUG] [net.minecraftforge.fml.loading.moddiscovery.ModFile/LOADING]: Found coremod META-INF/asm/injectDataProvider.js
[15Mar2026 03:04:15.008] [main/DEBUG] [net.minecraftforge.fml.loading.moddiscovery.ModFileParser/LOADING]: Considering mod file candidate 
[15Mar2026 03:04:15.008] [main/DEBUG] [net.minecraftforge.fml.loading.moddiscovery.ModFileInfo/LOADING]: Found valid mod file forgeconfigapiport-1.11.2+1.20.1.jar with {forgeconfigapiport} mods - versions {8.0.0}
[15Mar2026 03:04:15.008] [main/DEBUG] [net.minecraftforge.fml.loading.moddiscovery.ModFile/LOADING]: Loading mod file  with languages [LanguageSpec[languageName=javafml, acceptedVersions=[47,)]]
[15Mar2026 03:04:15.008] [main/DEBUG] [net.minecraftforge.fml.loading.moddiscovery.ModFileParser/LOADING]: Considering mod file candidate C:\Users\Silvaria Zemaitis\AppData\Roaming\PrismLauncher\instances\IridescentCraft\minecraft\mods\domum_ornamentum-1.20.1-1.0.296-universal.jar
[15Mar2026 03:04:15.008] [main/DEBUG] [net.minecraftforge.fml.loading.moddiscovery.ModFileInfo/LOADING]: Found valid mod file domum_ornamentum-1.20.1-1.0.296-universal.jar with {domum_ornamentum} mods - versions {1.20.1-1.0.296}
[15Mar2026 03:04:15.008] [main/DEBUG] [net.minecraftforge.fml.loading.moddiscovery.ModFile/LOADING]: Loading mod file C:\Users\Silvaria Zemaitis\AppData\Roaming\PrismLauncher\instances\IridescentCraft\minecraft\mods\domum_ornamentum-1.20.1-1.0.296-universal.jar with languages [LanguageSpec[languageName=javafml, acceptedVersions=[28,)]]
[15Mar2026 03:04:15.008] [main/DEBUG] [net.minecraftforge.fml.loading.moddiscovery.ModFileParser/LOADING]: Considering mod file candidate 
[15Mar2026 03:04:15.008] [main/DEBUG] [net.minecraftforge.fml.loading.moddiscovery.ModFileInfo/LOADING]: Found valid mod file calio-forge-1.20.1-1.11.0.5.jar with {calio} mods - versions {1.20.1-1.11.0.5}
[15Mar2026 03:04:15.008] [main/DEBUG] [net.minecraftforge.fml.loading.moddiscovery.ModFile/LOADING]: Loading mod file  with languages [LanguageSpec[languageName=javafml, acceptedVersions=[47,)]]
[15Mar2026 03:04:15.008] [main/DEBUG] [net.minecraftforge.fml.loading.moddiscovery.ModFileParser/LOADING]: Found coremod accessors with Javascript path coremods/accessors.js
[15Mar2026 03:04:15.008] [main/DEBUG] [net.minecraftforge.fml.loading.moddiscovery.ModFileParser/LOADING]: Found coremod tooltip with Javascript path coremods/tooltip.js
[15Mar2026 03:04:15.008] [main/DEBUG] [net.minecraftforge.fml.loading.moddiscovery.ModFile/LOADING]: Found coremod coremods/accessors.js
[15Mar2026 03:04:15.008] [main/DEBUG] [net.minecraftforge.fml.loading.moddiscovery.ModFile/LOADING]: Found coremod coremods/tooltip.js
[15Mar2026 03:04:15.008] [main/DEBUG] [net.minecraftforge.fml.loading.moddiscovery.ModFileParser/LOADING]: Considering mod file candidate C:\Users\Silvaria Zemaitis\AppData\Roaming\PrismLauncher\instances\IridescentCraft\minecraft\mods\rftoolsbuilder-1.20-6.0.8.jar
[15Mar2026 03:04:15.008] [main/DEBUG] [net.minecraftforge.fml.loading.moddiscovery.ModFileInfo/LOADING]: Found valid mod file rftoolsbuilder-1.20-6.0.8.jar with {rftoolsbuilder} mods - versions {1.20-6.0.8}
[15Mar2026 03:04:15.008] [main/DEBUG] [net.minecraftforge.fml.loading.moddiscovery.ModFile/LOADING]: Loading mod file C:\Users\Silvaria Zemaitis\AppData\Roaming\PrismLauncher\instances\IridescentCraft\minecraft\mods\rftoolsbuilder-1.20-6.0.8.jar with languages [LanguageSpec[languageName=javafml, acceptedVersions=[47,)]]
[15Mar2026 03:04:15.008] [main/DEBUG] [net.minecraftforge.fml.loading.moddiscovery.ModFileParser/LOADING]: Considering mod file candidate C:\Users\Silvaria Zemaitis\AppData\Roaming\PrismLauncher\instances\IridescentCraft\minecraft\mods\BrewinAndChewin-1.20.1-3.2.1.jar
[15Mar2026 03:04:15.008] [main/DEBUG] [net.minecraftforge.fml.loading.moddiscovery.ModFileInfo/LOADING]: Found valid mod file BrewinAndChewin-1.20.1-3.2.1.jar with {brewinandchewin} mods - versions {1.20.1-3.2.1}
[15Mar2026 03:04:15.008] [main/DEBUG] [net.minecraftforge.fml.loading.moddiscovery.ModFile/LOADING]: Loading mod file C:\Users\Silvaria Zemaitis\AppData\Roaming\PrismLauncher\instances\IridescentCraft\minecraft\mods\BrewinAndChewin-1.20.1-3.2.1.jar with languages [LanguageSpec[languageName=javafml, acceptedVersions=[46,)]]
[15Mar2026 03:04:15.008] [main/DEBUG] [net.minecraftforge.fml.loading.moddiscovery.ModFileParser/LOADING]: Considering mod file candidate 
[15Mar2026 03:04:15.009] [main/DEBUG] [net.minecraftforge.fml.loading.moddiscovery.ModFileInfo/LOADING]: Found valid mod file flywheel-forge-1.20.1-1.0.5.jar with {flywheel} mods - versions {1.0.5}
[15Mar2026 03:04:15.009] [main/DEBUG] [net.minecraftforge.fml.loading.moddiscovery.ModFile/LOADING]: Loading mod file  with languages [LanguageSpec[languageName=javafml, acceptedVersions=[0,)]]
[15Mar2026 03:04:15.009] [main/DEBUG] [net.minecraftforge.fml.loading.moddiscovery.ModFileParser/LOADING]: Considering mod file candidate C:\Users\Silvaria Zemaitis\AppData\Roaming\PrismLauncher\instances\IridescentCraft\minecraft\mods\thermal_cultivation-1.20.1-11.0.1.24.jar
[15Mar2026 03:04:15.009] [main/DEBUG] [net.minecraftforge.fml.loading.moddiscovery.ModFileInfo/LOADING]: Found valid mod file thermal_cultivation-1.20.1-11.0.1.24.jar with {thermal_cultivation} mods - versions {11.0.1}
[15Mar2026 03:04:15.009] [main/DEBUG] [net.minecraftforge.fml.loading.moddiscovery.ModFile/LOADING]: Loading mod file C:\Users\Silvaria Zemaitis\AppData\Roaming\PrismLauncher\instances\IridescentCraft\minecraft\mods\thermal_cultivation-1.20.1-11.0.1.24.jar with languages [LanguageSpec[languageName=javafml, acceptedVersions=[47,)]]
[15Mar2026 03:04:15.009] [main/DEBUG] [net.minecraftforge.fml.loading.moddiscovery.ModFileParser/LOADING]: Considering mod file candidate C:\Users\Silvaria Zemaitis\AppData\Roaming\PrismLauncher\instances\IridescentCraft\minecraft\mods\structurize-1.20.1-1.0.803-snapshot.jar
[15Mar2026 03:04:15.009] [main/DEBUG] [net.minecraftforge.fml.loading.moddiscovery.ModFileInfo/LOADING]: Found valid mod file structurize-1.20.1-1.0.803-snapshot.jar with {structurize} mods - versions {1.20.1-1.0.803-snapshot}
[15Mar2026 03:04:15.009] [main/DEBUG] [net.minecraftforge.fml.loading.moddiscovery.ModFile/LOADING]: Loading mod file C:\Users\Silvaria Zemaitis\AppData\Roaming\PrismLauncher\instances\IridescentCraft\minecraft\mods\structurize-1.20.1-1.0.803-snapshot.jar with languages [LanguageSpec[languageName=javafml, acceptedVersions=[47,)]]
[15Mar2026 03:04:15.009] [main/DEBUG] [net.minecraftforge.fml.loading.moddiscovery.ModFileParser/LOADING]: Considering mod file candidate C:\Users\Silvaria Zemaitis\AppData\Roaming\PrismLauncher\instances\IridescentCraft\minecraft\mods\Truly-Modular-armory-armory-forge-1.13-1.20.1.jar
[15Mar2026 03:04:15.009] [main/DEBUG] [net.minecraftforge.fml.loading.moddiscovery.ModFileInfo/LOADING]: Found valid mod file Truly-Modular-armory-armory-forge-1.13-1.20.1.jar with {armory} mods - versions {1.13}
[15Mar2026 03:04:15.009] [main/DEBUG] [net.minecraftforge.fml.loading.moddiscovery.ModFile/LOADING]: Loading mod file C:\Users\Silvaria Zemaitis\AppData\Roaming\PrismLauncher\instances\IridescentCraft\minecraft\mods\Truly-Modular-armory-armory-forge-1.13-1.20.1.jar with languages [LanguageSpec[languageName=javafml, acceptedVersions=[47,)]]
[15Mar2026 03:04:15.009] [main/DEBUG] [net.minecraftforge.fml.loading.moddiscovery.ModFileParser/LOADING]: Considering mod file candidate 
[15Mar2026 03:04:15.009] [main/DEBUG] [net.minecraftforge.fml.loading.moddiscovery.ModFileInfo/LOADING]: Found valid mod file fabric-registry-sync-v0-2.3.6+1c0ea72177.jar with {fabric_registry_sync_v0} mods - versions {2.3.6+1c0ea72177}
[15Mar2026 03:04:15.009] [main/DEBUG] [net.minecraftforge.fml.loading.moddiscovery.ModFile/LOADING]: Loading mod file  with languages [LanguageSpec[languageName=javafml, acceptedVersions=[47,)]]
[15Mar2026 03:04:15.009] [main/DEBUG] [net.minecraftforge.fml.loading.moddiscovery.ModFileParser/LOADING]: Considering mod file candidate C:\Users\Silvaria Zemaitis\AppData\Roaming\PrismLauncher\instances\IridescentCraft\minecraft\mods\FastFurnace-1.20.1-8.0.2.jar
[15Mar2026 03:04:15.009] [main/DEBUG] [net.minecraftforge.fml.loading.moddiscovery.ModFileInfo/LOADING]: Found valid mod file FastFurnace-1.20.1-8.0.2.jar with {fastfurnace} mods - versions {8.0.2}
[15Mar2026 03:04:15.009] [main/DEBUG] [net.minecraftforge.fml.loading.moddiscovery.ModFile/LOADING]: Loading mod file C:\Users\Silvaria Zemaitis\AppData\Roaming\PrismLauncher\instances\IridescentCraft\minecraft\mods\FastFurnace-1.20.1-8.0.2.jar with languages [LanguageSpec[languageName=javafml, acceptedVersions=[32,)]]
[15Mar2026 03:04:15.009] [main/DEBUG] [net.minecraftforge.fml.loading.moddiscovery.ModFileParser/LOADING]: Considering mod file candidate C:\Users\Silvaria Zemaitis\AppData\Roaming\PrismLauncher\instances\IridescentCraft\minecraft\mods\Structory_Towers_1.20.x_v1.0.7.jar
[15Mar2026 03:04:15.009] [main/DEBUG] [net.minecraftforge.fml.loading.moddiscovery.ModFileInfo/LOADING]: Found valid mod file Structory_Towers_1.20.x_v1.0.7.jar with {structory_towers} mods - versions {1.0.7}
[15Mar2026 03:04:15.010] [main/DEBUG] [net.minecraftforge.fml.loading.moddiscovery.ModFile/LOADING]: Loading mod file C:\Users\Silvaria Zemaitis\AppData\Roaming\PrismLauncher\instances\IridescentCraft\minecraft\mods\Structory_Towers_1.20.x_v1.0.7.jar with languages [LanguageSpec[languageName=lowcodefml, acceptedVersions=[1,)]]
[15Mar2026 03:04:15.010] [main/DEBUG] [net.minecraftforge.fml.loading.moddiscovery.ModFileParser/LOADING]: Considering mod file candidate C:\Users\Silvaria Zemaitis\AppData\Roaming\PrismLauncher\instances\IridescentCraft\minecraft\mods\appleskin-forge-mc1.20.1-2.5.1.jar
[15Mar2026 03:04:15.010] [main/DEBUG] [net.minecraftforge.fml.loading.moddiscovery.ModFileInfo/LOADING]: Found valid mod file appleskin-forge-mc1.20.1-2.5.1.jar with {appleskin} mods - versions {2.5.1+mc1.20.1}
[15Mar2026 03:04:15.010] [main/DEBUG] [net.minecraftforge.fml.loading.moddiscovery.ModFile/LOADING]: Loading mod file C:\Users\Silvaria Zemaitis\AppData\Roaming\PrismLauncher\instances\IridescentCraft\minecraft\mods\appleskin-forge-mc1.20.1-2.5.1.jar with languages [LanguageSpec[languageName=javafml, acceptedVersions=[47,)]]
[15Mar2026 03:04:15.010] [main/DEBUG] [net.minecraftforge.fml.loading.moddiscovery.ModFileParser/LOADING]: Considering mod file candidate 
[15Mar2026 03:04:15.010] [main/DEBUG] [net.minecraftforge.fml.loading.moddiscovery.ModFileInfo/LOADING]: Found valid mod file fabric-object-builder-api-v1-11.1.5+f8c414ce77.jar with {fabric_object_builder_api_v1} mods - versions {11.1.5+f8c414ce77}
[15Mar2026 03:04:15.010] [main/DEBUG] [net.minecraftforge.fml.loading.moddiscovery.ModFile/LOADING]: Loading mod file  with languages [LanguageSpec[languageName=javafml, acceptedVersions=[47,)]]
[15Mar2026 03:04:15.010] [main/DEBUG] [net.minecraftforge.fml.loading.moddiscovery.ModFileParser/LOADING]: Considering mod file candidate C:\Users\Silvaria Zemaitis\AppData\Roaming\PrismLauncher\instances\IridescentCraft\minecraft\mods\lootr-forge-1.20-0.7.35.94.jar
[15Mar2026 03:04:15.010] [main/DEBUG] [net.minecraftforge.fml.loading.moddiscovery.ModFileInfo/LOADING]: Found valid mod file lootr-forge-1.20-0.7.35.94.jar with {lootr} mods - versions {0.7.35.94}
[15Mar2026 03:04:15.010] [main/DEBUG] [net.minecraftforge.fml.loading.moddiscovery.ModFile/LOADING]: Loading mod file C:\Users\Silvaria Zemaitis\AppData\Roaming\PrismLauncher\instances\IridescentCraft\minecraft\mods\lootr-forge-1.20-0.7.35.94.jar with languages [LanguageSpec[languageName=javafml, acceptedVersions=[44,)]]
[15Mar2026 03:04:15.010] [main/DEBUG] [net.minecraftforge.fml.loading.moddiscovery.ModFileParser/LOADING]: Considering mod file candidate C:\Users\Silvaria Zemaitis\AppData\Roaming\PrismLauncher\instances\IridescentCraft\minecraft\mods\occultism-1.20.1-1.157.0.jar
[15Mar2026 03:04:15.010] [main/DEBUG] [net.minecraftforge.fml.loading.moddiscovery.ModFileInfo/LOADING]: Found valid mod file occultism-1.20.1-1.157.0.jar with {occultism} mods - versions {1.157.0}
[15Mar2026 03:04:15.010] [main/DEBUG] [net.minecraftforge.fml.loading.moddiscovery.ModFile/LOADING]: Loading mod file C:\Users\Silvaria Zemaitis\AppData\Roaming\PrismLauncher\instances\IridescentCraft\minecraft\mods\occultism-1.20.1-1.157.0.jar with languages [LanguageSpec[languageName=javafml, acceptedVersions=[47,)]]
[15Mar2026 03:04:15.010] [main/DEBUG] [net.minecraftforge.fml.loading.moddiscovery.ModFileParser/LOADING]: Considering mod file candidate C:\Users\Silvaria Zemaitis\AppData\Roaming\PrismLauncher\instances\IridescentCraft\minecraft\mods\addonslib-1.20.1-1.7.jar
[15Mar2026 03:04:15.010] [main/DEBUG] [net.minecraftforge.fml.loading.moddiscovery.ModFileInfo/LOADING]: Found valid mod file addonslib-1.20.1-1.7.jar with {addonslib} mods - versions {1.20.1-1.7}
[15Mar2026 03:04:15.010] [main/DEBUG] [net.minecraftforge.fml.loading.moddiscovery.ModFile/LOADING]: Loading mod file C:\Users\Silvaria Zemaitis\AppData\Roaming\PrismLauncher\instances\IridescentCraft\minecraft\mods\addonslib-1.20.1-1.7.jar with languages [LanguageSpec[languageName=javafml, acceptedVersions=[47,)]]
[15Mar2026 03:04:15.010] [main/DEBUG] [net.minecraftforge.fml.loading.moddiscovery.ModFileParser/LOADING]: Considering mod file candidate 
[15Mar2026 03:04:15.010] [main/DEBUG] [net.minecraftforge.fml.loading.moddiscovery.ModFileInfo/LOADING]: Found valid mod file fabric-message-api-v1-5.1.10+52cc178c77.jar with {fabric_message_api_v1} mods - versions {5.1.10+52cc178c77}
[15Mar2026 03:04:15.010] [main/DEBUG] [net.minecraftforge.fml.loading.moddiscovery.ModFile/LOADING]: Loading mod file  with languages [LanguageSpec[languageName=javafml, acceptedVersions=[47,)]]
[15Mar2026 03:04:15.010] [main/DEBUG] [net.minecraftforge.fml.loading.moddiscovery.ModFileParser/LOADING]: Considering mod file candidate C:\Users\Silvaria Zemaitis\AppData\Roaming\PrismLauncher\instances\IridescentCraft\minecraft\mods\cosmeticarmorreworked-1.20.1-v1a.jar
[15Mar2026 03:04:15.010] [main/DEBUG] [net.minecraftforge.fml.loading.moddiscovery.ModFileInfo/LOADING]: Found valid mod file cosmeticarmorreworked-1.20.1-v1a.jar with {cosmeticarmorreworked} mods - versions {1.20.1-v1a}
[15Mar2026 03:04:15.010] [main/DEBUG] [net.minecraftforge.fml.loading.moddiscovery.ModFile/LOADING]: Loading mod file C:\Users\Silvaria Zemaitis\AppData\Roaming\PrismLauncher\instances\IridescentCraft\minecraft\mods\cosmeticarmorreworked-1.20.1-v1a.jar with languages [LanguageSpec[languageName=javafml, acceptedVersions=[47,)]]
[15Mar2026 03:04:15.010] [main/DEBUG] [net.minecraftforge.fml.loading.moddiscovery.ModFileParser/LOADING]: Considering mod file candidate C:\Users\Silvaria Zemaitis\AppData\Roaming\PrismLauncher\instances\IridescentCraft\minecraft\mods\rsrequestify-1.20.1-2.3.3.jar
[15Mar2026 03:04:15.010] [main/DEBUG] [net.minecraftforge.fml.loading.moddiscovery.ModFileInfo/LOADING]: Found valid mod file rsrequestify-1.20.1-2.3.3.jar with {rsrequestify} mods - versions {2.3.3}
[15Mar2026 03:04:15.010] [main/DEBUG] [net.minecraftforge.fml.loading.moddiscovery.ModFile/LOADING]: Loading mod file C:\Users\Silvaria Zemaitis\AppData\Roaming\PrismLauncher\instances\IridescentCraft\minecraft\mods\rsrequestify-1.20.1-2.3.3.jar with languages [LanguageSpec[languageName=javafml, acceptedVersions=[43,)]]
[15Mar2026 03:04:15.010] [main/DEBUG] [net.minecraftforge.fml.loading.moddiscovery.ModFileParser/LOADING]: Considering mod file candidate C:\Users\Silvaria Zemaitis\AppData\Roaming\PrismLauncher\instances\IridescentCraft\minecraft\mods\aether_enhanced_extinguishing-1.20.1-1.0.0-neoforge.jar
[15Mar2026 03:04:15.010] [main/DEBUG] [net.minecraftforge.fml.loading.moddiscovery.ModFileInfo/LOADING]: Found valid mod file aether_enhanced_extinguishing-1.20.1-1.0.0-neoforge.jar with {aether_enhanced_extinguishing} mods - versions {1.20.1-1.0.0-neoforge}
[15Mar2026 03:04:15.010] [main/DEBUG] [net.minecraftforge.fml.loading.moddiscovery.ModFile/LOADING]: Loading mod file C:\Users\Silvaria Zemaitis\AppData\Roaming\PrismLauncher\instances\IridescentCraft\minecraft\mods\aether_enhanced_extinguishing-1.20.1-1.0.0-neoforge.jar with languages [LanguageSpec[languageName=javafml, acceptedVersions=[47,)]]
[15Mar2026 03:04:15.010] [main/DEBUG] [net.minecraftforge.fml.loading.moddiscovery.ModFileParser/LOADING]: Considering mod file candidate 
[15Mar2026 03:04:15.010] [main/DEBUG] [net.minecraftforge.fml.loading.moddiscovery.ModFileInfo/LOADING]: Found valid mod file kuma-api-forge-20.1.12+1.20.1.jar with {kuma_api} mods - versions {20.1.12}
[15Mar2026 03:04:15.010] [main/DEBUG] [net.minecraftforge.fml.loading.moddiscovery.ModFile/LOADING]: Loading mod file  with languages [LanguageSpec[languageName=javafml, acceptedVersions=[47,)]]
[15Mar2026 03:04:15.010] [main/DEBUG] [net.minecraftforge.fml.loading.moddiscovery.ModFileParser/LOADING]: Considering mod file candidate 
[15Mar2026 03:04:15.010] [main/DEBUG] [net.minecraftforge.fml.loading.moddiscovery.ModFileInfo/LOADING]: Found valid mod file fabric-renderer-api-v1-3.2.2+cf68abbe77.jar with {fabric_renderer_api_v1} mods - versions {3.2.2+cf68abbe77}
[15Mar2026 03:04:15.010] [main/DEBUG] [net.minecraftforge.fml.loading.moddiscovery.ModFile/LOADING]: Loading mod file  with languages [LanguageSpec[languageName=javafml, acceptedVersions=[47,)]]
[15Mar2026 03:04:15.010] [main/DEBUG] [net.minecraftforge.fml.loading.moddiscovery.ModFileParser/LOADING]: Considering mod file candidate C:\Users\Silvaria Zemaitis\AppData\Roaming\PrismLauncher\instances\IridescentCraft\minecraft\mods\zombiehorsespawn-1.20.1-5.2.jar
[15Mar2026 03:04:15.010] [main/DEBUG] [net.minecraftforge.fml.loading.moddiscovery.ModFileInfo/LOADING]: Found valid mod file zombiehorsespawn-1.20.1-5.2.jar with {zombiehorsespawn} mods - versions {5.2}
[15Mar2026 03:04:15.010] [main/DEBUG] [net.minecraftforge.fml.loading.moddiscovery.ModFile/LOADING]: Loading mod file C:\Users\Silvaria Zemaitis\AppData\Roaming\PrismLauncher\instances\IridescentCraft\minecraft\mods\zombiehorsespawn-1.20.1-5.2.jar with languages [LanguageSpec[languageName=javafml, acceptedVersions=*]]
[15Mar2026 03:04:15.010] [main/DEBUG] [net.minecraftforge.fml.loading.moddiscovery.ModFileParser/LOADING]: Considering mod file candidate C:\Users\Silvaria Zemaitis\AppData\Roaming\PrismLauncher\instances\IridescentCraft\minecraft\mods\moreartifacts-1.5.5-1.20.1.jar
[15Mar2026 03:04:15.011] [main/DEBUG] [net.minecraftforge.fml.loading.moddiscovery.ModFileInfo/LOADING]: Found valid mod file moreartifacts-1.5.5-1.20.1.jar with {moreartifacts} mods - versions {1.5.5}
[15Mar2026 03:04:15.011] [main/DEBUG] [net.minecraftforge.fml.loading.moddiscovery.ModFile/LOADING]: Loading mod file C:\Users\Silvaria Zemaitis\AppData\Roaming\PrismLauncher\instances\IridescentCraft\minecraft\mods\moreartifacts-1.5.5-1.20.1.jar with languages [LanguageSpec[languageName=javafml, acceptedVersions=[47,)]]
[15Mar2026 03:04:15.011] [main/DEBUG] [net.minecraftforge.fml.loading.moddiscovery.ModFileParser/LOADING]: Considering mod file candidate 
[15Mar2026 03:04:15.011] [main/DEBUG] [net.minecraftforge.fml.loading.moddiscovery.ModFileInfo/LOADING]: Found valid mod file fabric-item-api-v1-2.1.29+4d0bbcfa77.jar with {fabric_item_api_v1} mods - versions {2.1.29+4d0bbcfa77}
[15Mar2026 03:04:15.011] [main/DEBUG] [net.minecraftforge.fml.loading.moddiscovery.ModFile/LOADING]: Loading mod file  with languages [LanguageSpec[languageName=javafml, acceptedVersions=[47,)]]
[15Mar2026 03:04:15.011] [main/DEBUG] [net.minecraftforge.fml.loading.moddiscovery.ModFileParser/LOADING]: Found coremod implementFabricItem with Javascript path META-INF/asm/implementFabricItem.js
[15Mar2026 03:04:15.011] [main/DEBUG] [net.minecraftforge.fml.loading.moddiscovery.ModFile/LOADING]: Found coremod META-INF/asm/implementFabricItem.js
[15Mar2026 03:04:15.011] [main/DEBUG] [net.minecraftforge.fml.loading.moddiscovery.ModFileParser/LOADING]: Considering mod file candidate C:\Users\Silvaria Zemaitis\AppData\Roaming\PrismLauncher\instances\IridescentCraft\minecraft\mods\YungsBetterOceanMonuments-1.20-Forge-3.0.4.jar
[15Mar2026 03:04:15.011] [main/DEBUG] [net.minecraftforge.fml.loading.moddiscovery.ModFileInfo/LOADING]: Found valid mod file YungsBetterOceanMonuments-1.20-Forge-3.0.4.jar with {betteroceanmonuments} mods - versions {1.20-Forge-3.0.4}
[15Mar2026 03:04:15.011] [main/DEBUG] [net.minecraftforge.fml.loading.moddiscovery.ModFile/LOADING]: Loading mod file C:\Users\Silvaria Zemaitis\AppData\Roaming\PrismLauncher\instances\IridescentCraft\minecraft\mods\YungsBetterOceanMonuments-1.20-Forge-3.0.4.jar with languages [LanguageSpec[languageName=javafml, acceptedVersions=[46,)]]
[15Mar2026 03:04:15.011] [main/DEBUG] [net.minecraftforge.fml.loading.moddiscovery.ModFileParser/LOADING]: Considering mod file candidate C:\Users\Silvaria Zemaitis\AppData\Roaming\PrismLauncher\instances\IridescentCraft\minecraft\mods\kubejsadditions-forge-4.3.4.jar
[15Mar2026 03:04:15.011] [main/DEBUG] [net.minecraftforge.fml.loading.moddiscovery.ModFileInfo/LOADING]: Found valid mod file kubejsadditions-forge-4.3.4.jar with {kubejsadditions} mods - versions {4.3.4}
[15Mar2026 03:04:15.011] [main/DEBUG] [net.minecraftforge.fml.loading.moddiscovery.ModFile/LOADING]: Loading mod file C:\Users\Silvaria Zemaitis\AppData\Roaming\PrismLauncher\instances\IridescentCraft\minecraft\mods\kubejsadditions-forge-4.3.4.jar with languages [LanguageSpec[languageName=javafml, acceptedVersions=[43,)]]
[15Mar2026 03:04:15.011] [main/DEBUG] [net.minecraftforge.fml.loading.moddiscovery.ModFileParser/LOADING]: Considering mod file candidate C:\Users\Silvaria Zemaitis\AppData\Roaming\PrismLauncher\instances\IridescentCraft\minecraft\mods\sophisticatedcore-1.20.1-1.3.5.1505.jar
[15Mar2026 03:04:15.011] [main/DEBUG] [net.minecraftforge.fml.loading.moddiscovery.ModFileInfo/LOADING]: Found valid mod file sophisticatedcore-1.20.1-1.3.5.1505.jar with {sophisticatedcore} mods - versions {1.3.5.1505}
[15Mar2026 03:04:15.011] [main/DEBUG] [net.minecraftforge.fml.loading.moddiscovery.ModFile/LOADING]: Loading mod file C:\Users\Silvaria Zemaitis\AppData\Roaming\PrismLauncher\instances\IridescentCraft\minecraft\mods\sophisticatedcore-1.20.1-1.3.5.1505.jar with languages [LanguageSpec[languageName=javafml, acceptedVersions=[47,)]]
[15Mar2026 03:04:15.011] [main/DEBUG] [net.minecraftforge.fml.loading.moddiscovery.ModFileParser/LOADING]: Considering mod file candidate C:\Users\Silvaria Zemaitis\AppData\Roaming\PrismLauncher\instances\IridescentCraft\minecraft\mods\findme-3.2.3-forge.jar
[15Mar2026 03:04:15.011] [main/DEBUG] [net.minecraftforge.fml.loading.moddiscovery.ModFileInfo/LOADING]: Found valid mod file findme-3.2.3-forge.jar with {findme} mods - versions {3.2.3}
[15Mar2026 03:04:15.011] [main/DEBUG] [net.minecraftforge.fml.loading.moddiscovery.ModFile/LOADING]: Loading mod file C:\Users\Silvaria Zemaitis\AppData\Roaming\PrismLauncher\instances\IridescentCraft\minecraft\mods\findme-3.2.3-forge.jar with languages [LanguageSpec[languageName=javafml, acceptedVersions=[42,)]]
[15Mar2026 03:04:15.011] [main/DEBUG] [net.minecraftforge.fml.loading.moddiscovery.ModFileParser/LOADING]: Considering mod file candidate C:\Users\Silvaria Zemaitis\AppData\Roaming\PrismLauncher\instances\IridescentCraft\minecraft\mods\insanelib-1.23.4.3.jar
[15Mar2026 03:04:15.011] [main/DEBUG] [net.minecraftforge.fml.loading.moddiscovery.ModFileInfo/LOADING]: Found valid mod file insanelib-1.23.4.3.jar with {insanelib} mods - versions {1.23.4.3}
[15Mar2026 03:04:15.011] [main/DEBUG] [net.minecraftforge.fml.loading.moddiscovery.ModFile/LOADING]: Loading mod file C:\Users\Silvaria Zemaitis\AppData\Roaming\PrismLauncher\instances\IridescentCraft\minecraft\mods\insanelib-1.23.4.3.jar with languages [LanguageSpec[languageName=javafml, acceptedVersions=[47,)]]
[15Mar2026 03:04:15.011] [main/DEBUG] [net.minecraftforge.fml.loading.moddiscovery.ModFileParser/LOADING]: Considering mod file candidate C:\Users\Silvaria Zemaitis\AppData\Roaming\PrismLauncher\instances\IridescentCraft\minecraft\mods\configurableextramobdrops-1.20.1-3.5.jar
[15Mar2026 03:04:15.011] [main/DEBUG] [net.minecraftforge.fml.loading.moddiscovery.ModFileInfo/LOADING]: Found valid mod file configurableextramobdrops-1.20.1-3.5.jar with {configurableextramobdrops} mods - versions {3.5}
[15Mar2026 03:04:15.011] [main/DEBUG] [net.minecraftforge.fml.loading.moddiscovery.ModFile/LOADING]: Loading mod file C:\Users\Silvaria Zemaitis\AppData\Roaming\PrismLauncher\instances\IridescentCraft\minecraft\mods\configurableextramobdrops-1.20.1-3.5.jar with languages [LanguageSpec[languageName=javafml, acceptedVersions=*]]
[15Mar2026 03:04:15.011] [main/DEBUG] [net.minecraftforge.fml.loading.moddiscovery.ModFileParser/LOADING]: Considering mod file candidate C:\Users\Silvaria Zemaitis\AppData\Roaming\PrismLauncher\instances\IridescentCraft\minecraft\mods\Placebo-1.20.1-8.6.3.jar
[15Mar2026 03:04:15.011] [main/DEBUG] [net.minecraftforge.fml.loading.moddiscovery.ModFileInfo/LOADING]: Found valid mod file Placebo-1.20.1-8.6.3.jar with {placebo} mods - versions {8.6.3}
[15Mar2026 03:04:15.011] [main/DEBUG] [net.minecraftforge.fml.loading.moddiscovery.ModFile/LOADING]: Loading mod file C:\Users\Silvaria Zemaitis\AppData\Roaming\PrismLauncher\instances\IridescentCraft\minecraft\mods\Placebo-1.20.1-8.6.3.jar with languages [LanguageSpec[languageName=javafml, acceptedVersions=[32,)]]
[15Mar2026 03:04:15.011] [main/DEBUG] [net.minecraftforge.fml.loading.moddiscovery.ModFileParser/LOADING]: Found coremod placebo_get_ench_level_event with Javascript path coremods/get_ench_level_event.js
[15Mar2026 03:04:15.011] [main/DEBUG] [net.minecraftforge.fml.loading.moddiscovery.ModFileParser/LOADING]: Found coremod placebo_get_ench_level_event_specific with Javascript path coremods/get_ench_level_event_specific.js
[15Mar2026 03:04:15.011] [main/DEBUG] [net.minecraftforge.fml.loading.moddiscovery.ModFile/LOADING]: Found coremod coremods/get_ench_level_event.js
[15Mar2026 03:04:15.011] [main/DEBUG] [net.minecraftforge.fml.loading.moddiscovery.ModFile/LOADING]: Found coremod coremods/get_ench_level_event_specific.js
[15Mar2026 03:04:15.011] [main/DEBUG] [net.minecraftforge.fml.loading.moddiscovery.ModFileParser/LOADING]: Considering mod file candidate C:\Users\Silvaria Zemaitis\AppData\Roaming\PrismLauncher\instances\IridescentCraft\minecraft\mods\Prism-1.20.1-forge-1.0.5.jar
[15Mar2026 03:04:15.011] [main/DEBUG] [net.minecraftforge.fml.loading.moddiscovery.ModFileInfo/LOADING]: Found valid mod file Prism-1.20.1-forge-1.0.5.jar with {prism} mods - versions {1.0.5}
[15Mar2026 03:04:15.011] [main/DEBUG] [net.minecraftforge.fml.loading.moddiscovery.ModFile/LOADING]: Loading mod file C:\Users\Silvaria Zemaitis\AppData\Roaming\PrismLauncher\instances\IridescentCraft\minecraft\mods\Prism-1.20.1-forge-1.0.5.jar with languages [LanguageSpec[languageName=javafml, acceptedVersions=[46,)]]
[15Mar2026 03:04:15.011] [main/DEBUG] [net.minecraftforge.fml.loading.moddiscovery.ModFileParser/LOADING]: Considering mod file candidate C:\Users\Silvaria Zemaitis\AppData\Roaming\PrismLauncher\instances\IridescentCraft\minecraft\mods\lootintegrations-1.20.1-4.7.jar
[15Mar2026 03:04:15.011] [main/DEBUG] [net.minecraftforge.fml.loading.moddiscovery.ModFileInfo/LOADING]: Found valid mod file lootintegrations-1.20.1-4.7.jar with {lootintegrations} mods - versions {1.20.1-4.7}
[15Mar2026 03:04:15.011] [main/DEBUG] [net.minecraftforge.fml.loading.moddiscovery.ModFile/LOADING]: Loading mod file C:\Users\Silvaria Zemaitis\AppData\Roaming\PrismLauncher\instances\IridescentCraft\minecraft\mods\lootintegrations-1.20.1-4.7.jar with languages [LanguageSpec[languageName=javafml, acceptedVersions=[36,)]]
[15Mar2026 03:04:15.011] [main/DEBUG] [net.minecraftforge.fml.loading.moddiscovery.ModFileParser/LOADING]: Considering mod file candidate C:\Users\Silvaria Zemaitis\AppData\Roaming\PrismLauncher\instances\IridescentCraft\minecraft\mods\waystone_towers-1.20.1-FORGE-1.0.9.jar
[15Mar2026 03:04:15.011] [main/DEBUG] [net.minecraftforge.fml.loading.moddiscovery.ModFileInfo/LOADING]: Found valid mod file waystone_towers-1.20.1-FORGE-1.0.9.jar with {waystone_towers} mods - versions {1.0.9}
[15Mar2026 03:04:15.011] [main/DEBUG] [net.minecraftforge.fml.loading.moddiscovery.ModFile/LOADING]: Loading mod file C:\Users\Silvaria Zemaitis\AppData\Roaming\PrismLauncher\instances\IridescentCraft\minecraft\mods\waystone_towers-1.20.1-FORGE-1.0.9.jar with languages [LanguageSpec[languageName=javafml, acceptedVersions=[47,)]]
[15Mar2026 03:04:15.011] [main/DEBUG] [net.minecraftforge.fml.loading.moddiscovery.ModFileParser/LOADING]: Considering mod file candidate C:\Users\Silvaria Zemaitis\AppData\Roaming\PrismLauncher\instances\IridescentCraft\minecraft\mods\Bookshelf-Forge-1.20.1-20.2.15.jar
[15Mar2026 03:04:15.011] [main/DEBUG] [net.minecraftforge.fml.loading.moddiscovery.ModFileInfo/LOADING]: Found valid mod file Bookshelf-Forge-1.20.1-20.2.15.jar with {bookshelf} mods - versions {20.2.15}
[15Mar2026 03:04:15.012] [main/DEBUG] [net.minecraftforge.fml.loading.moddiscovery.ModFile/LOADING]: Loading mod file C:\Users\Silvaria Zemaitis\AppData\Roaming\PrismLauncher\instances\IridescentCraft\minecraft\mods\Bookshelf-Forge-1.20.1-20.2.15.jar with languages [LanguageSpec[languageName=javafml, acceptedVersions=[47,)]]
[15Mar2026 03:04:15.012] [main/DEBUG] [net.minecraftforge.fml.loading.moddiscovery.ModFileParser/LOADING]: Considering mod file candidate C:\Users\Silvaria Zemaitis\AppData\Roaming\PrismLauncher\instances\IridescentCraft\minecraft\mods\sophisticatedbackpacks-1.20.1-3.24.24.1538.jar
[15Mar2026 03:04:15.012] [main/DEBUG] [net.minecraftforge.fml.loading.moddiscovery.ModFileInfo/LOADING]: Found valid mod file sophisticatedbackpacks-1.20.1-3.24.24.1538.jar with {sophisticatedbackpacks} mods - versions {3.24.24.1538}
[15Mar2026 03:04:15.012] [main/DEBUG] [net.minecraftforge.fml.loading.moddiscovery.ModFile/LOADING]: Loading mod file C:\Users\Silvaria Zemaitis\AppData\Roaming\PrismLauncher\instances\IridescentCraft\minecraft\mods\sophisticatedbackpacks-1.20.1-3.24.24.1538.jar with languages [LanguageSpec[languageName=javafml, acceptedVersions=[47,)]]
[15Mar2026 03:04:15.012] [main/DEBUG] [net.minecraftforge.fml.loading.moddiscovery.ModFileParser/LOADING]: Considering mod file candidate C:\Users\Silvaria Zemaitis\AppData\Roaming\PrismLauncher\instances\IridescentCraft\minecraft\mods\BetterCopper 1.20.1-1.3.jar
[15Mar2026 03:04:15.012] [main/DEBUG] [net.minecraftforge.fml.loading.moddiscovery.ModFileInfo/LOADING]: Found valid mod file BetterCopper 1.20.1-1.3.jar with {bettercopper} mods - versions {1.3}
[15Mar2026 03:04:15.012] [main/DEBUG] [net.minecraftforge.fml.loading.moddiscovery.ModFile/LOADING]: Loading mod file C:\Users\Silvaria Zemaitis\AppData\Roaming\PrismLauncher\instances\IridescentCraft\minecraft\mods\BetterCopper 1.20.1-1.3.jar with languages [LanguageSpec[languageName=javafml, acceptedVersions=[34,)]]
[15Mar2026 03:04:15.012] [main/DEBUG] [net.minecraftforge.fml.loading.moddiscovery.ModFileParser/LOADING]: Considering mod file candidate C:\Users\Silvaria Zemaitis\AppData\Roaming\PrismLauncher\instances\IridescentCraft\minecraft\mods\progressivebosses-4.3.11.jar
[15Mar2026 03:04:15.012] [main/DEBUG] [net.minecraftforge.fml.loading.moddiscovery.ModFileInfo/LOADING]: Found valid mod file progressivebosses-4.3.11.jar with {progressivebosses} mods - versions {4.3.11}
[15Mar2026 03:04:15.012] [main/DEBUG] [net.minecraftforge.fml.loading.moddiscovery.ModFile/LOADING]: Loading mod file C:\Users\Silvaria Zemaitis\AppData\Roaming\PrismLauncher\instances\IridescentCraft\minecraft\mods\progressivebosses-4.3.11.jar with languages [LanguageSpec[languageName=javafml, acceptedVersions=[47,)]]
[15Mar2026 03:04:15.012] [main/DEBUG] [net.minecraftforge.fml.loading.moddiscovery.ModFileParser/LOADING]: Considering mod file candidate C:\Users\Silvaria Zemaitis\AppData\Roaming\PrismLauncher\instances\IridescentCraft\minecraft\mods\bygonenether-1.3.2-1.20.x.jar
[15Mar2026 03:04:15.012] [main/DEBUG] [net.minecraftforge.fml.loading.moddiscovery.ModFileInfo/LOADING]: Found valid mod file bygonenether-1.3.2-1.20.x.jar with {bygonenether} mods - versions {1.3.2}
[15Mar2026 03:04:15.012] [main/DEBUG] [net.minecraftforge.fml.loading.moddiscovery.ModFile/LOADING]: Loading mod file C:\Users\Silvaria Zemaitis\AppData\Roaming\PrismLauncher\instances\IridescentCraft\minecraft\mods\bygonenether-1.3.2-1.20.x.jar with languages [LanguageSpec[languageName=javafml, acceptedVersions=[46,)]]
[15Mar2026 03:04:15.012] [main/DEBUG] [net.minecraftforge.fml.loading.moddiscovery.ModFileParser/LOADING]: Considering mod file candidate C:\Users\Silvaria Zemaitis\AppData\Roaming\PrismLauncher\instances\IridescentCraft\minecraft\mods\keepmysoiltilled-1.20.1-2.5.jar
[15Mar2026 03:04:15.012] [main/DEBUG] [net.minecraftforge.fml.loading.moddiscovery.ModFileInfo/LOADING]: Found valid mod file keepmysoiltilled-1.20.1-2.5.jar with {keepmysoiltilled} mods - versions {2.5}
[15Mar2026 03:04:15.012] [main/DEBUG] [net.minecraftforge.fml.loading.moddiscovery.ModFile/LOADING]: Loading mod file C:\Users\Silvaria Zemaitis\AppData\Roaming\PrismLauncher\instances\IridescentCraft\minecraft\mods\keepmysoiltilled-1.20.1-2.5.jar with languages [LanguageSpec[languageName=javafml, acceptedVersions=*]]
[15Mar2026 03:04:15.012] [main/DEBUG] [net.minecraftforge.fml.loading.moddiscovery.ModFileParser/LOADING]: Considering mod file candidate C:\Users\Silvaria Zemaitis\AppData\Roaming\PrismLauncher\instances\IridescentCraft\minecraft\mods\MekanismGenerators-1.20.1-10.4.16.80.jar
[15Mar2026 03:04:15.012] [main/DEBUG] [net.minecraftforge.fml.loading.moddiscovery.ModFileInfo/LOADING]: Found valid mod file MekanismGenerators-1.20.1-10.4.16.80.jar with {mekanismgenerators} mods - versions {10.4.16}
[15Mar2026 03:04:15.012] [main/DEBUG] [net.minecraftforge.fml.loading.moddiscovery.ModFile/LOADING]: Loading mod file C:\Users\Silvaria Zemaitis\AppData\Roaming\PrismLauncher\instances\IridescentCraft\minecraft\mods\MekanismGenerators-1.20.1-10.4.16.80.jar with languages [LanguageSpec[languageName=javafml, acceptedVersions=[47,)]]
[15Mar2026 03:04:15.012] [main/DEBUG] [net.minecraftforge.fml.loading.moddiscovery.ModFileParser/LOADING]: Considering mod file candidate C:\Users\Silvaria Zemaitis\AppData\Roaming\PrismLauncher\instances\IridescentCraft\minecraft\mods\lootintegrations_structory-1.3.jar
[15Mar2026 03:04:15.012] [main/DEBUG] [net.minecraftforge.fml.loading.moddiscovery.ModFileInfo/LOADING]: Found valid mod file lootintegrations_structory-1.3.jar with {lootintegrations_structory} mods - versions {1}
[15Mar2026 03:04:15.012] [main/DEBUG] [net.minecraftforge.fml.loading.moddiscovery.ModFile/LOADING]: Loading mod file C:\Users\Silvaria Zemaitis\AppData\Roaming\PrismLauncher\instances\IridescentCraft\minecraft\mods\lootintegrations_structory-1.3.jar with languages [LanguageSpec[languageName=lowcodefml, acceptedVersions=[0,)]]
[15Mar2026 03:04:15.012] [main/DEBUG] [net.minecraftforge.fml.loading.moddiscovery.ModFileParser/LOADING]: Considering mod file candidate C:\Users\Silvaria Zemaitis\AppData\Roaming\PrismLauncher\instances\IridescentCraft\minecraft\mods\ramcompat-1.20.1-0.1.4.jar
[15Mar2026 03:04:15.012] [main/DEBUG] [net.minecraftforge.fml.loading.moddiscovery.ModFileInfo/LOADING]: Found valid mod file ramcompat-1.20.1-0.1.4.jar with {ramcompat} mods - versions {0.1.4}
[15Mar2026 03:04:15.012] [main/DEBUG] [net.minecraftforge.fml.loading.moddiscovery.ModFile/LOADING]: Loading mod file C:\Users\Silvaria Zemaitis\AppData\Roaming\PrismLauncher\instances\IridescentCraft\minecraft\mods\ramcompat-1.20.1-0.1.4.jar with languages [LanguageSpec[languageName=javafml, acceptedVersions=[47,)]]
[15Mar2026 03:04:15.012] [main/DEBUG] [net.minecraftforge.fml.loading.moddiscovery.ModFileParser/LOADING]: Considering mod file candidate C:\Users\Silvaria Zemaitis\AppData\Roaming\PrismLauncher\instances\IridescentCraft\minecraft\mods\ftb-teams-forge-2001.3.2.jar
[15Mar2026 03:04:15.012] [main/DEBUG] [net.minecraftforge.fml.loading.moddiscovery.ModFileInfo/LOADING]: Found valid mod file ftb-teams-forge-2001.3.2.jar with {ftbteams} mods - versions {2001.3.2}
[15Mar2026 03:04:15.012] [main/DEBUG] [net.minecraftforge.fml.loading.moddiscovery.ModFile/LOADING]: Loading mod file C:\Users\Silvaria Zemaitis\AppData\Roaming\PrismLauncher\instances\IridescentCraft\minecraft\mods\ftb-teams-forge-2001.3.2.jar with languages [LanguageSpec[languageName=javafml, acceptedVersions=[47,)]]
[15Mar2026 03:04:15.012] [main/DEBUG] [net.minecraftforge.fml.loading.moddiscovery.ModFileParser/LOADING]: Considering mod file candidate 
[15Mar2026 03:04:15.012] [main/DEBUG] [net.minecraftforge.fml.loading.moddiscovery.ModFileInfo/LOADING]: Found valid mod file l2damagetracker-0.3.8.jar with {l2damagetracker} mods - versions {0.3.8}
[15Mar2026 03:04:15.012] [main/DEBUG] [net.minecraftforge.fml.loading.moddiscovery.ModFile/LOADING]: Loading mod file  with languages [LanguageSpec[languageName=javafml, acceptedVersions=[46,)]]
[15Mar2026 03:04:15.012] [main/DEBUG] [net.minecraftforge.fml.loading.moddiscovery.ModFileParser/LOADING]: Considering mod file candidate 
[15Mar2026 03:04:15.012] [main/DEBUG] [net.minecraftforge.fml.loading.moddiscovery.ModFileInfo/LOADING]: Found valid mod file modmenu-bridge-1.11.2+1.20.1.jar with {connectorextras_modmenu_bridge,modmenu} mods - versions {1.11.2+1.20.1,7.2.2}
[15Mar2026 03:04:15.012] [main/DEBUG] [net.minecraftforge.fml.loading.moddiscovery.ModFile/LOADING]: Loading mod file  with languages [LanguageSpec[languageName=javafml, acceptedVersions=[47,)]]
[15Mar2026 03:04:15.012] [main/DEBUG] [net.minecraftforge.fml.loading.moddiscovery.ModFileParser/LOADING]: Considering mod file candidate C:\Users\Silvaria Zemaitis\AppData\Roaming\PrismLauncher\instances\IridescentCraft\minecraft\mods\fabric-api-0.92.6+1.11.14+1.20.1.jar
[15Mar2026 03:04:15.012] [main/DEBUG] [net.minecraftforge.fml.loading.moddiscovery.ModFileInfo/LOADING]: Found valid mod file fabric-api-0.92.6+1.11.14+1.20.1.jar with {fabric_api} mods - versions {0.92.6+1.11.14+1.20.1}
[15Mar2026 03:04:15.012] [main/DEBUG] [net.minecraftforge.fml.loading.moddiscovery.ModFile/LOADING]: Loading mod file C:\Users\Silvaria Zemaitis\AppData\Roaming\PrismLauncher\instances\IridescentCraft\minecraft\mods\fabric-api-0.92.6+1.11.14+1.20.1.jar with languages [LanguageSpec[languageName=javafml, acceptedVersions=[47,)]]
[15Mar2026 03:04:15.012] [main/DEBUG] [net.minecraftforge.fml.loading.moddiscovery.ModFileParser/LOADING]: Considering mod file candidate C:\Users\Silvaria Zemaitis\AppData\Roaming\PrismLauncher\instances\IridescentCraft\minecraft\mods\RSInfinityBooster-1.20.1-1.0+41.jar
[15Mar2026 03:04:15.012] [main/DEBUG] [net.minecraftforge.fml.loading.moddiscovery.ModFileInfo/LOADING]: Found valid mod file RSInfinityBooster-1.20.1-1.0+41.jar with {rsinfinitybooster} mods - versions {1.20.1-1.0+41}
[15Mar2026 03:04:15.012] [main/DEBUG] [net.minecraftforge.fml.loading.moddiscovery.ModFile/LOADING]: Loading mod file C:\Users\Silvaria Zemaitis\AppData\Roaming\PrismLauncher\instances\IridescentCraft\minecraft\mods\RSInfinityBooster-1.20.1-1.0+41.jar with languages [LanguageSpec[languageName=javafml, acceptedVersions=[47,)]]
[15Mar2026 03:04:15.012] [main/DEBUG] [net.minecraftforge.fml.loading.moddiscovery.ModFileParser/LOADING]: Considering mod file candidate C:\Users\Silvaria Zemaitis\AppData\Roaming\PrismLauncher\instances\IridescentCraft\minecraft\mods\enemyexpansion-2.3.1-forge-1.20.1.jar
[15Mar2026 03:04:15.012] [main/DEBUG] [net.minecraftforge.fml.loading.moddiscovery.ModFileInfo/LOADING]: Found valid mod file enemyexpansion-2.3.1-forge-1.20.1.jar with {enemyexpansion} mods - versions {2.3.1}
[15Mar2026 03:04:15.012] [main/DEBUG] [net.minecraftforge.fml.loading.moddiscovery.ModFile/LOADING]: Loading mod file C:\Users\Silvaria Zemaitis\AppData\Roaming\PrismLauncher\instances\IridescentCraft\minecraft\mods\enemyexpansion-2.3.1-forge-1.20.1.jar with languages [LanguageSpec[languageName=javafml, acceptedVersions=[47,)]]
[15Mar2026 03:04:15.012] [main/DEBUG] [net.minecraftforge.fml.loading.moddiscovery.ModFileParser/LOADING]: Considering mod file candidate C:\Users\Silvaria Zemaitis\AppData\Roaming\PrismLauncher\instances\IridescentCraft\minecraft\mods\chipped-forge-1.20.1-3.0.7.jar
[15Mar2026 03:04:15.013] [main/DEBUG] [net.minecraftforge.fml.loading.moddiscovery.ModFileInfo/LOADING]: Found valid mod file chipped-forge-1.20.1-3.0.7.jar with {chipped} mods - versions {3.0.7}
[15Mar2026 03:04:15.013] [main/DEBUG] [net.minecraftforge.fml.loading.moddiscovery.ModFile/LOADING]: Loading mod file C:\Users\Silvaria Zemaitis\AppData\Roaming\PrismLauncher\instances\IridescentCraft\minecraft\mods\chipped-forge-1.20.1-3.0.7.jar with languages [LanguageSpec[languageName=javafml, acceptedVersions=[47,)]]
[15Mar2026 03:04:15.013] [main/DEBUG] [net.minecraftforge.fml.loading.moddiscovery.ModFileParser/LOADING]: Considering mod file candidate C:\Users\Silvaria Zemaitis\AppData\Roaming\PrismLauncher\instances\IridescentCraft\minecraft\mods\mcw-bridges-3.1.2-mc1.20.1forge.jar
[15Mar2026 03:04:15.013] [main/DEBUG] [net.minecraftforge.fml.loading.moddiscovery.ModFileInfo/LOADING]: Found valid mod file mcw-bridges-3.1.2-mc1.20.1forge.jar with {mcwbridges} mods - versions {3.1.2}
[15Mar2026 03:04:15.013] [main/DEBUG] [net.minecraftforge.fml.loading.moddiscovery.ModFile/LOADING]: Loading mod file C:\Users\Silvaria Zemaitis\AppData\Roaming\PrismLauncher\instances\IridescentCraft\minecraft\mods\mcw-bridges-3.1.2-mc1.20.1forge.jar with languages [LanguageSpec[languageName=javafml, acceptedVersions=[28,)]]
[15Mar2026 03:04:15.013] [main/DEBUG] [net.minecraftforge.fml.loading.moddiscovery.ModFileParser/LOADING]: Considering mod file candidate C:\Users\Silvaria Zemaitis\AppData\Roaming\PrismLauncher\instances\IridescentCraft\minecraft\mods\AmbientSounds_FORGE_v6.3.4_mc1.20.1.jar
[15Mar2026 03:04:15.013] [main/DEBUG] [net.minecraftforge.fml.loading.moddiscovery.ModFileInfo/LOADING]: Found valid mod file AmbientSounds_FORGE_v6.3.4_mc1.20.1.jar with {ambientsounds} mods - versions {6.3.4}
[15Mar2026 03:04:15.013] [main/DEBUG] [net.minecraftforge.fml.loading.moddiscovery.ModFile/LOADING]: Loading mod file C:\Users\Silvaria Zemaitis\AppData\Roaming\PrismLauncher\instances\IridescentCraft\minecraft\mods\AmbientSounds_FORGE_v6.3.4_mc1.20.1.jar with languages [LanguageSpec[languageName=javafml, acceptedVersions=[46,)]]
[15Mar2026 03:04:15.013] [main/DEBUG] [net.minecraftforge.fml.loading.moddiscovery.ModFileParser/LOADING]: Considering mod file candidate 
[15Mar2026 03:04:15.013] [main/DEBUG] [net.minecraftforge.fml.loading.moddiscovery.ModFileInfo/LOADING]: Found valid mod file fabric-api-lookup-api-v1-1.6.37+67f9824077.jar with {fabric_api_lookup_api_v1} mods - versions {1.6.37+67f9824077}
[15Mar2026 03:04:15.013] [main/DEBUG] [net.minecraftforge.fml.loading.moddiscovery.ModFile/LOADING]: Loading mod file  with languages [LanguageSpec[languageName=javafml, acceptedVersions=[47,)]]
[15Mar2026 03:04:15.013] [main/DEBUG] [net.minecraftforge.fml.loading.moddiscovery.ModFileParser/LOADING]: Considering mod file candidate C:\Users\Silvaria Zemaitis\AppData\Roaming\PrismLauncher\instances\IridescentCraft\minecraft\mods\pridemoths-1.8.7+1.20.1.jar
[15Mar2026 03:04:15.013] [main/DEBUG] [net.minecraftforge.fml.loading.moddiscovery.ModFileInfo/LOADING]: Found valid mod file pridemoths-1.8.7+1.20.1.jar with {pridemoths} mods - versions {1.8.7}
[15Mar2026 03:04:15.013] [main/DEBUG] [net.minecraftforge.fml.loading.moddiscovery.ModFile/LOADING]: Loading mod file C:\Users\Silvaria Zemaitis\AppData\Roaming\PrismLauncher\instances\IridescentCraft\minecraft\mods\pridemoths-1.8.7+1.20.1.jar with languages [LanguageSpec[languageName=javafml, acceptedVersions=[47,)]]
[15Mar2026 03:04:15.013] [main/DEBUG] [net.minecraftforge.fml.loading.moddiscovery.ModFileParser/LOADING]: Considering mod file candidate C:\Users\Silvaria Zemaitis\AppData\Roaming\PrismLauncher\instances\IridescentCraft\minecraft\mods\ftb-ranks-forge-2001.1.7.jar
[15Mar2026 03:04:15.013] [main/DEBUG] [net.minecraftforge.fml.loading.moddiscovery.ModFileInfo/LOADING]: Found valid mod file ftb-ranks-forge-2001.1.7.jar with {ftbranks} mods - versions {2001.1.7}
[15Mar2026 03:04:15.013] [main/DEBUG] [net.minecraftforge.fml.loading.moddiscovery.ModFile/LOADING]: Loading mod file C:\Users\Silvaria Zemaitis\AppData\Roaming\PrismLauncher\instances\IridescentCraft\minecraft\mods\ftb-ranks-forge-2001.1.7.jar with languages [LanguageSpec[languageName=javafml, acceptedVersions=[47,)]]
[15Mar2026 03:04:15.013] [main/DEBUG] [net.minecraftforge.fml.loading.moddiscovery.ModFileParser/LOADING]: Considering mod file candidate C:\Users\Silvaria Zemaitis\AppData\Roaming\PrismLauncher\instances\IridescentCraft\minecraft\mods\valhelsia_structures-forge-1.20.1-1.1.2.jar
[15Mar2026 03:04:15.013] [main/DEBUG] [net.minecraftforge.fml.loading.moddiscovery.ModFileInfo/LOADING]: Found valid mod file valhelsia_structures-forge-1.20.1-1.1.2.jar with {valhelsia_structures} mods - versions {1.20.1-1.1.2}
[15Mar2026 03:04:15.013] [main/DEBUG] [net.minecraftforge.fml.loading.moddiscovery.ModFile/LOADING]: Loading mod file C:\Users\Silvaria Zemaitis\AppData\Roaming\PrismLauncher\instances\IridescentCraft\minecraft\mods\valhelsia_structures-forge-1.20.1-1.1.2.jar with languages [LanguageSpec[languageName=javafml, acceptedVersions=[47,)]]
[15Mar2026 03:04:15.013] [main/DEBUG] [net.minecraftforge.fml.loading.moddiscovery.ModFileParser/LOADING]: Considering mod file candidate C:\Users\Silvaria Zemaitis\AppData\Roaming\PrismLauncher\instances\IridescentCraft\minecraft\mods\toe-1.0.0-forge-1.20.1.jar
[15Mar2026 03:04:15.013] [main/DEBUG] [net.minecraftforge.fml.loading.moddiscovery.ModFileInfo/LOADING]: Found valid mod file toe-1.0.0-forge-1.20.1.jar with {toe} mods - versions {1.0.0}
[15Mar2026 03:04:15.013] [main/DEBUG] [net.minecraftforge.fml.loading.moddiscovery.ModFile/LOADING]: Loading mod file C:\Users\Silvaria Zemaitis\AppData\Roaming\PrismLauncher\instances\IridescentCraft\minecraft\mods\toe-1.0.0-forge-1.20.1.jar with languages [LanguageSpec[languageName=javafml, acceptedVersions=[47,)]]
[15Mar2026 03:04:15.013] [main/DEBUG] [net.minecraftforge.fml.loading.moddiscovery.ModFileParser/LOADING]: Considering mod file candidate C:\Users\Silvaria Zemaitis\AppData\Roaming\PrismLauncher\instances\IridescentCraft\minecraft\mods\Chunky-1.3.146.jar
[15Mar2026 03:04:15.013] [main/DEBUG] [net.minecraftforge.fml.loading.moddiscovery.ModFileInfo/LOADING]: Found valid mod file Chunky-1.3.146.jar with {chunky} mods - versions {1.3.146}
[15Mar2026 03:04:15.013] [main/DEBUG] [net.minecraftforge.fml.loading.moddiscovery.ModFile/LOADING]: Loading mod file C:\Users\Silvaria Zemaitis\AppData\Roaming\PrismLauncher\instances\IridescentCraft\minecraft\mods\Chunky-1.3.146.jar with languages [LanguageSpec[languageName=javafml, acceptedVersions=[38,)]]
[15Mar2026 03:04:15.013] [main/DEBUG] [net.minecraftforge.fml.loading.moddiscovery.ModFileParser/LOADING]: Considering mod file candidate 
[15Mar2026 03:04:15.013] [main/DEBUG] [net.minecraftforge.fml.loading.moddiscovery.ModFileInfo/LOADING]: Found valid mod file baubly-forge-1.20.1-1.0.1.jar with {baubly} mods - versions {1.0.1}
[15Mar2026 03:04:15.013] [main/DEBUG] [net.minecraftforge.fml.loading.moddiscovery.ModFile/LOADING]: Loading mod file  with languages [LanguageSpec[languageName=javafml, acceptedVersions=[47,)]]
[15Mar2026 03:04:15.013] [main/DEBUG] [net.minecraftforge.fml.loading.moddiscovery.ModFileParser/LOADING]: Considering mod file candidate C:\Users\Silvaria Zemaitis\AppData\Roaming\PrismLauncher\instances\IridescentCraft\minecraft\mods\lionfishapi-2.4-Fix.jar
[15Mar2026 03:04:15.013] [main/DEBUG] [net.minecraftforge.fml.loading.moddiscovery.ModFileInfo/LOADING]: Found valid mod file lionfishapi-2.4-Fix.jar with {lionfishapi} mods - versions {2.4-Fix}
[15Mar2026 03:04:15.013] [main/DEBUG] [net.minecraftforge.fml.loading.moddiscovery.ModFile/LOADING]: Loading mod file C:\Users\Silvaria Zemaitis\AppData\Roaming\PrismLauncher\instances\IridescentCraft\minecraft\mods\lionfishapi-2.4-Fix.jar with languages [LanguageSpec[languageName=javafml, acceptedVersions=[47,)]]
[15Mar2026 03:04:15.013] [main/DEBUG] [net.minecraftforge.fml.loading.moddiscovery.ModFileParser/LOADING]: Considering mod file candidate 
[15Mar2026 03:04:15.013] [main/DEBUG] [net.minecraftforge.fml.loading.moddiscovery.ModFileInfo/LOADING]: Found valid mod file architectury-bridge-1.11.2+1.20.1.jar with {connectorextras_architectury_bridge} mods - versions {1.11.2+1.20.1}
[15Mar2026 03:04:15.013] [main/DEBUG] [net.minecraftforge.fml.loading.moddiscovery.ModFile/LOADING]: Loading mod file  with languages [LanguageSpec[languageName=javafml, acceptedVersions=[47,)]]
[15Mar2026 03:04:15.013] [main/DEBUG] [net.minecraftforge.fml.loading.moddiscovery.ModFileParser/LOADING]: Considering mod file candidate C:\Users\Silvaria Zemaitis\AppData\Roaming\PrismLauncher\instances\IridescentCraft\minecraft\mods\L_Enders_Cataclysm-3.16.jar
[15Mar2026 03:04:15.013] [main/DEBUG] [net.minecraftforge.fml.loading.moddiscovery.ModFileInfo/LOADING]: Found valid mod file L_Enders_Cataclysm-3.16.jar with {cataclysm} mods - versions {3.16}
[15Mar2026 03:04:15.013] [main/DEBUG] [net.minecraftforge.fml.loading.moddiscovery.ModFile/LOADING]: Loading mod file C:\Users\Silvaria Zemaitis\AppData\Roaming\PrismLauncher\instances\IridescentCraft\minecraft\mods\L_Enders_Cataclysm-3.16.jar with languages [LanguageSpec[languageName=javafml, acceptedVersions=[47,)]]
[15Mar2026 03:04:15.013] [main/DEBUG] [net.minecraftforge.fml.loading.moddiscovery.ModFileParser/LOADING]: Considering mod file candidate C:\Users\Silvaria Zemaitis\AppData\Roaming\PrismLauncher\instances\IridescentCraft\minecraft\mods\mcwbiomesoplenty-1.20.1-1.5.jar
[15Mar2026 03:04:15.014] [main/DEBUG] [net.minecraftforge.fml.loading.moddiscovery.ModFileInfo/LOADING]: Found valid mod file mcwbiomesoplenty-1.20.1-1.5.jar with {mcwbiomesoplenty} mods - versions {1.20.1-1.5}
[15Mar2026 03:04:15.014] [main/DEBUG] [net.minecraftforge.fml.loading.moddiscovery.ModFile/LOADING]: Loading mod file C:\Users\Silvaria Zemaitis\AppData\Roaming\PrismLauncher\instances\IridescentCraft\minecraft\mods\mcwbiomesoplenty-1.20.1-1.5.jar with languages [LanguageSpec[languageName=javafml, acceptedVersions=[47,)]]
[15Mar2026 03:04:15.014] [main/DEBUG] [net.minecraftforge.fml.loading.moddiscovery.ModFileParser/LOADING]: Considering mod file candidate C:\Users\Silvaria Zemaitis\AppData\Roaming\PrismLauncher\instances\IridescentCraft\minecraft\mods\blockui-1.20.1-1.0.194-snapshot.jar
[15Mar2026 03:04:15.014] [main/DEBUG] [net.minecraftforge.fml.loading.moddiscovery.ModFileInfo/LOADING]: Found valid mod file blockui-1.20.1-1.0.194-snapshot.jar with {blockui} mods - versions {1.20.1-1.0.194-snapshot}
[15Mar2026 03:04:15.014] [main/DEBUG] [net.minecraftforge.fml.loading.moddiscovery.ModFile/LOADING]: Loading mod file C:\Users\Silvaria Zemaitis\AppData\Roaming\PrismLauncher\instances\IridescentCraft\minecraft\mods\blockui-1.20.1-1.0.194-snapshot.jar with languages [LanguageSpec[languageName=javafml, acceptedVersions=[47,)]]
[15Mar2026 03:04:15.014] [main/DEBUG] [net.minecraftforge.fml.loading.moddiscovery.ModFileParser/LOADING]: Considering mod file candidate 
[15Mar2026 03:04:15.014] [main/DEBUG] [net.minecraftforge.fml.loading.moddiscovery.ModFileInfo/LOADING]: Found valid mod file Connector-1.0.0-beta.48+1.20.1-mod.jar with {connectormod} mods - versions {1.0.0-beta.48+1.20.1}
[15Mar2026 03:04:15.014] [main/DEBUG] [net.minecraftforge.fml.loading.moddiscovery.ModFile/LOADING]: Loading mod file  with languages [LanguageSpec[languageName=javafml, acceptedVersions=[47,)]]
[15Mar2026 03:04:15.014] [main/DEBUG] [net.minecraftforge.fml.loading.moddiscovery.ModFileParser/LOADING]: Found coremod injectCreativeModeTabCtr with Javascript path META-INF/asm/injectCreativeModeTabCtr.js
[15Mar2026 03:04:15.014] [main/DEBUG] [net.minecraftforge.fml.loading.moddiscovery.ModFileParser/LOADING]: Found coremod injectFabricASM with Javascript path META-INF/asm/injectFabricASM.js
[15Mar2026 03:04:15.014] [main/DEBUG] [net.minecraftforge.fml.loading.moddiscovery.ModFileParser/LOADING]: Found coremod updateItemUseStartTreshold with Javascript path META-INF/asm/updateItemUseStartTreshold.js
[15Mar2026 03:04:15.014] [main/DEBUG] [net.minecraftforge.fml.loading.moddiscovery.ModFileParser/LOADING]: Found coremod expandLocalVarScope with Javascript path META-INF/asm/expandLocalVarScope.js
[15Mar2026 03:04:15.014] [main/DEBUG] [net.minecraftforge.fml.loading.moddiscovery.ModFileParser/LOADING]: Found coremod fixFieldSignatureChanges with Javascript path META-INF/asm/fixFieldSignatureChanges.js
[15Mar2026 03:04:15.014] [main/DEBUG] [net.minecraftforge.fml.loading.moddiscovery.ModFile/LOADING]: Found coremod META-INF/asm/injectCreativeModeTabCtr.js
[15Mar2026 03:04:15.014] [main/DEBUG] [net.minecraftforge.fml.loading.moddiscovery.ModFile/LOADING]: Found coremod META-INF/asm/injectFabricASM.js
[15Mar2026 03:04:15.014] [main/DEBUG] [net.minecraftforge.fml.loading.moddiscovery.ModFile/LOADING]: Found coremod META-INF/asm/updateItemUseStartTreshold.js
[15Mar2026 03:04:15.014] [main/DEBUG] [net.minecraftforge.fml.loading.moddiscovery.ModFile/LOADING]: Found coremod META-INF/asm/expandLocalVarScope.js
[15Mar2026 03:04:15.014] [main/DEBUG] [net.minecraftforge.fml.loading.moddiscovery.ModFile/LOADING]: Found coremod META-INF/asm/fixFieldSignatureChanges.js
[15Mar2026 03:04:15.014] [main/DEBUG] [net.minecraftforge.fml.loading.moddiscovery.ModFileParser/LOADING]: Considering mod file candidate C:\Users\Silvaria Zemaitis\AppData\Roaming\PrismLauncher\instances\IridescentCraft\minecraft\mods\ScalingMobs-2.4.3.jar
[15Mar2026 03:04:15.014] [main/DEBUG] [net.minecraftforge.fml.loading.moddiscovery.ModFileInfo/LOADING]: Found valid mod file ScalingMobs-2.4.3.jar with {scalingmobs} mods - versions {2.4.3}
[15Mar2026 03:04:15.014] [main/DEBUG] [net.minecraftforge.fml.loading.moddiscovery.ModFile/LOADING]: Loading mod file C:\Users\Silvaria Zemaitis\AppData\Roaming\PrismLauncher\instances\IridescentCraft\minecraft\mods\ScalingMobs-2.4.3.jar with languages [LanguageSpec[languageName=javafml, acceptedVersions=[47,)]]
[15Mar2026 03:04:15.014] [main/DEBUG] [net.minecraftforge.fml.loading.moddiscovery.ModFileParser/LOADING]: Considering mod file candidate C:\Users\Silvaria Zemaitis\AppData\Roaming\PrismLauncher\instances\IridescentCraft\minecraft\mods\aether_protect_your_moa-1.20.1-1.0.0-neoforge.jar
[15Mar2026 03:04:15.014] [main/DEBUG] [net.minecraftforge.fml.loading.moddiscovery.ModFileInfo/LOADING]: Found valid mod file aether_protect_your_moa-1.20.1-1.0.0-neoforge.jar with {aether_protect_your_moa} mods - versions {1.20.1-1.0.0-neoforge}
[15Mar2026 03:04:15.014] [main/DEBUG] [net.minecraftforge.fml.loading.moddiscovery.ModFile/LOADING]: Loading mod file C:\Users\Silvaria Zemaitis\AppData\Roaming\PrismLauncher\instances\IridescentCraft\minecraft\mods\aether_protect_your_moa-1.20.1-1.0.0-neoforge.jar with languages [LanguageSpec[languageName=javafml, acceptedVersions=[47,)]]
[15Mar2026 03:04:15.014] [main/DEBUG] [net.minecraftforge.fml.loading.moddiscovery.ModFileParser/LOADING]: Considering mod file candidate C:\Users\Silvaria Zemaitis\AppData\Roaming\PrismLauncher\instances\IridescentCraft\minecraft\mods\cupboard-1.20.1-3.0.jar
[15Mar2026 03:04:15.014] [main/DEBUG] [net.minecraftforge.fml.loading.moddiscovery.ModFileInfo/LOADING]: Found valid mod file cupboard-1.20.1-3.0.jar with {cupboard} mods - versions {1.20.1-3.0}
[15Mar2026 03:04:15.014] [main/DEBUG] [net.minecraftforge.fml.loading.moddiscovery.ModFile/LOADING]: Loading mod file C:\Users\Silvaria Zemaitis\AppData\Roaming\PrismLauncher\instances\IridescentCraft\minecraft\mods\cupboard-1.20.1-3.0.jar with languages [LanguageSpec[languageName=javafml, acceptedVersions=[36,)]]
[15Mar2026 03:04:15.014] [main/DEBUG] [net.minecraftforge.fml.loading.moddiscovery.ModFileParser/LOADING]: Considering mod file candidate C:\Users\Silvaria Zemaitis\AppData\Roaming\PrismLauncher\instances\IridescentCraft\minecraft\mods\The_Undergarden-1.20.1-0.8.14.jar
[15Mar2026 03:04:15.014] [main/DEBUG] [net.minecraftforge.fml.loading.moddiscovery.ModFileInfo/LOADING]: Found valid mod file The_Undergarden-1.20.1-0.8.14.jar with {undergarden} mods - versions {0.8.14}
[15Mar2026 03:04:15.014] [main/DEBUG] [net.minecraftforge.fml.loading.moddiscovery.ModFile/LOADING]: Loading mod file C:\Users\Silvaria Zemaitis\AppData\Roaming\PrismLauncher\instances\IridescentCraft\minecraft\mods\The_Undergarden-1.20.1-0.8.14.jar with languages [LanguageSpec[languageName=javafml, acceptedVersions=[47,)]]
[15Mar2026 03:04:15.014] [main/DEBUG] [net.minecraftforge.fml.loading.moddiscovery.ModFileParser/LOADING]: Considering mod file candidate C:\Users\Silvaria Zemaitis\AppData\Roaming\PrismLauncher\instances\IridescentCraft\minecraft\mods\blastingsand-forge-1.20.1-12.3.jar
[15Mar2026 03:04:15.014] [main/DEBUG] [net.minecraftforge.fml.loading.moddiscovery.ModFileInfo/LOADING]: Found valid mod file blastingsand-forge-1.20.1-12.3.jar with {blastingsand} mods - versions {12.1}
[15Mar2026 03:04:15.014] [main/DEBUG] [net.minecraftforge.fml.loading.moddiscovery.ModFile/LOADING]: Loading mod file C:\Users\Silvaria Zemaitis\AppData\Roaming\PrismLauncher\instances\IridescentCraft\minecraft\mods\blastingsand-forge-1.20.1-12.3.jar with languages [LanguageSpec[languageName=javafml, acceptedVersions=[46,)]]
[15Mar2026 03:04:15.014] [main/DEBUG] [net.minecraftforge.fml.loading.moddiscovery.ModFileParser/LOADING]: Considering mod file candidate C:\Users\Silvaria Zemaitis\AppData\Roaming\PrismLauncher\instances\IridescentCraft\minecraft\mods\probejs-7.0.0-forge.jar
[15Mar2026 03:04:15.014] [main/DEBUG] [net.minecraftforge.fml.loading.moddiscovery.ModFileInfo/LOADING]: Found valid mod file probejs-7.0.0-forge.jar with {probejs} mods - versions {7.0.0}
[15Mar2026 03:04:15.014] [main/DEBUG] [net.minecraftforge.fml.loading.moddiscovery.ModFile/LOADING]: Loading mod file C:\Users\Silvaria Zemaitis\AppData\Roaming\PrismLauncher\instances\IridescentCraft\minecraft\mods\probejs-7.0.0-forge.jar with languages [LanguageSpec[languageName=javafml, acceptedVersions=[40,)]]
[15Mar2026 03:04:15.014] [main/DEBUG] [net.minecraftforge.fml.loading.moddiscovery.ModFileParser/LOADING]: Considering mod file candidate C:\Users\Silvaria Zemaitis\AppData\Roaming\PrismLauncher\instances\IridescentCraft\minecraft\mods\puffish_attributes-0.8.2-1.20-forge.jar
[15Mar2026 03:04:15.014] [main/DEBUG] [net.minecraftforge.fml.loading.moddiscovery.ModFileInfo/LOADING]: Found valid mod file puffish_attributes-0.8.2-1.20-forge.jar with {puffish_attributes} mods - versions {0.8.2}
[15Mar2026 03:04:15.014] [main/DEBUG] [net.minecraftforge.fml.loading.moddiscovery.ModFile/LOADING]: Loading mod file C:\Users\Silvaria Zemaitis\AppData\Roaming\PrismLauncher\instances\IridescentCraft\minecraft\mods\puffish_attributes-0.8.2-1.20-forge.jar with languages [LanguageSpec[languageName=javafml, acceptedVersions=[46,)]]
[15Mar2026 03:04:15.014] [main/DEBUG] [net.minecraftforge.fml.loading.moddiscovery.ModFileParser/LOADING]: Considering mod file candidate C:\Users\Silvaria Zemaitis\AppData\Roaming\PrismLauncher\instances\IridescentCraft\minecraft\mods\Data_Anchor-forge-1.20.1-1.0.0.20.jar
[15Mar2026 03:04:15.014] [main/DEBUG] [net.minecraftforge.fml.loading.moddiscovery.ModFileInfo/LOADING]: Found valid mod file Data_Anchor-forge-1.20.1-1.0.0.20.jar with {dataanchor} mods - versions {1.0.0.20}
[15Mar2026 03:04:15.014] [main/DEBUG] [net.minecraftforge.fml.loading.moddiscovery.ModFile/LOADING]: Loading mod file C:\Users\Silvaria Zemaitis\AppData\Roaming\PrismLauncher\instances\IridescentCraft\minecraft\mods\Data_Anchor-forge-1.20.1-1.0.0.20.jar with languages [LanguageSpec[languageName=javafml, acceptedVersions=[47,)]]
[15Mar2026 03:04:15.014] [main/DEBUG] [net.minecraftforge.fml.loading.moddiscovery.ModFileParser/LOADING]: Considering mod file candidate 
[15Mar2026 03:04:15.014] [main/DEBUG] [net.minecraftforge.fml.loading.moddiscovery.ModFileInfo/LOADING]: Found valid mod file fabric-key-binding-api-v1-1.0.38+561530ec77.jar with {fabric_key_binding_api_v1} mods - versions {1.0.38+561530ec77}
[15Mar2026 03:04:15.014] [main/DEBUG] [net.minecraftforge.fml.loading.moddiscovery.ModFile/LOADING]: Loading mod file  with languages [LanguageSpec[languageName=javafml, acceptedVersions=[47,)]]
[15Mar2026 03:04:15.014] [main/DEBUG] [net.minecraftforge.fml.loading.moddiscovery.ModFileParser/LOADING]: Considering mod file candidate C:\Users\Silvaria Zemaitis\AppData\Roaming\PrismLauncher\instances\IridescentCraft\minecraft\mods\BetterAdvancements-Forge-1.20.1-0.4.2.25.jar
[15Mar2026 03:04:15.015] [main/DEBUG] [net.minecraftforge.fml.loading.moddiscovery.ModFileInfo/LOADING]: Found valid mod file BetterAdvancements-Forge-1.20.1-0.4.2.25.jar with {betteradvancements} mods - versions {0.4.2.25}
[15Mar2026 03:04:15.015] [main/DEBUG] [net.minecraftforge.fml.loading.moddiscovery.ModFile/LOADING]: Loading mod file C:\Users\Silvaria Zemaitis\AppData\Roaming\PrismLauncher\instances\IridescentCraft\minecraft\mods\BetterAdvancements-Forge-1.20.1-0.4.2.25.jar with languages [LanguageSpec[languageName=javafml, acceptedVersions=[47,)]]
[15Mar2026 03:04:15.015] [main/DEBUG] [net.minecraftforge.fml.loading.moddiscovery.ModFileParser/LOADING]: Considering mod file candidate 
[15Mar2026 03:04:15.015] [main/DEBUG] [net.minecraftforge.fml.loading.moddiscovery.ModFileInfo/LOADING]: Found valid mod file fabric-transfer-api-v1-3.3.6+631c9cd677.jar with {fabric_transfer_api_v1} mods - versions {3.3.6+631c9cd677}
[15Mar2026 03:04:15.015] [main/DEBUG] [net.minecraftforge.fml.loading.moddiscovery.ModFile/LOADING]: Loading mod file  with languages [LanguageSpec[languageName=javafml, acceptedVersions=[47,)]]
[15Mar2026 03:04:15.015] [main/DEBUG] [net.minecraftforge.fml.loading.moddiscovery.ModFileParser/LOADING]: Considering mod file candidate C:\Users\Silvaria Zemaitis\AppData\Roaming\PrismLauncher\instances\IridescentCraft\minecraft\mods\estrogen-5.0.8+1.20.1-forge.jar
[15Mar2026 03:04:15.015] [main/DEBUG] [net.minecraftforge.fml.loading.moddiscovery.ModFileInfo/LOADING]: Found valid mod file estrogen-5.0.8+1.20.1-forge.jar with {estrogen} mods - versions {5.0.8+1.20.1}
[15Mar2026 03:04:15.015] [main/DEBUG] [net.minecraftforge.fml.loading.moddiscovery.ModFile/LOADING]: Loading mod file C:\Users\Silvaria Zemaitis\AppData\Roaming\PrismLauncher\instances\IridescentCraft\minecraft\mods\estrogen-5.0.8+1.20.1-forge.jar with languages [LanguageSpec[languageName=kotlinforforge, acceptedVersions=[4.0,)]]
[15Mar2026 03:04:15.015] [main/DEBUG] [net.minecraftforge.fml.loading.moddiscovery.ModFileParser/LOADING]: Considering mod file candidate C:\Users\Silvaria Zemaitis\AppData\Roaming\PrismLauncher\instances\IridescentCraft\minecraft\mods\Majestic Manaces - Phase 1 (1.0) for Forge 1.20.1.jar
[15Mar2026 03:04:15.015] [main/DEBUG] [net.minecraftforge.fml.loading.moddiscovery.ModFileInfo/LOADING]: Found valid mod file Majestic Manaces - Phase 1 (1.0) for Forge 1.20.1.jar with {majestic_menaces} mods - versions {1}
[15Mar2026 03:04:15.015] [main/DEBUG] [net.minecraftforge.fml.loading.moddiscovery.ModFile/LOADING]: Loading mod file C:\Users\Silvaria Zemaitis\AppData\Roaming\PrismLauncher\instances\IridescentCraft\minecraft\mods\Majestic Manaces - Phase 1 (1.0) for Forge 1.20.1.jar with languages [LanguageSpec[languageName=javafml, acceptedVersions=[47,)]]
[15Mar2026 03:04:15.015] [main/DEBUG] [net.minecraftforge.fml.loading.moddiscovery.ModFileParser/LOADING]: Considering mod file candidate C:\Users\Silvaria Zemaitis\AppData\Roaming\PrismLauncher\instances\IridescentCraft\minecraft\mods\pamhc2trees-1.20-1.0.2.jar
[15Mar2026 03:04:15.015] [main/DEBUG] [net.minecraftforge.fml.loading.moddiscovery.ModFileInfo/LOADING]: Found valid mod file pamhc2trees-1.20-1.0.2.jar with {pamhc2trees} mods - versions {1.0.2}
[15Mar2026 03:04:15.015] [main/DEBUG] [net.minecraftforge.fml.loading.moddiscovery.ModFile/LOADING]: Loading mod file C:\Users\Silvaria Zemaitis\AppData\Roaming\PrismLauncher\instances\IridescentCraft\minecraft\mods\pamhc2trees-1.20-1.0.2.jar with languages [LanguageSpec[languageName=javafml, acceptedVersions=[40,)]]
[15Mar2026 03:04:15.015] [main/DEBUG] [net.minecraftforge.fml.loading.moddiscovery.ModFileParser/LOADING]: Considering mod file candidate C:\Users\Silvaria Zemaitis\AppData\Roaming\PrismLauncher\instances\IridescentCraft\minecraft\mods\quickstack-1.20.1-1.jar
[15Mar2026 03:04:15.015] [main/DEBUG] [net.minecraftforge.fml.loading.moddiscovery.ModFileInfo/LOADING]: Found valid mod file quickstack-1.20.1-1.jar with {quickstack} mods - versions {1.20.1-1}
[15Mar2026 03:04:15.015] [main/DEBUG] [net.minecraftforge.fml.loading.moddiscovery.ModFile/LOADING]: Loading mod file C:\Users\Silvaria Zemaitis\AppData\Roaming\PrismLauncher\instances\IridescentCraft\minecraft\mods\quickstack-1.20.1-1.jar with languages [LanguageSpec[languageName=javafml, acceptedVersions=[41,)]]
[15Mar2026 03:04:15.015] [main/DEBUG] [net.minecraftforge.fml.loading.moddiscovery.ModFileParser/LOADING]: Considering mod file candidate C:\Users\Silvaria Zemaitis\AppData\Roaming\PrismLauncher\instances\IridescentCraft\minecraft\mods\EasyMagic-v8.0.1-1.20.1-Forge.jar
[15Mar2026 03:04:15.015] [main/DEBUG] [net.minecraftforge.fml.loading.moddiscovery.ModFileInfo/LOADING]: Found valid mod file EasyMagic-v8.0.1-1.20.1-Forge.jar with {easymagic} mods - versions {8.0.1}
[15Mar2026 03:04:15.015] [main/DEBUG] [net.minecraftforge.fml.loading.moddiscovery.ModFile/LOADING]: Loading mod file C:\Users\Silvaria Zemaitis\AppData\Roaming\PrismLauncher\instances\IridescentCraft\minecraft\mods\EasyMagic-v8.0.1-1.20.1-Forge.jar with languages [LanguageSpec[languageName=javafml, acceptedVersions=[47,)]]
[15Mar2026 03:04:15.015] [main/DEBUG] [net.minecraftforge.fml.loading.moddiscovery.ModFileParser/LOADING]: Considering mod file candidate 
[15Mar2026 03:04:15.015] [main/DEBUG] [net.minecraftforge.fml.loading.moddiscovery.ModFileInfo/LOADING]: Found valid mod file pehkui-bridge-1.11.2+1.20.1.jar with {connectorextras_pehkui_bridge} mods - versions {1.11.2+1.20.1}
[15Mar2026 03:04:15.015] [main/DEBUG] [net.minecraftforge.fml.loading.moddiscovery.ModFile/LOADING]: Loading mod file  with languages [LanguageSpec[languageName=javafml, acceptedVersions=[47,)]]
[15Mar2026 03:04:15.015] [main/DEBUG] [net.minecraftforge.fml.loading.moddiscovery.ModFileParser/LOADING]: Considering mod file candidate C:\Users\Silvaria Zemaitis\AppData\Roaming\PrismLauncher\instances\IridescentCraft\minecraft\mods\common-networking-forge-1.0.5-1.20.1.jar
[15Mar2026 03:04:15.015] [main/DEBUG] [net.minecraftforge.fml.loading.moddiscovery.ModFileInfo/LOADING]: Found valid mod file common-networking-forge-1.0.5-1.20.1.jar with {commonnetworking} mods - versions {1.0.5-1.20.1}
[15Mar2026 03:04:15.015] [main/DEBUG] [net.minecraftforge.fml.loading.moddiscovery.ModFile/LOADING]: Loading mod file C:\Users\Silvaria Zemaitis\AppData\Roaming\PrismLauncher\instances\IridescentCraft\minecraft\mods\common-networking-forge-1.0.5-1.20.1.jar with languages [LanguageSpec[languageName=javafml, acceptedVersions=[44,)]]
[15Mar2026 03:04:15.015] [main/DEBUG] [net.minecraftforge.fml.loading.moddiscovery.ModFileParser/LOADING]: Considering mod file candidate C:\Users\Silvaria Zemaitis\AppData\Roaming\PrismLauncher\instances\IridescentCraft\minecraft\mods\Pretty Rain-1.20.1-Forge-1.1.3.jar
[15Mar2026 03:04:15.015] [main/DEBUG] [net.minecraftforge.fml.loading.moddiscovery.ModFileInfo/LOADING]: Found valid mod file Pretty Rain-1.20.1-Forge-1.1.3.jar with {particlerain} mods - versions {1.1.3}
[15Mar2026 03:04:15.015] [main/DEBUG] [net.minecraftforge.fml.loading.moddiscovery.ModFile/LOADING]: Loading mod file C:\Users\Silvaria Zemaitis\AppData\Roaming\PrismLauncher\instances\IridescentCraft\minecraft\mods\Pretty Rain-1.20.1-Forge-1.1.3.jar with languages [LanguageSpec[languageName=javafml, acceptedVersions=[4,)]]
[15Mar2026 03:04:15.015] [main/DEBUG] [net.minecraftforge.fml.loading.moddiscovery.ModFileParser/LOADING]: Found coremod lan_server_pinger with Javascript path particlerain.js
[15Mar2026 03:04:15.015] [main/DEBUG] [net.minecraftforge.fml.loading.moddiscovery.ModFile/LOADING]: Found coremod particlerain.js
[15Mar2026 03:04:15.015] [main/DEBUG] [net.minecraftforge.fml.loading.moddiscovery.ModFileParser/LOADING]: Considering mod file candidate 
[15Mar2026 03:04:15.015] [main/DEBUG] [net.minecraftforge.fml.loading.moddiscovery.ModFileInfo/LOADING]: Found valid mod file fabric-resource-loader-v0-0.11.12+4b4151c077.jar with {fabric_resource_loader_v0} mods - versions {0.11.12+4b4151c077}
[15Mar2026 03:04:15.015] [main/DEBUG] [net.minecraftforge.fml.loading.moddiscovery.ModFile/LOADING]: Loading mod file  with languages [LanguageSpec[languageName=javafml, acceptedVersions=[47,)]]
[15Mar2026 03:04:15.015] [main/DEBUG] [net.minecraftforge.fml.loading.moddiscovery.ModFileParser/LOADING]: Considering mod file candidate C:\Users\Silvaria Zemaitis\AppData\Roaming\PrismLauncher\instances\IridescentCraft\minecraft\mods\TaxFreeLevels-1.4.14-forge-1.20.1.jar
[15Mar2026 03:04:15.015] [main/DEBUG] [net.minecraftforge.fml.loading.moddiscovery.ModFileInfo/LOADING]: Found valid mod file TaxFreeLevels-1.4.14-forge-1.20.1.jar with {taxfreelevels} mods - versions {1.4.14}
[15Mar2026 03:04:15.015] [main/DEBUG] [net.minecraftforge.fml.loading.moddiscovery.ModFile/LOADING]: Loading mod file C:\Users\Silvaria Zemaitis\AppData\Roaming\PrismLauncher\instances\IridescentCraft\minecraft\mods\TaxFreeLevels-1.4.14-forge-1.20.1.jar with languages [LanguageSpec[languageName=javafml, acceptedVersions=[43,)]]
[15Mar2026 03:04:15.015] [main/DEBUG] [net.minecraftforge.fml.loading.moddiscovery.ModFileParser/LOADING]: Considering mod file candidate C:\Users\Silvaria Zemaitis\AppData\Roaming\PrismLauncher\instances\IridescentCraft\minecraft\mods\Clumps-forge-1.20.1-12.0.0.4.jar
[15Mar2026 03:04:15.015] [main/DEBUG] [net.minecraftforge.fml.loading.moddiscovery.ModFileInfo/LOADING]: Found valid mod file Clumps-forge-1.20.1-12.0.0.4.jar with {clumps} mods - versions {12.0.0.4}
[15Mar2026 03:04:15.015] [main/DEBUG] [net.minecraftforge.fml.loading.moddiscovery.ModFile/LOADING]: Loading mod file C:\Users\Silvaria Zemaitis\AppData\Roaming\PrismLauncher\instances\IridescentCraft\minecraft\mods\Clumps-forge-1.20.1-12.0.0.4.jar with languages [LanguageSpec[languageName=javafml, acceptedVersions=[41,)]]
[15Mar2026 03:04:15.015] [main/DEBUG] [net.minecraftforge.fml.loading.moddiscovery.ModFileParser/LOADING]: Considering mod file candidate C:\Users\Silvaria Zemaitis\AppData\Roaming\PrismLauncher\instances\IridescentCraft\minecraft\mods\artifacts-forge-9.5.16.jar
[15Mar2026 03:04:15.016] [main/DEBUG] [net.minecraftforge.fml.loading.moddiscovery.ModFileInfo/LOADING]: Found valid mod file artifacts-forge-9.5.16.jar with {artifacts} mods - versions {9.5.16}
[15Mar2026 03:04:15.016] [main/DEBUG] [net.minecraftforge.fml.loading.moddiscovery.ModFile/LOADING]: Loading mod file C:\Users\Silvaria Zemaitis\AppData\Roaming\PrismLauncher\instances\IridescentCraft\minecraft\mods\artifacts-forge-9.5.16.jar with languages [LanguageSpec[languageName=javafml, acceptedVersions=[47,)]]
[15Mar2026 03:04:15.016] [main/DEBUG] [net.minecraftforge.fml.loading.moddiscovery.ModFileParser/LOADING]: Considering mod file candidate C:\Users\Silvaria Zemaitis\AppData\Roaming\PrismLauncher\instances\IridescentCraft\minecraft\mods\decorative_blocks-forge-1.20.1-4.1.3.jar
[15Mar2026 03:04:15.016] [main/DEBUG] [net.minecraftforge.fml.loading.moddiscovery.ModFileInfo/LOADING]: Found valid mod file decorative_blocks-forge-1.20.1-4.1.3.jar with {decorative_blocks} mods - versions {4.1.3}
[15Mar2026 03:04:15.016] [main/DEBUG] [net.minecraftforge.fml.loading.moddiscovery.ModFile/LOADING]: Loading mod file C:\Users\Silvaria Zemaitis\AppData\Roaming\PrismLauncher\instances\IridescentCraft\minecraft\mods\decorative_blocks-forge-1.20.1-4.1.3.jar with languages [LanguageSpec[languageName=javafml, acceptedVersions=[47,)]]
[15Mar2026 03:04:15.016] [main/DEBUG] [net.minecraftforge.fml.loading.moddiscovery.ModFileParser/LOADING]: Considering mod file candidate C:\Users\Silvaria Zemaitis\AppData\Roaming\PrismLauncher\instances\IridescentCraft\minecraft\mods\multiplayerbosses-1.1.3.jar
[15Mar2026 03:04:15.016] [main/DEBUG] [net.minecraftforge.fml.loading.moddiscovery.ModFileInfo/LOADING]: Found valid mod file multiplayerbosses-1.1.3.jar with {multiplayerbosses} mods - versions {1.1.3}
[15Mar2026 03:04:15.016] [main/DEBUG] [net.minecraftforge.fml.loading.moddiscovery.ModFile/LOADING]: Loading mod file C:\Users\Silvaria Zemaitis\AppData\Roaming\PrismLauncher\instances\IridescentCraft\minecraft\mods\multiplayerbosses-1.1.3.jar with languages [LanguageSpec[languageName=javafml, acceptedVersions=[47,)]]
[15Mar2026 03:04:15.016] [main/DEBUG] [net.minecraftforge.fml.loading.moddiscovery.ModFileParser/LOADING]: Considering mod file candidate C:\Users\Silvaria Zemaitis\AppData\Roaming\PrismLauncher\instances\IridescentCraft\minecraft\mods\BadMobs-1.20.1-19.0.4.jar
[15Mar2026 03:04:15.016] [main/DEBUG] [net.minecraftforge.fml.loading.moddiscovery.ModFileInfo/LOADING]: Found valid mod file BadMobs-1.20.1-19.0.4.jar with {badmobs} mods - versions {19.0.4}
[15Mar2026 03:04:15.016] [main/DEBUG] [net.minecraftforge.fml.loading.moddiscovery.ModFile/LOADING]: Loading mod file C:\Users\Silvaria Zemaitis\AppData\Roaming\PrismLauncher\instances\IridescentCraft\minecraft\mods\BadMobs-1.20.1-19.0.4.jar with languages [LanguageSpec[languageName=javafml, acceptedVersions=[47,]]]
[15Mar2026 03:04:15.016] [main/DEBUG] [net.minecraftforge.fml.loading.moddiscovery.ModFileParser/LOADING]: Considering mod file candidate C:\Users\Silvaria Zemaitis\AppData\Roaming\PrismLauncher\instances\IridescentCraft\minecraft\mods\ftbbackups2-forge-1.20-1.0.23.jar
[15Mar2026 03:04:15.016] [main/DEBUG] [net.minecraftforge.fml.loading.moddiscovery.ModFileInfo/LOADING]: Found valid mod file ftbbackups2-forge-1.20-1.0.23.jar with {ftbbackups2} mods - versions {1.0.23}
[15Mar2026 03:04:15.016] [main/DEBUG] [net.minecraftforge.fml.loading.moddiscovery.ModFile/LOADING]: Loading mod file C:\Users\Silvaria Zemaitis\AppData\Roaming\PrismLauncher\instances\IridescentCraft\minecraft\mods\ftbbackups2-forge-1.20-1.0.23.jar with languages [LanguageSpec[languageName=javafml, acceptedVersions=[41,)]]
[15Mar2026 03:04:15.016] [main/DEBUG] [net.minecraftforge.fml.loading.moddiscovery.ModFileParser/LOADING]: Considering mod file candidate C:\Users\Silvaria Zemaitis\AppData\Roaming\PrismLauncher\instances\IridescentCraft\minecraft\mods\craftslimeforge-1.0.0.jar
[15Mar2026 03:04:15.016] [main/DEBUG] [net.minecraftforge.fml.loading.moddiscovery.ModFileInfo/LOADING]: Found valid mod file craftslimeforge-1.0.0.jar with {craftslimeforge} mods - versions {1.0.0}
[15Mar2026 03:04:15.016] [main/DEBUG] [net.minecraftforge.fml.loading.moddiscovery.ModFile/LOADING]: Loading mod file C:\Users\Silvaria Zemaitis\AppData\Roaming\PrismLauncher\instances\IridescentCraft\minecraft\mods\craftslimeforge-1.0.0.jar with languages [LanguageSpec[languageName=javafml, acceptedVersions=[47,)]]
[15Mar2026 03:04:15.016] [main/DEBUG] [net.minecraftforge.fml.loading.moddiscovery.ModFileParser/LOADING]: Considering mod file candidate C:\Users\Silvaria Zemaitis\AppData\Roaming\PrismLauncher\instances\IridescentCraft\minecraft\mods\ExplorersCompass-1.20.1-1.3.3-forge.jar
[15Mar2026 03:04:15.016] [main/DEBUG] [net.minecraftforge.fml.loading.moddiscovery.ModFileInfo/LOADING]: Found valid mod file ExplorersCompass-1.20.1-1.3.3-forge.jar with {explorerscompass} mods - versions {1.20.1-1.3.3-forge}
[15Mar2026 03:04:15.016] [main/DEBUG] [net.minecraftforge.fml.loading.moddiscovery.ModFile/LOADING]: Loading mod file C:\Users\Silvaria Zemaitis\AppData\Roaming\PrismLauncher\instances\IridescentCraft\minecraft\mods\ExplorersCompass-1.20.1-1.3.3-forge.jar with languages [LanguageSpec[languageName=javafml, acceptedVersions=[47,)]]
[15Mar2026 03:04:15.016] [main/DEBUG] [net.minecraftforge.fml.loading.moddiscovery.ModFileParser/LOADING]: Considering mod file candidate C:\Users\Silvaria Zemaitis\AppData\Roaming\PrismLauncher\instances\IridescentCraft\minecraft\mods\keepdurable1.20.1.jar
[15Mar2026 03:04:15.016] [main/DEBUG] [net.minecraftforge.fml.loading.moddiscovery.ModFileInfo/LOADING]: Found valid mod file keepdurable1.20.1.jar with {keepdurable} mods - versions {1.0.0}
[15Mar2026 03:04:15.016] [main/DEBUG] [net.minecraftforge.fml.loading.moddiscovery.ModFile/LOADING]: Loading mod file C:\Users\Silvaria Zemaitis\AppData\Roaming\PrismLauncher\instances\IridescentCraft\minecraft\mods\keepdurable1.20.1.jar with languages [LanguageSpec[languageName=javafml, acceptedVersions=[47,)]]
[15Mar2026 03:04:15.016] [main/DEBUG] [net.minecraftforge.fml.loading.moddiscovery.ModFileParser/LOADING]: Considering mod file candidate 
[15Mar2026 03:04:15.016] [main/DEBUG] [net.minecraftforge.fml.loading.moddiscovery.ModFileInfo/LOADING]: Found valid mod file energy-bridge-1.11.2+1.20.1.jar with {connectorextras_energy_bridge} mods - versions {1.11.2+1.20.1}
[15Mar2026 03:04:15.016] [main/DEBUG] [net.minecraftforge.fml.loading.moddiscovery.ModFile/LOADING]: Loading mod file  with languages [LanguageSpec[languageName=javafml, acceptedVersions=[47,)]]
[15Mar2026 03:04:15.016] [main/DEBUG] [net.minecraftforge.fml.loading.moddiscovery.ModFileParser/LOADING]: Considering mod file candidate C:\Users\Silvaria Zemaitis\AppData\Roaming\PrismLauncher\instances\IridescentCraft\minecraft\mods\AkashicTome-1.7-27.jar
[15Mar2026 03:04:15.016] [main/DEBUG] [net.minecraftforge.fml.loading.moddiscovery.ModFileInfo/LOADING]: Found valid mod file AkashicTome-1.7-27.jar with {akashictome} mods - versions {1.7-27}
[15Mar2026 03:04:15.016] [main/DEBUG] [net.minecraftforge.fml.loading.moddiscovery.ModFile/LOADING]: Loading mod file C:\Users\Silvaria Zemaitis\AppData\Roaming\PrismLauncher\instances\IridescentCraft\minecraft\mods\AkashicTome-1.7-27.jar with languages [LanguageSpec[languageName=javafml, acceptedVersions=[47,)]]
[15Mar2026 03:04:15.016] [main/DEBUG] [net.minecraftforge.fml.loading.moddiscovery.ModFileParser/LOADING]: Considering mod file candidate C:\Users\Silvaria Zemaitis\AppData\Roaming\PrismLauncher\instances\IridescentCraft\minecraft\mods\ftb-chunks-forge-2001.3.6.jar
[15Mar2026 03:04:15.016] [main/DEBUG] [net.minecraftforge.fml.loading.moddiscovery.ModFileInfo/LOADING]: Found valid mod file ftb-chunks-forge-2001.3.6.jar with {ftbchunks} mods - versions {2001.3.6}
[15Mar2026 03:04:15.016] [main/DEBUG] [net.minecraftforge.fml.loading.moddiscovery.ModFile/LOADING]: Loading mod file C:\Users\Silvaria Zemaitis\AppData\Roaming\PrismLauncher\instances\IridescentCraft\minecraft\mods\ftb-chunks-forge-2001.3.6.jar with languages [LanguageSpec[languageName=javafml, acceptedVersions=[47,)]]
[15Mar2026 03:04:15.016] [main/DEBUG] [net.minecraftforge.fml.loading.moddiscovery.ModFileParser/LOADING]: Considering mod file candidate C:\Users\Silvaria Zemaitis\AppData\Roaming\PrismLauncher\instances\IridescentCraft\minecraft\mods\TravelersTitles-1.20-Forge-4.0.2.jar
[15Mar2026 03:04:15.016] [main/DEBUG] [net.minecraftforge.fml.loading.moddiscovery.ModFileInfo/LOADING]: Found valid mod file TravelersTitles-1.20-Forge-4.0.2.jar with {travelerstitles} mods - versions {1.20-Forge-4.0.2}
[15Mar2026 03:04:15.016] [main/DEBUG] [net.minecraftforge.fml.loading.moddiscovery.ModFile/LOADING]: Loading mod file C:\Users\Silvaria Zemaitis\AppData\Roaming\PrismLauncher\instances\IridescentCraft\minecraft\mods\TravelersTitles-1.20-Forge-4.0.2.jar with languages [LanguageSpec[languageName=javafml, acceptedVersions=[46,)]]
[15Mar2026 03:04:15.016] [main/DEBUG] [net.minecraftforge.fml.loading.moddiscovery.ModFileParser/LOADING]: Considering mod file candidate C:\Users\Silvaria Zemaitis\AppData\Roaming\PrismLauncher\instances\IridescentCraft\minecraft\mods\meetyourfight-1.20.1-1.6.0.jar
[15Mar2026 03:04:15.016] [main/DEBUG] [net.minecraftforge.fml.loading.moddiscovery.ModFileInfo/LOADING]: Found valid mod file meetyourfight-1.20.1-1.6.0.jar with {meetyourfight} mods - versions {1.20.1-1.6.0}
[15Mar2026 03:04:15.016] [main/DEBUG] [net.minecraftforge.fml.loading.moddiscovery.ModFile/LOADING]: Loading mod file C:\Users\Silvaria Zemaitis\AppData\Roaming\PrismLauncher\instances\IridescentCraft\minecraft\mods\meetyourfight-1.20.1-1.6.0.jar with languages [LanguageSpec[languageName=javafml, acceptedVersions=[42,)]]
[15Mar2026 03:04:15.016] [main/DEBUG] [net.minecraftforge.fml.loading.moddiscovery.ModFileParser/LOADING]: Considering mod file candidate C:\Users\Silvaria Zemaitis\AppData\Roaming\PrismLauncher\instances\IridescentCraft\minecraft\mods\ultris-v5.6.9c.jar
[15Mar2026 03:04:15.016] [main/DEBUG] [net.minecraftforge.fml.loading.moddiscovery.ModFileInfo/LOADING]: Found valid mod file ultris-v5.6.9c.jar with {ultris_mr} mods - versions {5.6.9c}
[15Mar2026 03:04:15.016] [main/DEBUG] [net.minecraftforge.fml.loading.moddiscovery.ModFile/LOADING]: Loading mod file C:\Users\Silvaria Zemaitis\AppData\Roaming\PrismLauncher\instances\IridescentCraft\minecraft\mods\ultris-v5.6.9c.jar with languages [LanguageSpec[languageName=lowcodefml, acceptedVersions=[40,)]]
[15Mar2026 03:04:15.016] [main/DEBUG] [net.minecraftforge.fml.loading.moddiscovery.ModFileParser/LOADING]: Considering mod file candidate C:\Users\Silvaria Zemaitis\AppData\Roaming\PrismLauncher\instances\IridescentCraft\minecraft\mods\craftingtweaks-forge-1.20.1-18.2.8.jar
[15Mar2026 03:04:15.017] [main/DEBUG] [net.minecraftforge.fml.loading.moddiscovery.ModFileInfo/LOADING]: Found valid mod file craftingtweaks-forge-1.20.1-18.2.8.jar with {craftingtweaks} mods - versions {18.2.8}
[15Mar2026 03:04:15.017] [main/DEBUG] [net.minecraftforge.fml.loading.moddiscovery.ModFile/LOADING]: Loading mod file C:\Users\Silvaria Zemaitis\AppData\Roaming\PrismLauncher\instances\IridescentCraft\minecraft\mods\craftingtweaks-forge-1.20.1-18.2.8.jar with languages [LanguageSpec[languageName=javafml, acceptedVersions=[46,)]]
[15Mar2026 03:04:15.017] [main/DEBUG] [net.minecraftforge.fml.loading.moddiscovery.ModFileParser/LOADING]: Considering mod file candidate C:\Users\Silvaria Zemaitis\AppData\Roaming\PrismLauncher\instances\IridescentCraft\minecraft\mods\libIPN-forge-1.20-4.0.2.jar
[15Mar2026 03:04:15.017] [main/DEBUG] [net.minecraftforge.fml.loading.moddiscovery.ModFileInfo/LOADING]: Found valid mod file libIPN-forge-1.20-4.0.2.jar with {libipn} mods - versions {4.0.2}
[15Mar2026 03:04:15.017] [main/DEBUG] [net.minecraftforge.fml.loading.moddiscovery.ModFile/LOADING]: Loading mod file C:\Users\Silvaria Zemaitis\AppData\Roaming\PrismLauncher\instances\IridescentCraft\minecraft\mods\libIPN-forge-1.20-4.0.2.jar with languages [LanguageSpec[languageName=kotlinforforge, acceptedVersions=[4.3,)]]
[15Mar2026 03:04:15.017] [main/DEBUG] [net.minecraftforge.fml.loading.moddiscovery.ModFileParser/LOADING]: Considering mod file candidate C:\Users\Silvaria Zemaitis\AppData\Roaming\PrismLauncher\instances\IridescentCraft\minecraft\mods\simplyswords-forge-1.56.0-1.20.1.jar
[15Mar2026 03:04:15.017] [main/DEBUG] [net.minecraftforge.fml.loading.moddiscovery.ModFileInfo/LOADING]: Found valid mod file simplyswords-forge-1.56.0-1.20.1.jar with {simplyswords} mods - versions {1.56.0-1.20.1}
[15Mar2026 03:04:15.017] [main/DEBUG] [net.minecraftforge.fml.loading.moddiscovery.ModFile/LOADING]: Loading mod file C:\Users\Silvaria Zemaitis\AppData\Roaming\PrismLauncher\instances\IridescentCraft\minecraft\mods\simplyswords-forge-1.56.0-1.20.1.jar with languages [LanguageSpec[languageName=javafml, acceptedVersions=[41,)]]
[15Mar2026 03:04:15.017] [main/DEBUG] [net.minecraftforge.fml.loading.moddiscovery.ModFileParser/LOADING]: Considering mod file candidate C:\Users\Silvaria Zemaitis\AppData\Roaming\PrismLauncher\instances\IridescentCraft\minecraft\mods\nohostilesaroundcampfire-1.20.1-7.2.jar
[15Mar2026 03:04:15.017] [main/DEBUG] [net.minecraftforge.fml.loading.moddiscovery.ModFileInfo/LOADING]: Found valid mod file nohostilesaroundcampfire-1.20.1-7.2.jar with {nohostilesaroundcampfire} mods - versions {7.2}
[15Mar2026 03:04:15.017] [main/DEBUG] [net.minecraftforge.fml.loading.moddiscovery.ModFile/LOADING]: Loading mod file C:\Users\Silvaria Zemaitis\AppData\Roaming\PrismLauncher\instances\IridescentCraft\minecraft\mods\nohostilesaroundcampfire-1.20.1-7.2.jar with languages [LanguageSpec[languageName=javafml, acceptedVersions=*]]
[15Mar2026 03:04:15.017] [main/DEBUG] [net.minecraftforge.fml.loading.moddiscovery.ModFileParser/LOADING]: Considering mod file candidate 
[15Mar2026 03:04:15.017] [main/DEBUG] [net.minecraftforge.fml.loading.moddiscovery.ModFileInfo/LOADING]: Found valid mod file fabric-blockrenderlayer-v1-1.1.42+1d0da21e77.jar with {fabric_blockrenderlayer_v1} mods - versions {1.1.42+1d0da21e77}
[15Mar2026 03:04:15.017] [main/DEBUG] [net.minecraftforge.fml.loading.moddiscovery.ModFile/LOADING]: Loading mod file  with languages [LanguageSpec[languageName=javafml, acceptedVersions=[47,)]]
[15Mar2026 03:04:15.017] [main/DEBUG] [net.minecraftforge.fml.loading.moddiscovery.ModFileParser/LOADING]: Considering mod file candidate 
[15Mar2026 03:04:15.017] [main/DEBUG] [net.minecraftforge.fml.loading.moddiscovery.ModFileInfo/LOADING]: Found valid mod file amecsapi-1.5.3+mc1.20-pre1.jar with {amecsapi} mods - versions {1.5.3+mc1.20-pre1}
[15Mar2026 03:04:15.017] [main/DEBUG] [net.minecraftforge.fml.loading.moddiscovery.ModFile/LOADING]: Loading mod file  with languages [LanguageSpec[languageName=javafml, acceptedVersions=[47,)]]
[15Mar2026 03:04:15.017] [main/DEBUG] [net.minecraftforge.fml.loading.moddiscovery.ModFileParser/LOADING]: Found coremod mouseScrollHook with Javascript path META-INF/asm/mouseScrollHook.js
[15Mar2026 03:04:15.017] [main/DEBUG] [net.minecraftforge.fml.loading.moddiscovery.ModFile/LOADING]: Found coremod META-INF/asm/mouseScrollHook.js
[15Mar2026 03:04:15.017] [main/DEBUG] [net.minecraftforge.fml.loading.moddiscovery.ModFileParser/LOADING]: Considering mod file candidate C:\Users\Silvaria Zemaitis\AppData\Roaming\PrismLauncher\instances\IridescentCraft\minecraft\mods\CreativeCore_FORGE_v2.12.35_mc1.20.1.jar
[15Mar2026 03:04:15.017] [main/DEBUG] [net.minecraftforge.fml.loading.moddiscovery.ModFileInfo/LOADING]: Found valid mod file CreativeCore_FORGE_v2.12.35_mc1.20.1.jar with {creativecore} mods - versions {2.12.35}
[15Mar2026 03:04:15.017] [main/DEBUG] [net.minecraftforge.fml.loading.moddiscovery.ModFile/LOADING]: Loading mod file C:\Users\Silvaria Zemaitis\AppData\Roaming\PrismLauncher\instances\IridescentCraft\minecraft\mods\CreativeCore_FORGE_v2.12.35_mc1.20.1.jar with languages [LanguageSpec[languageName=javafml, acceptedVersions=[46,)]]
[15Mar2026 03:04:15.017] [main/DEBUG] [net.minecraftforge.fml.loading.moddiscovery.ModFileParser/LOADING]: Considering mod file candidate C:\Users\Silvaria Zemaitis\AppData\Roaming\PrismLauncher\instances\IridescentCraft\minecraft\mods\smoothboot(reloaded)-mc1.20.1-0.0.4.jar
[15Mar2026 03:04:15.017] [main/DEBUG] [net.minecraftforge.fml.loading.moddiscovery.ModFileInfo/LOADING]: Found valid mod file smoothboot(reloaded)-mc1.20.1-0.0.4.jar with {smoothboot} mods - versions {0.0.4}
[15Mar2026 03:04:15.017] [main/DEBUG] [net.minecraftforge.fml.loading.moddiscovery.ModFile/LOADING]: Loading mod file C:\Users\Silvaria Zemaitis\AppData\Roaming\PrismLauncher\instances\IridescentCraft\minecraft\mods\smoothboot(reloaded)-mc1.20.1-0.0.4.jar with languages [LanguageSpec[languageName=javafml, acceptedVersions=[47,)]]
[15Mar2026 03:04:15.017] [main/DEBUG] [net.minecraftforge.fml.loading.moddiscovery.ModFileParser/LOADING]: Considering mod file candidate C:\Users\Silvaria Zemaitis\AppData\Roaming\PrismLauncher\instances\IridescentCraft\minecraft\mods\mes-1.4.6-1.20.jar
[15Mar2026 03:04:15.017] [main/DEBUG] [net.minecraftforge.fml.loading.moddiscovery.ModFileInfo/LOADING]: Found valid mod file mes-1.4.6-1.20.jar with {mes} mods - versions {1.4.6-1.20-forge}
[15Mar2026 03:04:15.017] [main/DEBUG] [net.minecraftforge.fml.loading.moddiscovery.ModFile/LOADING]: Loading mod file C:\Users\Silvaria Zemaitis\AppData\Roaming\PrismLauncher\instances\IridescentCraft\minecraft\mods\mes-1.4.6-1.20.jar with languages [LanguageSpec[languageName=javafml, acceptedVersions=[46,)]]
[15Mar2026 03:04:15.017] [main/DEBUG] [net.minecraftforge.fml.loading.moddiscovery.ModFileParser/LOADING]: Considering mod file candidate 
[15Mar2026 03:04:15.017] [main/DEBUG] [net.minecraftforge.fml.loading.moddiscovery.ModFileInfo/LOADING]: Found valid mod file nucleus-config-forge-1.20.1+1.1.5.jar with {nucleus_config} mods - versions {1.1.5}
[15Mar2026 03:04:15.017] [main/DEBUG] [net.minecraftforge.fml.loading.moddiscovery.ModFile/LOADING]: Loading mod file  with languages [LanguageSpec[languageName=javafml, acceptedVersions=[47,)]]
[15Mar2026 03:04:15.017] [main/DEBUG] [net.minecraftforge.fml.loading.moddiscovery.ModFileParser/LOADING]: Considering mod file candidate C:\Users\Silvaria Zemaitis\AppData\Roaming\PrismLauncher\instances\IridescentCraft\minecraft\mods\FastWorkbench-1.20.1-8.0.4.jar
[15Mar2026 03:04:15.017] [main/DEBUG] [net.minecraftforge.fml.loading.moddiscovery.ModFileInfo/LOADING]: Found valid mod file FastWorkbench-1.20.1-8.0.4.jar with {fastbench} mods - versions {8.0.4}
[15Mar2026 03:04:15.017] [main/DEBUG] [net.minecraftforge.fml.loading.moddiscovery.ModFile/LOADING]: Loading mod file C:\Users\Silvaria Zemaitis\AppData\Roaming\PrismLauncher\instances\IridescentCraft\minecraft\mods\FastWorkbench-1.20.1-8.0.4.jar with languages [LanguageSpec[languageName=javafml, acceptedVersions=[32,)]]
[15Mar2026 03:04:15.017] [main/DEBUG] [net.minecraftforge.fml.loading.moddiscovery.ModFileParser/LOADING]: Considering mod file candidate C:\Users\Silvaria Zemaitis\AppData\Roaming\PrismLauncher\instances\IridescentCraft\minecraft\mods\NoSeeNoTick-2.0.0-1.20.1.jar
[15Mar2026 03:04:15.017] [main/DEBUG] [net.minecraftforge.fml.loading.moddiscovery.ModFileInfo/LOADING]: Found valid mod file NoSeeNoTick-2.0.0-1.20.1.jar with {noseenotick} mods - versions {2.0.0-build.9999}
[15Mar2026 03:04:15.017] [main/DEBUG] [net.minecraftforge.fml.loading.moddiscovery.ModFile/LOADING]: Loading mod file C:\Users\Silvaria Zemaitis\AppData\Roaming\PrismLauncher\instances\IridescentCraft\minecraft\mods\NoSeeNoTick-2.0.0-1.20.1.jar with languages [LanguageSpec[languageName=javafml, acceptedVersions=[41,)]]
[15Mar2026 03:04:15.017] [main/DEBUG] [net.minecraftforge.fml.loading.moddiscovery.ModFileParser/LOADING]: Considering mod file candidate C:\Users\Silvaria Zemaitis\AppData\Roaming\PrismLauncher\instances\IridescentCraft\minecraft\mods\FluxNetworks-1.20.1-7.2.1.15.jar
[15Mar2026 03:04:15.017] [main/DEBUG] [net.minecraftforge.fml.loading.moddiscovery.ModFileInfo/LOADING]: Found valid mod file FluxNetworks-1.20.1-7.2.1.15.jar with {fluxnetworks} mods - versions {7.2.1.15}
[15Mar2026 03:04:15.017] [main/DEBUG] [net.minecraftforge.fml.loading.moddiscovery.ModFile/LOADING]: Loading mod file C:\Users\Silvaria Zemaitis\AppData\Roaming\PrismLauncher\instances\IridescentCraft\minecraft\mods\FluxNetworks-1.20.1-7.2.1.15.jar with languages [LanguageSpec[languageName=javafml, acceptedVersions=[46,)]]
[15Mar2026 03:04:15.017] [main/DEBUG] [net.minecraftforge.fml.loading.moddiscovery.ModFileParser/LOADING]: Considering mod file candidate C:\Users\Silvaria Zemaitis\AppData\Roaming\PrismLauncher\instances\IridescentCraft\minecraft\mods\StorageDrawers-forge-1.20.1-12.14.3.jar
[15Mar2026 03:04:15.017] [main/DEBUG] [net.minecraftforge.fml.loading.moddiscovery.ModFileInfo/LOADING]: Found valid mod file StorageDrawers-forge-1.20.1-12.14.3.jar with {storagedrawers} mods - versions {12.14.3}
[15Mar2026 03:04:15.017] [main/DEBUG] [net.minecraftforge.fml.loading.moddiscovery.ModFile/LOADING]: Loading mod file C:\Users\Silvaria Zemaitis\AppData\Roaming\PrismLauncher\instances\IridescentCraft\minecraft\mods\StorageDrawers-forge-1.20.1-12.14.3.jar with languages [LanguageSpec[languageName=javafml, acceptedVersions=[47,)]]
[15Mar2026 03:04:15.017] [main/DEBUG] [net.minecraftforge.fml.loading.moddiscovery.ModFileParser/LOADING]: Considering mod file candidate C:\Users\Silvaria Zemaitis\AppData\Roaming\PrismLauncher\instances\IridescentCraft\minecraft\mods\irons_spellbooks-1.20.1-3.15.2.jar
[15Mar2026 03:04:15.018] [main/DEBUG] [net.minecraftforge.fml.loading.moddiscovery.ModFileInfo/LOADING]: Found valid mod file irons_spellbooks-1.20.1-3.15.2.jar with {irons_spellbooks} mods - versions {1.20.1-3.15.2}
[15Mar2026 03:04:15.018] [main/DEBUG] [net.minecraftforge.fml.loading.moddiscovery.ModFile/LOADING]: Loading mod file C:\Users\Silvaria Zemaitis\AppData\Roaming\PrismLauncher\instances\IridescentCraft\minecraft\mods\irons_spellbooks-1.20.1-3.15.2.jar with languages [LanguageSpec[languageName=javafml, acceptedVersions=[47,)]]
[15Mar2026 03:04:15.018] [main/DEBUG] [net.minecraftforge.fml.loading.moddiscovery.ModFileParser/LOADING]: Considering mod file candidate 
[15Mar2026 03:04:15.018] [main/DEBUG] [net.minecraftforge.fml.loading.moddiscovery.ModFileInfo/LOADING]: Found valid mod file fabric-biome-api-v1-13.0.14+dc36698e77.jar with {fabric_biome_api_v1} mods - versions {13.0.14+dc36698e77}
[15Mar2026 03:04:15.018] [main/DEBUG] [net.minecraftforge.fml.loading.moddiscovery.ModFile/LOADING]: Loading mod file  with languages [LanguageSpec[languageName=javafml, acceptedVersions=[47,)]]
[15Mar2026 03:04:15.018] [main/DEBUG] [net.minecraftforge.fml.loading.moddiscovery.ModFileParser/LOADING]: Considering mod file candidate C:\Users\Silvaria Zemaitis\AppData\Roaming\PrismLauncher\instances\IridescentCraft\minecraft\mods\kubejs_botania-1.4.0-forge.jar
[15Mar2026 03:04:15.018] [main/DEBUG] [net.minecraftforge.fml.loading.moddiscovery.ModFileInfo/LOADING]: Found valid mod file kubejs_botania-1.4.0-forge.jar with {kubejs_botania} mods - versions {1.4.0}
[15Mar2026 03:04:15.018] [main/DEBUG] [net.minecraftforge.fml.loading.moddiscovery.ModFile/LOADING]: Loading mod file C:\Users\Silvaria Zemaitis\AppData\Roaming\PrismLauncher\instances\IridescentCraft\minecraft\mods\kubejs_botania-1.4.0-forge.jar with languages [LanguageSpec[languageName=javafml, acceptedVersions=[40,)]]
[15Mar2026 03:04:15.018] [main/DEBUG] [net.minecraftforge.fml.loading.moddiscovery.ModFileParser/LOADING]: Considering mod file candidate C:\Users\Silvaria Zemaitis\AppData\Roaming\PrismLauncher\instances\IridescentCraft\minecraft\mods\creeperoverhaul-3.0.2-forge.jar
[15Mar2026 03:04:15.018] [main/DEBUG] [net.minecraftforge.fml.loading.moddiscovery.ModFileInfo/LOADING]: Found valid mod file creeperoverhaul-3.0.2-forge.jar with {creeperoverhaul} mods - versions {3.0.2}
[15Mar2026 03:04:15.018] [main/DEBUG] [net.minecraftforge.fml.loading.moddiscovery.ModFile/LOADING]: Loading mod file C:\Users\Silvaria Zemaitis\AppData\Roaming\PrismLauncher\instances\IridescentCraft\minecraft\mods\creeperoverhaul-3.0.2-forge.jar with languages [LanguageSpec[languageName=javafml, acceptedVersions=[46,)]]
[15Mar2026 03:04:15.018] [main/DEBUG] [net.minecraftforge.fml.loading.moddiscovery.ModFileParser/LOADING]: Considering mod file candidate 
[15Mar2026 03:04:15.018] [main/DEBUG] [net.minecraftforge.fml.loading.moddiscovery.ModFileInfo/LOADING]: Found valid mod file nucleus-facet-forge-1.20.1+1.0.0.jar with {nucleus_facet} mods - versions {1.0.0}
[15Mar2026 03:04:15.018] [main/DEBUG] [net.minecraftforge.fml.loading.moddiscovery.ModFile/LOADING]: Loading mod file  with languages [LanguageSpec[languageName=javafml, acceptedVersions=[47,)]]
[15Mar2026 03:04:15.018] [main/DEBUG] [net.minecraftforge.fml.loading.moddiscovery.ModFileParser/LOADING]: Considering mod file candidate C:\Users\Silvaria Zemaitis\AppData\Roaming\PrismLauncher\instances\IridescentCraft\minecraft\mods\ferritecore-6.0.1-forge.jar
[15Mar2026 03:04:15.018] [main/DEBUG] [net.minecraftforge.fml.loading.moddiscovery.ModFileInfo/LOADING]: Found valid mod file ferritecore-6.0.1-forge.jar with {ferritecore} mods - versions {6.0.1}
[15Mar2026 03:04:15.018] [main/DEBUG] [net.minecraftforge.fml.loading.moddiscovery.ModFile/LOADING]: Loading mod file C:\Users\Silvaria Zemaitis\AppData\Roaming\PrismLauncher\instances\IridescentCraft\minecraft\mods\ferritecore-6.0.1-forge.jar with languages [LanguageSpec[languageName=javafml, acceptedVersions=[28,)]]
[15Mar2026 03:04:15.018] [main/DEBUG] [net.minecraftforge.fml.loading.moddiscovery.ModFileParser/LOADING]: Considering mod file candidate C:\Users\Silvaria Zemaitis\AppData\Roaming\PrismLauncher\instances\IridescentCraft\minecraft\mods\ultimate-bosses-1.0.4.jar
[15Mar2026 03:04:15.018] [main/DEBUG] [net.minecraftforge.fml.loading.moddiscovery.ModFileInfo/LOADING]: Found valid mod file ultimate-bosses-1.0.4.jar with {mr_ultimate_bosses} mods - versions {1.0.4}
[15Mar2026 03:04:15.018] [main/DEBUG] [net.minecraftforge.fml.loading.moddiscovery.ModFile/LOADING]: Loading mod file C:\Users\Silvaria Zemaitis\AppData\Roaming\PrismLauncher\instances\IridescentCraft\minecraft\mods\ultimate-bosses-1.0.4.jar with languages [LanguageSpec[languageName=lowcodefml, acceptedVersions=[40,)]]
[15Mar2026 03:04:15.018] [main/DEBUG] [net.minecraftforge.fml.loading.moddiscovery.ModFileParser/LOADING]: Considering mod file candidate C:\Users\Silvaria Zemaitis\AppData\Roaming\PrismLauncher\instances\IridescentCraft\minecraft\mods\Enhanced-Celestials-forge-1.20.1-5.0.3.1.jar
[15Mar2026 03:04:15.018] [main/DEBUG] [net.minecraftforge.fml.loading.moddiscovery.ModFileInfo/LOADING]: Found valid mod file Enhanced-Celestials-forge-1.20.1-5.0.3.1.jar with {enhancedcelestials} mods - versions {1.20.1-5.0.3.1}
[15Mar2026 03:04:15.018] [main/DEBUG] [net.minecraftforge.fml.loading.moddiscovery.ModFile/LOADING]: Loading mod file C:\Users\Silvaria Zemaitis\AppData\Roaming\PrismLauncher\instances\IridescentCraft\minecraft\mods\Enhanced-Celestials-forge-1.20.1-5.0.3.1.jar with languages [LanguageSpec[languageName=javafml, acceptedVersions=[40,)]]
[15Mar2026 03:04:15.018] [main/DEBUG] [net.minecraftforge.fml.loading.moddiscovery.ModFileParser/LOADING]: Considering mod file candidate C:\Users\Silvaria Zemaitis\AppData\Roaming\PrismLauncher\instances\IridescentCraft\minecraft\mods\rarcompat-1.20.1-0.5.jar
[15Mar2026 03:04:15.018] [main/DEBUG] [net.minecraftforge.fml.loading.moddiscovery.ModFileInfo/LOADING]: Found valid mod file rarcompat-1.20.1-0.5.jar with {rarcompat} mods - versions {0.5}
[15Mar2026 03:04:15.018] [main/DEBUG] [net.minecraftforge.fml.loading.moddiscovery.ModFile/LOADING]: Loading mod file C:\Users\Silvaria Zemaitis\AppData\Roaming\PrismLauncher\instances\IridescentCraft\minecraft\mods\rarcompat-1.20.1-0.5.jar with languages [LanguageSpec[languageName=javafml, acceptedVersions=[47,)]]
[15Mar2026 03:04:15.018] [main/DEBUG] [net.minecraftforge.fml.loading.moddiscovery.ModFileParser/LOADING]: Considering mod file candidate C:\Users\Silvaria Zemaitis\AppData\Roaming\PrismLauncher\instances\IridescentCraft\minecraft\mods\BadOptimizations-2.4.1-1.20.1.jar
[15Mar2026 03:04:15.018] [main/DEBUG] [net.minecraftforge.fml.loading.moddiscovery.ModFileInfo/LOADING]: Found valid mod file BadOptimizations-2.4.1-1.20.1.jar with {badoptimizations} mods - versions {2.4.1}
[15Mar2026 03:04:15.018] [main/DEBUG] [net.minecraftforge.fml.loading.moddiscovery.ModFile/LOADING]: Loading mod file C:\Users\Silvaria Zemaitis\AppData\Roaming\PrismLauncher\instances\IridescentCraft\minecraft\mods\BadOptimizations-2.4.1-1.20.1.jar with languages [LanguageSpec[languageName=javafml, acceptedVersions=[1,)]]
[15Mar2026 03:04:15.018] [main/DEBUG] [net.minecraftforge.fml.loading.moddiscovery.ModFileParser/LOADING]: Considering mod file candidate C:\Users\Silvaria Zemaitis\AppData\Roaming\PrismLauncher\instances\IridescentCraft\minecraft\mods\improvedmobs-1.20.1-1.13.6-forge.jar
[15Mar2026 03:04:15.018] [main/DEBUG] [net.minecraftforge.fml.loading.moddiscovery.ModFileInfo/LOADING]: Found valid mod file improvedmobs-1.20.1-1.13.6-forge.jar with {improvedmobs} mods - versions {1.20.1-1.13.6}
[15Mar2026 03:04:15.018] [main/DEBUG] [net.minecraftforge.fml.loading.moddiscovery.ModFile/LOADING]: Loading mod file C:\Users\Silvaria Zemaitis\AppData\Roaming\PrismLauncher\instances\IridescentCraft\minecraft\mods\improvedmobs-1.20.1-1.13.6-forge.jar with languages [LanguageSpec[languageName=javafml, acceptedVersions=[47,)]]
[15Mar2026 03:04:15.018] [main/DEBUG] [net.minecraftforge.fml.loading.moddiscovery.ModFileParser/LOADING]: Considering mod file candidate C:\Users\Silvaria Zemaitis\AppData\Roaming\PrismLauncher\instances\IridescentCraft\minecraft\mods\overloadedarmorbar-1.20.1-1.jar
[15Mar2026 03:04:15.018] [main/DEBUG] [net.minecraftforge.fml.loading.moddiscovery.ModFileInfo/LOADING]: Found valid mod file overloadedarmorbar-1.20.1-1.jar with {overloadedarmorbar} mods - versions {1.20.1-1}
[15Mar2026 03:04:15.018] [main/DEBUG] [net.minecraftforge.fml.loading.moddiscovery.ModFile/LOADING]: Loading mod file C:\Users\Silvaria Zemaitis\AppData\Roaming\PrismLauncher\instances\IridescentCraft\minecraft\mods\overloadedarmorbar-1.20.1-1.jar with languages [LanguageSpec[languageName=javafml, acceptedVersions=[25,)]]
[15Mar2026 03:04:15.018] [main/DEBUG] [net.minecraftforge.fml.loading.moddiscovery.ModFileParser/LOADING]: Considering mod file candidate C:\Users\Silvaria Zemaitis\AppData\Roaming\PrismLauncher\instances\IridescentCraft\minecraft\mods\valhelsia_core-forge-1.20.1-1.1.2.jar
[15Mar2026 03:04:15.018] [main/DEBUG] [net.minecraftforge.fml.loading.moddiscovery.ModFileInfo/LOADING]: Found valid mod file valhelsia_core-forge-1.20.1-1.1.2.jar with {valhelsia_core} mods - versions {1.1.2}
[15Mar2026 03:04:15.018] [main/DEBUG] [net.minecraftforge.fml.loading.moddiscovery.ModFile/LOADING]: Loading mod file C:\Users\Silvaria Zemaitis\AppData\Roaming\PrismLauncher\instances\IridescentCraft\minecraft\mods\valhelsia_core-forge-1.20.1-1.1.2.jar with languages [LanguageSpec[languageName=javafml, acceptedVersions=[45,)]]
[15Mar2026 03:04:15.018] [main/DEBUG] [net.minecraftforge.fml.loading.moddiscovery.ModFileParser/LOADING]: Considering mod file candidate C:\Users\Silvaria Zemaitis\AppData\Roaming\PrismLauncher\instances\IridescentCraft\minecraft\mods\Morph-o-Tool-1.7-38.jar
[15Mar2026 03:04:15.018] [main/DEBUG] [net.minecraftforge.fml.loading.moddiscovery.ModFileInfo/LOADING]: Found valid mod file Morph-o-Tool-1.7-38.jar with {morphtool} mods - versions {1.7-38}
[15Mar2026 03:04:15.019] [main/DEBUG] [net.minecraftforge.fml.loading.moddiscovery.ModFile/LOADING]: Loading mod file C:\Users\Silvaria Zemaitis\AppData\Roaming\PrismLauncher\instances\IridescentCraft\minecraft\mods\Morph-o-Tool-1.7-38.jar with languages [LanguageSpec[languageName=javafml, acceptedVersions=[47,)]]
[15Mar2026 03:04:15.019] [main/DEBUG] [net.minecraftforge.fml.loading.moddiscovery.ModFileParser/LOADING]: Considering mod file candidate C:\Users\Silvaria Zemaitis\AppData\Roaming\PrismLauncher\instances\IridescentCraft\minecraft\mods\createestrogen-1.0.0+1.20.1-forge.jar
[15Mar2026 03:04:15.019] [main/DEBUG] [net.minecraftforge.fml.loading.moddiscovery.ModFileInfo/LOADING]: Found valid mod file createestrogen-1.0.0+1.20.1-forge.jar with {createestrogen} mods - versions {1.0.0+1.20.1}
[15Mar2026 03:04:15.019] [main/DEBUG] [net.minecraftforge.fml.loading.moddiscovery.ModFile/LOADING]: Loading mod file C:\Users\Silvaria Zemaitis\AppData\Roaming\PrismLauncher\instances\IridescentCraft\minecraft\mods\createestrogen-1.0.0+1.20.1-forge.jar with languages [LanguageSpec[languageName=kotlinforforge, acceptedVersions=[4.12.0,)]]
[15Mar2026 03:04:15.019] [main/DEBUG] [net.minecraftforge.fml.loading.moddiscovery.ModFileParser/LOADING]: Considering mod file candidate C:\Users\Silvaria Zemaitis\AppData\Roaming\PrismLauncher\instances\IridescentCraft\minecraft\mods\OverflowingBars-v8.0.1-1.20.1-Forge.jar
[15Mar2026 03:04:15.019] [main/DEBUG] [net.minecraftforge.fml.loading.moddiscovery.ModFileInfo/LOADING]: Found valid mod file OverflowingBars-v8.0.1-1.20.1-Forge.jar with {overflowingbars} mods - versions {8.0.1}
[15Mar2026 03:04:15.019] [main/DEBUG] [net.minecraftforge.fml.loading.moddiscovery.ModFile/LOADING]: Loading mod file C:\Users\Silvaria Zemaitis\AppData\Roaming\PrismLauncher\instances\IridescentCraft\minecraft\mods\OverflowingBars-v8.0.1-1.20.1-Forge.jar with languages [LanguageSpec[languageName=javafml, acceptedVersions=[47,)]]
[15Mar2026 03:04:15.019] [main/DEBUG] [net.minecraftforge.fml.loading.moddiscovery.ModFileParser/LOADING]: Considering mod file candidate C:\Users\Silvaria Zemaitis\AppData\Roaming\PrismLauncher\instances\IridescentCraft\minecraft\mods\cherry_village-1.20.1-1.0.0-Forge.jar
[15Mar2026 03:04:15.019] [main/DEBUG] [net.minecraftforge.fml.loading.moddiscovery.ModFileInfo/LOADING]: Found valid mod file cherry_village-1.20.1-1.0.0-Forge.jar with {cherry_village} mods - versions {1.20.1-1.0.0-Forge}
[15Mar2026 03:04:15.019] [main/DEBUG] [net.minecraftforge.fml.loading.moddiscovery.ModFile/LOADING]: Loading mod file C:\Users\Silvaria Zemaitis\AppData\Roaming\PrismLauncher\instances\IridescentCraft\minecraft\mods\cherry_village-1.20.1-1.0.0-Forge.jar with languages [LanguageSpec[languageName=javafml, acceptedVersions=[1,)]]
[15Mar2026 03:04:15.019] [main/DEBUG] [net.minecraftforge.fml.loading.moddiscovery.ModFileParser/LOADING]: Considering mod file candidate C:\Users\Silvaria Zemaitis\AppData\Roaming\PrismLauncher\instances\IridescentCraft\minecraft\mods\createaddition-1.20.1-1.3.3.jar
[15Mar2026 03:04:15.019] [main/DEBUG] [net.minecraftforge.fml.loading.moddiscovery.ModFileInfo/LOADING]: Found valid mod file createaddition-1.20.1-1.3.3.jar with {createaddition} mods - versions {1.20.1-1.3.3}
[15Mar2026 03:04:15.019] [main/DEBUG] [net.minecraftforge.fml.loading.moddiscovery.ModFile/LOADING]: Loading mod file C:\Users\Silvaria Zemaitis\AppData\Roaming\PrismLauncher\instances\IridescentCraft\minecraft\mods\createaddition-1.20.1-1.3.3.jar with languages [LanguageSpec[languageName=javafml, acceptedVersions=[40,)]]
[15Mar2026 03:04:15.019] [main/DEBUG] [net.minecraftforge.fml.loading.moddiscovery.ModFileParser/LOADING]: Considering mod file candidate C:\Users\Silvaria Zemaitis\AppData\Roaming\PrismLauncher\instances\IridescentCraft\minecraft\mods\adaptive_performance_tweaks_core_1.20.1-11.5.0.jar
[15Mar2026 03:04:15.019] [main/DEBUG] [net.minecraftforge.fml.loading.moddiscovery.ModFileInfo/LOADING]: Found valid mod file adaptive_performance_tweaks_core_1.20.1-11.5.0.jar with {adaptive_performance_tweaks_core} mods - versions {11.5.0}
[15Mar2026 03:04:15.019] [main/DEBUG] [net.minecraftforge.fml.loading.moddiscovery.ModFile/LOADING]: Loading mod file C:\Users\Silvaria Zemaitis\AppData\Roaming\PrismLauncher\instances\IridescentCraft\minecraft\mods\adaptive_performance_tweaks_core_1.20.1-11.5.0.jar with languages [LanguageSpec[languageName=javafml, acceptedVersions=[47,)]]
[15Mar2026 03:04:15.019] [main/DEBUG] [net.minecraftforge.fml.loading.moddiscovery.ModFileParser/LOADING]: Considering mod file candidate C:\Users\Silvaria Zemaitis\AppData\Roaming\PrismLauncher\instances\IridescentCraft\minecraft\mods\auudio_forge_1.0.3_MC_1.19.3.jar
[15Mar2026 03:04:15.019] [main/DEBUG] [net.minecraftforge.fml.loading.moddiscovery.ModFileInfo/LOADING]: Found valid mod file auudio_forge_1.0.3_MC_1.19.3.jar with {auudio} mods - versions {1.0.3}
[15Mar2026 03:04:15.019] [main/DEBUG] [net.minecraftforge.fml.loading.moddiscovery.ModFile/LOADING]: Loading mod file C:\Users\Silvaria Zemaitis\AppData\Roaming\PrismLauncher\instances\IridescentCraft\minecraft\mods\auudio_forge_1.0.3_MC_1.19.3.jar with languages [LanguageSpec[languageName=javafml, acceptedVersions=[44,)]]
[15Mar2026 03:04:15.019] [main/DEBUG] [net.minecraftforge.fml.loading.moddiscovery.ModFileParser/LOADING]: Considering mod file candidate C:\Users\Silvaria Zemaitis\AppData\Roaming\PrismLauncher\instances\IridescentCraft\minecraft\mods\EasyAnvils-v8.0.2-1.20.1-Forge.jar
[15Mar2026 03:04:15.019] [main/DEBUG] [net.minecraftforge.fml.loading.moddiscovery.ModFileInfo/LOADING]: Found valid mod file EasyAnvils-v8.0.2-1.20.1-Forge.jar with {easyanvils} mods - versions {8.0.2}
[15Mar2026 03:04:15.019] [main/DEBUG] [net.minecraftforge.fml.loading.moddiscovery.ModFile/LOADING]: Loading mod file C:\Users\Silvaria Zemaitis\AppData\Roaming\PrismLauncher\instances\IridescentCraft\minecraft\mods\EasyAnvils-v8.0.2-1.20.1-Forge.jar with languages [LanguageSpec[languageName=javafml, acceptedVersions=[47,)]]
[15Mar2026 03:04:15.019] [main/DEBUG] [net.minecraftforge.fml.loading.moddiscovery.ModFileParser/LOADING]: Considering mod file candidate C:\Users\Silvaria Zemaitis\AppData\Roaming\PrismLauncher\instances\IridescentCraft\minecraft\mods\Epic Dungeons-0.1.04-Forge-1.19-1.20.1.jar
[15Mar2026 03:04:15.019] [main/DEBUG] [net.minecraftforge.fml.loading.moddiscovery.ModFileInfo/LOADING]: Found valid mod file Epic Dungeons-0.1.04-Forge-1.19-1.20.1.jar with {overhauledstructures} mods - versions {1.19~1.20.1}
[15Mar2026 03:04:15.019] [main/DEBUG] [net.minecraftforge.fml.loading.moddiscovery.ModFile/LOADING]: Loading mod file C:\Users\Silvaria Zemaitis\AppData\Roaming\PrismLauncher\instances\IridescentCraft\minecraft\mods\Epic Dungeons-0.1.04-Forge-1.19-1.20.1.jar with languages [LanguageSpec[languageName=javafml, acceptedVersions=[43,)]]
[15Mar2026 03:04:15.019] [main/DEBUG] [net.minecraftforge.fml.loading.moddiscovery.ModFileParser/LOADING]: Considering mod file candidate C:\Users\Silvaria Zemaitis\AppData\Roaming\PrismLauncher\instances\IridescentCraft\minecraft\mods\supermartijn642configlib-1.1.8-forge-mc1.20.jar
[15Mar2026 03:04:15.020] [main/DEBUG] [net.minecraftforge.fml.loading.moddiscovery.ModFileInfo/LOADING]: Found valid mod file supermartijn642configlib-1.1.8-forge-mc1.20.jar with {supermartijn642configlib} mods - versions {1.1.8}
[15Mar2026 03:04:15.020] [main/DEBUG] [net.minecraftforge.fml.loading.moddiscovery.ModFile/LOADING]: Loading mod file C:\Users\Silvaria Zemaitis\AppData\Roaming\PrismLauncher\instances\IridescentCraft\minecraft\mods\supermartijn642configlib-1.1.8-forge-mc1.20.jar with languages [LanguageSpec[languageName=javafml, acceptedVersions=[46,)]]
[15Mar2026 03:04:15.020] [main/DEBUG] [net.minecraftforge.fml.loading.moddiscovery.ModFileParser/LOADING]: Considering mod file candidate C:\Users\Silvaria Zemaitis\AppData\Roaming\PrismLauncher\instances\IridescentCraft\minecraft\mods\alexsmobs-1.22.9.jar
[15Mar2026 03:04:15.020] [main/DEBUG] [net.minecraftforge.fml.loading.moddiscovery.ModFileInfo/LOADING]: Found valid mod file alexsmobs-1.22.9.jar with {alexsmobs} mods - versions {1.22.9}
[15Mar2026 03:04:15.020] [main/DEBUG] [net.minecraftforge.fml.loading.moddiscovery.ModFile/LOADING]: Loading mod file C:\Users\Silvaria Zemaitis\AppData\Roaming\PrismLauncher\instances\IridescentCraft\minecraft\mods\alexsmobs-1.22.9.jar with languages [LanguageSpec[languageName=javafml, acceptedVersions=[46,)]]
[15Mar2026 03:04:15.020] [main/DEBUG] [net.minecraftforge.fml.loading.moddiscovery.ModFileParser/LOADING]: Considering mod file candidate 
[15Mar2026 03:04:15.020] [main/DEBUG] [net.minecraftforge.fml.loading.moddiscovery.ModFileInfo/LOADING]: Found valid mod file additionalentityattributes-forge-1.4.0.5+1.20.1.jar with {additionalentityattributes} mods - versions {1.4.0.5+1.20.1}
[15Mar2026 03:04:15.020] [main/DEBUG] [net.minecraftforge.fml.loading.moddiscovery.ModFile/LOADING]: Loading mod file  with languages [LanguageSpec[languageName=javafml, acceptedVersions=[41,)]]
[15Mar2026 03:04:15.020] [main/DEBUG] [net.minecraftforge.fml.loading.moddiscovery.ModFileParser/LOADING]: Found coremod aea_water_speed with Javascript path coremods/aea_water_speed.js
[15Mar2026 03:04:15.020] [main/DEBUG] [net.minecraftforge.fml.loading.moddiscovery.ModFile/LOADING]: Found coremod coremods/aea_water_speed.js
[15Mar2026 03:04:15.020] [main/DEBUG] [net.minecraftforge.fml.loading.moddiscovery.ModFileParser/LOADING]: Considering mod file candidate C:\Users\Silvaria Zemaitis\AppData\Roaming\PrismLauncher\instances\IridescentCraft\minecraft\mods\lootintegrations_integrated-1.4.jar
[15Mar2026 03:04:15.020] [main/DEBUG] [net.minecraftforge.fml.loading.moddiscovery.ModFileInfo/LOADING]: Found valid mod file lootintegrations_integrated-1.4.jar with {lootintegrations_integrated} mods - versions {1}
[15Mar2026 03:04:15.020] [main/DEBUG] [net.minecraftforge.fml.loading.moddiscovery.ModFile/LOADING]: Loading mod file C:\Users\Silvaria Zemaitis\AppData\Roaming\PrismLauncher\instances\IridescentCraft\minecraft\mods\lootintegrations_integrated-1.4.jar with languages [LanguageSpec[languageName=lowcodefml, acceptedVersions=[0,)]]
[15Mar2026 03:04:15.020] [main/DEBUG] [net.minecraftforge.fml.loading.moddiscovery.ModFileParser/LOADING]: Considering mod file candidate 
[15Mar2026 03:04:15.020] [main/DEBUG] [net.minecraftforge.fml.loading.moddiscovery.ModFileInfo/LOADING]: Found valid mod file Ponder-Forge-1.20.1-1.0.91.jar with {ponder} mods - versions {1.0.91}
[15Mar2026 03:04:15.020] [main/DEBUG] [net.minecraftforge.fml.loading.moddiscovery.ModFile/LOADING]: Loading mod file  with languages [LanguageSpec[languageName=javafml, acceptedVersions=[47,)]]
[15Mar2026 03:04:15.020] [main/DEBUG] [net.minecraftforge.fml.loading.moddiscovery.ModFileParser/LOADING]: Considering mod file candidate C:\Users\Silvaria Zemaitis\AppData\Roaming\PrismLauncher\instances\IridescentCraft\minecraft\mods\botarium-forge-1.20.1-2.3.4.jar
[15Mar2026 03:04:15.020] [main/DEBUG] [net.minecraftforge.fml.loading.moddiscovery.ModFileInfo/LOADING]: Found valid mod file botarium-forge-1.20.1-2.3.4.jar with {botarium} mods - versions {2.3.4}
[15Mar2026 03:04:15.020] [main/DEBUG] [net.minecraftforge.fml.loading.moddiscovery.ModFile/LOADING]: Loading mod file C:\Users\Silvaria Zemaitis\AppData\Roaming\PrismLauncher\instances\IridescentCraft\minecraft\mods\botarium-forge-1.20.1-2.3.4.jar with languages [LanguageSpec[languageName=javafml, acceptedVersions=[47,)]]
[15Mar2026 03:04:15.020] [main/DEBUG] [net.minecraftforge.fml.loading.moddiscovery.ModFileParser/LOADING]: Considering mod file candidate C:\Users\Silvaria Zemaitis\AppData\Roaming\PrismLauncher\instances\IridescentCraft\minecraft\mods\player-animation-lib-forge-1.0.2-rc1+1.20.jar
[15Mar2026 03:04:15.020] [main/DEBUG] [net.minecraftforge.fml.loading.moddiscovery.ModFileInfo/LOADING]: Found valid mod file player-animation-lib-forge-1.0.2-rc1+1.20.jar with {playeranimator} mods - versions {1.0.2-rc1+1.20}
[15Mar2026 03:04:15.020] [main/DEBUG] [net.minecraftforge.fml.loading.moddiscovery.ModFile/LOADING]: Loading mod file C:\Users\Silvaria Zemaitis\AppData\Roaming\PrismLauncher\instances\IridescentCraft\minecraft\mods\player-animation-lib-forge-1.0.2-rc1+1.20.jar with languages [LanguageSpec[languageName=javafml, acceptedVersions=[46.0.0,)]]
[15Mar2026 03:04:15.020] [main/DEBUG] [net.minecraftforge.fml.loading.moddiscovery.ModFileParser/LOADING]: Considering mod file candidate C:\Users\Silvaria Zemaitis\AppData\Roaming\PrismLauncher\instances\IridescentCraft\minecraft\mods\truly_modular_create_compat-forge-1.20.1-1.0.0.jar
[15Mar2026 03:04:15.020] [main/DEBUG] [net.minecraftforge.fml.loading.moddiscovery.ModFileInfo/LOADING]: Found valid mod file truly_modular_create_compat-forge-1.20.1-1.0.0.jar with {truly_modular_create_compat} mods - versions {1.0.0}
[15Mar2026 03:04:15.020] [main/DEBUG] [net.minecraftforge.fml.loading.moddiscovery.ModFile/LOADING]: Loading mod file C:\Users\Silvaria Zemaitis\AppData\Roaming\PrismLauncher\instances\IridescentCraft\minecraft\mods\truly_modular_create_compat-forge-1.20.1-1.0.0.jar with languages [LanguageSpec[languageName=javafml, acceptedVersions=[47,)]]
[15Mar2026 03:04:15.020] [main/DEBUG] [net.minecraftforge.fml.loading.moddiscovery.ModFileParser/LOADING]: Considering mod file candidate 
[15Mar2026 03:04:15.020] [main/DEBUG] [net.minecraftforge.fml.loading.moddiscovery.ModFileInfo/LOADING]: Found valid mod file apoli-forge-1.20.1-2.9.0.8.jar with {apoli} mods - versions {1.20.1-2.9.0.8}
[15Mar2026 03:04:15.020] [main/DEBUG] [net.minecraftforge.fml.loading.moddiscovery.ModFile/LOADING]: Loading mod file  with languages [LanguageSpec[languageName=javafml, acceptedVersions=[47,)]]
[15Mar2026 03:04:15.020] [main/DEBUG] [net.minecraftforge.fml.loading.moddiscovery.ModFileParser/LOADING]: Found coremod prevent_armor_equip with Javascript path coremods/apoli.js
[15Mar2026 03:04:15.020] [main/DEBUG] [net.minecraftforge.fml.loading.moddiscovery.ModFile/LOADING]: Found coremod coremods/apoli.js
[15Mar2026 03:04:15.020] [main/DEBUG] [net.minecraftforge.fml.loading.moddiscovery.ModFileParser/LOADING]: Considering mod file candidate C:\Users\Silvaria Zemaitis\AppData\Roaming\PrismLauncher\instances\IridescentCraft\minecraft\mods\stalwart-dungeons-1.20.1-1.2.8.jar
[15Mar2026 03:04:15.020] [main/DEBUG] [net.minecraftforge.fml.loading.moddiscovery.ModFileInfo/LOADING]: Found valid mod file stalwart-dungeons-1.20.1-1.2.8.jar with {stalwart_dungeons} mods - versions {1.2.8}
[15Mar2026 03:04:15.020] [main/DEBUG] [net.minecraftforge.fml.loading.moddiscovery.ModFile/LOADING]: Loading mod file C:\Users\Silvaria Zemaitis\AppData\Roaming\PrismLauncher\instances\IridescentCraft\minecraft\mods\stalwart-dungeons-1.20.1-1.2.8.jar with languages [LanguageSpec[languageName=javafml, acceptedVersions=[47,)]]
[15Mar2026 03:04:15.020] [main/DEBUG] [net.minecraftforge.fml.loading.moddiscovery.ModFileParser/LOADING]: Considering mod file candidate C:\Users\Silvaria Zemaitis\AppData\Roaming\PrismLauncher\instances\IridescentCraft\minecraft\mods\decorative_lgbt_wall_flags_150.jar
[15Mar2026 03:04:15.020] [main/DEBUG] [net.minecraftforge.fml.loading.moddiscovery.ModFileInfo/LOADING]: Found valid mod file decorative_lgbt_wall_flags_150.jar with {decorative_lgbt_wall_flags} mods - versions {1.5.0}
[15Mar2026 03:04:15.020] [main/DEBUG] [net.minecraftforge.fml.loading.moddiscovery.ModFile/LOADING]: Loading mod file C:\Users\Silvaria Zemaitis\AppData\Roaming\PrismLauncher\instances\IridescentCraft\minecraft\mods\decorative_lgbt_wall_flags_150.jar with languages [LanguageSpec[languageName=javafml, acceptedVersions=[47,)]]
[15Mar2026 03:04:15.020] [main/DEBUG] [net.minecraftforge.fml.loading.moddiscovery.ModFileParser/LOADING]: Considering mod file candidate C:\Users\Silvaria Zemaitis\AppData\Roaming\PrismLauncher\instances\IridescentCraft\minecraft\mods\IronJetpacks-1.20.1-7.0.9.jar
[15Mar2026 03:04:15.020] [main/DEBUG] [net.minecraftforge.fml.loading.moddiscovery.ModFileInfo/LOADING]: Found valid mod file IronJetpacks-1.20.1-7.0.9.jar with {ironjetpacks} mods - versions {7.0.9}
[15Mar2026 03:04:15.020] [main/DEBUG] [net.minecraftforge.fml.loading.moddiscovery.ModFile/LOADING]: Loading mod file C:\Users\Silvaria Zemaitis\AppData\Roaming\PrismLauncher\instances\IridescentCraft\minecraft\mods\IronJetpacks-1.20.1-7.0.9.jar with languages [LanguageSpec[languageName=javafml, acceptedVersions=[47,)]]
[15Mar2026 03:04:15.020] [main/DEBUG] [net.minecraftforge.fml.loading.moddiscovery.ModFileParser/LOADING]: Considering mod file candidate C:\Users\Silvaria Zemaitis\AppData\Roaming\PrismLauncher\instances\IridescentCraft\minecraft\mods\sound-physics-remastered-forge-1.20.1-1.5.1.jar
[15Mar2026 03:04:15.021] [main/DEBUG] [net.minecraftforge.fml.loading.moddiscovery.ModFileInfo/LOADING]: Found valid mod file sound-physics-remastered-forge-1.20.1-1.5.1.jar with {sound_physics_remastered} mods - versions {1.20.1-1.5.1}
[15Mar2026 03:04:15.021] [main/DEBUG] [net.minecraftforge.fml.loading.moddiscovery.ModFile/LOADING]: Loading mod file C:\Users\Silvaria Zemaitis\AppData\Roaming\PrismLauncher\instances\IridescentCraft\minecraft\mods\sound-physics-remastered-forge-1.20.1-1.5.1.jar with languages [LanguageSpec[languageName=javafml, acceptedVersions=*]]
[15Mar2026 03:04:15.021] [main/DEBUG] [net.minecraftforge.fml.loading.moddiscovery.ModFileParser/LOADING]: Considering mod file candidate 
[15Mar2026 03:04:15.021] [main/DEBUG] [net.minecraftforge.fml.loading.moddiscovery.ModFileInfo/LOADING]: Found valid mod file fabric-convention-tags-v1-1.5.6+fa3d1c0177.jar with {fabric_convention_tags_v1} mods - versions {1.5.6+fa3d1c0177}
[15Mar2026 03:04:15.021] [main/DEBUG] [net.minecraftforge.fml.loading.moddiscovery.ModFile/LOADING]: Loading mod file  with languages [LanguageSpec[languageName=javafml, acceptedVersions=[47,)]]
[15Mar2026 03:04:15.021] [main/DEBUG] [net.minecraftforge.fml.loading.moddiscovery.ModFileParser/LOADING]: Considering mod file candidate C:\Users\Silvaria Zemaitis\AppData\Roaming\PrismLauncher\instances\IridescentCraft\minecraft\mods\CTM-1.20.1-1.1.10.jar
[15Mar2026 03:04:15.021] [main/DEBUG] [net.minecraftforge.fml.loading.moddiscovery.ModFileInfo/LOADING]: Found valid mod file CTM-1.20.1-1.1.10.jar with {ctm} mods - versions {1.20.1-1.1.10}
[15Mar2026 03:04:15.021] [main/DEBUG] [net.minecraftforge.fml.loading.moddiscovery.ModFile/LOADING]: Loading mod file C:\Users\Silvaria Zemaitis\AppData\Roaming\PrismLauncher\instances\IridescentCraft\minecraft\mods\CTM-1.20.1-1.1.10.jar with languages [LanguageSpec[languageName=javafml, acceptedVersions=[47,)]]
[15Mar2026 03:04:15.021] [main/DEBUG] [net.minecraftforge.fml.loading.moddiscovery.ModFileParser/LOADING]: Considering mod file candidate C:\Users\Silvaria Zemaitis\AppData\Roaming\PrismLauncher\instances\IridescentCraft\minecraft\mods\xnet-1.20-6.1.6.jar
[15Mar2026 03:04:15.021] [main/DEBUG] [net.minecraftforge.fml.loading.moddiscovery.ModFileInfo/LOADING]: Found valid mod file xnet-1.20-6.1.6.jar with {xnet} mods - versions {1.20-6.1.6}
[15Mar2026 03:04:15.021] [main/DEBUG] [net.minecraftforge.fml.loading.moddiscovery.ModFile/LOADING]: Loading mod file C:\Users\Silvaria Zemaitis\AppData\Roaming\PrismLauncher\instances\IridescentCraft\minecraft\mods\xnet-1.20-6.1.6.jar with languages [LanguageSpec[languageName=javafml, acceptedVersions=[47,)]]
[15Mar2026 03:04:15.021] [main/DEBUG] [net.minecraftforge.fml.loading.moddiscovery.ModFileParser/LOADING]: Considering mod file candidate C:\Users\Silvaria Zemaitis\AppData\Roaming\PrismLauncher\instances\IridescentCraft\minecraft\mods\ArmorDamageLimit-1.20.1-1.0.0.jar
[15Mar2026 03:04:15.021] [main/DEBUG] [net.minecraftforge.fml.loading.moddiscovery.ModFileInfo/LOADING]: Found valid mod file ArmorDamageLimit-1.20.1-1.0.0.jar with {armordamagelimit} mods - versions {1.0.0}
[15Mar2026 03:04:15.021] [main/DEBUG] [net.minecraftforge.fml.loading.moddiscovery.ModFile/LOADING]: Loading mod file C:\Users\Silvaria Zemaitis\AppData\Roaming\PrismLauncher\instances\IridescentCraft\minecraft\mods\ArmorDamageLimit-1.20.1-1.0.0.jar with languages [LanguageSpec[languageName=javafml, acceptedVersions=[43,)]]
[15Mar2026 03:04:15.021] [main/DEBUG] [net.minecraftforge.fml.loading.moddiscovery.ModFileParser/LOADING]: Considering mod file candidate C:\Users\Silvaria Zemaitis\AppData\Roaming\PrismLauncher\instances\IridescentCraft\minecraft\mods\cabletiers-1.20.1-1.2.2.jar
[15Mar2026 03:04:15.021] [main/DEBUG] [net.minecraftforge.fml.loading.moddiscovery.ModFileInfo/LOADING]: Found valid mod file cabletiers-1.20.1-1.2.2.jar with {cabletiers} mods - versions {1.20.1-1.2.2}
[15Mar2026 03:04:15.021] [main/DEBUG] [net.minecraftforge.fml.loading.moddiscovery.ModFile/LOADING]: Loading mod file C:\Users\Silvaria Zemaitis\AppData\Roaming\PrismLauncher\instances\IridescentCraft\minecraft\mods\cabletiers-1.20.1-1.2.2.jar with languages [LanguageSpec[languageName=javafml, acceptedVersions=[47,)]]
[15Mar2026 03:04:15.021] [main/DEBUG] [net.minecraftforge.fml.loading.moddiscovery.ModFileParser/LOADING]: Considering mod file candidate C:\Users\Silvaria Zemaitis\AppData\Roaming\PrismLauncher\instances\IridescentCraft\minecraft\mods\MaxHealthFix-Forge-1.20.1-12.0.4.jar
[15Mar2026 03:04:15.021] [main/DEBUG] [net.minecraftforge.fml.loading.moddiscovery.ModFileInfo/LOADING]: Found valid mod file MaxHealthFix-Forge-1.20.1-12.0.4.jar with {maxhealthfix} mods - versions {12.0.4}
[15Mar2026 03:04:15.021] [main/DEBUG] [net.minecraftforge.fml.loading.moddiscovery.ModFile/LOADING]: Loading mod file C:\Users\Silvaria Zemaitis\AppData\Roaming\PrismLauncher\instances\IridescentCraft\minecraft\mods\MaxHealthFix-Forge-1.20.1-12.0.4.jar with languages [LanguageSpec[languageName=javafml, acceptedVersions=[47,)]]
[15Mar2026 03:04:15.021] [main/DEBUG] [net.minecraftforge.fml.loading.moddiscovery.ModFileParser/LOADING]: Considering mod file candidate C:\Users\Silvaria Zemaitis\AppData\Roaming\PrismLauncher\instances\IridescentCraft\minecraft\mods\balm-forge-1.20.1-7.3.38-all.jar
[15Mar2026 03:04:15.021] [main/DEBUG] [net.minecraftforge.fml.loading.moddiscovery.ModFileInfo/LOADING]: Found valid mod file balm-forge-1.20.1-7.3.38-all.jar with {balm} mods - versions {7.3.38}
[15Mar2026 03:04:15.021] [main/DEBUG] [net.minecraftforge.fml.loading.moddiscovery.ModFile/LOADING]: Loading mod file C:\Users\Silvaria Zemaitis\AppData\Roaming\PrismLauncher\instances\IridescentCraft\minecraft\mods\balm-forge-1.20.1-7.3.38-all.jar with languages [LanguageSpec[languageName=javafml, acceptedVersions=[46,)]]
[15Mar2026 03:04:15.021] [main/DEBUG] [net.minecraftforge.fml.loading.moddiscovery.ModFileParser/LOADING]: Considering mod file candidate 
[15Mar2026 03:04:15.021] [main/DEBUG] [net.minecraftforge.fml.loading.moddiscovery.ModFileInfo/LOADING]: Found valid mod file fabric-screen-api-v1-2.0.9+45a670a577.jar with {fabric_screen_api_v1} mods - versions {2.0.9+45a670a577}
[15Mar2026 03:04:15.021] [main/DEBUG] [net.minecraftforge.fml.loading.moddiscovery.ModFile/LOADING]: Loading mod file  with languages [LanguageSpec[languageName=javafml, acceptedVersions=[47,)]]
[15Mar2026 03:04:15.021] [main/DEBUG] [net.minecraftforge.fml.loading.moddiscovery.ModFileParser/LOADING]: Considering mod file candidate C:\Users\Silvaria Zemaitis\AppData\Roaming\PrismLauncher\instances\IridescentCraft\minecraft\mods\chat_heads-0.15.0-forge-1.20.jar
[15Mar2026 03:04:15.021] [main/DEBUG] [net.minecraftforge.fml.loading.moddiscovery.ModFileInfo/LOADING]: Found valid mod file chat_heads-0.15.0-forge-1.20.jar with {chat_heads} mods - versions {0.15.0}
[15Mar2026 03:04:15.021] [main/DEBUG] [net.minecraftforge.fml.loading.moddiscovery.ModFile/LOADING]: Loading mod file C:\Users\Silvaria Zemaitis\AppData\Roaming\PrismLauncher\instances\IridescentCraft\minecraft\mods\chat_heads-0.15.0-forge-1.20.jar with languages [LanguageSpec[languageName=javafml, acceptedVersions=[44,)]]
[15Mar2026 03:04:15.021] [main/DEBUG] [net.minecraftforge.fml.loading.moddiscovery.ModFileParser/LOADING]: Considering mod file candidate C:\Users\Silvaria Zemaitis\AppData\Roaming\PrismLauncher\instances\IridescentCraft\minecraft\mods\JustEnoughResources-1.20.1-1.4.0.247.jar
[15Mar2026 03:04:15.021] [main/DEBUG] [net.minecraftforge.fml.loading.moddiscovery.ModFileInfo/LOADING]: Found valid mod file JustEnoughResources-1.20.1-1.4.0.247.jar with {jeresources} mods - versions {1.4.0.247}
[15Mar2026 03:04:15.021] [main/DEBUG] [net.minecraftforge.fml.loading.moddiscovery.ModFile/LOADING]: Loading mod file C:\Users\Silvaria Zemaitis\AppData\Roaming\PrismLauncher\instances\IridescentCraft\minecraft\mods\JustEnoughResources-1.20.1-1.4.0.247.jar with languages [LanguageSpec[languageName=javafml, acceptedVersions=[47,)]]
[15Mar2026 03:04:15.021] [main/DEBUG] [net.minecraftforge.fml.loading.moddiscovery.ModFileParser/LOADING]: Considering mod file candidate C:\Users\Silvaria Zemaitis\AppData\Roaming\PrismLauncher\instances\IridescentCraft\minecraft\mods\[forge]ctov-3.4.14.jar
[15Mar2026 03:04:15.021] [main/DEBUG] [net.minecraftforge.fml.loading.moddiscovery.ModFileInfo/LOADING]: Found valid mod file [forge]ctov-3.4.14.jar with {ctov} mods - versions {3.4.14}
[15Mar2026 03:04:15.021] [main/DEBUG] [net.minecraftforge.fml.loading.moddiscovery.ModFile/LOADING]: Loading mod file C:\Users\Silvaria Zemaitis\AppData\Roaming\PrismLauncher\instances\IridescentCraft\minecraft\mods\[forge]ctov-3.4.14.jar with languages [LanguageSpec[languageName=javafml, acceptedVersions=[47,)]]
[15Mar2026 03:04:15.021] [main/DEBUG] [net.minecraftforge.fml.loading.moddiscovery.ModFileParser/LOADING]: Considering mod file candidate C:\Users\Silvaria Zemaitis\AppData\Roaming\PrismLauncher\instances\IridescentCraft\minecraft\mods\shetiphiancore-forge-1.20.1-1.5.jar
[15Mar2026 03:04:15.021] [main/DEBUG] [net.minecraftforge.fml.loading.moddiscovery.ModFileInfo/LOADING]: Found valid mod file shetiphiancore-forge-1.20.1-1.5.jar with {shetiphiancore} mods - versions {1.20.1-1.5}
[15Mar2026 03:04:15.021] [main/DEBUG] [net.minecraftforge.fml.loading.moddiscovery.ModFile/LOADING]: Loading mod file C:\Users\Silvaria Zemaitis\AppData\Roaming\PrismLauncher\instances\IridescentCraft\minecraft\mods\shetiphiancore-forge-1.20.1-1.5.jar with languages [LanguageSpec[languageName=javafml, acceptedVersions=[47,)]]
[15Mar2026 03:04:15.021] [main/DEBUG] [net.minecraftforge.fml.loading.moddiscovery.ModFileParser/LOADING]: Considering mod file candidate 
[15Mar2026 03:04:15.021] [main/DEBUG] [net.minecraftforge.fml.loading.moddiscovery.ModFileInfo/LOADING]: Found valid mod file terrablender-bridge-1.11.2+1.20.1.jar with {connectorextras_terrablender_bridge} mods - versions {1.11.2+1.20.1}
[15Mar2026 03:04:15.021] [main/DEBUG] [net.minecraftforge.fml.loading.moddiscovery.ModFile/LOADING]: Loading mod file  with languages [LanguageSpec[languageName=javafml, acceptedVersions=[47,)]]
[15Mar2026 03:04:15.021] [main/DEBUG] [net.minecraftforge.fml.loading.moddiscovery.ModFileParser/LOADING]: Considering mod file candidate C:\Users\Silvaria Zemaitis\AppData\Roaming\PrismLauncher\instances\IridescentCraft\minecraft\mods\athena-forge-1.20.1-3.1.2.jar
[15Mar2026 03:04:15.022] [main/DEBUG] [net.minecraftforge.fml.loading.moddiscovery.ModFileInfo/LOADING]: Found valid mod file athena-forge-1.20.1-3.1.2.jar with {athena} mods - versions {3.1.2}
[15Mar2026 03:04:15.022] [main/DEBUG] [net.minecraftforge.fml.loading.moddiscovery.ModFile/LOADING]: Loading mod file C:\Users\Silvaria Zemaitis\AppData\Roaming\PrismLauncher\instances\IridescentCraft\minecraft\mods\athena-forge-1.20.1-3.1.2.jar with languages [LanguageSpec[languageName=javafml, acceptedVersions=[47,)]]
[15Mar2026 03:04:15.022] [main/DEBUG] [net.minecraftforge.fml.loading.moddiscovery.ModFileParser/LOADING]: Considering mod file candidate C:\Users\Silvaria Zemaitis\AppData\Roaming\PrismLauncher\instances\IridescentCraft\minecraft\mods\lmft-1.0.4+1.20.1-forge.jar
[15Mar2026 03:04:15.022] [main/DEBUG] [net.minecraftforge.fml.loading.moddiscovery.ModFileInfo/LOADING]: Found valid mod file lmft-1.0.4+1.20.1-forge.jar with {lmft} mods - versions {1.0.4+1.20.1}
[15Mar2026 03:04:15.022] [main/DEBUG] [net.minecraftforge.fml.loading.moddiscovery.ModFile/LOADING]: Loading mod file C:\Users\Silvaria Zemaitis\AppData\Roaming\PrismLauncher\instances\IridescentCraft\minecraft\mods\lmft-1.0.4+1.20.1-forge.jar with languages [LanguageSpec[languageName=javafml, acceptedVersions=[47,)]]
[15Mar2026 03:04:15.022] [main/DEBUG] [net.minecraftforge.fml.loading.moddiscovery.ModFileParser/LOADING]: Considering mod file candidate C:\Users\Silvaria Zemaitis\AppData\Roaming\PrismLauncher\instances\IridescentCraft\minecraft\mods\Truly-Modular-archery-archery-forge-1.6-1.20.1.jar
[15Mar2026 03:04:15.022] [main/DEBUG] [net.minecraftforge.fml.loading.moddiscovery.ModFileInfo/LOADING]: Found valid mod file Truly-Modular-archery-archery-forge-1.6-1.20.1.jar with {archery} mods - versions {1.6}
[15Mar2026 03:04:15.022] [main/DEBUG] [net.minecraftforge.fml.loading.moddiscovery.ModFile/LOADING]: Loading mod file C:\Users\Silvaria Zemaitis\AppData\Roaming\PrismLauncher\instances\IridescentCraft\minecraft\mods\Truly-Modular-archery-archery-forge-1.6-1.20.1.jar with languages [LanguageSpec[languageName=javafml, acceptedVersions=[47,)]]
[15Mar2026 03:04:15.022] [main/DEBUG] [net.minecraftforge.fml.loading.moddiscovery.ModFileParser/LOADING]: Considering mod file candidate C:\Users\Silvaria Zemaitis\AppData\Roaming\PrismLauncher\instances\IridescentCraft\minecraft\mods\terramity-0.9.8-forge-1.20.1.jar
[15Mar2026 03:04:15.022] [main/DEBUG] [net.minecraftforge.fml.loading.moddiscovery.ModFileInfo/LOADING]: Found valid mod file terramity-0.9.8-forge-1.20.1.jar with {terramity} mods - versions {0.9.8}
[15Mar2026 03:04:15.022] [main/DEBUG] [net.minecraftforge.fml.loading.moddiscovery.ModFile/LOADING]: Loading mod file C:\Users\Silvaria Zemaitis\AppData\Roaming\PrismLauncher\instances\IridescentCraft\minecraft\mods\terramity-0.9.8-forge-1.20.1.jar with languages [LanguageSpec[languageName=javafml, acceptedVersions=[47,)]]
[15Mar2026 03:04:15.022] [main/DEBUG] [net.minecraftforge.fml.loading.moddiscovery.ModFileParser/LOADING]: Considering mod file candidate C:\Users\Silvaria Zemaitis\AppData\Roaming\PrismLauncher\instances\IridescentCraft\minecraft\mods\torchmaster-20.1.9.jar
[15Mar2026 03:04:15.022] [main/DEBUG] [net.minecraftforge.fml.loading.moddiscovery.ModFileInfo/LOADING]: Found valid mod file torchmaster-20.1.9.jar with {torchmaster} mods - versions {20.1.9}
[15Mar2026 03:04:15.022] [main/DEBUG] [net.minecraftforge.fml.loading.moddiscovery.ModFile/LOADING]: Loading mod file C:\Users\Silvaria Zemaitis\AppData\Roaming\PrismLauncher\instances\IridescentCraft\minecraft\mods\torchmaster-20.1.9.jar with languages [LanguageSpec[languageName=javafml, acceptedVersions=[47,)]]
[15Mar2026 03:04:15.022] [main/DEBUG] [net.minecraftforge.fml.loading.moddiscovery.ModFileParser/LOADING]: Considering mod file candidate 
[15Mar2026 03:04:15.022] [main/DEBUG] [net.minecraftforge.fml.loading.moddiscovery.ModFileInfo/LOADING]: Found valid mod file fabric-game-rule-api-v1-1.0.41+683d4da877.jar with {fabric_game_rule_api_v1} mods - versions {1.0.41+683d4da877}
[15Mar2026 03:04:15.022] [main/DEBUG] [net.minecraftforge.fml.loading.moddiscovery.ModFile/LOADING]: Loading mod file  with languages [LanguageSpec[languageName=javafml, acceptedVersions=[47,)]]
[15Mar2026 03:04:15.022] [main/DEBUG] [net.minecraftforge.fml.loading.moddiscovery.ModFileParser/LOADING]: Considering mod file candidate C:\Users\Silvaria Zemaitis\AppData\Roaming\PrismLauncher\instances\IridescentCraft\minecraft\mods\thermal_innovation-1.20.1-11.0.1.23.jar
[15Mar2026 03:04:15.022] [main/DEBUG] [net.minecraftforge.fml.loading.moddiscovery.ModFileInfo/LOADING]: Found valid mod file thermal_innovation-1.20.1-11.0.1.23.jar with {thermal_innovation} mods - versions {11.0.1}
[15Mar2026 03:04:15.022] [main/DEBUG] [net.minecraftforge.fml.loading.moddiscovery.ModFile/LOADING]: Loading mod file C:\Users\Silvaria Zemaitis\AppData\Roaming\PrismLauncher\instances\IridescentCraft\minecraft\mods\thermal_innovation-1.20.1-11.0.1.23.jar with languages [LanguageSpec[languageName=javafml, acceptedVersions=[47,)]]
[15Mar2026 03:04:15.022] [main/DEBUG] [net.minecraftforge.fml.loading.moddiscovery.ModFileParser/LOADING]: Considering mod file candidate C:\Users\Silvaria Zemaitis\AppData\Roaming\PrismLauncher\instances\IridescentCraft\minecraft\mods\darkorb-forge-1.20.1-1.0.3.jar
[15Mar2026 03:04:15.022] [main/DEBUG] [net.minecraftforge.fml.loading.moddiscovery.ModFileInfo/LOADING]: Found valid mod file darkorb-forge-1.20.1-1.0.3.jar with {darkorb} mods - versions {1.0.3}
[15Mar2026 03:04:15.022] [main/DEBUG] [net.minecraftforge.fml.loading.moddiscovery.ModFile/LOADING]: Loading mod file C:\Users\Silvaria Zemaitis\AppData\Roaming\PrismLauncher\instances\IridescentCraft\minecraft\mods\darkorb-forge-1.20.1-1.0.3.jar with languages [LanguageSpec[languageName=javafml, acceptedVersions=[47,)]]
[15Mar2026 03:04:15.022] [main/DEBUG] [net.minecraftforge.fml.loading.moddiscovery.ModFileParser/LOADING]: Considering mod file candidate C:\Users\Silvaria Zemaitis\AppData\Roaming\PrismLauncher\instances\IridescentCraft\minecraft\mods\Explorify v1.6.4 f15-88.mod.jar
[15Mar2026 03:04:15.022] [main/DEBUG] [net.minecraftforge.fml.loading.moddiscovery.ModFileInfo/LOADING]: Found valid mod file Explorify v1.6.4 f15-88.mod.jar with {explorify} mods - versions {1.6.4}
[15Mar2026 03:04:15.022] [main/DEBUG] [net.minecraftforge.fml.loading.moddiscovery.ModFile/LOADING]: Loading mod file C:\Users\Silvaria Zemaitis\AppData\Roaming\PrismLauncher\instances\IridescentCraft\minecraft\mods\Explorify v1.6.4 f15-88.mod.jar with languages [LanguageSpec[languageName=lowcodefml, acceptedVersions=[1,)]]
[15Mar2026 03:04:15.022] [main/DEBUG] [net.minecraftforge.fml.loading.moddiscovery.ModFileParser/LOADING]: Considering mod file candidate C:\Users\Silvaria Zemaitis\AppData\Roaming\PrismLauncher\instances\IridescentCraft\minecraft\mods\ToolStats-Forge-1.20.1-16.0.10.jar
[15Mar2026 03:04:15.022] [main/DEBUG] [net.minecraftforge.fml.loading.moddiscovery.ModFileInfo/LOADING]: Found valid mod file ToolStats-Forge-1.20.1-16.0.10.jar with {toolstats} mods - versions {16.0.10}
[15Mar2026 03:04:15.022] [main/DEBUG] [net.minecraftforge.fml.loading.moddiscovery.ModFile/LOADING]: Loading mod file C:\Users\Silvaria Zemaitis\AppData\Roaming\PrismLauncher\instances\IridescentCraft\minecraft\mods\ToolStats-Forge-1.20.1-16.0.10.jar with languages [LanguageSpec[languageName=javafml, acceptedVersions=[47,)]]
[15Mar2026 03:04:15.022] [main/DEBUG] [net.minecraftforge.fml.loading.moddiscovery.ModFileParser/LOADING]: Considering mod file candidate C:\Users\Silvaria Zemaitis\AppData\Roaming\PrismLauncher\instances\IridescentCraft\minecraft\mods\ironfurnaces-1.20.1-4.1.6.jar
[15Mar2026 03:04:15.022] [main/DEBUG] [net.minecraftforge.fml.loading.moddiscovery.ModFileInfo/LOADING]: Found valid mod file ironfurnaces-1.20.1-4.1.6.jar with {ironfurnaces} mods - versions {4.1.6}
[15Mar2026 03:04:15.022] [main/DEBUG] [net.minecraftforge.fml.loading.moddiscovery.ModFile/LOADING]: Loading mod file C:\Users\Silvaria Zemaitis\AppData\Roaming\PrismLauncher\instances\IridescentCraft\minecraft\mods\ironfurnaces-1.20.1-4.1.6.jar with languages [LanguageSpec[languageName=javafml, acceptedVersions=[46,)]]
[15Mar2026 03:04:15.022] [main/DEBUG] [net.minecraftforge.fml.loading.moddiscovery.ModFileParser/LOADING]: Considering mod file candidate C:\Users\Silvaria Zemaitis\AppData\Roaming\PrismLauncher\instances\IridescentCraft\minecraft\mods\mcw-trapdoors-1.1.5-mc1.20.1forge.jar
[15Mar2026 03:04:15.022] [main/DEBUG] [net.minecraftforge.fml.loading.moddiscovery.ModFileInfo/LOADING]: Found valid mod file mcw-trapdoors-1.1.5-mc1.20.1forge.jar with {mcwtrpdoors} mods - versions {1.1.5}
[15Mar2026 03:04:15.022] [main/DEBUG] [net.minecraftforge.fml.loading.moddiscovery.ModFile/LOADING]: Loading mod file C:\Users\Silvaria Zemaitis\AppData\Roaming\PrismLauncher\instances\IridescentCraft\minecraft\mods\mcw-trapdoors-1.1.5-mc1.20.1forge.jar with languages [LanguageSpec[languageName=javafml, acceptedVersions=[28,)]]
[15Mar2026 03:04:15.022] [main/DEBUG] [net.minecraftforge.fml.loading.moddiscovery.ModFileParser/LOADING]: Considering mod file candidate C:\Users\Silvaria Zemaitis\AppData\Roaming\PrismLauncher\instances\IridescentCraft\minecraft\mods\supermartijn642corelib-1.1.20-forge-mc1.20.1.jar
[15Mar2026 03:04:15.022] [main/DEBUG] [net.minecraftforge.fml.loading.moddiscovery.ModFileInfo/LOADING]: Found valid mod file supermartijn642corelib-1.1.20-forge-mc1.20.1.jar with {supermartijn642corelib} mods - versions {1.1.20}
[15Mar2026 03:04:15.022] [main/DEBUG] [net.minecraftforge.fml.loading.moddiscovery.ModFile/LOADING]: Loading mod file C:\Users\Silvaria Zemaitis\AppData\Roaming\PrismLauncher\instances\IridescentCraft\minecraft\mods\supermartijn642corelib-1.1.20-forge-mc1.20.1.jar with languages [LanguageSpec[languageName=javafml, acceptedVersions=[46,)]]
[15Mar2026 03:04:15.022] [main/DEBUG] [net.minecraftforge.fml.loading.moddiscovery.ModFileParser/LOADING]: Considering mod file candidate C:\Users\Silvaria Zemaitis\AppData\Roaming\PrismLauncher\instances\IridescentCraft\minecraft\mods\YungsBridges-1.20-Forge-4.0.3.jar
[15Mar2026 03:04:15.022] [main/DEBUG] [net.minecraftforge.fml.loading.moddiscovery.ModFileInfo/LOADING]: Found valid mod file YungsBridges-1.20-Forge-4.0.3.jar with {yungsbridges} mods - versions {1.20-Forge-4.0.3}
[15Mar2026 03:04:15.022] [main/DEBUG] [net.minecraftforge.fml.loading.moddiscovery.ModFile/LOADING]: Loading mod file C:\Users\Silvaria Zemaitis\AppData\Roaming\PrismLauncher\instances\IridescentCraft\minecraft\mods\YungsBridges-1.20-Forge-4.0.3.jar with languages [LanguageSpec[languageName=javafml, acceptedVersions=[46,)]]
[15Mar2026 03:04:15.022] [main/DEBUG] [net.minecraftforge.fml.loading.moddiscovery.ModFileParser/LOADING]: Considering mod file candidate C:\Users\Silvaria Zemaitis\AppData\Roaming\PrismLauncher\instances\IridescentCraft\minecraft\mods\resourcefulconfig-forge-1.20.1-2.1.3.jar
[15Mar2026 03:04:15.023] [main/DEBUG] [net.minecraftforge.fml.loading.moddiscovery.ModFileInfo/LOADING]: Found valid mod file resourcefulconfig-forge-1.20.1-2.1.3.jar with {resourcefulconfig} mods - versions {2.1.3}
[15Mar2026 03:04:15.023] [main/DEBUG] [net.minecraftforge.fml.loading.moddiscovery.ModFile/LOADING]: Loading mod file C:\Users\Silvaria Zemaitis\AppData\Roaming\PrismLauncher\instances\IridescentCraft\minecraft\mods\resourcefulconfig-forge-1.20.1-2.1.3.jar with languages [LanguageSpec[languageName=javafml, acceptedVersions=[46,)]]
[15Mar2026 03:04:15.023] [main/DEBUG] [net.minecraftforge.fml.loading.moddiscovery.ModFileParser/LOADING]: Considering mod file candidate C:\Users\Silvaria Zemaitis\AppData\Roaming\PrismLauncher\instances\IridescentCraft\minecraft\mods\enchantmenttransfer-0.0.6-1.20.1.jar
[15Mar2026 03:04:15.023] [main/DEBUG] [net.minecraftforge.fml.loading.moddiscovery.ModFileInfo/LOADING]: Found valid mod file enchantmenttransfer-0.0.6-1.20.1.jar with {enchantmenttransfer} mods - versions {0.0.6}
[15Mar2026 03:04:15.023] [main/DEBUG] [net.minecraftforge.fml.loading.moddiscovery.ModFile/LOADING]: Loading mod file C:\Users\Silvaria Zemaitis\AppData\Roaming\PrismLauncher\instances\IridescentCraft\minecraft\mods\enchantmenttransfer-0.0.6-1.20.1.jar with languages [LanguageSpec[languageName=javafml, acceptedVersions=[47,)]]
[15Mar2026 03:04:15.023] [main/DEBUG] [net.minecraftforge.fml.loading.moddiscovery.ModFileParser/LOADING]: Considering mod file candidate C:\Users\Silvaria Zemaitis\AppData\Roaming\PrismLauncher\instances\IridescentCraft\minecraft\mods\servercore-forge-1.5.2+1.20.1.jar
[15Mar2026 03:04:15.023] [main/DEBUG] [net.minecraftforge.fml.loading.moddiscovery.ModFileInfo/LOADING]: Found valid mod file servercore-forge-1.5.2+1.20.1.jar with {servercore} mods - versions {1.5.2+1.20.1}
[15Mar2026 03:04:15.023] [main/DEBUG] [net.minecraftforge.fml.loading.moddiscovery.ModFile/LOADING]: Loading mod file C:\Users\Silvaria Zemaitis\AppData\Roaming\PrismLauncher\instances\IridescentCraft\minecraft\mods\servercore-forge-1.5.2+1.20.1.jar with languages [LanguageSpec[languageName=javafml, acceptedVersions=[46,)]]
[15Mar2026 03:04:15.023] [main/DEBUG] [net.minecraftforge.fml.loading.moddiscovery.ModFileParser/LOADING]: Considering mod file candidate C:\Users\Silvaria Zemaitis\AppData\Roaming\PrismLauncher\instances\IridescentCraft\minecraft\mods\lootintegrations_dungeoncrawl-1.1.jar
[15Mar2026 03:04:15.023] [main/DEBUG] [net.minecraftforge.fml.loading.moddiscovery.ModFileInfo/LOADING]: Found valid mod file lootintegrations_dungeoncrawl-1.1.jar with {lootintegrations_dungeoncrawl} mods - versions {1}
[15Mar2026 03:04:15.023] [main/DEBUG] [net.minecraftforge.fml.loading.moddiscovery.ModFile/LOADING]: Loading mod file C:\Users\Silvaria Zemaitis\AppData\Roaming\PrismLauncher\instances\IridescentCraft\minecraft\mods\lootintegrations_dungeoncrawl-1.1.jar with languages [LanguageSpec[languageName=lowcodefml, acceptedVersions=[0,)]]
[15Mar2026 03:04:15.023] [main/DEBUG] [net.minecraftforge.fml.loading.moddiscovery.ModFileParser/LOADING]: Considering mod file candidate C:\Users\Silvaria Zemaitis\AppData\Roaming\PrismLauncher\instances\IridescentCraft\minecraft\mods\twilightaether-1.20.1-1.0.0.jar
[15Mar2026 03:04:15.023] [main/DEBUG] [net.minecraftforge.fml.loading.moddiscovery.ModFileInfo/LOADING]: Found valid mod file twilightaether-1.20.1-1.0.0.jar with {twilightaether} mods - versions {1.20.1-1.0.0}
[15Mar2026 03:04:15.023] [main/DEBUG] [net.minecraftforge.fml.loading.moddiscovery.ModFile/LOADING]: Loading mod file C:\Users\Silvaria Zemaitis\AppData\Roaming\PrismLauncher\instances\IridescentCraft\minecraft\mods\twilightaether-1.20.1-1.0.0.jar with languages [LanguageSpec[languageName=javafml, acceptedVersions=[47,)]]
[15Mar2026 03:04:15.023] [main/DEBUG] [net.minecraftforge.fml.loading.moddiscovery.ModFileParser/LOADING]: Considering mod file candidate C:\Users\Silvaria Zemaitis\AppData\Roaming\PrismLauncher\instances\IridescentCraft\minecraft\mods\curios-forge-5.14.1+1.20.1.jar
[15Mar2026 03:04:15.023] [main/DEBUG] [net.minecraftforge.fml.loading.moddiscovery.ModFileInfo/LOADING]: Found valid mod file curios-forge-5.14.1+1.20.1.jar with {curios} mods - versions {5.14.1+1.20.1}
[15Mar2026 03:04:15.023] [main/DEBUG] [net.minecraftforge.fml.loading.moddiscovery.ModFile/LOADING]: Loading mod file C:\Users\Silvaria Zemaitis\AppData\Roaming\PrismLauncher\instances\IridescentCraft\minecraft\mods\curios-forge-5.14.1+1.20.1.jar with languages [LanguageSpec[languageName=javafml, acceptedVersions=[41,)]]
[15Mar2026 03:04:15.023] [main/DEBUG] [net.minecraftforge.fml.loading.moddiscovery.ModFileParser/LOADING]: Considering mod file candidate C:\Users\Silvaria Zemaitis\AppData\Roaming\PrismLauncher\instances\IridescentCraft\minecraft\mods\origins-forge-1.20.1-1.10.0.9-all.jar
[15Mar2026 03:04:15.023] [main/DEBUG] [net.minecraftforge.fml.loading.moddiscovery.ModFileInfo/LOADING]: Found valid mod file origins-forge-1.20.1-1.10.0.9-all.jar with {origins} mods - versions {1.20.1-1.10.0.9}
[15Mar2026 03:04:15.023] [main/DEBUG] [net.minecraftforge.fml.loading.moddiscovery.ModFile/LOADING]: Loading mod file C:\Users\Silvaria Zemaitis\AppData\Roaming\PrismLauncher\instances\IridescentCraft\minecraft\mods\origins-forge-1.20.1-1.10.0.9-all.jar with languages [LanguageSpec[languageName=javafml, acceptedVersions=[47,)]]
[15Mar2026 03:04:15.023] [main/DEBUG] [net.minecraftforge.fml.loading.moddiscovery.ModFileParser/LOADING]: Considering mod file candidate C:\Users\Silvaria Zemaitis\AppData\Roaming\PrismLauncher\instances\IridescentCraft\minecraft\mods\Searchables-forge-1.20.1-1.0.3.jar
[15Mar2026 03:04:15.023] [main/DEBUG] [net.minecraftforge.fml.loading.moddiscovery.ModFileInfo/LOADING]: Found valid mod file Searchables-forge-1.20.1-1.0.3.jar with {searchables} mods - versions {1.0.3}
[15Mar2026 03:04:15.023] [main/DEBUG] [net.minecraftforge.fml.loading.moddiscovery.ModFile/LOADING]: Loading mod file C:\Users\Silvaria Zemaitis\AppData\Roaming\PrismLauncher\instances\IridescentCraft\minecraft\mods\Searchables-forge-1.20.1-1.0.3.jar with languages [LanguageSpec[languageName=javafml, acceptedVersions=[41,)]]
[15Mar2026 03:04:15.023] [main/DEBUG] [net.minecraftforge.fml.loading.moddiscovery.ModFileParser/LOADING]: Considering mod file candidate C:\Users\Silvaria Zemaitis\AppData\Roaming\PrismLauncher\instances\IridescentCraft\minecraft\mods\thermal_foundation-1.20.1-11.0.6.70.jar
[15Mar2026 03:04:15.023] [main/DEBUG] [net.minecraftforge.fml.loading.moddiscovery.ModFileInfo/LOADING]: Found valid mod file thermal_foundation-1.20.1-11.0.6.70.jar with {thermal_foundation} mods - versions {11.0.6}
[15Mar2026 03:04:15.023] [main/DEBUG] [net.minecraftforge.fml.loading.moddiscovery.ModFile/LOADING]: Loading mod file C:\Users\Silvaria Zemaitis\AppData\Roaming\PrismLauncher\instances\IridescentCraft\minecraft\mods\thermal_foundation-1.20.1-11.0.6.70.jar with languages [LanguageSpec[languageName=javafml, acceptedVersions=[47,)]]
[15Mar2026 03:04:15.023] [main/DEBUG] [net.minecraftforge.fml.loading.moddiscovery.ModFileParser/LOADING]: Considering mod file candidate 
[15Mar2026 03:04:15.023] [main/DEBUG] [net.minecraftforge.fml.loading.moddiscovery.ModFileInfo/LOADING]: Found valid mod file fabric-entity-events-v1-1.6.1+4ca7515277.jar with {fabric_entity_events_v1} mods - versions {1.6.1+4ca7515277}
[15Mar2026 03:04:15.023] [main/DEBUG] [net.minecraftforge.fml.loading.moddiscovery.ModFile/LOADING]: Loading mod file  with languages [LanguageSpec[languageName=javafml, acceptedVersions=[47,)]]
[15Mar2026 03:04:15.023] [main/DEBUG] [net.minecraftforge.fml.loading.moddiscovery.ModFileParser/LOADING]: Considering mod file candidate C:\Users\Silvaria Zemaitis\AppData\Roaming\PrismLauncher\instances\IridescentCraft\minecraft\mods\Icarus-Forge-2.13.1.jar
[15Mar2026 03:04:15.023] [main/DEBUG] [net.minecraftforge.fml.loading.moddiscovery.ModFileInfo/LOADING]: Found valid mod file Icarus-Forge-2.13.1.jar with {icarus} mods - versions {2.13.1}
[15Mar2026 03:04:15.023] [main/DEBUG] [net.minecraftforge.fml.loading.moddiscovery.ModFile/LOADING]: Loading mod file C:\Users\Silvaria Zemaitis\AppData\Roaming\PrismLauncher\instances\IridescentCraft\minecraft\mods\Icarus-Forge-2.13.1.jar with languages [LanguageSpec[languageName=javafml, acceptedVersions=*]]
[15Mar2026 03:04:15.023] [main/DEBUG] [net.minecraftforge.fml.loading.moddiscovery.ModFileParser/LOADING]: Considering mod file candidate C:\Users\Silvaria Zemaitis\AppData\Roaming\PrismLauncher\instances\IridescentCraft\minecraft\mods\rftoolsdim-1.20-11.0.10.jar
[15Mar2026 03:04:15.023] [main/DEBUG] [net.minecraftforge.fml.loading.moddiscovery.ModFileInfo/LOADING]: Found valid mod file rftoolsdim-1.20-11.0.10.jar with {rftoolsdim} mods - versions {1.20-11.0.10}
[15Mar2026 03:04:15.023] [main/DEBUG] [net.minecraftforge.fml.loading.moddiscovery.ModFile/LOADING]: Loading mod file C:\Users\Silvaria Zemaitis\AppData\Roaming\PrismLauncher\instances\IridescentCraft\minecraft\mods\rftoolsdim-1.20-11.0.10.jar with languages [LanguageSpec[languageName=javafml, acceptedVersions=[47,)]]
[15Mar2026 03:04:15.023] [main/DEBUG] [net.minecraftforge.fml.loading.moddiscovery.ModFileParser/LOADING]: Considering mod file candidate C:\Users\Silvaria Zemaitis\AppData\Roaming\PrismLauncher\instances\IridescentCraft\minecraft\mods\biomespawnpoint-1.20.1-2.4.jar
[15Mar2026 03:04:15.023] [main/DEBUG] [net.minecraftforge.fml.loading.moddiscovery.ModFileInfo/LOADING]: Found valid mod file biomespawnpoint-1.20.1-2.4.jar with {biomespawnpoint} mods - versions {2.4}
[15Mar2026 03:04:15.023] [main/DEBUG] [net.minecraftforge.fml.loading.moddiscovery.ModFile/LOADING]: Loading mod file C:\Users\Silvaria Zemaitis\AppData\Roaming\PrismLauncher\instances\IridescentCraft\minecraft\mods\biomespawnpoint-1.20.1-2.4.jar with languages [LanguageSpec[languageName=javafml, acceptedVersions=*]]
[15Mar2026 03:04:15.023] [main/DEBUG] [net.minecraftforge.fml.loading.moddiscovery.ModFileParser/LOADING]: Considering mod file candidate C:\Users\Silvaria Zemaitis\AppData\Roaming\PrismLauncher\instances\IridescentCraft\minecraft\mods\TATOS 1.0.5_beta.jar
[15Mar2026 03:04:15.023] [main/DEBUG] [net.minecraftforge.fml.loading.moddiscovery.ModFileInfo/LOADING]: Found valid mod file TATOS 1.0.5_beta.jar with {theabyss} mods - versions {1.0.0}
[15Mar2026 03:04:15.023] [main/DEBUG] [net.minecraftforge.fml.loading.moddiscovery.ModFile/LOADING]: Loading mod file C:\Users\Silvaria Zemaitis\AppData\Roaming\PrismLauncher\instances\IridescentCraft\minecraft\mods\TATOS 1.0.5_beta.jar with languages [LanguageSpec[languageName=javafml, acceptedVersions=[47,)]]
[15Mar2026 03:04:15.024] [main/DEBUG] [net.minecraftforge.fml.loading.moddiscovery.ModFileParser/LOADING]: Considering mod file candidate C:\Users\Silvaria Zemaitis\AppData\Roaming\PrismLauncher\instances\IridescentCraft\minecraft\mods\deimos-1.20.1-forge-2.5.jar
[15Mar2026 03:04:15.024] [main/DEBUG] [net.minecraftforge.fml.loading.moddiscovery.ModFileInfo/LOADING]: Found valid mod file deimos-1.20.1-forge-2.5.jar with {deimos} mods - versions {2.5}
[15Mar2026 03:04:15.024] [main/DEBUG] [net.minecraftforge.fml.loading.moddiscovery.ModFile/LOADING]: Loading mod file C:\Users\Silvaria Zemaitis\AppData\Roaming\PrismLauncher\instances\IridescentCraft\minecraft\mods\deimos-1.20.1-forge-2.5.jar with languages [LanguageSpec[languageName=javafml, acceptedVersions=[46,)]]
[15Mar2026 03:04:15.024] [main/DEBUG] [net.minecraftforge.fml.loading.moddiscovery.ModFileParser/LOADING]: Considering mod file candidate C:\Users\Silvaria Zemaitis\AppData\Roaming\PrismLauncher\instances\IridescentCraft\minecraft\mods\mcw-furniture-3.4.1-mc1.20.1forge.jar
[15Mar2026 03:04:15.024] [main/DEBUG] [net.minecraftforge.fml.loading.moddiscovery.ModFileInfo/LOADING]: Found valid mod file mcw-furniture-3.4.1-mc1.20.1forge.jar with {mcwfurnitures} mods - versions {3.4.1}
[15Mar2026 03:04:15.024] [main/DEBUG] [net.minecraftforge.fml.loading.moddiscovery.ModFile/LOADING]: Loading mod file C:\Users\Silvaria Zemaitis\AppData\Roaming\PrismLauncher\instances\IridescentCraft\minecraft\mods\mcw-furniture-3.4.1-mc1.20.1forge.jar with languages [LanguageSpec[languageName=javafml, acceptedVersions=[28,)]]
[15Mar2026 03:04:15.024] [main/DEBUG] [net.minecraftforge.fml.loading.moddiscovery.ModFileParser/LOADING]: Considering mod file candidate C:\Users\Silvaria Zemaitis\AppData\Roaming\PrismLauncher\instances\IridescentCraft\minecraft\mods\netherskeletons-5.0-forge-1.20.1.jar
[15Mar2026 03:04:15.024] [main/DEBUG] [net.minecraftforge.fml.loading.moddiscovery.ModFileInfo/LOADING]: Found valid mod file netherskeletons-5.0-forge-1.20.1.jar with {netherskeletons} mods - versions {5.0}
[15Mar2026 03:04:15.024] [main/DEBUG] [net.minecraftforge.fml.loading.moddiscovery.ModFile/LOADING]: Loading mod file C:\Users\Silvaria Zemaitis\AppData\Roaming\PrismLauncher\instances\IridescentCraft\minecraft\mods\netherskeletons-5.0-forge-1.20.1.jar with languages [LanguageSpec[languageName=javafml, acceptedVersions=[47,)]]
[15Mar2026 03:04:15.024] [main/DEBUG] [net.minecraftforge.fml.loading.moddiscovery.ModFileParser/LOADING]: Considering mod file candidate C:\Users\Silvaria Zemaitis\AppData\Roaming\PrismLauncher\instances\IridescentCraft\minecraft\mods\deep_aether-1.20.1-1.1.7.jar
[15Mar2026 03:04:15.024] [main/DEBUG] [net.minecraftforge.fml.loading.moddiscovery.ModFileInfo/LOADING]: Found valid mod file deep_aether-1.20.1-1.1.7.jar with {deep_aether} mods - versions {1.20.1-1.1.7}
[15Mar2026 03:04:15.024] [main/DEBUG] [net.minecraftforge.fml.loading.moddiscovery.ModFile/LOADING]: Loading mod file C:\Users\Silvaria Zemaitis\AppData\Roaming\PrismLauncher\instances\IridescentCraft\minecraft\mods\deep_aether-1.20.1-1.1.7.jar with languages [LanguageSpec[languageName=javafml, acceptedVersions=[47,)]]
[15Mar2026 03:04:15.024] [main/DEBUG] [net.minecraftforge.fml.loading.moddiscovery.ModFileParser/LOADING]: Considering mod file candidate C:\Users\Silvaria Zemaitis\AppData\Roaming\PrismLauncher\instances\IridescentCraft\minecraft\mods\mobtimizations-forge-1.20.1-1.0.1.jar
[15Mar2026 03:04:15.024] [main/DEBUG] [net.minecraftforge.fml.loading.moddiscovery.ModFileInfo/LOADING]: Found valid mod file mobtimizations-forge-1.20.1-1.0.1.jar with {mobtimizations} mods - versions {1.20.1-1.0.1}
[15Mar2026 03:04:15.024] [main/DEBUG] [net.minecraftforge.fml.loading.moddiscovery.ModFile/LOADING]: Loading mod file C:\Users\Silvaria Zemaitis\AppData\Roaming\PrismLauncher\instances\IridescentCraft\minecraft\mods\mobtimizations-forge-1.20.1-1.0.1.jar with languages [LanguageSpec[languageName=javafml, acceptedVersions=[47,)]]
[15Mar2026 03:04:15.024] [main/DEBUG] [net.minecraftforge.fml.loading.moddiscovery.ModFileParser/LOADING]: Considering mod file candidate C:\Users\Silvaria Zemaitis\AppData\Roaming\PrismLauncher\instances\IridescentCraft\minecraft\mods\cataclysm_ut-53 - 1.20.1.jar
[15Mar2026 03:04:15.024] [main/DEBUG] [net.minecraftforge.fml.loading.moddiscovery.ModFileInfo/LOADING]: Found valid mod file cataclysm_ut-53 - 1.20.1.jar with {cataclysm_ut} mods - versions {1.9.10}
[15Mar2026 03:04:15.024] [main/DEBUG] [net.minecraftforge.fml.loading.moddiscovery.ModFile/LOADING]: Loading mod file C:\Users\Silvaria Zemaitis\AppData\Roaming\PrismLauncher\instances\IridescentCraft\minecraft\mods\cataclysm_ut-53 - 1.20.1.jar with languages [LanguageSpec[languageName=javafml, acceptedVersions=[47,)]]
[15Mar2026 03:04:15.024] [main/DEBUG] [net.minecraftforge.fml.loading.moddiscovery.ModFileParser/LOADING]: Considering mod file candidate C:\Users\Silvaria Zemaitis\AppData\Roaming\PrismLauncher\instances\IridescentCraft\minecraft\mods\CodeChickenLib-1.20.1-4.4.0.516-universal.jar
[15Mar2026 03:04:15.024] [main/DEBUG] [net.minecraftforge.fml.loading.moddiscovery.ModFileInfo/LOADING]: Found valid mod file CodeChickenLib-1.20.1-4.4.0.516-universal.jar with {codechickenlib} mods - versions {4.4.0.516}
[15Mar2026 03:04:15.024] [main/DEBUG] [net.minecraftforge.fml.loading.moddiscovery.ModFile/LOADING]: Loading mod file C:\Users\Silvaria Zemaitis\AppData\Roaming\PrismLauncher\instances\IridescentCraft\minecraft\mods\CodeChickenLib-1.20.1-4.4.0.516-universal.jar with languages [LanguageSpec[languageName=javafml, acceptedVersions=[47,)]]
[15Mar2026 03:04:15.024] [main/DEBUG] [net.minecraftforge.fml.loading.moddiscovery.ModFileParser/LOADING]: Considering mod file candidate C:\Users\Silvaria Zemaitis\AppData\Roaming\PrismLauncher\instances\IridescentCraft\minecraft\mods\Disenchanting-forge-1.20.1-2.2.4.jar
[15Mar2026 03:04:15.024] [main/DEBUG] [net.minecraftforge.fml.loading.moddiscovery.ModFileInfo/LOADING]: Found valid mod file Disenchanting-forge-1.20.1-2.2.4.jar with {disenchanting} mods - versions {2.2.3}
[15Mar2026 03:04:15.024] [main/DEBUG] [net.minecraftforge.fml.loading.moddiscovery.ModFile/LOADING]: Loading mod file C:\Users\Silvaria Zemaitis\AppData\Roaming\PrismLauncher\instances\IridescentCraft\minecraft\mods\Disenchanting-forge-1.20.1-2.2.4.jar with languages [LanguageSpec[languageName=javafml, acceptedVersions=[26,)]]
[15Mar2026 03:04:15.024] [main/DEBUG] [net.minecraftforge.fml.loading.moddiscovery.ModFileParser/LOADING]: Considering mod file candidate C:\Users\Silvaria Zemaitis\AppData\Roaming\PrismLauncher\instances\IridescentCraft\minecraft\mods\YungsBetterMineshafts-1.20-Forge-4.0.4.jar
[15Mar2026 03:04:15.024] [main/DEBUG] [net.minecraftforge.fml.loading.moddiscovery.ModFileInfo/LOADING]: Found valid mod file YungsBetterMineshafts-1.20-Forge-4.0.4.jar with {bettermineshafts} mods - versions {1.20-Forge-4.0.4}
[15Mar2026 03:04:15.024] [main/DEBUG] [net.minecraftforge.fml.loading.moddiscovery.ModFile/LOADING]: Loading mod file C:\Users\Silvaria Zemaitis\AppData\Roaming\PrismLauncher\instances\IridescentCraft\minecraft\mods\YungsBetterMineshafts-1.20-Forge-4.0.4.jar with languages [LanguageSpec[languageName=javafml, acceptedVersions=[46,)]]
[15Mar2026 03:04:15.024] [main/DEBUG] [net.minecraftforge.fml.loading.moddiscovery.ModFileParser/LOADING]: Considering mod file candidate C:\Users\Silvaria Zemaitis\AppData\Roaming\PrismLauncher\instances\IridescentCraft\minecraft\mods\thermal_dynamics-1.20.1-11.0.1.23.jar
[15Mar2026 03:04:15.024] [main/DEBUG] [net.minecraftforge.fml.loading.moddiscovery.ModFileInfo/LOADING]: Found valid mod file thermal_dynamics-1.20.1-11.0.1.23.jar with {thermal_dynamics} mods - versions {11.0.1}
[15Mar2026 03:04:15.024] [main/DEBUG] [net.minecraftforge.fml.loading.moddiscovery.ModFile/LOADING]: Loading mod file C:\Users\Silvaria Zemaitis\AppData\Roaming\PrismLauncher\instances\IridescentCraft\minecraft\mods\thermal_dynamics-1.20.1-11.0.1.23.jar with languages [LanguageSpec[languageName=javafml, acceptedVersions=[47,)]]
[15Mar2026 03:04:15.024] [main/DEBUG] [net.minecraftforge.fml.loading.moddiscovery.ModFileParser/LOADING]: Considering mod file candidate 
[15Mar2026 03:04:15.024] [main/DEBUG] [net.minecraftforge.fml.loading.moddiscovery.ModFileInfo/LOADING]: Found valid mod file fabric-dimensions-v1-2.1.55+8005d10d77.jar with {fabric_dimensions_v1} mods - versions {2.1.55+8005d10d77}
[15Mar2026 03:04:15.024] [main/DEBUG] [net.minecraftforge.fml.loading.moddiscovery.ModFile/LOADING]: Loading mod file  with languages [LanguageSpec[languageName=javafml, acceptedVersions=[47,)]]
[15Mar2026 03:04:15.024] [main/DEBUG] [net.minecraftforge.fml.loading.moddiscovery.ModFileParser/LOADING]: Considering mod file candidate C:\Users\Silvaria Zemaitis\AppData\Roaming\PrismLauncher\instances\IridescentCraft\minecraft\mods\elytraslot-forge-6.4.4+1.20.1.jar
[15Mar2026 03:04:15.024] [main/DEBUG] [net.minecraftforge.fml.loading.moddiscovery.ModFileInfo/LOADING]: Found valid mod file elytraslot-forge-6.4.4+1.20.1.jar with {elytraslot} mods - versions {6.4.4+1.20.1}
[15Mar2026 03:04:15.024] [main/DEBUG] [net.minecraftforge.fml.loading.moddiscovery.ModFile/LOADING]: Loading mod file C:\Users\Silvaria Zemaitis\AppData\Roaming\PrismLauncher\instances\IridescentCraft\minecraft\mods\elytraslot-forge-6.4.4+1.20.1.jar with languages [LanguageSpec[languageName=javafml, acceptedVersions=[41,)]]
[15Mar2026 03:04:15.024] [main/DEBUG] [net.minecraftforge.fml.loading.moddiscovery.ModFileParser/LOADING]: Considering mod file candidate C:\Users\Silvaria Zemaitis\AppData\Roaming\PrismLauncher\instances\IridescentCraft\minecraft\mods\BetterAnimationsCollection-v8.0.1-1.20.1-Forge.jar
[15Mar2026 03:04:15.024] [main/DEBUG] [net.minecraftforge.fml.loading.moddiscovery.ModFileInfo/LOADING]: Found valid mod file BetterAnimationsCollection-v8.0.1-1.20.1-Forge.jar with {betteranimationscollection} mods - versions {8.0.1}
[15Mar2026 03:04:15.024] [main/DEBUG] [net.minecraftforge.fml.loading.moddiscovery.ModFile/LOADING]: Loading mod file C:\Users\Silvaria Zemaitis\AppData\Roaming\PrismLauncher\instances\IridescentCraft\minecraft\mods\BetterAnimationsCollection-v8.0.1-1.20.1-Forge.jar with languages [LanguageSpec[languageName=javafml, acceptedVersions=[47,)]]
[15Mar2026 03:04:15.024] [main/DEBUG] [net.minecraftforge.fml.loading.moddiscovery.ModFileParser/LOADING]: Considering mod file candidate 
[15Mar2026 03:04:15.024] [main/DEBUG] [net.minecraftforge.fml.loading.moddiscovery.ModFileInfo/LOADING]: Found valid mod file l2tabs-0.3.1.jar with {l2tabs} mods - versions {0.3.1}
[15Mar2026 03:04:15.024] [main/DEBUG] [net.minecraftforge.fml.loading.moddiscovery.ModFile/LOADING]: Loading mod file  with languages [LanguageSpec[languageName=javafml, acceptedVersions=[46,)]]
[15Mar2026 03:04:15.024] [main/DEBUG] [net.minecraftforge.fml.loading.moddiscovery.ModFileParser/LOADING]: Considering mod file candidate C:\Users\Silvaria Zemaitis\AppData\Roaming\PrismLauncher\instances\IridescentCraft\minecraft\mods\ftb-library-forge-2001.2.12.jar
[15Mar2026 03:04:15.024] [main/DEBUG] [net.minecraftforge.fml.loading.moddiscovery.ModFileInfo/LOADING]: Found valid mod file ftb-library-forge-2001.2.12.jar with {ftblibrary} mods - versions {2001.2.12}
[15Mar2026 03:04:15.025] [main/DEBUG] [net.minecraftforge.fml.loading.moddiscovery.ModFile/LOADING]: Loading mod file C:\Users\Silvaria Zemaitis\AppData\Roaming\PrismLauncher\instances\IridescentCraft\minecraft\mods\ftb-library-forge-2001.2.12.jar with languages [LanguageSpec[languageName=javafml, acceptedVersions=[47,)]]
[15Mar2026 03:04:15.025] [main/DEBUG] [net.minecraftforge.fml.loading.moddiscovery.ModFileParser/LOADING]: Considering mod file candidate C:\Users\Silvaria Zemaitis\AppData\Roaming\PrismLauncher\instances\IridescentCraft\minecraft\mods\JustEnoughAdvancements-1.20.1-5.0.1.jar
[15Mar2026 03:04:15.025] [main/DEBUG] [net.minecraftforge.fml.loading.moddiscovery.ModFileInfo/LOADING]: Found valid mod file JustEnoughAdvancements-1.20.1-5.0.1.jar with {jea} mods - versions {1.20.1-5.0.1}
[15Mar2026 03:04:15.025] [main/DEBUG] [net.minecraftforge.fml.loading.moddiscovery.ModFile/LOADING]: Loading mod file C:\Users\Silvaria Zemaitis\AppData\Roaming\PrismLauncher\instances\IridescentCraft\minecraft\mods\JustEnoughAdvancements-1.20.1-5.0.1.jar with languages [LanguageSpec[languageName=javafml, acceptedVersions=[47,)]]
[15Mar2026 03:04:15.025] [main/DEBUG] [net.minecraftforge.fml.loading.moddiscovery.ModFileParser/LOADING]: Considering mod file candidate C:\Users\Silvaria Zemaitis\AppData\Roaming\PrismLauncher\instances\IridescentCraft\minecraft\mods\culturaldelights-0.16.5.jar
[15Mar2026 03:04:15.025] [main/DEBUG] [net.minecraftforge.fml.loading.moddiscovery.ModFileInfo/LOADING]: Found valid mod file culturaldelights-0.16.5.jar with {culturaldelights} mods - versions {0.16.5}
[15Mar2026 03:04:15.025] [main/DEBUG] [net.minecraftforge.fml.loading.moddiscovery.ModFile/LOADING]: Loading mod file C:\Users\Silvaria Zemaitis\AppData\Roaming\PrismLauncher\instances\IridescentCraft\minecraft\mods\culturaldelights-0.16.5.jar with languages [LanguageSpec[languageName=javafml, acceptedVersions=[47,)]]
[15Mar2026 03:04:15.025] [main/DEBUG] [net.minecraftforge.fml.loading.moddiscovery.ModFileParser/LOADING]: Considering mod file candidate C:\Users\Silvaria Zemaitis\AppData\Roaming\PrismLauncher\instances\IridescentCraft\minecraft\mods\edf-remastered-4.3.jar
[15Mar2026 03:04:15.025] [main/DEBUG] [net.minecraftforge.fml.loading.moddiscovery.ModFileInfo/LOADING]: Found valid mod file edf-remastered-4.3.jar with {mr_edf_remastered} mods - versions {4.3}
[15Mar2026 03:04:15.025] [main/DEBUG] [net.minecraftforge.fml.loading.moddiscovery.ModFile/LOADING]: Loading mod file C:\Users\Silvaria Zemaitis\AppData\Roaming\PrismLauncher\instances\IridescentCraft\minecraft\mods\edf-remastered-4.3.jar with languages [LanguageSpec[languageName=lowcodefml, acceptedVersions=[40,)]]
[15Mar2026 03:04:15.025] [main/DEBUG] [net.minecraftforge.fml.loading.moddiscovery.ModFileParser/LOADING]: Considering mod file candidate 
[15Mar2026 03:04:15.025] [main/DEBUG] [net.minecraftforge.fml.loading.moddiscovery.ModFileInfo/LOADING]: Found valid mod file fabric-model-loading-api-v1-1.0.4+6274ab9d77.jar with {fabric_model_loading_api_v1} mods - versions {1.0.4+6274ab9d77}
[15Mar2026 03:04:15.025] [main/DEBUG] [net.minecraftforge.fml.loading.moddiscovery.ModFile/LOADING]: Loading mod file  with languages [LanguageSpec[languageName=javafml, acceptedVersions=[47,)]]
[15Mar2026 03:04:15.025] [main/DEBUG] [net.minecraftforge.fml.loading.moddiscovery.ModFileParser/LOADING]: Considering mod file candidate C:\Users\Silvaria Zemaitis\AppData\Roaming\PrismLauncher\instances\IridescentCraft\minecraft\mods\jei-1.20.1-forge-15.20.0.129.jar
[15Mar2026 03:04:15.025] [main/DEBUG] [net.minecraftforge.fml.loading.moddiscovery.ModFileInfo/LOADING]: Found valid mod file jei-1.20.1-forge-15.20.0.129.jar with {jei} mods - versions {15.20.0.129}
[15Mar2026 03:04:15.025] [main/DEBUG] [net.minecraftforge.fml.loading.moddiscovery.ModFile/LOADING]: Loading mod file C:\Users\Silvaria Zemaitis\AppData\Roaming\PrismLauncher\instances\IridescentCraft\minecraft\mods\jei-1.20.1-forge-15.20.0.129.jar with languages [LanguageSpec[languageName=javafml, acceptedVersions=[47,)]]
[15Mar2026 03:04:15.025] [main/DEBUG] [net.minecraftforge.fml.loading.moddiscovery.ModFileParser/LOADING]: Considering mod file candidate C:\Users\Silvaria Zemaitis\AppData\Roaming\PrismLauncher\instances\IridescentCraft\minecraft\mods\lithostitched-forge-1.20.1-1.4.11.jar
[15Mar2026 03:04:15.025] [main/DEBUG] [net.minecraftforge.fml.loading.moddiscovery.ModFileInfo/LOADING]: Found valid mod file lithostitched-forge-1.20.1-1.4.11.jar with {lithostitched} mods - versions {1.4.11}
[15Mar2026 03:04:15.025] [main/DEBUG] [net.minecraftforge.fml.loading.moddiscovery.ModFile/LOADING]: Loading mod file C:\Users\Silvaria Zemaitis\AppData\Roaming\PrismLauncher\instances\IridescentCraft\minecraft\mods\lithostitched-forge-1.20.1-1.4.11.jar with languages [LanguageSpec[languageName=javafml, acceptedVersions=[46,)]]
[15Mar2026 03:04:15.025] [main/DEBUG] [net.minecraftforge.fml.loading.moddiscovery.ModFileParser/LOADING]: Considering mod file candidate C:\Users\Silvaria Zemaitis\AppData\Roaming\PrismLauncher\instances\IridescentCraft\minecraft\mods\multipiston-1.20-0.0.47-snapshot.jar
[15Mar2026 03:04:15.025] [main/DEBUG] [net.minecraftforge.fml.loading.moddiscovery.ModFileInfo/LOADING]: Found valid mod file multipiston-1.20-0.0.47-snapshot.jar with {multipiston} mods - versions {1.20-0.0.47-snapshot}
[15Mar2026 03:04:15.025] [main/DEBUG] [net.minecraftforge.fml.loading.moddiscovery.ModFile/LOADING]: Loading mod file C:\Users\Silvaria Zemaitis\AppData\Roaming\PrismLauncher\instances\IridescentCraft\minecraft\mods\multipiston-1.20-0.0.47-snapshot.jar with languages [LanguageSpec[languageName=javafml, acceptedVersions=[38,)]]
[15Mar2026 03:04:15.025] [main/DEBUG] [net.minecraftforge.fml.loading.moddiscovery.ModFileParser/LOADING]: Considering mod file candidate C:\Users\Silvaria Zemaitis\AppData\Roaming\PrismLauncher\instances\IridescentCraft\minecraft\mods\Pehkui-3.8.2+1.20.1-forge.jar
[15Mar2026 03:04:15.025] [main/DEBUG] [net.minecraftforge.fml.loading.moddiscovery.ModFileInfo/LOADING]: Found valid mod file Pehkui-3.8.2+1.20.1-forge.jar with {pehkui} mods - versions {3.8.2+1.20.1-forge}
[15Mar2026 03:04:15.025] [main/DEBUG] [net.minecraftforge.fml.loading.moddiscovery.ModFile/LOADING]: Loading mod file C:\Users\Silvaria Zemaitis\AppData\Roaming\PrismLauncher\instances\IridescentCraft\minecraft\mods\Pehkui-3.8.2+1.20.1-forge.jar with languages [LanguageSpec[languageName=javafml, acceptedVersions=[28,)]]
[15Mar2026 03:04:15.025] [main/DEBUG] [net.minecraftforge.fml.loading.moddiscovery.ModFileParser/LOADING]: Considering mod file candidate C:\Users\Silvaria Zemaitis\AppData\Roaming\PrismLauncher\instances\IridescentCraft\minecraft\mods\Mekanism-1.20.1-10.4.16.80.jar
[15Mar2026 03:04:15.025] [main/DEBUG] [net.minecraftforge.fml.loading.moddiscovery.ModFileInfo/LOADING]: Found valid mod file Mekanism-1.20.1-10.4.16.80.jar with {mekanism} mods - versions {10.4.16}
[15Mar2026 03:04:15.025] [main/DEBUG] [net.minecraftforge.fml.loading.moddiscovery.ModFile/LOADING]: Loading mod file C:\Users\Silvaria Zemaitis\AppData\Roaming\PrismLauncher\instances\IridescentCraft\minecraft\mods\Mekanism-1.20.1-10.4.16.80.jar with languages [LanguageSpec[languageName=javafml, acceptedVersions=[47,)]]
[15Mar2026 03:04:15.025] [main/DEBUG] [net.minecraftforge.fml.loading.moddiscovery.ModFileParser/LOADING]: Considering mod file candidate C:\Users\Silvaria Zemaitis\AppData\Roaming\PrismLauncher\instances\IridescentCraft\minecraft\mods\larger-ore-veins-deluxe-1.2.2.jar
[15Mar2026 03:04:15.025] [main/DEBUG] [net.minecraftforge.fml.loading.moddiscovery.ModFileInfo/LOADING]: Found valid mod file larger-ore-veins-deluxe-1.2.2.jar with {mr_larger_oreveinsdeluxe} mods - versions {1.2.2}
[15Mar2026 03:04:15.025] [main/DEBUG] [net.minecraftforge.fml.loading.moddiscovery.ModFile/LOADING]: Loading mod file C:\Users\Silvaria Zemaitis\AppData\Roaming\PrismLauncher\instances\IridescentCraft\minecraft\mods\larger-ore-veins-deluxe-1.2.2.jar with languages [LanguageSpec[languageName=lowcodefml, acceptedVersions=[40,)]]
[15Mar2026 03:04:15.025] [main/DEBUG] [net.minecraftforge.fml.loading.moddiscovery.ModFileParser/LOADING]: Considering mod file candidate 
[15Mar2026 03:04:15.025] [main/DEBUG] [net.minecraftforge.fml.loading.moddiscovery.ModFileInfo/LOADING]: Found valid mod file fabric-rendering-v1-3.0.9+66e9a48f77.jar with {fabric_rendering_v1} mods - versions {3.0.9+66e9a48f77}
[15Mar2026 03:04:15.025] [main/DEBUG] [net.minecraftforge.fml.loading.moddiscovery.ModFile/LOADING]: Loading mod file  with languages [LanguageSpec[languageName=javafml, acceptedVersions=[47,)]]
[15Mar2026 03:04:15.025] [main/DEBUG] [net.minecraftforge.fml.loading.moddiscovery.ModFileParser/LOADING]: Considering mod file candidate C:\Users\Silvaria Zemaitis\AppData\Roaming\PrismLauncher\instances\IridescentCraft\minecraft\mods\kubejs-thermal-2001.1.10-build.2.jar
[15Mar2026 03:04:15.025] [main/DEBUG] [net.minecraftforge.fml.loading.moddiscovery.ModFileInfo/LOADING]: Found valid mod file kubejs-thermal-2001.1.10-build.2.jar with {kubejs_thermal} mods - versions {2001.1.10-build.2}
[15Mar2026 03:04:15.025] [main/DEBUG] [net.minecraftforge.fml.loading.moddiscovery.ModFile/LOADING]: Loading mod file C:\Users\Silvaria Zemaitis\AppData\Roaming\PrismLauncher\instances\IridescentCraft\minecraft\mods\kubejs-thermal-2001.1.10-build.2.jar with languages [LanguageSpec[languageName=javafml, acceptedVersions=[32,)]]
[15Mar2026 03:04:15.025] [main/DEBUG] [net.minecraftforge.fml.loading.moddiscovery.ModFileParser/LOADING]: Considering mod file candidate C:\Users\Silvaria Zemaitis\AppData\Roaming\PrismLauncher\instances\IridescentCraft\minecraft\mods\xp_from_crops-1.0.0-forge-1.20.1.jar
[15Mar2026 03:04:15.025] [main/DEBUG] [net.minecraftforge.fml.loading.moddiscovery.ModFileInfo/LOADING]: Found valid mod file xp_from_crops-1.0.0-forge-1.20.1.jar with {xp_from_crops} mods - versions {1.0.0}
[15Mar2026 03:04:15.025] [main/DEBUG] [net.minecraftforge.fml.loading.moddiscovery.ModFile/LOADING]: Loading mod file C:\Users\Silvaria Zemaitis\AppData\Roaming\PrismLauncher\instances\IridescentCraft\minecraft\mods\xp_from_crops-1.0.0-forge-1.20.1.jar with languages [LanguageSpec[languageName=javafml, acceptedVersions=[47,)]]
[15Mar2026 03:04:15.025] [main/DEBUG] [net.minecraftforge.fml.loading.moddiscovery.ModFileParser/LOADING]: Considering mod file candidate 
[15Mar2026 03:04:15.025] [main/DEBUG] [net.minecraftforge.fml.loading.moddiscovery.ModFileInfo/LOADING]: Found valid mod file fabric-renderer-indigo-1.5.3+b5b2da4177.jar with {fabric_renderer_indigo} mods - versions {1.5.3+b5b2da4177}
[15Mar2026 03:04:15.025] [main/DEBUG] [net.minecraftforge.fml.loading.moddiscovery.ModFile/LOADING]: Loading mod file  with languages [LanguageSpec[languageName=javafml, acceptedVersions=[47,)]]
[15Mar2026 03:04:15.025] [main/DEBUG] [net.minecraftforge.fml.loading.moddiscovery.ModFileParser/LOADING]: Considering mod file candidate C:\Users\Silvaria Zemaitis\AppData\Roaming\PrismLauncher\instances\IridescentCraft\minecraft\mods\fallingleaves-1.20.1-2.1.2.jar
[15Mar2026 03:04:15.025] [main/DEBUG] [net.minecraftforge.fml.loading.moddiscovery.ModFileInfo/LOADING]: Found valid mod file fallingleaves-1.20.1-2.1.2.jar with {fallingleaves} mods - versions {2.1.2}
[15Mar2026 03:04:15.025] [main/DEBUG] [net.minecraftforge.fml.loading.moddiscovery.ModFile/LOADING]: Loading mod file C:\Users\Silvaria Zemaitis\AppData\Roaming\PrismLauncher\instances\IridescentCraft\minecraft\mods\fallingleaves-1.20.1-2.1.2.jar with languages [LanguageSpec[languageName=javafml, acceptedVersions=[47,)]]
[15Mar2026 03:04:15.026] [main/DEBUG] [net.minecraftforge.fml.loading.moddiscovery.ModFileParser/LOADING]: Considering mod file candidate C:\Users\Silvaria Zemaitis\AppData\Roaming\PrismLauncher\instances\IridescentCraft\minecraft\mods\kubejsarsnouveau-1.2.2.jar
[15Mar2026 03:04:15.026] [main/DEBUG] [net.minecraftforge.fml.loading.moddiscovery.ModFileInfo/LOADING]: Found valid mod file kubejsarsnouveau-1.2.2.jar with {kubejsarsnouveau} mods - versions {1.2.2}
[15Mar2026 03:04:15.026] [main/DEBUG] [net.minecraftforge.fml.loading.moddiscovery.ModFile/LOADING]: Loading mod file C:\Users\Silvaria Zemaitis\AppData\Roaming\PrismLauncher\instances\IridescentCraft\minecraft\mods\kubejsarsnouveau-1.2.2.jar with languages [LanguageSpec[languageName=javafml, acceptedVersions=[47,)]]
[15Mar2026 03:04:15.026] [main/DEBUG] [net.minecraftforge.fml.loading.moddiscovery.ModFileParser/LOADING]: Considering mod file candidate C:\Users\Silvaria Zemaitis\AppData\Roaming\PrismLauncher\instances\IridescentCraft\minecraft\mods\NaturesCompass-1.20.1-1.11.2-forge.jar
[15Mar2026 03:04:15.026] [main/DEBUG] [net.minecraftforge.fml.loading.moddiscovery.ModFileInfo/LOADING]: Found valid mod file NaturesCompass-1.20.1-1.11.2-forge.jar with {naturescompass} mods - versions {1.20.1-1.11.2-forge}
[15Mar2026 03:04:15.026] [main/DEBUG] [net.minecraftforge.fml.loading.moddiscovery.ModFile/LOADING]: Loading mod file C:\Users\Silvaria Zemaitis\AppData\Roaming\PrismLauncher\instances\IridescentCraft\minecraft\mods\NaturesCompass-1.20.1-1.11.2-forge.jar with languages [LanguageSpec[languageName=javafml, acceptedVersions=[47,)]]
[15Mar2026 03:04:15.026] [main/DEBUG] [net.minecraftforge.fml.loading.moddiscovery.ModFileParser/LOADING]: Considering mod file candidate C:\Users\Silvaria Zemaitis\AppData\Roaming\PrismLauncher\instances\IridescentCraft\minecraft\mods\Aethersteel-v5.5-1.20.1.jar
[15Mar2026 03:04:15.026] [main/DEBUG] [net.minecraftforge.fml.loading.moddiscovery.ModFileInfo/LOADING]: Found valid mod file Aethersteel-v5.5-1.20.1.jar with {aethersteel} mods - versions {5.5}
[15Mar2026 03:04:15.026] [main/DEBUG] [net.minecraftforge.fml.loading.moddiscovery.ModFile/LOADING]: Loading mod file C:\Users\Silvaria Zemaitis\AppData\Roaming\PrismLauncher\instances\IridescentCraft\minecraft\mods\Aethersteel-v5.5-1.20.1.jar with languages [LanguageSpec[languageName=javafml, acceptedVersions=[47,)]]
[15Mar2026 03:04:15.026] [main/DEBUG] [net.minecraftforge.fml.loading.moddiscovery.ModFileParser/LOADING]: Considering mod file candidate C:\Users\Silvaria Zemaitis\AppData\Roaming\PrismLauncher\instances\IridescentCraft\minecraft\mods\SereneSeasons-forge-1.20.1-9.1.0.2.jar
[15Mar2026 03:04:15.026] [main/DEBUG] [net.minecraftforge.fml.loading.moddiscovery.ModFileInfo/LOADING]: Found valid mod file SereneSeasons-forge-1.20.1-9.1.0.2.jar with {sereneseasons} mods - versions {9.1.0.2}
[15Mar2026 03:04:15.026] [main/DEBUG] [net.minecraftforge.fml.loading.moddiscovery.ModFile/LOADING]: Loading mod file C:\Users\Silvaria Zemaitis\AppData\Roaming\PrismLauncher\instances\IridescentCraft\minecraft\mods\SereneSeasons-forge-1.20.1-9.1.0.2.jar with languages [LanguageSpec[languageName=javafml, acceptedVersions=[47,)]]
[15Mar2026 03:04:15.026] [main/DEBUG] [net.minecraftforge.fml.loading.moddiscovery.ModFileParser/LOADING]: Considering mod file candidate C:\Users\Silvaria Zemaitis\AppData\Roaming\PrismLauncher\instances\IridescentCraft\minecraft\mods\LibX-1.20.1-5.0.14.jar
[15Mar2026 03:04:15.026] [main/DEBUG] [net.minecraftforge.fml.loading.moddiscovery.ModFileInfo/LOADING]: Found valid mod file LibX-1.20.1-5.0.14.jar with {libx} mods - versions {1.20.1-5.0.14}
[15Mar2026 03:04:15.026] [main/DEBUG] [net.minecraftforge.fml.loading.moddiscovery.ModFile/LOADING]: Loading mod file C:\Users\Silvaria Zemaitis\AppData\Roaming\PrismLauncher\instances\IridescentCraft\minecraft\mods\LibX-1.20.1-5.0.14.jar with languages [LanguageSpec[languageName=javafml, acceptedVersions=[47,)]]
[15Mar2026 03:04:15.026] [main/DEBUG] [net.minecraftforge.fml.loading.moddiscovery.ModFileParser/LOADING]: Found coremod holder_serialize with Javascript path coremods/holder_serialize.js
[15Mar2026 03:04:15.026] [main/DEBUG] [net.minecraftforge.fml.loading.moddiscovery.ModFileParser/LOADING]: Found coremod interact with Javascript path coremods/interact.js
[15Mar2026 03:04:15.026] [main/DEBUG] [net.minecraftforge.fml.loading.moddiscovery.ModFileParser/LOADING]: Found coremod level_load with Javascript path coremods/level_load.js
[15Mar2026 03:04:15.026] [main/DEBUG] [net.minecraftforge.fml.loading.moddiscovery.ModFileParser/LOADING]: Found coremod registry_load with Javascript path coremods/registry_load.js
[15Mar2026 03:04:15.026] [main/DEBUG] [net.minecraftforge.fml.loading.moddiscovery.ModFile/LOADING]: Found coremod coremods/holder_serialize.js
[15Mar2026 03:04:15.026] [main/DEBUG] [net.minecraftforge.fml.loading.moddiscovery.ModFile/LOADING]: Found coremod coremods/interact.js
[15Mar2026 03:04:15.026] [main/DEBUG] [net.minecraftforge.fml.loading.moddiscovery.ModFile/LOADING]: Found coremod coremods/level_load.js
[15Mar2026 03:04:15.026] [main/DEBUG] [net.minecraftforge.fml.loading.moddiscovery.ModFile/LOADING]: Found coremod coremods/registry_load.js
[15Mar2026 03:04:15.026] [main/DEBUG] [net.minecraftforge.fml.loading.moddiscovery.ModFileParser/LOADING]: Considering mod file candidate C:\Users\Silvaria Zemaitis\AppData\Roaming\PrismLauncher\instances\IridescentCraft\minecraft\mods\AdHooks-1.20.1-10.1.3.0-build.1919.jar
[15Mar2026 03:04:15.026] [main/DEBUG] [net.minecraftforge.fml.loading.moddiscovery.ModFileInfo/LOADING]: Found valid mod file AdHooks-1.20.1-10.1.3.0-build.1919.jar with {adhooks} mods - versions {10.1.3.0}
[15Mar2026 03:04:15.026] [main/DEBUG] [net.minecraftforge.fml.loading.moddiscovery.ModFile/LOADING]: Loading mod file C:\Users\Silvaria Zemaitis\AppData\Roaming\PrismLauncher\instances\IridescentCraft\minecraft\mods\AdHooks-1.20.1-10.1.3.0-build.1919.jar with languages [LanguageSpec[languageName=javafml, acceptedVersions=[47,)]]
[15Mar2026 03:04:15.026] [main/DEBUG] [net.minecraftforge.fml.loading.moddiscovery.ModFileParser/LOADING]: Considering mod file candidate C:\Users\Silvaria Zemaitis\AppData\Roaming\PrismLauncher\instances\IridescentCraft\minecraft\mods\GlitchCore-forge-1.20.1-0.0.1.1.jar
[15Mar2026 03:04:15.026] [main/DEBUG] [net.minecraftforge.fml.loading.moddiscovery.ModFileInfo/LOADING]: Found valid mod file GlitchCore-forge-1.20.1-0.0.1.1.jar with {glitchcore} mods - versions {0.0.1.1}
[15Mar2026 03:04:15.026] [main/DEBUG] [net.minecraftforge.fml.loading.moddiscovery.ModFile/LOADING]: Loading mod file C:\Users\Silvaria Zemaitis\AppData\Roaming\PrismLauncher\instances\IridescentCraft\minecraft\mods\GlitchCore-forge-1.20.1-0.0.1.1.jar with languages [LanguageSpec[languageName=javafml, acceptedVersions=[47,)]]
[15Mar2026 03:04:15.026] [main/DEBUG] [net.minecraftforge.fml.loading.moddiscovery.ModFileParser/LOADING]: Considering mod file candidate 
[15Mar2026 03:04:15.026] [main/DEBUG] [net.minecraftforge.fml.loading.moddiscovery.ModFileInfo/LOADING]: Found valid mod file geckolib-fabric-compat-1.11.2+1.20.1.jar with {connectorextras_geckolib_fabric_compat} mods - versions {1.11.2+1.20.1}
[15Mar2026 03:04:15.026] [main/DEBUG] [net.minecraftforge.fml.loading.moddiscovery.ModFile/LOADING]: Loading mod file  with languages [LanguageSpec[languageName=javafml, acceptedVersions=[47,)]]
[15Mar2026 03:04:15.026] [main/DEBUG] [net.minecraftforge.fml.loading.moddiscovery.ModFileParser/LOADING]: Found coremod injectRenderProvider with Javascript path META-INF/asm/injectRenderProvider.js
[15Mar2026 03:04:15.026] [main/DEBUG] [net.minecraftforge.fml.loading.moddiscovery.ModFile/LOADING]: Found coremod META-INF/asm/injectRenderProvider.js
[15Mar2026 03:04:15.026] [main/DEBUG] [net.minecraftforge.fml.loading.moddiscovery.ModFileParser/LOADING]: Considering mod file candidate C:\Users\Silvaria Zemaitis\AppData\Roaming\PrismLauncher\instances\IridescentCraft\minecraft\mods\neruina-3.2.1+1.20.1-forge.jar
[15Mar2026 03:04:15.026] [main/DEBUG] [net.minecraftforge.fml.loading.moddiscovery.ModFileInfo/LOADING]: Found valid mod file neruina-3.2.1+1.20.1-forge.jar with {neruina} mods - versions {3.2.1}
[15Mar2026 03:04:15.026] [main/DEBUG] [net.minecraftforge.fml.loading.moddiscovery.ModFile/LOADING]: Loading mod file C:\Users\Silvaria Zemaitis\AppData\Roaming\PrismLauncher\instances\IridescentCraft\minecraft\mods\neruina-3.2.1+1.20.1-forge.jar with languages [LanguageSpec[languageName=javafml, acceptedVersions=[47,)]]
[15Mar2026 03:04:15.026] [main/DEBUG] [net.minecraftforge.fml.loading.moddiscovery.ModFileParser/LOADING]: Considering mod file candidate C:\Users\Silvaria Zemaitis\AppData\Roaming\PrismLauncher\instances\IridescentCraft\minecraft\mods\starlight-1.1.2+forge.1cda73c.jar
[15Mar2026 03:04:15.026] [main/DEBUG] [net.minecraftforge.fml.loading.moddiscovery.ModFileInfo/LOADING]: Found valid mod file starlight-1.1.2+forge.1cda73c.jar with {starlight} mods - versions {1.1.2+forge.1cda73c}
[15Mar2026 03:04:15.026] [main/DEBUG] [net.minecraftforge.fml.loading.moddiscovery.ModFile/LOADING]: Loading mod file C:\Users\Silvaria Zemaitis\AppData\Roaming\PrismLauncher\instances\IridescentCraft\minecraft\mods\starlight-1.1.2+forge.1cda73c.jar with languages [LanguageSpec[languageName=javafml, acceptedVersions=[46,)]]
[15Mar2026 03:04:15.026] [main/DEBUG] [net.minecraftforge.fml.loading.moddiscovery.ModFileParser/LOADING]: Considering mod file candidate C:\Users\Silvaria Zemaitis\AppData\Roaming\PrismLauncher\instances\IridescentCraft\minecraft\mods\ars_nouveau-1.20.1-4.12.7-all.jar
[15Mar2026 03:04:15.026] [main/DEBUG] [net.minecraftforge.fml.loading.moddiscovery.ModFileInfo/LOADING]: Found valid mod file ars_nouveau-1.20.1-4.12.7-all.jar with {ars_nouveau} mods - versions {4.12.7}
[15Mar2026 03:04:15.026] [main/DEBUG] [net.minecraftforge.fml.loading.moddiscovery.ModFile/LOADING]: Loading mod file C:\Users\Silvaria Zemaitis\AppData\Roaming\PrismLauncher\instances\IridescentCraft\minecraft\mods\ars_nouveau-1.20.1-4.12.7-all.jar with languages [LanguageSpec[languageName=javafml, acceptedVersions=[40,)]]
[15Mar2026 03:04:15.026] [main/DEBUG] [net.minecraftforge.fml.loading.moddiscovery.ModFileParser/LOADING]: Considering mod file candidate 
[15Mar2026 03:04:15.027] [main/DEBUG] [net.minecraftforge.fml.loading.moddiscovery.ModFileInfo/LOADING]: Found valid mod file puzzlesaccessapi-forge-20.1.1.jar with {puzzlesaccessapi} mods - versions {20.1.1}
[15Mar2026 03:04:15.027] [main/DEBUG] [net.minecraftforge.fml.loading.moddiscovery.ModFile/LOADING]: Loading mod file  with languages [LanguageSpec[languageName=javafml, acceptedVersions=*]]
[15Mar2026 03:04:15.027] [main/DEBUG] [net.minecraftforge.fml.loading.moddiscovery.ModFileParser/LOADING]: Considering mod file candidate C:\Users\Silvaria Zemaitis\AppData\Roaming\PrismLauncher\libraries\net\minecraftforge\forge\1.20.1-47.4.6\forge-1.20.1-47.4.6-universal.jar
[15Mar2026 03:04:15.027] [main/DEBUG] [net.minecraftforge.fml.loading.moddiscovery.ModFileInfo/LOADING]: Found valid mod file forge-1.20.1-47.4.6-universal.jar with {forge} mods - versions {47.4.6}
[15Mar2026 03:04:15.027] [main/DEBUG] [net.minecraftforge.fml.loading.moddiscovery.ModFile/LOADING]: Loading mod file C:\Users\Silvaria Zemaitis\AppData\Roaming\PrismLauncher\libraries\net\minecraftforge\forge\1.20.1-47.4.6\forge-1.20.1-47.4.6-universal.jar with languages [LanguageSpec[languageName=javafml, acceptedVersions=[24,]]]
[15Mar2026 03:04:15.027] [main/DEBUG] [net.minecraftforge.fml.loading.moddiscovery.ModFileParser/LOADING]: Found coremod field_to_method with Javascript path coremods/field_to_method.js
[15Mar2026 03:04:15.027] [main/DEBUG] [net.minecraftforge.fml.loading.moddiscovery.ModFileParser/LOADING]: Found coremod field_to_instanceof with Javascript path coremods/field_to_instanceof.js
[15Mar2026 03:04:15.027] [main/DEBUG] [net.minecraftforge.fml.loading.moddiscovery.ModFileParser/LOADING]: Found coremod add_bouncer_method with Javascript path coremods/add_bouncer_method.js
[15Mar2026 03:04:15.027] [main/DEBUG] [net.minecraftforge.fml.loading.moddiscovery.ModFileParser/LOADING]: Found coremod method_redirector with Javascript path coremods/method_redirector.js
[15Mar2026 03:04:15.027] [main/DEBUG] [net.minecraftforge.fml.loading.moddiscovery.ModFile/LOADING]: Found coremod coremods/field_to_method.js
[15Mar2026 03:04:15.027] [main/DEBUG] [net.minecraftforge.fml.loading.moddiscovery.ModFile/LOADING]: Found coremod coremods/field_to_instanceof.js
[15Mar2026 03:04:15.027] [main/DEBUG] [net.minecraftforge.fml.loading.moddiscovery.ModFile/LOADING]: Found coremod coremods/add_bouncer_method.js
[15Mar2026 03:04:15.027] [main/DEBUG] [net.minecraftforge.fml.loading.moddiscovery.ModFile/LOADING]: Found coremod coremods/method_redirector.js
[15Mar2026 03:04:15.027] [main/DEBUG] [net.minecraftforge.fml.loading.moddiscovery.ModFileParser/LOADING]: Considering mod file candidate C:\Users\Silvaria Zemaitis\AppData\Roaming\PrismLauncher\instances\IridescentCraft\minecraft\mods\idas_forge-1.12.1+1.20.1.jar
[15Mar2026 03:04:15.027] [main/DEBUG] [net.minecraftforge.fml.loading.moddiscovery.ModFileInfo/LOADING]: Found valid mod file idas_forge-1.12.1+1.20.1.jar with {idas} mods - versions {1.12.1+1.20.1}
[15Mar2026 03:04:15.027] [main/DEBUG] [net.minecraftforge.fml.loading.moddiscovery.ModFile/LOADING]: Loading mod file C:\Users\Silvaria Zemaitis\AppData\Roaming\PrismLauncher\instances\IridescentCraft\minecraft\mods\idas_forge-1.12.1+1.20.1.jar with languages [LanguageSpec[languageName=javafml, acceptedVersions=[38,)]]
[15Mar2026 03:04:15.027] [main/DEBUG] [net.minecraftforge.fml.loading.moddiscovery.ModFileParser/LOADING]: Considering mod file candidate C:\Users\Silvaria Zemaitis\AppData\Roaming\PrismLauncher\instances\IridescentCraft\minecraft\mods\lootintegrations_hopo-1.4.jar
[15Mar2026 03:04:15.027] [main/DEBUG] [net.minecraftforge.fml.loading.moddiscovery.ModFileInfo/LOADING]: Found valid mod file lootintegrations_hopo-1.4.jar with {lootintegrations_hopo} mods - versions {1}
[15Mar2026 03:04:15.027] [main/DEBUG] [net.minecraftforge.fml.loading.moddiscovery.ModFile/LOADING]: Loading mod file C:\Users\Silvaria Zemaitis\AppData\Roaming\PrismLauncher\instances\IridescentCraft\minecraft\mods\lootintegrations_hopo-1.4.jar with languages [LanguageSpec[languageName=lowcodefml, acceptedVersions=[0,)]]
[15Mar2026 03:04:15.027] [main/DEBUG] [net.minecraftforge.fml.loading.moddiscovery.ModFileParser/LOADING]: Considering mod file candidate 
[15Mar2026 03:04:15.027] [main/DEBUG] [net.minecraftforge.fml.loading.moddiscovery.ModFileInfo/LOADING]: Found valid mod file fabric-api-base-0.4.32+ef105b4977.jar with {fabric_api_base} mods - versions {0.4.32+ef105b4977}
[15Mar2026 03:04:15.027] [main/DEBUG] [net.minecraftforge.fml.loading.moddiscovery.ModFile/LOADING]: Loading mod file  with languages [LanguageSpec[languageName=javafml, acceptedVersions=[47,)]]
[15Mar2026 03:04:15.027] [main/DEBUG] [net.minecraftforge.fml.loading.moddiscovery.ModFileParser/LOADING]: Considering mod file candidate C:\Users\Silvaria Zemaitis\AppData\Roaming\PrismLauncher\instances\IridescentCraft\minecraft\mods\bettercombat-forge-1.9.0+1.20.1.jar
[15Mar2026 03:04:15.027] [main/DEBUG] [net.minecraftforge.fml.loading.moddiscovery.ModFileInfo/LOADING]: Found valid mod file bettercombat-forge-1.9.0+1.20.1.jar with {bettercombat} mods - versions {1.9.0+1.20.1}
[15Mar2026 03:04:15.027] [main/DEBUG] [net.minecraftforge.fml.loading.moddiscovery.ModFile/LOADING]: Loading mod file C:\Users\Silvaria Zemaitis\AppData\Roaming\PrismLauncher\instances\IridescentCraft\minecraft\mods\bettercombat-forge-1.9.0+1.20.1.jar with languages [LanguageSpec[languageName=javafml, acceptedVersions=[39,)]]
[15Mar2026 03:04:15.027] [main/DEBUG] [net.minecraftforge.fml.loading.moddiscovery.ModFileParser/LOADING]: Considering mod file candidate C:\Users\Silvaria Zemaitis\AppData\Roaming\PrismLauncher\instances\IridescentCraft\minecraft\mods\MouseTweaks-forge-mc1.20.1-2.25.1.jar
[15Mar2026 03:04:15.027] [main/DEBUG] [net.minecraftforge.fml.loading.moddiscovery.ModFileInfo/LOADING]: Found valid mod file MouseTweaks-forge-mc1.20.1-2.25.1.jar with {mousetweaks} mods - versions {2.25.1}
[15Mar2026 03:04:15.027] [main/DEBUG] [net.minecraftforge.fml.loading.moddiscovery.ModFile/LOADING]: Loading mod file C:\Users\Silvaria Zemaitis\AppData\Roaming\PrismLauncher\instances\IridescentCraft\minecraft\mods\MouseTweaks-forge-mc1.20.1-2.25.1.jar with languages [LanguageSpec[languageName=javafml, acceptedVersions=[46,)]]
[15Mar2026 03:04:15.027] [main/DEBUG] [net.minecraftforge.fml.loading.moddiscovery.ModFileParser/LOADING]: Considering mod file candidate C:\Users\Silvaria Zemaitis\AppData\Roaming\PrismLauncher\instances\IridescentCraft\minecraft\mods\ftb-quests-forge-2001.4.18.jar
[15Mar2026 03:04:15.028] [main/DEBUG] [net.minecraftforge.fml.loading.moddiscovery.ModFileInfo/LOADING]: Found valid mod file ftb-quests-forge-2001.4.18.jar with {ftbquests} mods - versions {2001.4.18}
[15Mar2026 03:04:15.028] [main/DEBUG] [net.minecraftforge.fml.loading.moddiscovery.ModFile/LOADING]: Loading mod file C:\Users\Silvaria Zemaitis\AppData\Roaming\PrismLauncher\instances\IridescentCraft\minecraft\mods\ftb-quests-forge-2001.4.18.jar with languages [LanguageSpec[languageName=javafml, acceptedVersions=[39,)]]
[15Mar2026 03:04:15.028] [main/DEBUG] [net.minecraftforge.fml.loading.moddiscovery.ModFileParser/LOADING]: Considering mod file candidate C:\Users\Silvaria Zemaitis\AppData\Roaming\PrismLauncher\instances\IridescentCraft\minecraft\mods\NoChatReports-FORGE-1.20.1-v2.2.2.jar
[15Mar2026 03:04:15.028] [main/DEBUG] [net.minecraftforge.fml.loading.moddiscovery.ModFileInfo/LOADING]: Found valid mod file NoChatReports-FORGE-1.20.1-v2.2.2.jar with {nochatreports} mods - versions {1.20.1-v2.2.2}
[15Mar2026 03:04:15.028] [main/DEBUG] [net.minecraftforge.fml.loading.moddiscovery.ModFile/LOADING]: Loading mod file C:\Users\Silvaria Zemaitis\AppData\Roaming\PrismLauncher\instances\IridescentCraft\minecraft\mods\NoChatReports-FORGE-1.20.1-v2.2.2.jar with languages [LanguageSpec[languageName=javafml, acceptedVersions=[31,)]]
[15Mar2026 03:04:15.028] [main/DEBUG] [net.minecraftforge.fml.loading.moddiscovery.ModFileParser/LOADING]: Considering mod file candidate 
[15Mar2026 03:04:15.028] [main/DEBUG] [net.minecraftforge.fml.loading.moddiscovery.ModFileInfo/LOADING]: Found valid mod file kritter-forge-0.1.12+1.20.1.jar with {kritter} mods - versions {0.1.12+1.20.1}
[15Mar2026 03:04:15.028] [main/DEBUG] [net.minecraftforge.fml.loading.moddiscovery.ModFile/LOADING]: Loading mod file  with languages [LanguageSpec[languageName=javafml, acceptedVersions=[47,)]]
[15Mar2026 03:04:15.028] [main/DEBUG] [net.minecraftforge.fml.loading.moddiscovery.ModFileParser/LOADING]: Considering mod file candidate 
[15Mar2026 03:04:15.028] [main/DEBUG] [net.minecraftforge.fml.loading.moddiscovery.ModFileInfo/LOADING]: Found valid mod file spectrelib-forge-0.13.17+1.20.1.jar with {spectrelib} mods - versions {0.13.17+1.20.1}
[15Mar2026 03:04:15.028] [main/DEBUG] [net.minecraftforge.fml.loading.moddiscovery.ModFile/LOADING]: Loading mod file  with languages [LanguageSpec[languageName=javafml, acceptedVersions=[41,)]]
[15Mar2026 03:04:15.028] [main/DEBUG] [net.minecraftforge.fml.loading.moddiscovery.ModFileParser/LOADING]: Considering mod file candidate 
[15Mar2026 03:04:15.028] [main/DEBUG] [net.minecraftforge.fml.loading.moddiscovery.ModFileInfo/LOADING]: Found valid mod file jei-bridge-1.11.2+1.20.1.jar with {connectorextras_jei_bridge} mods - versions {1.11.2+1.20.1}
[15Mar2026 03:04:15.028] [main/DEBUG] [net.minecraftforge.fml.loading.moddiscovery.ModFile/LOADING]: Loading mod file  with languages [LanguageSpec[languageName=javafml, acceptedVersions=[47,)]]
[15Mar2026 03:04:15.028] [main/DEBUG] [net.minecraftforge.fml.loading.moddiscovery.ModFileParser/LOADING]: Considering mod file candidate C:\Users\Silvaria Zemaitis\AppData\Roaming\PrismLauncher\instances\IridescentCraft\minecraft\mods\aeroblender-1.20.1-1.0.1-neoforge.jar
[15Mar2026 03:04:15.028] [main/DEBUG] [net.minecraftforge.fml.loading.moddiscovery.ModFileInfo/LOADING]: Found valid mod file aeroblender-1.20.1-1.0.1-neoforge.jar with {aeroblender} mods - versions {1.20.1-1.0.1-neoforge}
[15Mar2026 03:04:15.028] [main/DEBUG] [net.minecraftforge.fml.loading.moddiscovery.ModFile/LOADING]: Loading mod file C:\Users\Silvaria Zemaitis\AppData\Roaming\PrismLauncher\instances\IridescentCraft\minecraft\mods\aeroblender-1.20.1-1.0.1-neoforge.jar with languages [LanguageSpec[languageName=javafml, acceptedVersions=[47,)]]
[15Mar2026 03:04:15.028] [main/DEBUG] [net.minecraftforge.fml.loading.moddiscovery.ModFileParser/LOADING]: Considering mod file candidate 
[15Mar2026 03:04:15.028] [main/DEBUG] [net.minecraftforge.fml.loading.moddiscovery.ModFileInfo/LOADING]: Found valid mod file kffmod-4.12.0.jar with {kotlinforforge} mods - versions {4.12.0}
[15Mar2026 03:04:15.028] [main/DEBUG] [net.minecraftforge.fml.loading.moddiscovery.ModFile/LOADING]: Loading mod file  with languages [LanguageSpec[languageName=kotlinforforge, acceptedVersions=[4,)]]
[15Mar2026 03:04:15.028] [main/DEBUG] [net.minecraftforge.fml.loading.moddiscovery.ModFileParser/LOADING]: Considering mod file candidate C:\Users\Silvaria Zemaitis\AppData\Roaming\PrismLauncher\instances\IridescentCraft\minecraft\mods\origins-plus-plus-2.4-forge.jar
[15Mar2026 03:04:15.028] [main/DEBUG] [net.minecraftforge.fml.loading.moddiscovery.ModFileInfo/LOADING]: Found valid mod file origins-plus-plus-2.4-forge.jar with {origins_plus_plus} mods - versions {2.4-forge}
[15Mar2026 03:04:15.028] [main/DEBUG] [net.minecraftforge.fml.loading.moddiscovery.ModFile/LOADING]: Loading mod file C:\Users\Silvaria Zemaitis\AppData\Roaming\PrismLauncher\instances\IridescentCraft\minecraft\mods\origins-plus-plus-2.4-forge.jar with languages [LanguageSpec[languageName=javafml, acceptedVersions=[43,)]]
[15Mar2026 03:04:15.028] [main/DEBUG] [net.minecraftforge.fml.loading.moddiscovery.ModFileParser/LOADING]: Considering mod file candidate C:\Users\Silvaria Zemaitis\AppData\Roaming\PrismLauncher\instances\IridescentCraft\minecraft\mods\integrated_stronghold-1.1.2+1.20.1-forge.jar
[15Mar2026 03:04:15.028] [main/DEBUG] [net.minecraftforge.fml.loading.moddiscovery.ModFileInfo/LOADING]: Found valid mod file integrated_stronghold-1.1.2+1.20.1-forge.jar with {integrated_stronghold} mods - versions {1.1.2+1.20.1-forge}
[15Mar2026 03:04:15.028] [main/DEBUG] [net.minecraftforge.fml.loading.moddiscovery.ModFile/LOADING]: Loading mod file C:\Users\Silvaria Zemaitis\AppData\Roaming\PrismLauncher\instances\IridescentCraft\minecraft\mods\integrated_stronghold-1.1.2+1.20.1-forge.jar with languages [LanguageSpec[languageName=javafml, acceptedVersions=[38,)]]
[15Mar2026 03:04:15.028] [main/DEBUG] [net.minecraftforge.fml.loading.moddiscovery.ModFileParser/LOADING]: Considering mod file candidate 
[15Mar2026 03:04:15.028] [main/DEBUG] [net.minecraftforge.fml.loading.moddiscovery.ModFileInfo/LOADING]: Found valid mod file fabric-item-group-api-v1-4.0.14+c9161c2d77.jar with {fabric_item_group_api_v1} mods - versions {4.0.14+c9161c2d77}
[15Mar2026 03:04:15.028] [main/DEBUG] [net.minecraftforge.fml.loading.moddiscovery.ModFile/LOADING]: Loading mod file  with languages [LanguageSpec[languageName=javafml, acceptedVersions=[47,)]]
[15Mar2026 03:04:15.028] [main/DEBUG] [net.minecraftforge.fml.loading.moddiscovery.ModFileParser/LOADING]: Considering mod file candidate C:\Users\Silvaria Zemaitis\AppData\Roaming\PrismLauncher\instances\IridescentCraft\minecraft\mods\pamhc2foodcore-1.20.4-1.0.5.jar
[15Mar2026 03:04:15.028] [main/DEBUG] [net.minecraftforge.fml.loading.moddiscovery.ModFileInfo/LOADING]: Found valid mod file pamhc2foodcore-1.20.4-1.0.5.jar with {pamhc2foodcore} mods - versions {1.0.5}
[15Mar2026 03:04:15.028] [main/DEBUG] [net.minecraftforge.fml.loading.moddiscovery.ModFile/LOADING]: Loading mod file C:\Users\Silvaria Zemaitis\AppData\Roaming\PrismLauncher\instances\IridescentCraft\minecraft\mods\pamhc2foodcore-1.20.4-1.0.5.jar with languages [LanguageSpec[languageName=javafml, acceptedVersions=[40,)]]
[15Mar2026 03:04:15.028] [main/DEBUG] [net.minecraftforge.fml.loading.moddiscovery.ModFileParser/LOADING]: Considering mod file candidate C:\Users\Silvaria Zemaitis\AppData\Roaming\PrismLauncher\instances\IridescentCraft\minecraft\mods\astages-2.0.0-alpha.6-1.20.1-all.jar
[15Mar2026 03:04:15.029] [main/DEBUG] [net.minecraftforge.fml.loading.moddiscovery.ModFileInfo/LOADING]: Found valid mod file astages-2.0.0-alpha.6-1.20.1-all.jar with {astages} mods - versions {2.0.0-alpha.6-1.20.1}
[15Mar2026 03:04:15.029] [main/DEBUG] [net.minecraftforge.fml.loading.moddiscovery.ModFile/LOADING]: Loading mod file C:\Users\Silvaria Zemaitis\AppData\Roaming\PrismLauncher\instances\IridescentCraft\minecraft\mods\astages-2.0.0-alpha.6-1.20.1-all.jar with languages [LanguageSpec[languageName=javafml, acceptedVersions=[47,)]]
[15Mar2026 03:04:15.029] [main/DEBUG] [net.minecraftforge.fml.loading.moddiscovery.ModFileParser/LOADING]: Considering mod file candidate C:\Users\Silvaria Zemaitis\AppData\Roaming\PrismLauncher\instances\IridescentCraft\minecraft\mods\polymorph-forge-0.49.10+1.20.1.jar
[15Mar2026 03:04:15.029] [main/DEBUG] [net.minecraftforge.fml.loading.moddiscovery.ModFileInfo/LOADING]: Found valid mod file polymorph-forge-0.49.10+1.20.1.jar with {polymorph} mods - versions {0.49.10+1.20.1}
[15Mar2026 03:04:15.029] [main/DEBUG] [net.minecraftforge.fml.loading.moddiscovery.ModFile/LOADING]: Loading mod file C:\Users\Silvaria Zemaitis\AppData\Roaming\PrismLauncher\instances\IridescentCraft\minecraft\mods\polymorph-forge-0.49.10+1.20.1.jar with languages [LanguageSpec[languageName=javafml, acceptedVersions=[41,)]]
[15Mar2026 03:04:15.029] [main/DEBUG] [net.minecraftforge.fml.loading.moddiscovery.ModFileParser/LOADING]: Considering mod file candidate C:\Users\Silvaria Zemaitis\AppData\Roaming\PrismLauncher\instances\IridescentCraft\minecraft\mods\Zeta-1.0-31.jar
[15Mar2026 03:04:15.029] [main/DEBUG] [net.minecraftforge.fml.loading.moddiscovery.ModFileInfo/LOADING]: Found valid mod file Zeta-1.0-31.jar with {zeta} mods - versions {1.0-31}
[15Mar2026 03:04:15.029] [main/DEBUG] [net.minecraftforge.fml.loading.moddiscovery.ModFile/LOADING]: Loading mod file C:\Users\Silvaria Zemaitis\AppData\Roaming\PrismLauncher\instances\IridescentCraft\minecraft\mods\Zeta-1.0-31.jar with languages [LanguageSpec[languageName=javafml, acceptedVersions=[41,)]]
[15Mar2026 03:04:15.029] [main/DEBUG] [net.minecraftforge.fml.loading.moddiscovery.ModFileParser/LOADING]: Considering mod file candidate C:\Users\Silvaria Zemaitis\AppData\Roaming\PrismLauncher\instances\IridescentCraft\minecraft\mods\entityculling-forge-1.9.5-mc1.20.1.jar
[15Mar2026 03:04:15.029] [main/DEBUG] [net.minecraftforge.fml.loading.moddiscovery.ModFileInfo/LOADING]: Found valid mod file entityculling-forge-1.9.5-mc1.20.1.jar with {entityculling} mods - versions {1.9.5}
[15Mar2026 03:04:15.029] [main/DEBUG] [net.minecraftforge.fml.loading.moddiscovery.ModFile/LOADING]: Loading mod file C:\Users\Silvaria Zemaitis\AppData\Roaming\PrismLauncher\instances\IridescentCraft\minecraft\mods\entityculling-forge-1.9.5-mc1.20.1.jar with languages [LanguageSpec[languageName=javafml, acceptedVersions=[28,)]]
[15Mar2026 03:04:15.029] [main/DEBUG] [net.minecraftforge.fml.loading.moddiscovery.ModFileParser/LOADING]: Considering mod file candidate C:\Users\Silvaria Zemaitis\AppData\Roaming\PrismLauncher\instances\IridescentCraft\minecraft\mods\canary-mc1.20.1-0.3.3.jar
[15Mar2026 03:04:15.029] [main/DEBUG] [net.minecraftforge.fml.loading.moddiscovery.ModFileInfo/LOADING]: Found valid mod file canary-mc1.20.1-0.3.3.jar with {canary} mods - versions {0.3.3}
[15Mar2026 03:04:15.029] [main/DEBUG] [net.minecraftforge.fml.loading.moddiscovery.ModFile/LOADING]: Loading mod file C:\Users\Silvaria Zemaitis\AppData\Roaming\PrismLauncher\instances\IridescentCraft\minecraft\mods\canary-mc1.20.1-0.3.3.jar with languages [LanguageSpec[languageName=javafml, acceptedVersions=[47,)]]
[15Mar2026 03:04:15.029] [main/DEBUG] [net.minecraftforge.fml.loading.moddiscovery.ModFileParser/LOADING]: Considering mod file candidate 
[15Mar2026 03:04:15.029] [main/DEBUG] [net.minecraftforge.fml.loading.moddiscovery.ModFileInfo/LOADING]: Found valid mod file fabric-recipe-api-v1-1.0.24+514a076577.jar with {fabric_recipe_api_v1} mods - versions {1.0.24+514a076577}
[15Mar2026 03:04:15.029] [main/DEBUG] [net.minecraftforge.fml.loading.moddiscovery.ModFile/LOADING]: Loading mod file  with languages [LanguageSpec[languageName=javafml, acceptedVersions=[47,)]]
[15Mar2026 03:04:15.029] [main/DEBUG] [net.minecraftforge.fml.loading.moddiscovery.ModFileParser/LOADING]: Considering mod file candidate C:\Users\Silvaria Zemaitis\AppData\Roaming\PrismLauncher\instances\IridescentCraft\minecraft\mods\connectedglass-1.1.14-forge-mc1.20.1.jar
[15Mar2026 03:04:15.029] [main/DEBUG] [net.minecraftforge.fml.loading.moddiscovery.ModFileInfo/LOADING]: Found valid mod file connectedglass-1.1.14-forge-mc1.20.1.jar with {connectedglass} mods - versions {1.1.14}
[15Mar2026 03:04:15.029] [main/DEBUG] [net.minecraftforge.fml.loading.moddiscovery.ModFile/LOADING]: Loading mod file C:\Users\Silvaria Zemaitis\AppData\Roaming\PrismLauncher\instances\IridescentCraft\minecraft\mods\connectedglass-1.1.14-forge-mc1.20.1.jar with languages [LanguageSpec[languageName=javafml, acceptedVersions=[46,)]]
[15Mar2026 03:04:15.029] [main/DEBUG] [net.minecraftforge.fml.loading.moddiscovery.ModFileParser/LOADING]: Considering mod file candidate C:\Users\Silvaria Zemaitis\AppData\Roaming\PrismLauncher\instances\IridescentCraft\minecraft\mods\biomemusic-1.20.1-3.5.jar
[15Mar2026 03:04:15.029] [main/DEBUG] [net.minecraftforge.fml.loading.moddiscovery.ModFileInfo/LOADING]: Found valid mod file biomemusic-1.20.1-3.5.jar with {biomemusic} mods - versions {1.20.1-3.5}
[15Mar2026 03:04:15.029] [main/DEBUG] [net.minecraftforge.fml.loading.moddiscovery.ModFile/LOADING]: Loading mod file C:\Users\Silvaria Zemaitis\AppData\Roaming\PrismLauncher\instances\IridescentCraft\minecraft\mods\biomemusic-1.20.1-3.5.jar with languages [LanguageSpec[languageName=javafml, acceptedVersions=[36,)]]
[15Mar2026 03:04:15.029] [main/DEBUG] [net.minecraftforge.fml.loading.moddiscovery.ModFileParser/LOADING]: Considering mod file candidate C:\Users\Silvaria Zemaitis\AppData\Roaming\PrismLauncher\instances\IridescentCraft\minecraft\mods\raw_netherite-1.0.0-forge-1.20.1.jar
[15Mar2026 03:04:15.029] [main/DEBUG] [net.minecraftforge.fml.loading.moddiscovery.ModFileInfo/LOADING]: Found valid mod file raw_netherite-1.0.0-forge-1.20.1.jar with {raw_netherite} mods - versions {1.0.0}
[15Mar2026 03:04:15.029] [main/DEBUG] [net.minecraftforge.fml.loading.moddiscovery.ModFile/LOADING]: Loading mod file C:\Users\Silvaria Zemaitis\AppData\Roaming\PrismLauncher\instances\IridescentCraft\minecraft\mods\raw_netherite-1.0.0-forge-1.20.1.jar with languages [LanguageSpec[languageName=javafml, acceptedVersions=[47,)]]
[15Mar2026 03:04:15.029] [main/DEBUG] [net.minecraftforge.fml.loading.moddiscovery.ModFileParser/LOADING]: Considering mod file candidate C:\Users\Silvaria Zemaitis\AppData\Roaming\PrismLauncher\instances\IridescentCraft\minecraft\mods\rubidium-extra-0.5.4.4+mc1.20.1-build.131.jar
[15Mar2026 03:04:15.029] [main/DEBUG] [net.minecraftforge.fml.loading.moddiscovery.ModFileInfo/LOADING]: Found valid mod file rubidium-extra-0.5.4.4+mc1.20.1-build.131.jar with {embeddium_extra} mods - versions {0.5.4.4+mc1.20.1-build.131}
[15Mar2026 03:04:15.029] [main/DEBUG] [net.minecraftforge.fml.loading.moddiscovery.ModFile/LOADING]: Loading mod file C:\Users\Silvaria Zemaitis\AppData\Roaming\PrismLauncher\instances\IridescentCraft\minecraft\mods\rubidium-extra-0.5.4.4+mc1.20.1-build.131.jar with languages [LanguageSpec[languageName=javafml, acceptedVersions=*]]
[15Mar2026 03:04:15.029] [main/DEBUG] [net.minecraftforge.fml.loading.moddiscovery.ModFileParser/LOADING]: Considering mod file candidate C:\Users\Silvaria Zemaitis\AppData\Roaming\PrismLauncher\instances\IridescentCraft\minecraft\mods\PuzzlesLib-v8.1.33-1.20.1-Forge.jar
[15Mar2026 03:04:15.029] [main/DEBUG] [net.minecraftforge.fml.loading.moddiscovery.ModFileInfo/LOADING]: Found valid mod file PuzzlesLib-v8.1.33-1.20.1-Forge.jar with {puzzleslib} mods - versions {8.1.33}
[15Mar2026 03:04:15.029] [main/DEBUG] [net.minecraftforge.fml.loading.moddiscovery.ModFile/LOADING]: Loading mod file C:\Users\Silvaria Zemaitis\AppData\Roaming\PrismLauncher\instances\IridescentCraft\minecraft\mods\PuzzlesLib-v8.1.33-1.20.1-Forge.jar with languages [LanguageSpec[languageName=javafml, acceptedVersions=[47,)]]
[15Mar2026 03:04:15.029] [main/DEBUG] [net.minecraftforge.fml.loading.moddiscovery.ModFileParser/LOADING]: Considering mod file candidate C:\Users\Silvaria Zemaitis\AppData\Roaming\PrismLauncher\instances\IridescentCraft\minecraft\mods\Aquaculture-1.20.1-2.5.7.jar
[15Mar2026 03:04:15.029] [main/DEBUG] [net.minecraftforge.fml.loading.moddiscovery.ModFileInfo/LOADING]: Found valid mod file Aquaculture-1.20.1-2.5.7.jar with {aquaculture} mods - versions {2.5.7}
[15Mar2026 03:04:15.029] [main/DEBUG] [net.minecraftforge.fml.loading.moddiscovery.ModFile/LOADING]: Loading mod file C:\Users\Silvaria Zemaitis\AppData\Roaming\PrismLauncher\instances\IridescentCraft\minecraft\mods\Aquaculture-1.20.1-2.5.7.jar with languages [LanguageSpec[languageName=javafml, acceptedVersions=[47,)]]
[15Mar2026 03:04:15.029] [main/DEBUG] [net.minecraftforge.fml.loading.moddiscovery.ModFileParser/LOADING]: Considering mod file candidate 
[15Mar2026 03:04:15.029] [main/DEBUG] [net.minecraftforge.fml.loading.moddiscovery.ModFileInfo/LOADING]: Found valid mod file fabric-sound-api-v1-1.0.14+4f23bd8477.jar with {fabric_sound_api_v1} mods - versions {1.0.14+4f23bd8477}
[15Mar2026 03:04:15.029] [main/DEBUG] [net.minecraftforge.fml.loading.moddiscovery.ModFile/LOADING]: Loading mod file  with languages [LanguageSpec[languageName=javafml, acceptedVersions=[47,)]]
[15Mar2026 03:04:15.029] [main/DEBUG] [net.minecraftforge.fml.loading.moddiscovery.ModFileParser/LOADING]: Considering mod file candidate C:\Users\Silvaria Zemaitis\AppData\Roaming\PrismLauncher\instances\IridescentCraft\minecraft\mods\Delightful-1.20.1-3.7.8.jar
[15Mar2026 03:04:15.030] [main/DEBUG] [net.minecraftforge.fml.loading.moddiscovery.ModFileInfo/LOADING]: Found valid mod file Delightful-1.20.1-3.7.8.jar with {delightful} mods - versions {3.7.8}
[15Mar2026 03:04:15.030] [main/DEBUG] [net.minecraftforge.fml.loading.moddiscovery.ModFile/LOADING]: Loading mod file C:\Users\Silvaria Zemaitis\AppData\Roaming\PrismLauncher\instances\IridescentCraft\minecraft\mods\Delightful-1.20.1-3.7.8.jar with languages [LanguageSpec[languageName=javafml, acceptedVersions=[47,)]]
[15Mar2026 03:04:15.030] [main/DEBUG] [net.minecraftforge.fml.loading.moddiscovery.ModFileParser/LOADING]: Considering mod file candidate C:\Users\Silvaria Zemaitis\AppData\Roaming\PrismLauncher\instances\IridescentCraft\minecraft\mods\ArmorUnlocked-1.20-1.0.2.jar
[15Mar2026 03:04:15.030] [main/DEBUG] [net.minecraftforge.fml.loading.moddiscovery.ModFileInfo/LOADING]: Found valid mod file ArmorUnlocked-1.20-1.0.2.jar with {armorunlocked} mods - versions {1.0.2}
[15Mar2026 03:04:15.030] [main/DEBUG] [net.minecraftforge.fml.loading.moddiscovery.ModFile/LOADING]: Loading mod file C:\Users\Silvaria Zemaitis\AppData\Roaming\PrismLauncher\instances\IridescentCraft\minecraft\mods\ArmorUnlocked-1.20-1.0.2.jar with languages [LanguageSpec[languageName=javafml, acceptedVersions=[46,)]]
[15Mar2026 03:04:15.030] [main/DEBUG] [net.minecraftforge.fml.loading.moddiscovery.ModFileParser/LOADING]: Considering mod file candidate C:\Users\Silvaria Zemaitis\AppData\Roaming\PrismLauncher\instances\IridescentCraft\minecraft\mods\blue_skies-1.20.1-1.3.31.jar
[15Mar2026 03:04:15.030] [main/DEBUG] [net.minecraftforge.fml.loading.moddiscovery.ModFileInfo/LOADING]: Found valid mod file blue_skies-1.20.1-1.3.31.jar with {blue_skies} mods - versions {1.3.31}
[15Mar2026 03:04:15.030] [main/DEBUG] [net.minecraftforge.fml.loading.moddiscovery.ModFile/LOADING]: Loading mod file C:\Users\Silvaria Zemaitis\AppData\Roaming\PrismLauncher\instances\IridescentCraft\minecraft\mods\blue_skies-1.20.1-1.3.31.jar with languages [LanguageSpec[languageName=javafml, acceptedVersions=[47,)]]
[15Mar2026 03:04:15.030] [main/DEBUG] [net.minecraftforge.fml.loading.moddiscovery.ModFileParser/LOADING]: Considering mod file candidate C:\Users\Silvaria Zemaitis\AppData\Roaming\PrismLauncher\instances\IridescentCraft\minecraft\mods\merenc-forge-1.20.[0-4]-v4.2.jar
[15Mar2026 03:04:15.030] [main/DEBUG] [net.minecraftforge.fml.loading.moddiscovery.ModFileInfo/LOADING]: Found valid mod file merenc-forge-1.20.[0-4]-v4.2.jar with {merenc} mods - versions {4.2}
[15Mar2026 03:04:15.030] [main/DEBUG] [net.minecraftforge.fml.loading.moddiscovery.ModFile/LOADING]: Loading mod file C:\Users\Silvaria Zemaitis\AppData\Roaming\PrismLauncher\instances\IridescentCraft\minecraft\mods\merenc-forge-1.20.[0-4]-v4.2.jar with languages [LanguageSpec[languageName=javafml, acceptedVersions=[1,)]]
[15Mar2026 03:04:15.030] [main/DEBUG] [net.minecraftforge.fml.loading.moddiscovery.ModFileParser/LOADING]: Considering mod file candidate C:\Users\Silvaria Zemaitis\AppData\Roaming\PrismLauncher\instances\IridescentCraft\minecraft\mods\netherportalfix-forge-1.20-13.0.1.jar
[15Mar2026 03:04:15.030] [main/DEBUG] [net.minecraftforge.fml.loading.moddiscovery.ModFileInfo/LOADING]: Found valid mod file netherportalfix-forge-1.20-13.0.1.jar with {netherportalfix} mods - versions {13.0.1}
[15Mar2026 03:04:15.030] [main/DEBUG] [net.minecraftforge.fml.loading.moddiscovery.ModFile/LOADING]: Loading mod file C:\Users\Silvaria Zemaitis\AppData\Roaming\PrismLauncher\instances\IridescentCraft\minecraft\mods\netherportalfix-forge-1.20-13.0.1.jar with languages [LanguageSpec[languageName=javafml, acceptedVersions=[46,)]]
[15Mar2026 03:04:15.030] [main/DEBUG] [net.minecraftforge.fml.loading.moddiscovery.ModFileParser/LOADING]: Considering mod file candidate C:\Users\Silvaria Zemaitis\AppData\Roaming\PrismLauncher\instances\IridescentCraft\minecraft\mods\chunky-player-pause-1.0.0.jar
[15Mar2026 03:04:15.030] [main/DEBUG] [net.minecraftforge.fml.loading.moddiscovery.ModFileInfo/LOADING]: Found valid mod file chunky-player-pause-1.0.0.jar with {mr_chunky_playerpause} mods - versions {1.0.0}
[15Mar2026 03:04:15.030] [main/DEBUG] [net.minecraftforge.fml.loading.moddiscovery.ModFile/LOADING]: Loading mod file C:\Users\Silvaria Zemaitis\AppData\Roaming\PrismLauncher\instances\IridescentCraft\minecraft\mods\chunky-player-pause-1.0.0.jar with languages [LanguageSpec[languageName=javafml, acceptedVersions=[25,)]]
[15Mar2026 03:04:15.030] [main/DEBUG] [net.minecraftforge.fml.loading.moddiscovery.ModFileParser/LOADING]: Considering mod file candidate C:\Users\Silvaria Zemaitis\AppData\Roaming\PrismLauncher\instances\IridescentCraft\minecraft\mods\endportalrecipe-1.20.1-5.7.jar
[15Mar2026 03:04:15.030] [main/DEBUG] [net.minecraftforge.fml.loading.moddiscovery.ModFileInfo/LOADING]: Found valid mod file endportalrecipe-1.20.1-5.7.jar with {endportalrecipe} mods - versions {5.7}
[15Mar2026 03:04:15.030] [main/DEBUG] [net.minecraftforge.fml.loading.moddiscovery.ModFile/LOADING]: Loading mod file C:\Users\Silvaria Zemaitis\AppData\Roaming\PrismLauncher\instances\IridescentCraft\minecraft\mods\endportalrecipe-1.20.1-5.7.jar with languages [LanguageSpec[languageName=javafml, acceptedVersions=*]]
[15Mar2026 03:04:15.030] [main/DEBUG] [net.minecraftforge.fml.loading.moddiscovery.ModFileParser/LOADING]: Considering mod file candidate C:\Users\Silvaria Zemaitis\AppData\Roaming\PrismLauncher\instances\IridescentCraft\minecraft\mods\geckolib-forge-1.20.1-4.8.3.jar
[15Mar2026 03:04:15.030] [main/DEBUG] [net.minecraftforge.fml.loading.moddiscovery.ModFileInfo/LOADING]: Found valid mod file geckolib-forge-1.20.1-4.8.3.jar with {geckolib} mods - versions {4.8.3}
[15Mar2026 03:04:15.030] [main/DEBUG] [net.minecraftforge.fml.loading.moddiscovery.ModFile/LOADING]: Loading mod file C:\Users\Silvaria Zemaitis\AppData\Roaming\PrismLauncher\instances\IridescentCraft\minecraft\mods\geckolib-forge-1.20.1-4.8.3.jar with languages [LanguageSpec[languageName=javafml, acceptedVersions=[47,)]]
[15Mar2026 03:04:15.030] [main/DEBUG] [net.minecraftforge.fml.loading.moddiscovery.ModFileParser/LOADING]: Considering mod file candidate C:\Users\Silvaria Zemaitis\AppData\Roaming\PrismLauncher\instances\IridescentCraft\minecraft\mods\aether-1.20.1-1.5.2-neoforge.jar
[15Mar2026 03:04:15.030] [main/DEBUG] [net.minecraftforge.fml.loading.moddiscovery.ModFileInfo/LOADING]: Found valid mod file aether-1.20.1-1.5.2-neoforge.jar with {aether} mods - versions {1.20.1-1.5.2-neoforge}
[15Mar2026 03:04:15.030] [main/DEBUG] [net.minecraftforge.fml.loading.moddiscovery.ModFile/LOADING]: Loading mod file C:\Users\Silvaria Zemaitis\AppData\Roaming\PrismLauncher\instances\IridescentCraft\minecraft\mods\aether-1.20.1-1.5.2-neoforge.jar with languages [LanguageSpec[languageName=javafml, acceptedVersions=[47,)]]
[15Mar2026 03:04:15.030] [main/DEBUG] [net.minecraftforge.fml.loading.moddiscovery.ModFileParser/LOADING]: Considering mod file candidate C:\Users\Silvaria Zemaitis\AppData\Roaming\PrismLauncher\instances\IridescentCraft\minecraft\mods\naturalist-5.0pre5+forge-1.20.1.jar
[15Mar2026 03:04:15.030] [main/DEBUG] [net.minecraftforge.fml.loading.moddiscovery.ModFileInfo/LOADING]: Found valid mod file naturalist-5.0pre5+forge-1.20.1.jar with {naturalist} mods - versions {5.0pre5}
[15Mar2026 03:04:15.030] [main/DEBUG] [net.minecraftforge.fml.loading.moddiscovery.ModFile/LOADING]: Loading mod file C:\Users\Silvaria Zemaitis\AppData\Roaming\PrismLauncher\instances\IridescentCraft\minecraft\mods\naturalist-5.0pre5+forge-1.20.1.jar with languages [LanguageSpec[languageName=javafml, acceptedVersions=[41,)]]
[15Mar2026 03:04:15.030] [main/DEBUG] [net.minecraftforge.fml.loading.moddiscovery.ModFileParser/LOADING]: Considering mod file candidate C:\Users\Silvaria Zemaitis\AppData\Roaming\PrismLauncher\instances\IridescentCraft\minecraft\mods\connectivity-1.20.1-7.6.jar
[15Mar2026 03:04:15.030] [main/DEBUG] [net.minecraftforge.fml.loading.moddiscovery.ModFileInfo/LOADING]: Found valid mod file connectivity-1.20.1-7.6.jar with {connectivity} mods - versions {1.20.1-7.6}
[15Mar2026 03:04:15.030] [main/DEBUG] [net.minecraftforge.fml.loading.moddiscovery.ModFile/LOADING]: Loading mod file C:\Users\Silvaria Zemaitis\AppData\Roaming\PrismLauncher\instances\IridescentCraft\minecraft\mods\connectivity-1.20.1-7.6.jar with languages [LanguageSpec[languageName=javafml, acceptedVersions=[28,)]]
[15Mar2026 03:04:15.030] [main/DEBUG] [net.minecraftforge.fml.loading.moddiscovery.ModFileParser/LOADING]: Considering mod file candidate C:\Users\Silvaria Zemaitis\AppData\Roaming\PrismLauncher\instances\IridescentCraft\minecraft\mods\boss_checklist-forge-3.4.0.jar
[15Mar2026 03:04:15.031] [main/DEBUG] [net.minecraftforge.fml.loading.moddiscovery.ModFileInfo/LOADING]: Found valid mod file boss_checklist-forge-3.4.0.jar with {boss_checklist} mods - versions {3.4.0}
[15Mar2026 03:04:15.031] [main/DEBUG] [net.minecraftforge.fml.loading.moddiscovery.ModFile/LOADING]: Loading mod file C:\Users\Silvaria Zemaitis\AppData\Roaming\PrismLauncher\instances\IridescentCraft\minecraft\mods\boss_checklist-forge-3.4.0.jar with languages [LanguageSpec[languageName=javafml, acceptedVersions=[47,)]]
[15Mar2026 03:04:15.031] [main/DEBUG] [net.minecraftforge.fml.loading.moddiscovery.ModFileParser/LOADING]: Considering mod file candidate C:\Users\Silvaria Zemaitis\AppData\Roaming\PrismLauncher\instances\IridescentCraft\minecraft\mods\Controlling-forge-1.20.1-12.0.2.jar
[15Mar2026 03:04:15.031] [main/DEBUG] [net.minecraftforge.fml.loading.moddiscovery.ModFileInfo/LOADING]: Found valid mod file Controlling-forge-1.20.1-12.0.2.jar with {controlling} mods - versions {12.0.2}
[15Mar2026 03:04:15.031] [main/DEBUG] [net.minecraftforge.fml.loading.moddiscovery.ModFile/LOADING]: Loading mod file C:\Users\Silvaria Zemaitis\AppData\Roaming\PrismLauncher\instances\IridescentCraft\minecraft\mods\Controlling-forge-1.20.1-12.0.2.jar with languages [LanguageSpec[languageName=javafml, acceptedVersions=[41,)]]
[15Mar2026 03:04:15.031] [main/DEBUG] [net.minecraftforge.fml.loading.moddiscovery.ModFileParser/LOADING]: Considering mod file candidate C:\Users\Silvaria Zemaitis\AppData\Roaming\PrismLauncher\instances\IridescentCraft\minecraft\mods\cookingforblockheads-forge-1.20.1-16.0.15.jar
[15Mar2026 03:04:15.031] [main/DEBUG] [net.minecraftforge.fml.loading.moddiscovery.ModFileInfo/LOADING]: Found valid mod file cookingforblockheads-forge-1.20.1-16.0.15.jar with {cookingforblockheads} mods - versions {16.0.15}
[15Mar2026 03:04:15.031] [main/DEBUG] [net.minecraftforge.fml.loading.moddiscovery.ModFile/LOADING]: Loading mod file C:\Users\Silvaria Zemaitis\AppData\Roaming\PrismLauncher\instances\IridescentCraft\minecraft\mods\cookingforblockheads-forge-1.20.1-16.0.15.jar with languages [LanguageSpec[languageName=javafml, acceptedVersions=[46,)]]
[15Mar2026 03:04:15.031] [main/DEBUG] [net.minecraftforge.fml.loading.moddiscovery.ModFileParser/LOADING]: Considering mod file candidate C:\Users\Silvaria Zemaitis\AppData\Roaming\PrismLauncher\instances\IridescentCraft\minecraft\mods\citadel-2.6.3-1.20.1.jar
[15Mar2026 03:04:15.031] [main/DEBUG] [net.minecraftforge.fml.loading.moddiscovery.ModFileInfo/LOADING]: Found valid mod file citadel-2.6.3-1.20.1.jar with {citadel} mods - versions {2.6.3}
[15Mar2026 03:04:15.031] [main/DEBUG] [net.minecraftforge.fml.loading.moddiscovery.ModFile/LOADING]: Loading mod file C:\Users\Silvaria Zemaitis\AppData\Roaming\PrismLauncher\instances\IridescentCraft\minecraft\mods\citadel-2.6.3-1.20.1.jar with languages [LanguageSpec[languageName=javafml, acceptedVersions=[47,)]]
[15Mar2026 03:04:15.031] [main/DEBUG] [net.minecraftforge.fml.loading.moddiscovery.ModFileParser/LOADING]: Considering mod file candidate 
[15Mar2026 03:04:15.031] [main/DEBUG] [net.minecraftforge.fml.loading.moddiscovery.ModFileInfo/LOADING]: Found valid mod file nucleus-pose-forge-1.20.1+1.0.0.jar with {nucleus_pose} mods - versions {1.0.0}
[15Mar2026 03:04:15.031] [main/DEBUG] [net.minecraftforge.fml.loading.moddiscovery.ModFile/LOADING]: Loading mod file  with languages [LanguageSpec[languageName=javafml, acceptedVersions=[47,)]]
[15Mar2026 03:04:15.031] [main/DEBUG] [net.minecraftforge.fml.loading.moddiscovery.ModFileParser/LOADING]: Considering mod file candidate 
[15Mar2026 03:04:15.031] [main/DEBUG] [net.minecraftforge.fml.loading.moddiscovery.ModFileInfo/LOADING]: Found valid mod file fabric-data-attachment-api-v1-1.0.2+30ef839e77.jar with {fabric_data_attachment_api_v1} mods - versions {1.0.2+30ef839e77}
[15Mar2026 03:04:15.031] [main/DEBUG] [net.minecraftforge.fml.loading.moddiscovery.ModFile/LOADING]: Loading mod file  with languages [LanguageSpec[languageName=javafml, acceptedVersions=[47,)]]
[15Mar2026 03:04:15.031] [main/DEBUG] [net.minecraftforge.fml.loading.moddiscovery.ModFileParser/LOADING]: Considering mod file candidate C:\Users\Silvaria Zemaitis\AppData\Roaming\PrismLauncher\instances\IridescentCraft\minecraft\mods\relics-1.20.1-0.8.0.11.jar
[15Mar2026 03:04:15.031] [main/DEBUG] [net.minecraftforge.fml.loading.moddiscovery.ModFileInfo/LOADING]: Found valid mod file relics-1.20.1-0.8.0.11.jar with {relics} mods - versions {0.8.0.11}
[15Mar2026 03:04:15.031] [main/DEBUG] [net.minecraftforge.fml.loading.moddiscovery.ModFile/LOADING]: Loading mod file C:\Users\Silvaria Zemaitis\AppData\Roaming\PrismLauncher\instances\IridescentCraft\minecraft\mods\relics-1.20.1-0.8.0.11.jar with languages [LanguageSpec[languageName=javafml, acceptedVersions=[47,)]]
[15Mar2026 03:04:15.031] [main/DEBUG] [net.minecraftforge.fml.loading.moddiscovery.ModFileParser/LOADING]: Considering mod file candidate 
[15Mar2026 03:04:15.031] [main/DEBUG] [net.minecraftforge.fml.loading.moddiscovery.ModFileInfo/LOADING]: Found valid mod file kittynetworking-0.1.29-1.20.1-forge.jar with {kittynetworking} mods - versions {0.1.29}
[15Mar2026 03:04:15.031] [main/DEBUG] [net.minecraftforge.fml.loading.moddiscovery.ModFile/LOADING]: Loading mod file  with languages [LanguageSpec[languageName=javafml, acceptedVersions=[47,)]]
[15Mar2026 03:04:15.031] [main/DEBUG] [net.minecraftforge.fml.loading.moddiscovery.ModFileParser/LOADING]: Considering mod file candidate C:\Users\Silvaria Zemaitis\AppData\Roaming\PrismLauncher\instances\IridescentCraft\minecraft\mods\Steam_Rails-1.6.15-beta+forge-mc1.20.1.jar
[15Mar2026 03:04:15.031] [main/DEBUG] [net.minecraftforge.fml.loading.moddiscovery.ModFileInfo/LOADING]: Found valid mod file Steam_Rails-1.6.15-beta+forge-mc1.20.1.jar with {railways} mods - versions {1.6.15-beta+forge-mc1.20.1}
[15Mar2026 03:04:15.031] [main/DEBUG] [net.minecraftforge.fml.loading.moddiscovery.ModFile/LOADING]: Loading mod file C:\Users\Silvaria Zemaitis\AppData\Roaming\PrismLauncher\instances\IridescentCraft\minecraft\mods\Steam_Rails-1.6.15-beta+forge-mc1.20.1.jar with languages [LanguageSpec[languageName=javafml, acceptedVersions=[47,)]]
[15Mar2026 03:04:15.031] [main/DEBUG] [net.minecraftforge.fml.loading.moddiscovery.ModFileParser/LOADING]: Considering mod file candidate C:\Users\Silvaria Zemaitis\AppData\Roaming\PrismLauncher\instances\IridescentCraft\minecraft\mods\xnetgases-1.20.1-5.1.4.jar
[15Mar2026 03:04:15.031] [main/DEBUG] [net.minecraftforge.fml.loading.moddiscovery.ModFileInfo/LOADING]: Found valid mod file xnetgases-1.20.1-5.1.4.jar with {xnetgases} mods - versions {5.1.4}
[15Mar2026 03:04:15.031] [main/DEBUG] [net.minecraftforge.fml.loading.moddiscovery.ModFile/LOADING]: Loading mod file C:\Users\Silvaria Zemaitis\AppData\Roaming\PrismLauncher\instances\IridescentCraft\minecraft\mods\xnetgases-1.20.1-5.1.4.jar with languages [LanguageSpec[languageName=javafml, acceptedVersions=[47,)]]
[15Mar2026 03:04:15.031] [main/DEBUG] [net.minecraftforge.fml.loading.moddiscovery.ModFileParser/LOADING]: Considering mod file candidate 
[15Mar2026 03:04:15.031] [main/DEBUG] [net.minecraftforge.fml.loading.moddiscovery.ModFileInfo/LOADING]: Found valid mod file fabric-content-registries-v0-4.0.13+a670df1e77.jar with {fabric_content_registries_v0} mods - versions {4.0.13+a670df1e77}
[15Mar2026 03:04:15.031] [main/DEBUG] [net.minecraftforge.fml.loading.moddiscovery.ModFile/LOADING]: Loading mod file  with languages [LanguageSpec[languageName=javafml, acceptedVersions=[47,)]]
[15Mar2026 03:04:15.031] [main/DEBUG] [net.minecraftforge.fml.loading.moddiscovery.ModFileParser/LOADING]: Found coremod mutableWeatherableBlocks with Javascript path META-INF/asm/mutableOxidizableBlocks.js
[15Mar2026 03:04:15.031] [main/DEBUG] [net.minecraftforge.fml.loading.moddiscovery.ModFile/LOADING]: Found coremod META-INF/asm/mutableOxidizableBlocks.js
[15Mar2026 03:04:15.031] [main/DEBUG] [net.minecraftforge.fml.loading.moddiscovery.ModFileParser/LOADING]: Considering mod file candidate C:\Users\Silvaria Zemaitis\AppData\Roaming\PrismLauncher\instances\IridescentCraft\minecraft\mods\twilightforest-1.20.1-4.3.2508-universal.jar
[15Mar2026 03:04:15.031] [main/DEBUG] [net.minecraftforge.fml.loading.moddiscovery.ModFileInfo/LOADING]: Found valid mod file twilightforest-1.20.1-4.3.2508-universal.jar with {twilightforest} mods - versions {4.3.2508}
[15Mar2026 03:04:15.031] [main/DEBUG] [net.minecraftforge.fml.loading.moddiscovery.ModFile/LOADING]: Loading mod file C:\Users\Silvaria Zemaitis\AppData\Roaming\PrismLauncher\instances\IridescentCraft\minecraft\mods\twilightforest-1.20.1-4.3.2508-universal.jar with languages [LanguageSpec[languageName=javafml, acceptedVersions=[47,)]]
[15Mar2026 03:04:15.032] [main/DEBUG] [net.minecraftforge.fml.loading.moddiscovery.ModFileParser/LOADING]: Found coremod seed with Javascript path META-INF/asm/seed.js
[15Mar2026 03:04:15.032] [main/DEBUG] [net.minecraftforge.fml.loading.moddiscovery.ModFileParser/LOADING]: Found coremod maprendercontext with Javascript path META-INF/asm/maprendercontext.js
[15Mar2026 03:04:15.032] [main/DEBUG] [net.minecraftforge.fml.loading.moddiscovery.ModFileParser/LOADING]: Found coremod music with Javascript path META-INF/asm/music.js
[15Mar2026 03:04:15.032] [main/DEBUG] [net.minecraftforge.fml.loading.moddiscovery.ModFileParser/LOADING]: Found coremod multipart with Javascript path META-INF/asm/multipart.js
[15Mar2026 03:04:15.032] [main/DEBUG] [net.minecraftforge.fml.loading.moddiscovery.ModFileParser/LOADING]: Found coremod foliage with Javascript path META-INF/asm/foliage.js
[15Mar2026 03:04:15.032] [main/DEBUG] [net.minecraftforge.fml.loading.moddiscovery.ModFileParser/LOADING]: Found coremod mount with Javascript path META-INF/asm/mount.js
[15Mar2026 03:04:15.032] [main/DEBUG] [net.minecraftforge.fml.loading.moddiscovery.ModFileParser/LOADING]: Found coremod book with Javascript path META-INF/asm/book.js
[15Mar2026 03:04:15.032] [main/DEBUG] [net.minecraftforge.fml.loading.moddiscovery.ModFileParser/LOADING]: Found coremod conquered with Javascript path META-INF/asm/conquered.js
[15Mar2026 03:04:15.032] [main/DEBUG] [net.minecraftforge.fml.loading.moddiscovery.ModFileParser/LOADING]: Found coremod reach with Javascript path META-INF/asm/reach.js
[15Mar2026 03:04:15.032] [main/DEBUG] [net.minecraftforge.fml.loading.moddiscovery.ModFileParser/LOADING]: Found coremod shroom with Javascript path META-INF/asm/shroom.js
[15Mar2026 03:04:15.032] [main/DEBUG] [net.minecraftforge.fml.loading.moddiscovery.ModFileParser/LOADING]: Found coremod cloud with Javascript path META-INF/asm/cloud.js
[15Mar2026 03:04:15.032] [main/DEBUG] [net.minecraftforge.fml.loading.moddiscovery.ModFileParser/LOADING]: Found coremod lead with Javascript path META-INF/asm/lead.js
[15Mar2026 03:04:15.032] [main/DEBUG] [net.minecraftforge.fml.loading.moddiscovery.ModFile/LOADING]: Found coremod META-INF/asm/seed.js
[15Mar2026 03:04:15.032] [main/DEBUG] [net.minecraftforge.fml.loading.moddiscovery.ModFile/LOADING]: Found coremod META-INF/asm/maprendercontext.js
[15Mar2026 03:04:15.032] [main/DEBUG] [net.minecraftforge.fml.loading.moddiscovery.ModFile/LOADING]: Found coremod META-INF/asm/music.js
[15Mar2026 03:04:15.032] [main/DEBUG] [net.minecraftforge.fml.loading.moddiscovery.ModFile/LOADING]: Found coremod META-INF/asm/multipart.js
[15Mar2026 03:04:15.032] [main/DEBUG] [net.minecraftforge.fml.loading.moddiscovery.ModFile/LOADING]: Found coremod META-INF/asm/foliage.js
[15Mar2026 03:04:15.032] [main/DEBUG] [net.minecraftforge.fml.loading.moddiscovery.ModFile/LOADING]: Found coremod META-INF/asm/mount.js
[15Mar2026 03:04:15.032] [main/DEBUG] [net.minecraftforge.fml.loading.moddiscovery.ModFile/LOADING]: Found coremod META-INF/asm/book.js
[15Mar2026 03:04:15.032] [main/DEBUG] [net.minecraftforge.fml.loading.moddiscovery.ModFile/LOADING]: Found coremod META-INF/asm/conquered.js
[15Mar2026 03:04:15.032] [main/DEBUG] [net.minecraftforge.fml.loading.moddiscovery.ModFile/LOADING]: Found coremod META-INF/asm/reach.js
[15Mar2026 03:04:15.032] [main/DEBUG] [net.minecraftforge.fml.loading.moddiscovery.ModFile/LOADING]: Found coremod META-INF/asm/shroom.js
[15Mar2026 03:04:15.032] [main/DEBUG] [net.minecraftforge.fml.loading.moddiscovery.ModFile/LOADING]: Found coremod META-INF/asm/cloud.js
[15Mar2026 03:04:15.032] [main/DEBUG] [net.minecraftforge.fml.loading.moddiscovery.ModFile/LOADING]: Found coremod META-INF/asm/lead.js
[15Mar2026 03:04:15.032] [main/DEBUG] [net.minecraftforge.fml.loading.moddiscovery.ModFileParser/LOADING]: Considering mod file candidate C:\Users\Silvaria Zemaitis\AppData\Roaming\PrismLauncher\instances\IridescentCraft\minecraft\mods\celestial_artifacts-1.5.9.jar
[15Mar2026 03:04:15.032] [main/DEBUG] [net.minecraftforge.fml.loading.moddiscovery.ModFileInfo/LOADING]: Found valid mod file celestial_artifacts-1.5.9.jar with {celestial_artifacts} mods - versions {1.5.9}
[15Mar2026 03:04:15.032] [main/DEBUG] [net.minecraftforge.fml.loading.moddiscovery.ModFile/LOADING]: Loading mod file C:\Users\Silvaria Zemaitis\AppData\Roaming\PrismLauncher\instances\IridescentCraft\minecraft\mods\celestial_artifacts-1.5.9.jar with languages [LanguageSpec[languageName=javafml, acceptedVersions=[47,)]]
[15Mar2026 03:04:15.032] [main/DEBUG] [net.minecraftforge.fml.loading.moddiscovery.ModFileParser/LOADING]: Considering mod file candidate C:\Users\Silvaria Zemaitis\AppData\Roaming\PrismLauncher\instances\IridescentCraft\minecraft\mods\origins_genders-1.20.1-forge.jar
[15Mar2026 03:04:15.032] [main/DEBUG] [net.minecraftforge.fml.loading.moddiscovery.ModFileInfo/LOADING]: Found valid mod file origins_genders-1.20.1-forge.jar with {origins_gender} mods - versions {1.0.0}
[15Mar2026 03:04:15.032] [main/DEBUG] [net.minecraftforge.fml.loading.moddiscovery.ModFile/LOADING]: Loading mod file C:\Users\Silvaria Zemaitis\AppData\Roaming\PrismLauncher\instances\IridescentCraft\minecraft\mods\origins_genders-1.20.1-forge.jar with languages [LanguageSpec[languageName=javafml, acceptedVersions=[20,)]]
[15Mar2026 03:04:15.032] [main/DEBUG] [net.minecraftforge.fml.loading.moddiscovery.ModFileParser/LOADING]: Considering mod file candidate C:\Users\Silvaria Zemaitis\AppData\Roaming\PrismLauncher\instances\IridescentCraft\minecraft\mods\PrettyPipes-1.15.0-all.jar
[15Mar2026 03:04:15.032] [main/DEBUG] [net.minecraftforge.fml.loading.moddiscovery.ModFileInfo/LOADING]: Found valid mod file PrettyPipes-1.15.0-all.jar with {prettypipes} mods - versions {1.15.0}
[15Mar2026 03:04:15.032] [main/DEBUG] [net.minecraftforge.fml.loading.moddiscovery.ModFile/LOADING]: Loading mod file C:\Users\Silvaria Zemaitis\AppData\Roaming\PrismLauncher\instances\IridescentCraft\minecraft\mods\PrettyPipes-1.15.0-all.jar with languages [LanguageSpec[languageName=javafml, acceptedVersions=[47,)]]
[15Mar2026 03:04:15.032] [main/DEBUG] [net.minecraftforge.fml.loading.moddiscovery.ModFileParser/LOADING]: Considering mod file candidate C:\Users\Silvaria Zemaitis\AppData\Roaming\PrismLauncher\instances\IridescentCraft\minecraft\mods\FarmersDelight-1.20.1-1.2.10.jar
[15Mar2026 03:04:15.032] [main/DEBUG] [net.minecraftforge.fml.loading.moddiscovery.ModFileInfo/LOADING]: Found valid mod file FarmersDelight-1.20.1-1.2.10.jar with {farmersdelight} mods - versions {1.20.1-1.2.10}
[15Mar2026 03:04:15.032] [main/DEBUG] [net.minecraftforge.fml.loading.moddiscovery.ModFile/LOADING]: Loading mod file C:\Users\Silvaria Zemaitis\AppData\Roaming\PrismLauncher\instances\IridescentCraft\minecraft\mods\FarmersDelight-1.20.1-1.2.10.jar with languages [LanguageSpec[languageName=javafml, acceptedVersions=[46,)]]
[15Mar2026 03:04:15.032] [main/DEBUG] [net.minecraftforge.fml.loading.moddiscovery.ModFileParser/LOADING]: Considering mod file candidate C:\Users\Silvaria Zemaitis\AppData\Roaming\PrismLauncher\instances\IridescentCraft\minecraft\mods\enchantmentlevelcapindicator-1.20.1-1.1.jar
[15Mar2026 03:04:15.032] [main/DEBUG] [net.minecraftforge.fml.loading.moddiscovery.ModFileInfo/LOADING]: Found valid mod file enchantmentlevelcapindicator-1.20.1-1.1.jar with {enchantmentlevelcapindicator} mods - versions {1.1}
[15Mar2026 03:04:15.032] [main/DEBUG] [net.minecraftforge.fml.loading.moddiscovery.ModFile/LOADING]: Loading mod file C:\Users\Silvaria Zemaitis\AppData\Roaming\PrismLauncher\instances\IridescentCraft\minecraft\mods\enchantmentlevelcapindicator-1.20.1-1.1.jar with languages [LanguageSpec[languageName=javafml, acceptedVersions=*]]
[15Mar2026 03:04:15.032] [main/DEBUG] [net.minecraftforge.fml.loading.moddiscovery.ModFileParser/LOADING]: Considering mod file candidate C:\Users\Silvaria Zemaitis\AppData\Roaming\PrismLauncher\instances\IridescentCraft\minecraft\mods\cataclysmiccombat-1.4.1-1.20.1.jar
[15Mar2026 03:04:15.032] [main/DEBUG] [net.minecraftforge.fml.loading.moddiscovery.ModFileInfo/LOADING]: Found valid mod file cataclysmiccombat-1.4.1-1.20.1.jar with {cataclysmiccombat} mods - versions {1.4}
[15Mar2026 03:04:15.033] [main/DEBUG] [net.minecraftforge.fml.loading.moddiscovery.ModFile/LOADING]: Loading mod file C:\Users\Silvaria Zemaitis\AppData\Roaming\PrismLauncher\instances\IridescentCraft\minecraft\mods\cataclysmiccombat-1.4.1-1.20.1.jar with languages [LanguageSpec[languageName=lowcodefml, acceptedVersions=[47,)]]
[15Mar2026 03:04:15.033] [main/DEBUG] [net.minecraftforge.fml.loading.moddiscovery.ModFileParser/LOADING]: Considering mod file candidate C:\Users\Silvaria Zemaitis\AppData\Roaming\PrismLauncher\instances\IridescentCraft\minecraft\mods\mcw-mcwfences-1.2.1-mc1.20.1forge.jar
[15Mar2026 03:04:15.033] [main/DEBUG] [net.minecraftforge.fml.loading.moddiscovery.ModFileInfo/LOADING]: Found valid mod file mcw-mcwfences-1.2.1-mc1.20.1forge.jar with {mcwfences} mods - versions {1.2.1}
[15Mar2026 03:04:15.033] [main/DEBUG] [net.minecraftforge.fml.loading.moddiscovery.ModFile/LOADING]: Loading mod file C:\Users\Silvaria Zemaitis\AppData\Roaming\PrismLauncher\instances\IridescentCraft\minecraft\mods\mcw-mcwfences-1.2.1-mc1.20.1forge.jar with languages [LanguageSpec[languageName=javafml, acceptedVersions=[28,)]]
[15Mar2026 03:04:15.033] [main/DEBUG] [net.minecraftforge.fml.loading.moddiscovery.ModFileParser/LOADING]: Considering mod file candidate 
[15Mar2026 03:04:15.033] [main/DEBUG] [net.minecraftforge.fml.loading.moddiscovery.ModFileInfo/LOADING]: Found valid mod file reach-entity-attributes-2.4.0.jar with {reach_entity_attributes} mods - versions {2.4.0}
[15Mar2026 03:04:15.033] [main/DEBUG] [net.minecraftforge.fml.loading.moddiscovery.ModFile/LOADING]: Loading mod file  with languages [LanguageSpec[languageName=javafml, acceptedVersions=[47,)]]
[15Mar2026 03:04:15.033] [main/DEBUG] [net.minecraftforge.fml.loading.moddiscovery.ModFileParser/LOADING]: Found coremod inventoryValidationHook with Javascript path META-INF/asm/inventoryValidationHook.js
[15Mar2026 03:04:15.033] [main/DEBUG] [net.minecraftforge.fml.loading.moddiscovery.ModFileParser/LOADING]: Found coremod vehicleInventoryAttackRangeHook with Javascript path META-INF/asm/vehicleInventoryAttackRangeHook.js
[15Mar2026 03:04:15.033] [main/DEBUG] [net.minecraftforge.fml.loading.moddiscovery.ModFile/LOADING]: Found coremod META-INF/asm/inventoryValidationHook.js
[15Mar2026 03:04:15.033] [main/DEBUG] [net.minecraftforge.fml.loading.moddiscovery.ModFile/LOADING]: Found coremod META-INF/asm/vehicleInventoryAttackRangeHook.js
[15Mar2026 03:04:15.033] [main/DEBUG] [net.minecraftforge.fml.loading.moddiscovery.ModFileParser/LOADING]: Considering mod file candidate C:\Users\Silvaria Zemaitis\AppData\Roaming\PrismLauncher\instances\IridescentCraft\minecraft\mods\simplefarming-1.20.1-2.2.6.jar
[15Mar2026 03:04:15.033] [main/DEBUG] [net.minecraftforge.fml.loading.moddiscovery.ModFileInfo/LOADING]: Found valid mod file simplefarming-1.20.1-2.2.6.jar with {simplefarming} mods - versions {1.20.1-2.0.6}
[15Mar2026 03:04:15.033] [main/DEBUG] [net.minecraftforge.fml.loading.moddiscovery.ModFile/LOADING]: Loading mod file C:\Users\Silvaria Zemaitis\AppData\Roaming\PrismLauncher\instances\IridescentCraft\minecraft\mods\simplefarming-1.20.1-2.2.6.jar with languages [LanguageSpec[languageName=javafml, acceptedVersions=[47,)]]
[15Mar2026 03:04:15.033] [main/DEBUG] [net.minecraftforge.fml.loading.moddiscovery.ModFileParser/LOADING]: Considering mod file candidate C:\Users\Silvaria Zemaitis\AppData\Roaming\PrismLauncher\instances\IridescentCraft\minecraft\mods\villagespawnpoint-1.20.1-4.6.jar
[15Mar2026 03:04:15.033] [main/DEBUG] [net.minecraftforge.fml.loading.moddiscovery.ModFileInfo/LOADING]: Found valid mod file villagespawnpoint-1.20.1-4.6.jar with {villagespawnpoint} mods - versions {4.6}
[15Mar2026 03:04:15.033] [main/DEBUG] [net.minecraftforge.fml.loading.moddiscovery.ModFile/LOADING]: Loading mod file C:\Users\Silvaria Zemaitis\AppData\Roaming\PrismLauncher\instances\IridescentCraft\minecraft\mods\villagespawnpoint-1.20.1-4.6.jar with languages [LanguageSpec[languageName=javafml, acceptedVersions=*]]
[15Mar2026 03:04:15.033] [main/DEBUG] [net.minecraftforge.fml.loading.moddiscovery.ModFileParser/LOADING]: Considering mod file candidate C:\Users\Silvaria Zemaitis\AppData\Roaming\PrismLauncher\instances\IridescentCraft\minecraft\mods\pamhc2foodextended-1.20.4-1.0.1.jar
[15Mar2026 03:04:15.033] [main/DEBUG] [net.minecraftforge.fml.loading.moddiscovery.ModFileInfo/LOADING]: Found valid mod file pamhc2foodextended-1.20.4-1.0.1.jar with {pamhc2foodextended} mods - versions {0.0NONE}
[15Mar2026 03:04:15.033] [main/DEBUG] [net.minecraftforge.fml.loading.moddiscovery.ModFile/LOADING]: Loading mod file C:\Users\Silvaria Zemaitis\AppData\Roaming\PrismLauncher\instances\IridescentCraft\minecraft\mods\pamhc2foodextended-1.20.4-1.0.1.jar with languages [LanguageSpec[languageName=javafml, acceptedVersions=[40,)]]
[15Mar2026 03:04:15.033] [main/DEBUG] [net.minecraftforge.fml.loading.moddiscovery.ModFileParser/LOADING]: Considering mod file candidate C:\Users\Silvaria Zemaitis\AppData\Roaming\PrismLauncher\instances\IridescentCraft\minecraft\mods\Patchouli-1.20.1-84.1-FORGE.jar
[15Mar2026 03:04:15.033] [main/DEBUG] [net.minecraftforge.fml.loading.moddiscovery.ModFileInfo/LOADING]: Found valid mod file Patchouli-1.20.1-84.1-FORGE.jar with {patchouli} mods - versions {1.20.1-84.1-FORGE}
[15Mar2026 03:04:15.033] [main/DEBUG] [net.minecraftforge.fml.loading.moddiscovery.ModFile/LOADING]: Loading mod file C:\Users\Silvaria Zemaitis\AppData\Roaming\PrismLauncher\instances\IridescentCraft\minecraft\mods\Patchouli-1.20.1-84.1-FORGE.jar with languages [LanguageSpec[languageName=javafml, acceptedVersions=[47,)]]
[15Mar2026 03:04:15.033] [main/DEBUG] [net.minecraftforge.fml.loading.moddiscovery.ModFileParser/LOADING]: Considering mod file candidate C:\Users\Silvaria Zemaitis\AppData\Roaming\PrismLauncher\instances\IridescentCraft\minecraft\mods\collective-1.20.1-8.13.jar
[15Mar2026 03:04:15.033] [main/DEBUG] [net.minecraftforge.fml.loading.moddiscovery.ModFileInfo/LOADING]: Found valid mod file collective-1.20.1-8.13.jar with {collective} mods - versions {8.13}
[15Mar2026 03:04:15.033] [main/DEBUG] [net.minecraftforge.fml.loading.moddiscovery.ModFile/LOADING]: Loading mod file C:\Users\Silvaria Zemaitis\AppData\Roaming\PrismLauncher\instances\IridescentCraft\minecraft\mods\collective-1.20.1-8.13.jar with languages [LanguageSpec[languageName=javafml, acceptedVersions=*]]
[15Mar2026 03:04:15.033] [main/DEBUG] [net.minecraftforge.fml.loading.moddiscovery.ModFileParser/LOADING]: Considering mod file candidate C:\Users\Silvaria Zemaitis\AppData\Roaming\PrismLauncher\instances\IridescentCraft\minecraft\mods\rftoolsstorage-1.20-5.0.3.jar
[15Mar2026 03:04:15.033] [main/DEBUG] [net.minecraftforge.fml.loading.moddiscovery.ModFileInfo/LOADING]: Found valid mod file rftoolsstorage-1.20-5.0.3.jar with {rftoolsstorage} mods - versions {1.20-5.0.3}
[15Mar2026 03:04:15.033] [main/DEBUG] [net.minecraftforge.fml.loading.moddiscovery.ModFile/LOADING]: Loading mod file C:\Users\Silvaria Zemaitis\AppData\Roaming\PrismLauncher\instances\IridescentCraft\minecraft\mods\rftoolsstorage-1.20-5.0.3.jar with languages [LanguageSpec[languageName=javafml, acceptedVersions=[47,)]]
[15Mar2026 03:04:15.033] [main/DEBUG] [net.minecraftforge.fml.loading.moddiscovery.ModFileParser/LOADING]: Considering mod file candidate C:\Users\Silvaria Zemaitis\AppData\Roaming\PrismLauncher\instances\IridescentCraft\minecraft\mods\kubejsdelight-1.20.1-1.1.5.jar
[15Mar2026 03:04:15.033] [main/DEBUG] [net.minecraftforge.fml.loading.moddiscovery.ModFileInfo/LOADING]: Found valid mod file kubejsdelight-1.20.1-1.1.5.jar with {kubejsdelight} mods - versions {1.1.5}
[15Mar2026 03:04:15.033] [main/DEBUG] [net.minecraftforge.fml.loading.moddiscovery.ModFile/LOADING]: Loading mod file C:\Users\Silvaria Zemaitis\AppData\Roaming\PrismLauncher\instances\IridescentCraft\minecraft\mods\kubejsdelight-1.20.1-1.1.5.jar with languages [LanguageSpec[languageName=javafml, acceptedVersions=[47,)]]
[15Mar2026 03:04:15.033] [main/DEBUG] [net.minecraftforge.fml.loading.moddiscovery.ModFileParser/LOADING]: Considering mod file candidate C:\Users\Silvaria Zemaitis\AppData\Roaming\PrismLauncher\instances\IridescentCraft\minecraft\mods\thermal_expansion-1.20.1-11.0.1.29.jar
[15Mar2026 03:04:15.033] [main/DEBUG] [net.minecraftforge.fml.loading.moddiscovery.ModFileInfo/LOADING]: Found valid mod file thermal_expansion-1.20.1-11.0.1.29.jar with {thermal_expansion} mods - versions {11.0.1}
[15Mar2026 03:04:15.033] [main/DEBUG] [net.minecraftforge.fml.loading.moddiscovery.ModFile/LOADING]: Loading mod file C:\Users\Silvaria Zemaitis\AppData\Roaming\PrismLauncher\instances\IridescentCraft\minecraft\mods\thermal_expansion-1.20.1-11.0.1.29.jar with languages [LanguageSpec[languageName=javafml, acceptedVersions=[47,)]]
[15Mar2026 03:04:15.033] [main/DEBUG] [net.minecraftforge.fml.loading.moddiscovery.ModFileParser/LOADING]: Considering mod file candidate C:\Users\Silvaria Zemaitis\AppData\Roaming\PrismLauncher\instances\IridescentCraft\minecraft\mods\ftb-ultimine-forge-2001.1.7.jar
[15Mar2026 03:04:15.033] [main/DEBUG] [net.minecraftforge.fml.loading.moddiscovery.ModFileInfo/LOADING]: Found valid mod file ftb-ultimine-forge-2001.1.7.jar with {ftbultimine} mods - versions {2001.1.7}
[15Mar2026 03:04:15.033] [main/DEBUG] [net.minecraftforge.fml.loading.moddiscovery.ModFile/LOADING]: Loading mod file C:\Users\Silvaria Zemaitis\AppData\Roaming\PrismLauncher\instances\IridescentCraft\minecraft\mods\ftb-ultimine-forge-2001.1.7.jar with languages [LanguageSpec[languageName=javafml, acceptedVersions=[47,)]]
[15Mar2026 03:04:15.033] [main/DEBUG] [net.minecraftforge.fml.loading.moddiscovery.ModFileParser/LOADING]: Considering mod file candidate C:\Users\Silvaria Zemaitis\AppData\Roaming\PrismLauncher\instances\IridescentCraft\minecraft\mods\YungsBetterStrongholds-1.20-Forge-4.0.3.jar
[15Mar2026 03:04:15.033] [main/DEBUG] [net.minecraftforge.fml.loading.moddiscovery.ModFileInfo/LOADING]: Found valid mod file YungsBetterStrongholds-1.20-Forge-4.0.3.jar with {betterstrongholds} mods - versions {1.20-Forge-4.0.3}
[15Mar2026 03:04:15.034] [main/DEBUG] [net.minecraftforge.fml.loading.moddiscovery.ModFile/LOADING]: Loading mod file C:\Users\Silvaria Zemaitis\AppData\Roaming\PrismLauncher\instances\IridescentCraft\minecraft\mods\YungsBetterStrongholds-1.20-Forge-4.0.3.jar with languages [LanguageSpec[languageName=javafml, acceptedVersions=[46,)]]
[15Mar2026 03:04:15.034] [main/DEBUG] [net.minecraftforge.fml.loading.moddiscovery.ModFileParser/LOADING]: Considering mod file candidate C:\Users\Silvaria Zemaitis\AppData\Roaming\PrismLauncher\instances\IridescentCraft\minecraft\mods\resourcefullib-forge-1.20.1-2.1.29.jar
[15Mar2026 03:04:15.034] [main/DEBUG] [net.minecraftforge.fml.loading.moddiscovery.ModFileInfo/LOADING]: Found valid mod file resourcefullib-forge-1.20.1-2.1.29.jar with {resourcefullib} mods - versions {2.1.29}
[15Mar2026 03:04:15.034] [main/DEBUG] [net.minecraftforge.fml.loading.moddiscovery.ModFile/LOADING]: Loading mod file C:\Users\Silvaria Zemaitis\AppData\Roaming\PrismLauncher\instances\IridescentCraft\minecraft\mods\resourcefullib-forge-1.20.1-2.1.29.jar with languages [LanguageSpec[languageName=javafml, acceptedVersions=[46,)]]
[15Mar2026 03:04:15.034] [main/DEBUG] [net.minecraftforge.fml.loading.moddiscovery.ModFileParser/LOADING]: Considering mod file candidate 
[15Mar2026 03:04:15.034] [main/DEBUG] [net.minecraftforge.fml.loading.moddiscovery.ModFileInfo/LOADING]: Found valid mod file nucleus-core-forge-1.20.1+1.1.3.jar with {nucleus} mods - versions {1.1.3}
[15Mar2026 03:04:15.034] [main/DEBUG] [net.minecraftforge.fml.loading.moddiscovery.ModFile/LOADING]: Loading mod file  with languages [LanguageSpec[languageName=javafml, acceptedVersions=[47,)]]
[15Mar2026 03:04:15.034] [main/DEBUG] [net.minecraftforge.fml.loading.moddiscovery.ModFileParser/LOADING]: Considering mod file candidate C:\Users\Silvaria Zemaitis\AppData\Roaming\PrismLauncher\instances\IridescentCraft\minecraft\mods\lootjs-forge-1.20.1-2.13.1.jar
[15Mar2026 03:04:15.034] [main/DEBUG] [net.minecraftforge.fml.loading.moddiscovery.ModFileInfo/LOADING]: Found valid mod file lootjs-forge-1.20.1-2.13.1.jar with {lootjs} mods - versions {1.20.1-2.13.1}
[15Mar2026 03:04:15.034] [main/DEBUG] [net.minecraftforge.fml.loading.moddiscovery.ModFile/LOADING]: Loading mod file C:\Users\Silvaria Zemaitis\AppData\Roaming\PrismLauncher\instances\IridescentCraft\minecraft\mods\lootjs-forge-1.20.1-2.13.1.jar with languages [LanguageSpec[languageName=javafml, acceptedVersions=[47,)]]
[15Mar2026 03:04:15.034] [main/DEBUG] [net.minecraftforge.fml.loading.moddiscovery.ModFileParser/LOADING]: Considering mod file candidate C:\Users\Silvaria Zemaitis\AppData\Roaming\PrismLauncher\instances\IridescentCraft\minecraft\mods\architectury-9.2.14-forge.jar
[15Mar2026 03:04:15.034] [main/DEBUG] [net.minecraftforge.fml.loading.moddiscovery.ModFileInfo/LOADING]: Found valid mod file architectury-9.2.14-forge.jar with {architectury} mods - versions {9.2.14}
[15Mar2026 03:04:15.034] [main/DEBUG] [net.minecraftforge.fml.loading.moddiscovery.ModFile/LOADING]: Loading mod file C:\Users\Silvaria Zemaitis\AppData\Roaming\PrismLauncher\instances\IridescentCraft\minecraft\mods\architectury-9.2.14-forge.jar with languages [LanguageSpec[languageName=javafml, acceptedVersions=[46,)]]
[15Mar2026 03:04:15.034] [main/DEBUG] [net.minecraftforge.fml.loading.moddiscovery.ModFileParser/LOADING]: Considering mod file candidate C:\Users\Silvaria Zemaitis\AppData\Roaming\PrismLauncher\instances\IridescentCraft\minecraft\mods\deeperdarker-forge-1.20.1-1.3.3.jar
[15Mar2026 03:04:15.034] [main/DEBUG] [net.minecraftforge.fml.loading.moddiscovery.ModFileInfo/LOADING]: Found valid mod file deeperdarker-forge-1.20.1-1.3.3.jar with {deeperdarker} mods - versions {1.3.3}
[15Mar2026 03:04:15.034] [main/DEBUG] [net.minecraftforge.fml.loading.moddiscovery.ModFile/LOADING]: Loading mod file C:\Users\Silvaria Zemaitis\AppData\Roaming\PrismLauncher\instances\IridescentCraft\minecraft\mods\deeperdarker-forge-1.20.1-1.3.3.jar with languages [LanguageSpec[languageName=javafml, acceptedVersions=[47,)]]
[15Mar2026 03:04:15.034] [main/DEBUG] [net.minecraftforge.fml.loading.moddiscovery.ModFileParser/LOADING]: Considering mod file candidate 
[15Mar2026 03:04:15.034] [main/DEBUG] [net.minecraftforge.fml.loading.moddiscovery.ModFileInfo/LOADING]: Found valid mod file fabric-loot-api-v2-1.2.3+eb28f93e77.jar with {fabric_loot_api_v2} mods - versions {1.2.3+eb28f93e77}
[15Mar2026 03:04:15.034] [main/DEBUG] [net.minecraftforge.fml.loading.moddiscovery.ModFile/LOADING]: Loading mod file  with languages [LanguageSpec[languageName=javafml, acceptedVersions=[47,)]]
[15Mar2026 03:04:15.034] [main/DEBUG] [net.minecraftforge.fml.loading.moddiscovery.ModFileParser/LOADING]: Considering mod file candidate C:\Users\Silvaria Zemaitis\AppData\Roaming\PrismLauncher\instances\IridescentCraft\minecraft\mods\attributizer-3.1.jar
[15Mar2026 03:04:15.035] [main/DEBUG] [net.minecraftforge.fml.loading.moddiscovery.ModFileInfo/LOADING]: Found valid mod file attributizer-3.1.jar with {attributizer} mods - versions {3.1}
[15Mar2026 03:04:15.035] [main/DEBUG] [net.minecraftforge.fml.loading.moddiscovery.ModFile/LOADING]: Loading mod file C:\Users\Silvaria Zemaitis\AppData\Roaming\PrismLauncher\instances\IridescentCraft\minecraft\mods\attributizer-3.1.jar with languages [LanguageSpec[languageName=javafml, acceptedVersions=[43,)]]
[15Mar2026 03:04:15.035] [main/DEBUG] [net.minecraftforge.fml.loading.moddiscovery.ModFileParser/LOADING]: Considering mod file candidate C:\Users\Silvaria Zemaitis\AppData\Roaming\PrismLauncher\instances\IridescentCraft\minecraft\mods\ConnectorExtras-1.11.2+1.20.1.jar
[15Mar2026 03:04:15.035] [main/DEBUG] [net.minecraftforge.fml.loading.moddiscovery.ModFileInfo/LOADING]: Found valid mod file ConnectorExtras-1.11.2+1.20.1.jar with {connectorextras} mods - versions {1.11.2+1.20.1}
[15Mar2026 03:04:15.035] [main/DEBUG] [net.minecraftforge.fml.loading.moddiscovery.ModFile/LOADING]: Loading mod file C:\Users\Silvaria Zemaitis\AppData\Roaming\PrismLauncher\instances\IridescentCraft\minecraft\mods\ConnectorExtras-1.11.2+1.20.1.jar with languages [LanguageSpec[languageName=javafml, acceptedVersions=[47,)]]
[15Mar2026 03:04:15.035] [main/DEBUG] [net.minecraftforge.fml.loading.moddiscovery.ModFileParser/LOADING]: Considering mod file candidate C:\Users\Silvaria Zemaitis\AppData\Roaming\PrismLauncher\instances\IridescentCraft\minecraft\mods\crust-1.20.1-3.6.13.jar
[15Mar2026 03:04:15.035] [main/DEBUG] [net.minecraftforge.fml.loading.moddiscovery.ModFileInfo/LOADING]: Found valid mod file crust-1.20.1-3.6.13.jar with {crust} mods - versions {3.6.13}
[15Mar2026 03:04:15.035] [main/DEBUG] [net.minecraftforge.fml.loading.moddiscovery.ModFile/LOADING]: Loading mod file C:\Users\Silvaria Zemaitis\AppData\Roaming\PrismLauncher\instances\IridescentCraft\minecraft\mods\crust-1.20.1-3.6.13.jar with languages [LanguageSpec[languageName=javafml, acceptedVersions=[47,)]]
[15Mar2026 03:04:15.035] [main/DEBUG] [net.minecraftforge.fml.loading.moddiscovery.ModFileParser/LOADING]: Considering mod file candidate C:\Users\Silvaria Zemaitis\AppData\Roaming\PrismLauncher\instances\IridescentCraft\minecraft\mods\trashcans-1.0.18b-forge-mc1.20.jar
[15Mar2026 03:04:15.035] [main/DEBUG] [net.minecraftforge.fml.loading.moddiscovery.ModFileInfo/LOADING]: Found valid mod file trashcans-1.0.18b-forge-mc1.20.jar with {trashcans} mods - versions {1.0.18b}
[15Mar2026 03:04:15.035] [main/DEBUG] [net.minecraftforge.fml.loading.moddiscovery.ModFile/LOADING]: Loading mod file C:\Users\Silvaria Zemaitis\AppData\Roaming\PrismLauncher\instances\IridescentCraft\minecraft\mods\trashcans-1.0.18b-forge-mc1.20.jar with languages [LanguageSpec[languageName=javafml, acceptedVersions=[46,)]]
[15Mar2026 03:04:15.035] [main/DEBUG] [net.minecraftforge.fml.loading.moddiscovery.ModFileParser/LOADING]: Considering mod file candidate 
[15Mar2026 03:04:15.035] [main/DEBUG] [net.minecraftforge.fml.loading.moddiscovery.ModFileInfo/LOADING]: Found valid mod file fabric-networking-api-v1-1.3.14+fb7c822677.jar with {fabric_networking_api_v1} mods - versions {1.3.14+fb7c822677}
[15Mar2026 03:04:15.035] [main/DEBUG] [net.minecraftforge.fml.loading.moddiscovery.ModFile/LOADING]: Loading mod file  with languages [LanguageSpec[languageName=javafml, acceptedVersions=[47,)]]
[15Mar2026 03:04:15.035] [main/DEBUG] [net.minecraftforge.fml.loading.moddiscovery.ModFileParser/LOADING]: Considering mod file candidate C:\Users\Silvaria Zemaitis\AppData\Roaming\PrismLauncher\instances\IridescentCraft\minecraft\mods\Truly-Modular-arsenal-arsenal-forge-1.13-1.20.1.jar
[15Mar2026 03:04:15.035] [main/DEBUG] [net.minecraftforge.fml.loading.moddiscovery.ModFileInfo/LOADING]: Found valid mod file Truly-Modular-arsenal-arsenal-forge-1.13-1.20.1.jar with {tm_arsenal} mods - versions {1.13}
[15Mar2026 03:04:15.035] [main/DEBUG] [net.minecraftforge.fml.loading.moddiscovery.ModFile/LOADING]: Loading mod file C:\Users\Silvaria Zemaitis\AppData\Roaming\PrismLauncher\instances\IridescentCraft\minecraft\mods\Truly-Modular-arsenal-arsenal-forge-1.13-1.20.1.jar with languages [LanguageSpec[languageName=javafml, acceptedVersions=[47,)]]
[15Mar2026 03:04:15.035] [main/DEBUG] [net.minecraftforge.fml.loading.moddiscovery.ModFileParser/LOADING]: Considering mod file candidate C:\Users\Silvaria Zemaitis\AppData\Roaming\PrismLauncher\instances\IridescentCraft\minecraft\mods\polylib-forge-2000.0.3-build.143.jar
[15Mar2026 03:04:15.035] [main/DEBUG] [net.minecraftforge.fml.loading.moddiscovery.ModFileInfo/LOADING]: Found valid mod file polylib-forge-2000.0.3-build.143.jar with {polylib} mods - versions {2000.0.3-build.143}
[15Mar2026 03:04:15.035] [main/DEBUG] [net.minecraftforge.fml.loading.moddiscovery.ModFile/LOADING]: Loading mod file C:\Users\Silvaria Zemaitis\AppData\Roaming\PrismLauncher\instances\IridescentCraft\minecraft\mods\polylib-forge-2000.0.3-build.143.jar with languages [LanguageSpec[languageName=javafml, acceptedVersions=[46,)]]
[15Mar2026 03:04:15.035] [main/DEBUG] [net.minecraftforge.fml.loading.moddiscovery.ModFileParser/LOADING]: Considering mod file candidate C:\Users\Silvaria Zemaitis\AppData\Roaming\PrismLauncher\instances\IridescentCraft\minecraft\mods\letmedespawn-1.20.x-forge-1.5.0.jar
[15Mar2026 03:04:15.035] [main/DEBUG] [net.minecraftforge.fml.loading.moddiscovery.ModFileInfo/LOADING]: Found valid mod file letmedespawn-1.20.x-forge-1.5.0.jar with {letmedespawn} mods - versions {1.5.0}
[15Mar2026 03:04:15.035] [main/DEBUG] [net.minecraftforge.fml.loading.moddiscovery.ModFile/LOADING]: Loading mod file C:\Users\Silvaria Zemaitis\AppData\Roaming\PrismLauncher\instances\IridescentCraft\minecraft\mods\letmedespawn-1.20.x-forge-1.5.0.jar with languages [LanguageSpec[languageName=javafml, acceptedVersions=[47,)]]
[15Mar2026 03:04:15.035] [main/DEBUG] [net.minecraftforge.fml.loading.moddiscovery.ModFileParser/LOADING]: Considering mod file candidate 
[15Mar2026 03:04:15.035] [main/DEBUG] [net.minecraftforge.fml.loading.moddiscovery.ModFileInfo/LOADING]: Found valid mod file fabric-lifecycle-events-v1-2.2.23+afab492177.jar with {fabric_lifecycle_events_v1} mods - versions {2.2.23+afab492177}
[15Mar2026 03:04:15.035] [main/DEBUG] [net.minecraftforge.fml.loading.moddiscovery.ModFile/LOADING]: Loading mod file  with languages [LanguageSpec[languageName=javafml, acceptedVersions=[47,)]]
[15Mar2026 03:04:15.035] [main/DEBUG] [net.minecraftforge.fml.loading.moddiscovery.ModFileParser/LOADING]: Considering mod file candidate C:\Users\Silvaria Zemaitis\AppData\Roaming\PrismLauncher\instances\IridescentCraft\minecraft\mods\iridescent_codex_data.jar
[15Mar2026 03:04:15.035] [main/DEBUG] [net.minecraftforge.fml.loading.moddiscovery.ModFileInfo/LOADING]: Found valid mod file iridescent_codex_data.jar with {icraft} mods - versions {1.0.0}
[15Mar2026 03:04:15.035] [main/DEBUG] [net.minecraftforge.fml.loading.moddiscovery.ModFile/LOADING]: Loading mod file C:\Users\Silvaria Zemaitis\AppData\Roaming\PrismLauncher\instances\IridescentCraft\minecraft\mods\iridescent_codex_data.jar with languages [LanguageSpec[languageName=lowcodefml, acceptedVersions=[40,)]]
[15Mar2026 03:04:15.035] [main/DEBUG] [net.minecraftforge.fml.loading.moddiscovery.ModFileParser/LOADING]: Considering mod file candidate C:\Users\Silvaria Zemaitis\AppData\Roaming\PrismLauncher\instances\IridescentCraft\minecraft\mods\rhino-forge-2001.2.3-build.10.jar
[15Mar2026 03:04:15.035] [main/DEBUG] [net.minecraftforge.fml.loading.moddiscovery.ModFileInfo/LOADING]: Found valid mod file rhino-forge-2001.2.3-build.10.jar with {rhino} mods - versions {2001.2.3-build.10}
[15Mar2026 03:04:15.035] [main/DEBUG] [net.minecraftforge.fml.loading.moddiscovery.ModFile/LOADING]: Loading mod file C:\Users\Silvaria Zemaitis\AppData\Roaming\PrismLauncher\instances\IridescentCraft\minecraft\mods\rhino-forge-2001.2.3-build.10.jar with languages [LanguageSpec[languageName=javafml, acceptedVersions=[38,)]]
[15Mar2026 03:04:15.035] [main/DEBUG] [net.minecraftforge.fml.loading.moddiscovery.ModFileParser/LOADING]: Considering mod file candidate C:\Users\Silvaria Zemaitis\AppData\Roaming\PrismLauncher\instances\IridescentCraft\minecraft\mods\villagesandpillages-forge-mc1.20.1-1.0.2.jar
[15Mar2026 03:04:15.035] [main/DEBUG] [net.minecraftforge.fml.loading.moddiscovery.ModFileInfo/LOADING]: Found valid mod file villagesandpillages-forge-mc1.20.1-1.0.2.jar with {villagesandpillages} mods - versions {1.0.2}
[15Mar2026 03:04:15.035] [main/DEBUG] [net.minecraftforge.fml.loading.moddiscovery.ModFile/LOADING]: Loading mod file C:\Users\Silvaria Zemaitis\AppData\Roaming\PrismLauncher\instances\IridescentCraft\minecraft\mods\villagesandpillages-forge-mc1.20.1-1.0.2.jar with languages [LanguageSpec[languageName=javafml, acceptedVersions=*]]
[15Mar2026 03:04:15.035] [main/DEBUG] [net.minecraftforge.fml.loading.moddiscovery.ModFileParser/LOADING]: Considering mod file candidate C:\Users\Silvaria Zemaitis\AppData\Roaming\PrismLauncher\instances\IridescentCraft\minecraft\mods\Cucumber-1.20.1-7.0.16.jar
[15Mar2026 03:04:15.035] [main/DEBUG] [net.minecraftforge.fml.loading.moddiscovery.ModFileInfo/LOADING]: Found valid mod file Cucumber-1.20.1-7.0.16.jar with {cucumber} mods - versions {7.0.16}
[15Mar2026 03:04:15.035] [main/DEBUG] [net.minecraftforge.fml.loading.moddiscovery.ModFile/LOADING]: Loading mod file C:\Users\Silvaria Zemaitis\AppData\Roaming\PrismLauncher\instances\IridescentCraft\minecraft\mods\Cucumber-1.20.1-7.0.16.jar with languages [LanguageSpec[languageName=javafml, acceptedVersions=[47,)]]
[15Mar2026 03:04:15.035] [main/DEBUG] [net.minecraftforge.fml.loading.moddiscovery.ModFileParser/LOADING]: Considering mod file candidate C:\Users\Silvaria Zemaitis\AppData\Roaming\PrismLauncher\instances\IridescentCraft\minecraft\mods\jmi-forge-1.20.1-0.14-48.jar
[15Mar2026 03:04:15.035] [main/DEBUG] [net.minecraftforge.fml.loading.moddiscovery.ModFileInfo/LOADING]: Found valid mod file jmi-forge-1.20.1-0.14-48.jar with {jmi} mods - versions {1.20.1-0.14-48}
[15Mar2026 03:04:15.036] [main/DEBUG] [net.minecraftforge.fml.loading.moddiscovery.ModFile/LOADING]: Loading mod file C:\Users\Silvaria Zemaitis\AppData\Roaming\PrismLauncher\instances\IridescentCraft\minecraft\mods\jmi-forge-1.20.1-0.14-48.jar with languages [LanguageSpec[languageName=javafml, acceptedVersions=[47,)]]
[15Mar2026 03:04:15.036] [main/DEBUG] [net.minecraftforge.fml.loading.moddiscovery.ModFileParser/LOADING]: Considering mod file candidate C:\Users\Silvaria Zemaitis\AppData\Roaming\PrismLauncher\instances\IridescentCraft\minecraft\mods\trashslot-forge-1.20.1-15.1.3.jar
[15Mar2026 03:04:15.036] [main/DEBUG] [net.minecraftforge.fml.loading.moddiscovery.ModFileInfo/LOADING]: Found valid mod file trashslot-forge-1.20.1-15.1.3.jar with {trashslot} mods - versions {15.1.3}
[15Mar2026 03:04:15.036] [main/DEBUG] [net.minecraftforge.fml.loading.moddiscovery.ModFile/LOADING]: Loading mod file C:\Users\Silvaria Zemaitis\AppData\Roaming\PrismLauncher\instances\IridescentCraft\minecraft\mods\trashslot-forge-1.20.1-15.1.3.jar with languages [LanguageSpec[languageName=javafml, acceptedVersions=[46,)]]
[15Mar2026 03:04:15.036] [main/DEBUG] [net.minecraftforge.fml.loading.moddiscovery.ModFileParser/LOADING]: Considering mod file candidate C:\Users\Silvaria Zemaitis\AppData\Roaming\PrismLauncher\instances\IridescentCraft\minecraft\mods\treasuredistance-1.20-1.2.jar
[15Mar2026 03:04:15.036] [main/DEBUG] [net.minecraftforge.fml.loading.moddiscovery.ModFileInfo/LOADING]: Found valid mod file treasuredistance-1.20-1.2.jar with {treasuredistance} mods - versions {1.20-1.2}
[15Mar2026 03:04:15.036] [main/DEBUG] [net.minecraftforge.fml.loading.moddiscovery.ModFile/LOADING]: Loading mod file C:\Users\Silvaria Zemaitis\AppData\Roaming\PrismLauncher\instances\IridescentCraft\minecraft\mods\treasuredistance-1.20-1.2.jar with languages [LanguageSpec[languageName=javafml, acceptedVersions=[36,)]]
[15Mar2026 03:04:15.036] [main/DEBUG] [net.minecraftforge.fml.loading.moddiscovery.ModFileParser/LOADING]: Considering mod file candidate C:\Users\Silvaria Zemaitis\AppData\Roaming\PrismLauncher\instances\IridescentCraft\minecraft\mods\sophisticatedstorage-1.20.1-1.4.25.1488.jar
[15Mar2026 03:04:15.036] [main/DEBUG] [net.minecraftforge.fml.loading.moddiscovery.ModFileInfo/LOADING]: Found valid mod file sophisticatedstorage-1.20.1-1.4.25.1488.jar with {sophisticatedstorage} mods - versions {1.4.25.1488}
[15Mar2026 03:04:15.036] [main/DEBUG] [net.minecraftforge.fml.loading.moddiscovery.ModFile/LOADING]: Loading mod file C:\Users\Silvaria Zemaitis\AppData\Roaming\PrismLauncher\instances\IridescentCraft\minecraft\mods\sophisticatedstorage-1.20.1-1.4.25.1488.jar with languages [LanguageSpec[languageName=javafml, acceptedVersions=[47,)]]
[15Mar2026 03:04:15.036] [main/DEBUG] [net.minecraftforge.fml.loading.moddiscovery.ModFileParser/LOADING]: Considering mod file candidate C:\Users\Silvaria Zemaitis\AppData\Roaming\PrismLauncher\instances\IridescentCraft\minecraft\mods\OctoLib-FORGE-0.5.0.1+1.20.1.jar
[15Mar2026 03:04:15.036] [main/DEBUG] [net.minecraftforge.fml.loading.moddiscovery.ModFileInfo/LOADING]: Found valid mod file OctoLib-FORGE-0.5.0.1+1.20.1.jar with {octolib} mods - versions {0.5.0.1}
[15Mar2026 03:04:15.036] [main/DEBUG] [net.minecraftforge.fml.loading.moddiscovery.ModFile/LOADING]: Loading mod file C:\Users\Silvaria Zemaitis\AppData\Roaming\PrismLauncher\instances\IridescentCraft\minecraft\mods\OctoLib-FORGE-0.5.0.1+1.20.1.jar with languages [LanguageSpec[languageName=javafml, acceptedVersions=[47,)]]
[15Mar2026 03:04:15.036] [main/DEBUG] [net.minecraftforge.fml.loading.moddiscovery.ModFileParser/LOADING]: Considering mod file candidate C:\Users\Silvaria Zemaitis\AppData\Roaming\PrismLauncher\instances\IridescentCraft\minecraft\mods\item-filters-forge-2001.1.0-build.59.jar
[15Mar2026 03:04:15.036] [main/DEBUG] [net.minecraftforge.fml.loading.moddiscovery.ModFileInfo/LOADING]: Found valid mod file item-filters-forge-2001.1.0-build.59.jar with {itemfilters} mods - versions {2001.1.0-build.59}
[15Mar2026 03:04:15.036] [main/DEBUG] [net.minecraftforge.fml.loading.moddiscovery.ModFile/LOADING]: Loading mod file C:\Users\Silvaria Zemaitis\AppData\Roaming\PrismLauncher\instances\IridescentCraft\minecraft\mods\item-filters-forge-2001.1.0-build.59.jar with languages [LanguageSpec[languageName=javafml, acceptedVersions=[47,)]]
[15Mar2026 03:04:15.036] [main/DEBUG] [net.minecraftforge.fml.loading.moddiscovery.ModFileParser/LOADING]: Considering mod file candidate 
[15Mar2026 03:04:15.036] [main/DEBUG] [net.minecraftforge.fml.loading.moddiscovery.ModFileInfo/LOADING]: Found valid mod file TRender-1.0.10-1.20.1-forge-SNAPSHOT.jar with {trender} mods - versions {1.0.10}
[15Mar2026 03:04:15.036] [main/DEBUG] [net.minecraftforge.fml.loading.moddiscovery.ModFile/LOADING]: Loading mod file  with languages [LanguageSpec[languageName=javafml, acceptedVersions=[28,)]]
[15Mar2026 03:04:15.036] [main/DEBUG] [net.minecraftforge.fml.loading.moddiscovery.ModFileParser/LOADING]: Considering mod file candidate C:\Users\Silvaria Zemaitis\AppData\Roaming\PrismLauncher\instances\IridescentCraft\minecraft\mods\create-1.20.1-6.0.8.jar
[15Mar2026 03:04:15.036] [main/DEBUG] [net.minecraftforge.fml.loading.moddiscovery.ModFileInfo/LOADING]: Found valid mod file create-1.20.1-6.0.8.jar with {create} mods - versions {6.0.8}
[15Mar2026 03:04:15.036] [main/DEBUG] [net.minecraftforge.fml.loading.moddiscovery.ModFile/LOADING]: Loading mod file C:\Users\Silvaria Zemaitis\AppData\Roaming\PrismLauncher\instances\IridescentCraft\minecraft\mods\create-1.20.1-6.0.8.jar with languages [LanguageSpec[languageName=javafml, acceptedVersions=[47,)]]
[15Mar2026 03:04:15.036] [main/DEBUG] [net.minecraftforge.fml.loading.moddiscovery.ModFileParser/LOADING]: Considering mod file candidate C:\Users\Silvaria Zemaitis\AppData\Roaming\PrismLauncher\instances\IridescentCraft\minecraft\mods\ensorcellation-1.20.1-5.0.2.24.jar
[15Mar2026 03:04:15.036] [main/DEBUG] [net.minecraftforge.fml.loading.moddiscovery.ModFileInfo/LOADING]: Found valid mod file ensorcellation-1.20.1-5.0.2.24.jar with {ensorcellation} mods - versions {5.0.2}
[15Mar2026 03:04:15.036] [main/DEBUG] [net.minecraftforge.fml.loading.moddiscovery.ModFile/LOADING]: Loading mod file C:\Users\Silvaria Zemaitis\AppData\Roaming\PrismLauncher\instances\IridescentCraft\minecraft\mods\ensorcellation-1.20.1-5.0.2.24.jar with languages [LanguageSpec[languageName=javafml, acceptedVersions=[47,)]]
[15Mar2026 03:04:15.036] [main/DEBUG] [net.minecraftforge.fml.loading.moddiscovery.ModFileParser/LOADING]: Considering mod file candidate C:\Users\Silvaria Zemaitis\AppData\Roaming\PrismLauncher\instances\IridescentCraft\minecraft\mods\waystones-forge-1.20.1-14.1.20.jar
[15Mar2026 03:04:15.036] [main/DEBUG] [net.minecraftforge.fml.loading.moddiscovery.ModFileInfo/LOADING]: Found valid mod file waystones-forge-1.20.1-14.1.20.jar with {waystones} mods - versions {14.1.20}
[15Mar2026 03:04:15.036] [main/DEBUG] [net.minecraftforge.fml.loading.moddiscovery.ModFile/LOADING]: Loading mod file C:\Users\Silvaria Zemaitis\AppData\Roaming\PrismLauncher\instances\IridescentCraft\minecraft\mods\waystones-forge-1.20.1-14.1.20.jar with languages [LanguageSpec[languageName=javafml, acceptedVersions=[46,)]]
[15Mar2026 03:04:15.036] [main/DEBUG] [net.minecraftforge.fml.loading.moddiscovery.ModFileParser/LOADING]: Considering mod file candidate C:\Users\Silvaria Zemaitis\AppData\Roaming\PrismLauncher\instances\IridescentCraft\minecraft\mods\FastSuite-1.20.1-5.1.2.jar
[15Mar2026 03:04:15.036] [main/DEBUG] [net.minecraftforge.fml.loading.moddiscovery.ModFileInfo/LOADING]: Found valid mod file FastSuite-1.20.1-5.1.2.jar with {fastsuite} mods - versions {5.1.2}
[15Mar2026 03:04:15.036] [main/DEBUG] [net.minecraftforge.fml.loading.moddiscovery.ModFile/LOADING]: Loading mod file C:\Users\Silvaria Zemaitis\AppData\Roaming\PrismLauncher\instances\IridescentCraft\minecraft\mods\FastSuite-1.20.1-5.1.2.jar with languages [LanguageSpec[languageName=javafml, acceptedVersions=[32,)]]
[15Mar2026 03:04:15.036] [main/DEBUG] [net.minecraftforge.fml.loading.moddiscovery.ModFileParser/LOADING]: Considering mod file candidate C:\Users\Silvaria Zemaitis\AppData\Roaming\PrismLauncher\instances\IridescentCraft\minecraft\mods\Structory_1.20.x_v1.3.5.jar
[15Mar2026 03:04:15.036] [main/DEBUG] [net.minecraftforge.fml.loading.moddiscovery.ModFileInfo/LOADING]: Found valid mod file Structory_1.20.x_v1.3.5.jar with {structory} mods - versions {1.3.5}
[15Mar2026 03:04:15.036] [main/DEBUG] [net.minecraftforge.fml.loading.moddiscovery.ModFile/LOADING]: Loading mod file C:\Users\Silvaria Zemaitis\AppData\Roaming\PrismLauncher\instances\IridescentCraft\minecraft\mods\Structory_1.20.x_v1.3.5.jar with languages [LanguageSpec[languageName=lowcodefml, acceptedVersions=[1,)]]
[15Mar2026 03:04:15.037] [main/DEBUG] [net.minecraftforge.fml.loading.moddiscovery.ModFileParser/LOADING]: Considering mod file candidate C:\Users\Silvaria Zemaitis\AppData\Roaming\PrismLauncher\instances\IridescentCraft\minecraft\mods\journeymap-1.20.1-5.10.3-forge.jar
[15Mar2026 03:04:15.037] [main/DEBUG] [net.minecraftforge.fml.loading.moddiscovery.ModFileInfo/LOADING]: Found valid mod file journeymap-1.20.1-5.10.3-forge.jar with {journeymap} mods - versions {5.10.3}
[15Mar2026 03:04:15.037] [main/DEBUG] [net.minecraftforge.fml.loading.moddiscovery.ModFile/LOADING]: Loading mod file C:\Users\Silvaria Zemaitis\AppData\Roaming\PrismLauncher\instances\IridescentCraft\minecraft\mods\journeymap-1.20.1-5.10.3-forge.jar with languages [LanguageSpec[languageName=javafml, acceptedVersions=[44,)]]
[15Mar2026 03:04:15.037] [main/DEBUG] [net.minecraftforge.fml.loading.moddiscovery.ModFileParser/LOADING]: Found coremod journeymap potion effect transformer with Javascript path potion-effects-shift.js
[15Mar2026 03:04:15.037] [main/DEBUG] [net.minecraftforge.fml.loading.moddiscovery.ModFile/LOADING]: Found coremod potion-effects-shift.js
[15Mar2026 03:04:15.037] [main/DEBUG] [net.minecraftforge.fml.loading.moddiscovery.ModFileParser/LOADING]: Considering mod file candidate 
[15Mar2026 03:04:15.037] [main/DEBUG] [net.minecraftforge.fml.loading.moddiscovery.ModFileInfo/LOADING]: Found valid mod file fabric-mining-level-api-v1-2.1.52+561530ec77.jar with {fabric_mining_level_api_v1} mods - versions {2.1.52+561530ec77}
[15Mar2026 03:04:15.037] [main/DEBUG] [net.minecraftforge.fml.loading.moddiscovery.ModFile/LOADING]: Loading mod file  with languages [LanguageSpec[languageName=javafml, acceptedVersions=[47,)]]
[15Mar2026 03:04:15.037] [main/DEBUG] [net.minecraftforge.fml.loading.moddiscovery.ModFileParser/LOADING]: Considering mod file candidate C:\Users\Silvaria Zemaitis\AppData\Roaming\PrismLauncher\instances\IridescentCraft\minecraft\mods\comforts-forge-6.4.0+1.20.1.jar
[15Mar2026 03:04:15.037] [main/DEBUG] [net.minecraftforge.fml.loading.moddiscovery.ModFileInfo/LOADING]: Found valid mod file comforts-forge-6.4.0+1.20.1.jar with {comforts} mods - versions {6.4.0+1.20.1}
[15Mar2026 03:04:15.037] [main/DEBUG] [net.minecraftforge.fml.loading.moddiscovery.ModFile/LOADING]: Loading mod file C:\Users\Silvaria Zemaitis\AppData\Roaming\PrismLauncher\instances\IridescentCraft\minecraft\mods\comforts-forge-6.4.0+1.20.1.jar with languages [LanguageSpec[languageName=javafml, acceptedVersions=[46,)]]
[15Mar2026 03:04:15.037] [main/DEBUG] [net.minecraftforge.fml.loading.moddiscovery.ModFileParser/LOADING]: Considering mod file candidate C:\Users\Silvaria Zemaitis\AppData\Roaming\PrismLauncher\instances\IridescentCraft\minecraft\mods\netherzombies(1.20.1).jar
[15Mar2026 03:04:15.037] [main/DEBUG] [net.minecraftforge.fml.loading.moddiscovery.ModFileInfo/LOADING]: Found valid mod file netherzombies(1.20.1).jar with {nether_zombies} mods - versions {1.0}
[15Mar2026 03:04:15.037] [main/DEBUG] [net.minecraftforge.fml.loading.moddiscovery.ModFile/LOADING]: Loading mod file C:\Users\Silvaria Zemaitis\AppData\Roaming\PrismLauncher\instances\IridescentCraft\minecraft\mods\netherzombies(1.20.1).jar with languages [LanguageSpec[languageName=javafml, acceptedVersions=[47,)]]
[15Mar2026 03:04:15.037] [main/DEBUG] [net.minecraftforge.fml.loading.moddiscovery.ModFileParser/LOADING]: Considering mod file candidate C:\Users\Silvaria Zemaitis\AppData\Roaming\PrismLauncher\instances\IridescentCraft\minecraft\mods\configured-forge-1.20.1-2.2.3.jar
[15Mar2026 03:04:15.037] [main/DEBUG] [net.minecraftforge.fml.loading.moddiscovery.ModFileInfo/LOADING]: Found valid mod file configured-forge-1.20.1-2.2.3.jar with {configured} mods - versions {2.2.3}
[15Mar2026 03:04:15.037] [main/DEBUG] [net.minecraftforge.fml.loading.moddiscovery.ModFile/LOADING]: Loading mod file C:\Users\Silvaria Zemaitis\AppData\Roaming\PrismLauncher\instances\IridescentCraft\minecraft\mods\configured-forge-1.20.1-2.2.3.jar with languages [LanguageSpec[languageName=javafml, acceptedVersions=[39,)]]
[15Mar2026 03:04:15.037] [main/DEBUG] [net.minecraftforge.fml.loading.moddiscovery.ModFileParser/LOADING]: Considering mod file candidate C:\Users\Silvaria Zemaitis\AppData\Roaming\PrismLauncher\instances\IridescentCraft\minecraft\mods\cynosure-0.1.15-forge.jar
[15Mar2026 03:04:15.037] [main/DEBUG] [net.minecraftforge.fml.loading.moddiscovery.ModFileInfo/LOADING]: Found valid mod file cynosure-0.1.15-forge.jar with {cynosure} mods - versions {0.1.15}
[15Mar2026 03:04:15.037] [main/DEBUG] [net.minecraftforge.fml.loading.moddiscovery.ModFile/LOADING]: Loading mod file C:\Users\Silvaria Zemaitis\AppData\Roaming\PrismLauncher\instances\IridescentCraft\minecraft\mods\cynosure-0.1.15-forge.jar with languages [LanguageSpec[languageName=kotlinforforge, acceptedVersions=[4.12.0,)]]
[15Mar2026 03:04:15.037] [main/DEBUG] [net.minecraftforge.fml.loading.moddiscovery.ModFileParser/LOADING]: Considering mod file candidate C:\Users\Silvaria Zemaitis\AppData\Roaming\PrismLauncher\instances\IridescentCraft\minecraft\mods\Dungeon Crawl-1.20.1-2.3.15.jar
[15Mar2026 03:04:15.037] [main/DEBUG] [net.minecraftforge.fml.loading.moddiscovery.ModFileInfo/LOADING]: Found valid mod file Dungeon Crawl-1.20.1-2.3.15.jar with {dungeoncrawl} mods - versions {2.3.15}
[15Mar2026 03:04:15.037] [main/DEBUG] [net.minecraftforge.fml.loading.moddiscovery.ModFile/LOADING]: Loading mod file C:\Users\Silvaria Zemaitis\AppData\Roaming\PrismLauncher\instances\IridescentCraft\minecraft\mods\Dungeon Crawl-1.20.1-2.3.15.jar with languages [LanguageSpec[languageName=javafml, acceptedVersions=[47,)]]
[15Mar2026 03:04:15.037] [main/DEBUG] [net.minecraftforge.fml.loading.moddiscovery.ModFileParser/LOADING]: Considering mod file candidate C:\Users\Silvaria Zemaitis\AppData\Roaming\PrismLauncher\instances\IridescentCraft\minecraft\mods\mcjtylib-1.20-8.0.7.jar
[15Mar2026 03:04:15.037] [main/DEBUG] [net.minecraftforge.fml.loading.moddiscovery.ModFileInfo/LOADING]: Found valid mod file mcjtylib-1.20-8.0.7.jar with {mcjtylib} mods - versions {1.20-8.0.7}
[15Mar2026 03:04:15.037] [main/DEBUG] [net.minecraftforge.fml.loading.moddiscovery.ModFile/LOADING]: Loading mod file C:\Users\Silvaria Zemaitis\AppData\Roaming\PrismLauncher\instances\IridescentCraft\minecraft\mods\mcjtylib-1.20-8.0.7.jar with languages [LanguageSpec[languageName=javafml, acceptedVersions=[47,)]]
[15Mar2026 03:04:15.037] [main/DEBUG] [net.minecraftforge.fml.loading.moddiscovery.ModFileParser/LOADING]: Considering mod file candidate C:\Users\Silvaria Zemaitis\AppData\Roaming\PrismLauncher\instances\IridescentCraft\minecraft\mods\YungsBetterDesertTemples-1.20-Forge-3.0.3.jar
[15Mar2026 03:04:15.037] [main/DEBUG] [net.minecraftforge.fml.loading.moddiscovery.ModFileInfo/LOADING]: Found valid mod file YungsBetterDesertTemples-1.20-Forge-3.0.3.jar with {betterdeserttemples} mods - versions {1.20-Forge-3.0.3}
[15Mar2026 03:04:15.037] [main/DEBUG] [net.minecraftforge.fml.loading.moddiscovery.ModFile/LOADING]: Loading mod file C:\Users\Silvaria Zemaitis\AppData\Roaming\PrismLauncher\instances\IridescentCraft\minecraft\mods\YungsBetterDesertTemples-1.20-Forge-3.0.3.jar with languages [LanguageSpec[languageName=javafml, acceptedVersions=[46,)]]
[15Mar2026 03:04:15.037] [main/DEBUG] [net.minecraftforge.fml.loading.moddiscovery.ModFileParser/LOADING]: Considering mod file candidate C:\Users\Silvaria Zemaitis\AppData\Roaming\PrismLauncher\instances\IridescentCraft\minecraft\mods\mahoutsukai-1.20.1-v1.34.81.jar
[15Mar2026 03:04:15.037] [main/DEBUG] [net.minecraftforge.fml.loading.moddiscovery.ModFileInfo/LOADING]: Found valid mod file mahoutsukai-1.20.1-v1.34.81.jar with {mahoutsukai} mods - versions {1.20.1-v1.34.81}
[15Mar2026 03:04:15.037] [main/DEBUG] [net.minecraftforge.fml.loading.moddiscovery.ModFile/LOADING]: Loading mod file C:\Users\Silvaria Zemaitis\AppData\Roaming\PrismLauncher\instances\IridescentCraft\minecraft\mods\mahoutsukai-1.20.1-v1.34.81.jar with languages [LanguageSpec[languageName=javafml, acceptedVersions=[32.0,)]]
[15Mar2026 03:04:15.037] [main/DEBUG] [net.minecraftforge.fml.loading.moddiscovery.ModFileParser/LOADING]: Considering mod file candidate C:\Users\Silvaria Zemaitis\AppData\Roaming\PrismLauncher\instances\IridescentCraft\minecraft\mods\blueprint-1.20.1-7.1.3.jar
[15Mar2026 03:04:15.037] [main/DEBUG] [net.minecraftforge.fml.loading.moddiscovery.ModFileInfo/LOADING]: Found valid mod file blueprint-1.20.1-7.1.3.jar with {blueprint} mods - versions {7.1.3}
[15Mar2026 03:04:15.037] [main/DEBUG] [net.minecraftforge.fml.loading.moddiscovery.ModFile/LOADING]: Loading mod file C:\Users\Silvaria Zemaitis\AppData\Roaming\PrismLauncher\instances\IridescentCraft\minecraft\mods\blueprint-1.20.1-7.1.3.jar with languages [LanguageSpec[languageName=javafml, acceptedVersions=[32,)]]
[15Mar2026 03:04:15.037] [main/DEBUG] [net.minecraftforge.fml.loading.moddiscovery.ModFileParser/LOADING]: Considering mod file candidate C:\Users\Silvaria Zemaitis\AppData\Roaming\PrismLauncher\instances\IridescentCraft\minecraft\mods\EnderStorage-1.20.1-2.11.0.188-universal.jar
[15Mar2026 03:04:15.037] [main/DEBUG] [net.minecraftforge.fml.loading.moddiscovery.ModFileInfo/LOADING]: Found valid mod file EnderStorage-1.20.1-2.11.0.188-universal.jar with {enderstorage} mods - versions {2.11.0.188}
[15Mar2026 03:04:15.037] [main/DEBUG] [net.minecraftforge.fml.loading.moddiscovery.ModFile/LOADING]: Loading mod file C:\Users\Silvaria Zemaitis\AppData\Roaming\PrismLauncher\instances\IridescentCraft\minecraft\mods\EnderStorage-1.20.1-2.11.0.188-universal.jar with languages [LanguageSpec[languageName=javafml, acceptedVersions=[47,)]]
[15Mar2026 03:04:15.037] [main/DEBUG] [net.minecraftforge.fml.loading.moddiscovery.ModFileParser/LOADING]: Considering mod file candidate C:\Users\Silvaria Zemaitis\AppData\Roaming\PrismLauncher\instances\IridescentCraft\minecraft\mods\Unwrecked Ships Plus 2.0.5.jar
[15Mar2026 03:04:15.037] [main/DEBUG] [net.minecraftforge.fml.loading.moddiscovery.ModFileInfo/LOADING]: Found valid mod file Unwrecked Ships Plus 2.0.5.jar with {unwrecked_ships_plus} mods - versions {2.0.5}
[15Mar2026 03:04:15.037] [main/DEBUG] [net.minecraftforge.fml.loading.moddiscovery.ModFile/LOADING]: Loading mod file C:\Users\Silvaria Zemaitis\AppData\Roaming\PrismLauncher\instances\IridescentCraft\minecraft\mods\Unwrecked Ships Plus 2.0.5.jar with languages [LanguageSpec[languageName=lowcodefml, acceptedVersions=[40,)]]
[15Mar2026 03:04:15.037] [main/DEBUG] [net.minecraftforge.fml.loading.moddiscovery.ModFileParser/LOADING]: Considering mod file candidate C:\Users\Silvaria Zemaitis\AppData\Roaming\PrismLauncher\instances\IridescentCraft\minecraft\mods\CutThrough-v8.0.2-1.20.1-Forge.jar
[15Mar2026 03:04:15.037] [main/DEBUG] [net.minecraftforge.fml.loading.moddiscovery.ModFileInfo/LOADING]: Found valid mod file CutThrough-v8.0.2-1.20.1-Forge.jar with {cutthrough} mods - versions {8.0.2}
[15Mar2026 03:04:15.037] [main/DEBUG] [net.minecraftforge.fml.loading.moddiscovery.ModFile/LOADING]: Loading mod file C:\Users\Silvaria Zemaitis\AppData\Roaming\PrismLauncher\instances\IridescentCraft\minecraft\mods\CutThrough-v8.0.2-1.20.1-Forge.jar with languages [LanguageSpec[languageName=javafml, acceptedVersions=[47,)]]
[15Mar2026 03:04:15.037] [main/DEBUG] [net.minecraftforge.fml.loading.moddiscovery.ModFileParser/LOADING]: Considering mod file candidate C:\Users\Silvaria Zemaitis\AppData\Roaming\PrismLauncher\instances\IridescentCraft\minecraft\mods\toofast-1.20-0.4.3.5.jar
[15Mar2026 03:04:15.037] [main/DEBUG] [net.minecraftforge.fml.loading.moddiscovery.ModFileInfo/LOADING]: Found valid mod file toofast-1.20-0.4.3.5.jar with {toofast} mods - versions {0.4.3.5}
[15Mar2026 03:04:15.037] [main/DEBUG] [net.minecraftforge.fml.loading.moddiscovery.ModFile/LOADING]: Loading mod file C:\Users\Silvaria Zemaitis\AppData\Roaming\PrismLauncher\instances\IridescentCraft\minecraft\mods\toofast-1.20-0.4.3.5.jar with languages [LanguageSpec[languageName=javafml, acceptedVersions=[38,)]]
[15Mar2026 03:04:15.037] [main/DEBUG] [net.minecraftforge.fml.loading.moddiscovery.ModFileParser/LOADING]: Considering mod file candidate 
[15Mar2026 03:04:15.038] [main/DEBUG] [net.minecraftforge.fml.loading.moddiscovery.ModFileInfo/LOADING]: Found valid mod file fabric-transitive-access-wideners-v1-4.3.2+1880499877.jar with {fabric_transitive_access_wideners_v1} mods - versions {4.3.2+1880499877}
[15Mar2026 03:04:15.038] [main/DEBUG] [net.minecraftforge.fml.loading.moddiscovery.ModFile/LOADING]: Loading mod file  with languages [LanguageSpec[languageName=lowcodefml, acceptedVersions=[47,)]]
[15Mar2026 03:04:15.038] [main/DEBUG] [net.minecraftforge.fml.loading.moddiscovery.ModFileParser/LOADING]: Considering mod file candidate C:\Users\Silvaria Zemaitis\AppData\Roaming\PrismLauncher\instances\IridescentCraft\minecraft\mods\EnchantmentDescriptions-Forge-1.20.1-17.1.21.jar
[15Mar2026 03:04:15.038] [main/DEBUG] [net.minecraftforge.fml.loading.moddiscovery.ModFileInfo/LOADING]: Found valid mod file EnchantmentDescriptions-Forge-1.20.1-17.1.21.jar with {enchdesc} mods - versions {17.1.21}
[15Mar2026 03:04:15.038] [main/DEBUG] [net.minecraftforge.fml.loading.moddiscovery.ModFile/LOADING]: Loading mod file C:\Users\Silvaria Zemaitis\AppData\Roaming\PrismLauncher\instances\IridescentCraft\minecraft\mods\EnchantmentDescriptions-Forge-1.20.1-17.1.21.jar with languages [LanguageSpec[languageName=javafml, acceptedVersions=[47,)]]
[15Mar2026 03:04:15.038] [main/DEBUG] [net.minecraftforge.fml.loading.moddiscovery.ModFileParser/LOADING]: Considering mod file candidate C:\Users\Silvaria Zemaitis\AppData\Roaming\PrismLauncher\instances\IridescentCraft\minecraft\mods\moonlight-1.20-2.16.28-forge.jar
[15Mar2026 03:04:15.038] [main/DEBUG] [net.minecraftforge.fml.loading.moddiscovery.ModFileInfo/LOADING]: Found valid mod file moonlight-1.20-2.16.28-forge.jar with {moonlight} mods - versions {1.20-2.16.28}
[15Mar2026 03:04:15.038] [main/DEBUG] [net.minecraftforge.fml.loading.moddiscovery.ModFile/LOADING]: Loading mod file C:\Users\Silvaria Zemaitis\AppData\Roaming\PrismLauncher\instances\IridescentCraft\minecraft\mods\moonlight-1.20-2.16.28-forge.jar with languages [LanguageSpec[languageName=javafml, acceptedVersions=[40,)]]
[15Mar2026 03:04:15.038] [main/DEBUG] [net.minecraftforge.fml.loading.moddiscovery.ModFileParser/LOADING]: Considering mod file candidate C:\Users\Silvaria Zemaitis\AppData\Roaming\PrismLauncher\instances\IridescentCraft\minecraft\mods\sebastrnlib-4.0.0.jar
[15Mar2026 03:04:15.038] [main/DEBUG] [net.minecraftforge.fml.loading.moddiscovery.ModFileInfo/LOADING]: Found valid mod file sebastrnlib-4.0.0.jar with {sebastrnlib} mods - versions {4.0.0}
[15Mar2026 03:04:15.038] [main/DEBUG] [net.minecraftforge.fml.loading.moddiscovery.ModFile/LOADING]: Loading mod file C:\Users\Silvaria Zemaitis\AppData\Roaming\PrismLauncher\instances\IridescentCraft\minecraft\mods\sebastrnlib-4.0.0.jar with languages [LanguageSpec[languageName=javafml, acceptedVersions=[47,)]]
[15Mar2026 03:04:15.038] [main/DEBUG] [net.minecraftforge.fml.loading.moddiscovery.ModFileParser/LOADING]: Considering mod file candidate C:\Users\Silvaria Zemaitis\AppData\Roaming\PrismLauncher\instances\IridescentCraft\minecraft\mods\titanium-1.20.1-3.8.32.jar
[15Mar2026 03:04:15.038] [main/DEBUG] [net.minecraftforge.fml.loading.moddiscovery.ModFileInfo/LOADING]: Found valid mod file titanium-1.20.1-3.8.32.jar with {titanium} mods - versions {3.8.32}
[15Mar2026 03:04:15.038] [main/DEBUG] [net.minecraftforge.fml.loading.moddiscovery.ModFile/LOADING]: Loading mod file C:\Users\Silvaria Zemaitis\AppData\Roaming\PrismLauncher\instances\IridescentCraft\minecraft\mods\titanium-1.20.1-3.8.32.jar with languages [LanguageSpec[languageName=javafml, acceptedVersions=[37,)]]
[15Mar2026 03:04:15.038] [main/DEBUG] [net.minecraftforge.fml.loading.moddiscovery.ModFileParser/LOADING]: Considering mod file candidate C:\Users\Silvaria Zemaitis\AppData\Roaming\PrismLauncher\instances\IridescentCraft\minecraft\mods\azukaarsfairdifficultyoverhaul-1.2.0.jar
[15Mar2026 03:04:15.038] [main/DEBUG] [net.minecraftforge.fml.loading.moddiscovery.ModFileInfo/LOADING]: Found valid mod file azukaarsfairdifficultyoverhaul-1.2.0.jar with {azukaarsfairdifficultyoverhaul} mods - versions {1.2.0}
[15Mar2026 03:04:15.038] [main/DEBUG] [net.minecraftforge.fml.loading.moddiscovery.ModFile/LOADING]: Loading mod file C:\Users\Silvaria Zemaitis\AppData\Roaming\PrismLauncher\instances\IridescentCraft\minecraft\mods\azukaarsfairdifficultyoverhaul-1.2.0.jar with languages [LanguageSpec[languageName=javafml, acceptedVersions=[47,)]]
[15Mar2026 03:04:15.038] [main/DEBUG] [net.minecraftforge.fml.loading.moddiscovery.ModFileParser/LOADING]: Considering mod file candidate C:\Users\Silvaria Zemaitis\AppData\Roaming\PrismLauncher\instances\IridescentCraft\minecraft\mods\silent-lib-1.20.1-8.0.0.jar
[15Mar2026 03:04:15.038] [main/DEBUG] [net.minecraftforge.fml.loading.moddiscovery.ModFileInfo/LOADING]: Found valid mod file silent-lib-1.20.1-8.0.0.jar with {silentlib} mods - versions {8.0.0}
[15Mar2026 03:04:15.038] [main/DEBUG] [net.minecraftforge.fml.loading.moddiscovery.ModFile/LOADING]: Loading mod file C:\Users\Silvaria Zemaitis\AppData\Roaming\PrismLauncher\instances\IridescentCraft\minecraft\mods\silent-lib-1.20.1-8.0.0.jar with languages [LanguageSpec[languageName=javafml, acceptedVersions=[46,)]]
[15Mar2026 03:04:15.038] [main/DEBUG] [net.minecraftforge.fml.loading.moddiscovery.ModFileParser/LOADING]: Considering mod file candidate C:\Users\Silvaria Zemaitis\AppData\Roaming\PrismLauncher\instances\IridescentCraft\minecraft\mods\Jade-1.20.1-Forge-11.13.2.jar
[15Mar2026 03:04:15.038] [main/DEBUG] [net.minecraftforge.fml.loading.moddiscovery.ModFileInfo/LOADING]: Found valid mod file Jade-1.20.1-Forge-11.13.2.jar with {jade} mods - versions {11.13.2+forge}
[15Mar2026 03:04:15.038] [main/DEBUG] [net.minecraftforge.fml.loading.moddiscovery.ModFile/LOADING]: Loading mod file C:\Users\Silvaria Zemaitis\AppData\Roaming\PrismLauncher\instances\IridescentCraft\minecraft\mods\Jade-1.20.1-Forge-11.13.2.jar with languages [LanguageSpec[languageName=javafml, acceptedVersions=[46,)]]
[15Mar2026 03:04:15.038] [main/DEBUG] [net.minecraftforge.fml.loading.moddiscovery.ModFileParser/LOADING]: Considering mod file candidate C:\Users\Silvaria Zemaitis\AppData\Roaming\PrismLauncher\instances\IridescentCraft\minecraft\mods\betterfarmerscombat-1.2-1.20.1.jar
[15Mar2026 03:04:15.038] [main/DEBUG] [net.minecraftforge.fml.loading.moddiscovery.ModFileInfo/LOADING]: Found valid mod file betterfarmerscombat-1.2-1.20.1.jar with {betterfarmerscombat} mods - versions {1.1}
[15Mar2026 03:04:15.038] [main/DEBUG] [net.minecraftforge.fml.loading.moddiscovery.ModFile/LOADING]: Loading mod file C:\Users\Silvaria Zemaitis\AppData\Roaming\PrismLauncher\instances\IridescentCraft\minecraft\mods\betterfarmerscombat-1.2-1.20.1.jar with languages [LanguageSpec[languageName=javafml, acceptedVersions=[47,)]]
[15Mar2026 03:04:15.038] [main/DEBUG] [net.minecraftforge.fml.loading.moddiscovery.ModFileParser/LOADING]: Considering mod file candidate C:\Users\Silvaria Zemaitis\AppData\Roaming\PrismLauncher\instances\IridescentCraft\minecraft\mods\areaeffectcloud3d-1.0.4.jar
[15Mar2026 03:04:15.038] [main/DEBUG] [net.minecraftforge.fml.loading.moddiscovery.ModFileInfo/LOADING]: Found valid mod file areaeffectcloud3d-1.0.4.jar with {areaeffectcloud3d} mods - versions {1.0.4}
[15Mar2026 03:04:15.038] [main/DEBUG] [net.minecraftforge.fml.loading.moddiscovery.ModFile/LOADING]: Loading mod file C:\Users\Silvaria Zemaitis\AppData\Roaming\PrismLauncher\instances\IridescentCraft\minecraft\mods\areaeffectcloud3d-1.0.4.jar with languages [LanguageSpec[languageName=javafml, acceptedVersions=[47,)]]
[15Mar2026 03:04:15.038] [main/DEBUG] [net.minecraftforge.fml.loading.moddiscovery.ModFileParser/LOADING]: Considering mod file candidate C:\Users\Silvaria Zemaitis\AppData\Roaming\PrismLauncher\instances\IridescentCraft\minecraft\mods\forbidden_arcanus-1.20.1-2.2.6.jar
[15Mar2026 03:04:15.038] [main/DEBUG] [net.minecraftforge.fml.loading.moddiscovery.ModFileInfo/LOADING]: Found valid mod file forbidden_arcanus-1.20.1-2.2.6.jar with {forbidden_arcanus} mods - versions {1.20.1-2.2.6}
[15Mar2026 03:04:15.038] [main/DEBUG] [net.minecraftforge.fml.loading.moddiscovery.ModFile/LOADING]: Loading mod file C:\Users\Silvaria Zemaitis\AppData\Roaming\PrismLauncher\instances\IridescentCraft\minecraft\mods\forbidden_arcanus-1.20.1-2.2.6.jar with languages [LanguageSpec[languageName=javafml, acceptedVersions=[43,)]]
[15Mar2026 03:04:15.038] [main/DEBUG] [net.minecraftforge.fml.loading.moddiscovery.ModFileParser/LOADING]: Considering mod file candidate C:\Users\Silvaria Zemaitis\AppData\Roaming\PrismLauncher\instances\IridescentCraft\minecraft\mods\nethersdelight-1.20.1-4.0.jar
[15Mar2026 03:04:15.038] [main/DEBUG] [net.minecraftforge.fml.loading.moddiscovery.ModFileInfo/LOADING]: Found valid mod file nethersdelight-1.20.1-4.0.jar with {nethersdelight} mods - versions {1.20.1-4.0}
[15Mar2026 03:04:15.038] [main/DEBUG] [net.minecraftforge.fml.loading.moddiscovery.ModFile/LOADING]: Loading mod file C:\Users\Silvaria Zemaitis\AppData\Roaming\PrismLauncher\instances\IridescentCraft\minecraft\mods\nethersdelight-1.20.1-4.0.jar with languages [LanguageSpec[languageName=javafml, acceptedVersions=[47,)]]
[15Mar2026 03:04:15.038] [main/DEBUG] [net.minecraftforge.fml.loading.moddiscovery.ModFileParser/LOADING]: Considering mod file candidate C:\Users\Silvaria Zemaitis\AppData\Roaming\PrismLauncher\instances\IridescentCraft\minecraft\mods\Iceberg-1.20.1-forge-1.1.25.jar
[15Mar2026 03:04:15.038] [main/DEBUG] [net.minecraftforge.fml.loading.moddiscovery.ModFileInfo/LOADING]: Found valid mod file Iceberg-1.20.1-forge-1.1.25.jar with {iceberg} mods - versions {1.1.25}
[15Mar2026 03:04:15.038] [main/DEBUG] [net.minecraftforge.fml.loading.moddiscovery.ModFile/LOADING]: Loading mod file C:\Users\Silvaria Zemaitis\AppData\Roaming\PrismLauncher\instances\IridescentCraft\minecraft\mods\Iceberg-1.20.1-forge-1.1.25.jar with languages [LanguageSpec[languageName=javafml, acceptedVersions=[47,)]]
[15Mar2026 03:04:15.038] [main/DEBUG] [net.minecraftforge.fml.loading.moddiscovery.ModFileParser/LOADING]: Considering mod file candidate C:\Users\Silvaria Zemaitis\AppData\Roaming\PrismLauncher\instances\IridescentCraft\minecraft\mods\brutalbosses-1.20.1-8.5.jar
[15Mar2026 03:04:15.038] [main/DEBUG] [net.minecraftforge.fml.loading.moddiscovery.ModFileInfo/LOADING]: Found valid mod file brutalbosses-1.20.1-8.5.jar with {brutalbosses} mods - versions {1.20.1-8.5}
[15Mar2026 03:04:15.038] [main/DEBUG] [net.minecraftforge.fml.loading.moddiscovery.ModFile/LOADING]: Loading mod file C:\Users\Silvaria Zemaitis\AppData\Roaming\PrismLauncher\instances\IridescentCraft\minecraft\mods\brutalbosses-1.20.1-8.5.jar with languages [LanguageSpec[languageName=javafml, acceptedVersions=[36,)]]
[15Mar2026 03:04:15.038] [main/DEBUG] [net.minecraftforge.fml.loading.moddiscovery.ModFileParser/LOADING]: Considering mod file candidate C:\Users\Silvaria Zemaitis\AppData\Roaming\PrismLauncher\instances\IridescentCraft\minecraft\mods\Quark-4.0-462.jar
[15Mar2026 03:04:15.038] [main/DEBUG] [net.minecraftforge.fml.loading.moddiscovery.ModFileInfo/LOADING]: Found valid mod file Quark-4.0-462.jar with {quark} mods - versions {4.0-462}
[15Mar2026 03:04:15.039] [main/DEBUG] [net.minecraftforge.fml.loading.moddiscovery.ModFile/LOADING]: Loading mod file C:\Users\Silvaria Zemaitis\AppData\Roaming\PrismLauncher\instances\IridescentCraft\minecraft\mods\Quark-4.0-462.jar with languages [LanguageSpec[languageName=javafml, acceptedVersions=[41,)]]
[15Mar2026 03:04:15.039] [main/DEBUG] [net.minecraftforge.fml.loading.moddiscovery.ModFileParser/LOADING]: Considering mod file candidate C:\Users\Silvaria Zemaitis\AppData\Roaming\PrismLauncher\instances\IridescentCraft\minecraft\mods\creategenderless-1.1.1.jar
[15Mar2026 03:04:15.039] [main/DEBUG] [net.minecraftforge.fml.loading.moddiscovery.ModFileInfo/LOADING]: Found valid mod file creategenderless-1.1.1.jar with {creategenderless} mods - versions {1.1.1}
[15Mar2026 03:04:15.039] [main/DEBUG] [net.minecraftforge.fml.loading.moddiscovery.ModFile/LOADING]: Loading mod file C:\Users\Silvaria Zemaitis\AppData\Roaming\PrismLauncher\instances\IridescentCraft\minecraft\mods\creategenderless-1.1.1.jar with languages [LanguageSpec[languageName=javafml, acceptedVersions=[47,)]]
[15Mar2026 03:04:15.039] [main/DEBUG] [net.minecraftforge.fml.loading.moddiscovery.ModFileParser/LOADING]: Considering mod file candidate C:\Users\Silvaria Zemaitis\AppData\Roaming\PrismLauncher\instances\IridescentCraft\minecraft\mods\overworld_quartz-1.20.1-1.1.2.jar
[15Mar2026 03:04:15.039] [main/DEBUG] [net.minecraftforge.fml.loading.moddiscovery.ModFileInfo/LOADING]: Found valid mod file overworld_quartz-1.20.1-1.1.2.jar with {overworld_quartz} mods - versions {1.1.2}
[15Mar2026 03:04:15.039] [main/DEBUG] [net.minecraftforge.fml.loading.moddiscovery.ModFile/LOADING]: Loading mod file C:\Users\Silvaria Zemaitis\AppData\Roaming\PrismLauncher\instances\IridescentCraft\minecraft\mods\overworld_quartz-1.20.1-1.1.2.jar with languages [LanguageSpec[languageName=javafml, acceptedVersions=[47,)]]
[15Mar2026 03:04:15.039] [main/DEBUG] [net.minecraftforge.fml.loading.moddiscovery.ModFileParser/LOADING]: Considering mod file candidate C:\Users\Silvaria Zemaitis\AppData\Roaming\PrismLauncher\instances\IridescentCraft\minecraft\mods\enderchests-forge-1.20.1-1.4.jar
[15Mar2026 03:04:15.039] [main/DEBUG] [net.minecraftforge.fml.loading.moddiscovery.ModFileInfo/LOADING]: Found valid mod file enderchests-forge-1.20.1-1.4.jar with {enderchests} mods - versions {1.20.1-1.4}
[15Mar2026 03:04:15.039] [main/DEBUG] [net.minecraftforge.fml.loading.moddiscovery.ModFile/LOADING]: Loading mod file C:\Users\Silvaria Zemaitis\AppData\Roaming\PrismLauncher\instances\IridescentCraft\minecraft\mods\enderchests-forge-1.20.1-1.4.jar with languages [LanguageSpec[languageName=javafml, acceptedVersions=[47,)]]
[15Mar2026 03:04:15.039] [main/DEBUG] [net.minecraftforge.fml.loading.moddiscovery.ModFileParser/LOADING]: Considering mod file candidate C:\Users\Silvaria Zemaitis\AppData\Roaming\PrismLauncher\instances\IridescentCraft\minecraft\mods\JustEnoughMekanismMultiblocks-1.20.1-4.16.jar
[15Mar2026 03:04:15.039] [main/DEBUG] [net.minecraftforge.fml.loading.moddiscovery.ModFileInfo/LOADING]: Found valid mod file JustEnoughMekanismMultiblocks-1.20.1-4.16.jar with {jei_mekanism_multiblocks} mods - versions {4.16}
[15Mar2026 03:04:15.039] [main/DEBUG] [net.minecraftforge.fml.loading.moddiscovery.ModFile/LOADING]: Loading mod file C:\Users\Silvaria Zemaitis\AppData\Roaming\PrismLauncher\instances\IridescentCraft\minecraft\mods\JustEnoughMekanismMultiblocks-1.20.1-4.16.jar with languages [LanguageSpec[languageName=javafml, acceptedVersions=[47,)]]
[15Mar2026 03:04:15.039] [main/DEBUG] [net.minecraftforge.fml.loading.moddiscovery.ModFileParser/LOADING]: Considering mod file candidate C:\Users\Silvaria Zemaitis\AppData\Roaming\PrismLauncher\instances\IridescentCraft\minecraft\mods\inventoryhud.forge.1.20.1-3.4.26.jar
[15Mar2026 03:04:15.039] [main/DEBUG] [net.minecraftforge.fml.loading.moddiscovery.ModFileInfo/LOADING]: Found valid mod file inventoryhud.forge.1.20.1-3.4.26.jar with {inventoryhud} mods - versions {3.4.26}
[15Mar2026 03:04:15.039] [main/DEBUG] [net.minecraftforge.fml.loading.moddiscovery.ModFile/LOADING]: Loading mod file C:\Users\Silvaria Zemaitis\AppData\Roaming\PrismLauncher\instances\IridescentCraft\minecraft\mods\inventoryhud.forge.1.20.1-3.4.26.jar with languages [LanguageSpec[languageName=javafml, acceptedVersions=[46,50)]]
[15Mar2026 03:04:15.039] [main/DEBUG] [net.minecraftforge.fml.loading.moddiscovery.ModFileParser/LOADING]: Considering mod file candidate C:\Users\Silvaria Zemaitis\AppData\Roaming\PrismLauncher\instances\IridescentCraft\minecraft\mods\modonomicon-1.20.1-forge-1.79.3.jar
[15Mar2026 03:04:15.039] [main/DEBUG] [net.minecraftforge.fml.loading.moddiscovery.ModFileInfo/LOADING]: Found valid mod file modonomicon-1.20.1-forge-1.79.3.jar with {modonomicon} mods - versions {1.79.3}
[15Mar2026 03:04:15.039] [main/DEBUG] [net.minecraftforge.fml.loading.moddiscovery.ModFile/LOADING]: Loading mod file C:\Users\Silvaria Zemaitis\AppData\Roaming\PrismLauncher\instances\IridescentCraft\minecraft\mods\modonomicon-1.20.1-forge-1.79.3.jar with languages [LanguageSpec[languageName=javafml, acceptedVersions=[47,)]]
[15Mar2026 03:04:15.039] [main/DEBUG] [net.minecraftforge.fml.loading.moddiscovery.ModFileParser/LOADING]: Considering mod file candidate C:\Users\Silvaria Zemaitis\AppData\Roaming\PrismLauncher\instances\IridescentCraft\minecraft\mods\coroutil-forge-1.20.1-1.3.7.jar
[15Mar2026 03:04:15.039] [main/DEBUG] [net.minecraftforge.fml.loading.moddiscovery.ModFileInfo/LOADING]: Found valid mod file coroutil-forge-1.20.1-1.3.7.jar with {coroutil} mods - versions {1.20.1-1.3.7}
[15Mar2026 03:04:15.039] [main/DEBUG] [net.minecraftforge.fml.loading.moddiscovery.ModFile/LOADING]: Loading mod file C:\Users\Silvaria Zemaitis\AppData\Roaming\PrismLauncher\instances\IridescentCraft\minecraft\mods\coroutil-forge-1.20.1-1.3.7.jar with languages [LanguageSpec[languageName=javafml, acceptedVersions=[47,)]]
[15Mar2026 03:04:15.039] [main/DEBUG] [net.minecraftforge.fml.loading.moddiscovery.ModFileParser/LOADING]: Considering mod file candidate C:\Users\Silvaria Zemaitis\AppData\Roaming\PrismLauncher\instances\IridescentCraft\minecraft\mods\alexsdelight-1.5.jar
[15Mar2026 03:04:15.039] [main/DEBUG] [net.minecraftforge.fml.loading.moddiscovery.ModFileInfo/LOADING]: Found valid mod file alexsdelight-1.5.jar with {alexsdelight} mods - versions {1.5}
[15Mar2026 03:04:15.039] [main/DEBUG] [net.minecraftforge.fml.loading.moddiscovery.ModFile/LOADING]: Loading mod file C:\Users\Silvaria Zemaitis\AppData\Roaming\PrismLauncher\instances\IridescentCraft\minecraft\mods\alexsdelight-1.5.jar with languages [LanguageSpec[languageName=javafml, acceptedVersions=[47,)]]
[15Mar2026 03:04:15.039] [main/DEBUG] [net.minecraftforge.fml.loading.moddiscovery.ModFileParser/LOADING]: Considering mod file candidate C:\Users\Silvaria Zemaitis\AppData\Roaming\PrismLauncher\instances\IridescentCraft\minecraft\mods\yet_another_config_lib_v3-3.6.6+1.20.1-forge.jar
[15Mar2026 03:04:15.039] [main/DEBUG] [net.minecraftforge.fml.loading.moddiscovery.ModFileInfo/LOADING]: Found valid mod file yet_another_config_lib_v3-3.6.6+1.20.1-forge.jar with {yet_another_config_lib_v3} mods - versions {3.6.6+1.20.1-forge}
[15Mar2026 03:04:15.039] [main/DEBUG] [net.minecraftforge.fml.loading.moddiscovery.ModFile/LOADING]: Loading mod file C:\Users\Silvaria Zemaitis\AppData\Roaming\PrismLauncher\instances\IridescentCraft\minecraft\mods\yet_another_config_lib_v3-3.6.6+1.20.1-forge.jar with languages [LanguageSpec[languageName=javafml, acceptedVersions=[46,)]]
[15Mar2026 03:04:15.039] [main/DEBUG] [net.minecraftforge.fml.loading.moddiscovery.ModFileParser/LOADING]: Considering mod file candidate C:\Users\Silvaria Zemaitis\AppData\Roaming\PrismLauncher\instances\IridescentCraft\minecraft\mods\solcarrot-1.20.1-1.15.1.jar
[15Mar2026 03:04:15.039] [main/DEBUG] [net.minecraftforge.fml.loading.moddiscovery.ModFileInfo/LOADING]: Found valid mod file solcarrot-1.20.1-1.15.1.jar with {solcarrot} mods - versions {1.15.1}
[15Mar2026 03:04:15.039] [main/DEBUG] [net.minecraftforge.fml.loading.moddiscovery.ModFile/LOADING]: Loading mod file C:\Users\Silvaria Zemaitis\AppData\Roaming\PrismLauncher\instances\IridescentCraft\minecraft\mods\solcarrot-1.20.1-1.15.1.jar with languages [LanguageSpec[languageName=javafml, acceptedVersions=[47,)]]
[15Mar2026 03:04:15.039] [main/DEBUG] [net.minecraftforge.fml.loading.moddiscovery.ModFileParser/LOADING]: Considering mod file candidate C:\Users\Silvaria Zemaitis\AppData\Roaming\PrismLauncher\instances\IridescentCraft\minecraft\mods\moredragoneggs-4.0.jar
[15Mar2026 03:04:15.039] [main/DEBUG] [net.minecraftforge.fml.loading.moddiscovery.ModFileInfo/LOADING]: Found valid mod file moredragoneggs-4.0.jar with {moredragoneggs} mods - versions {4.0}
[15Mar2026 03:04:15.039] [main/DEBUG] [net.minecraftforge.fml.loading.moddiscovery.ModFile/LOADING]: Loading mod file C:\Users\Silvaria Zemaitis\AppData\Roaming\PrismLauncher\instances\IridescentCraft\minecraft\mods\moredragoneggs-4.0.jar with languages [LanguageSpec[languageName=javafml, acceptedVersions=[47,)]]
[15Mar2026 03:04:15.039] [main/DEBUG] [net.minecraftforge.fml.loading.moddiscovery.ModFileParser/LOADING]: Considering mod file candidate C:\Users\Silvaria Zemaitis\AppData\Roaming\PrismLauncher\instances\IridescentCraft\minecraft\mods\footwork-4.3.9.jar
[15Mar2026 03:04:15.039] [main/DEBUG] [net.minecraftforge.fml.loading.moddiscovery.ModFileInfo/LOADING]: Found valid mod file footwork-4.3.9.jar with {footwork} mods - versions {4.3.9}
[15Mar2026 03:04:15.039] [main/DEBUG] [net.minecraftforge.fml.loading.moddiscovery.ModFile/LOADING]: Loading mod file C:\Users\Silvaria Zemaitis\AppData\Roaming\PrismLauncher\instances\IridescentCraft\minecraft\mods\footwork-4.3.9.jar with languages [LanguageSpec[languageName=javafml, acceptedVersions=[36,)]]
[15Mar2026 03:04:15.039] [main/DEBUG] [net.minecraftforge.fml.loading.moddiscovery.ModFileParser/LOADING]: Considering mod file candidate 
[15Mar2026 03:04:15.040] [main/DEBUG] [net.minecraftforge.fml.loading.moddiscovery.ModFileInfo/LOADING]: Found valid mod file l2itemselector-0.1.7.jar with {l2itemselector} mods - versions {0.1.7}
[15Mar2026 03:04:15.040] [main/DEBUG] [net.minecraftforge.fml.loading.moddiscovery.ModFile/LOADING]: Loading mod file  with languages [LanguageSpec[languageName=javafml, acceptedVersions=[46,)]]
[15Mar2026 03:04:15.040] [main/DEBUG] [net.minecraftforge.fml.loading.moddiscovery.ModFileParser/LOADING]: Considering mod file candidate C:\Users\Silvaria Zemaitis\AppData\Roaming\PrismLauncher\instances\IridescentCraft\minecraft\mods\mahou_tsukai_combat-1.0.2-forge-1.20.1.jar
[15Mar2026 03:04:15.040] [main/DEBUG] [net.minecraftforge.fml.loading.moddiscovery.ModFileInfo/LOADING]: Found valid mod file mahou_tsukai_combat-1.0.2-forge-1.20.1.jar with {mahou_tsukai_combat} mods - versions {1.0.2}
[15Mar2026 03:04:15.040] [main/DEBUG] [net.minecraftforge.fml.loading.moddiscovery.ModFile/LOADING]: Loading mod file C:\Users\Silvaria Zemaitis\AppData\Roaming\PrismLauncher\instances\IridescentCraft\minecraft\mods\mahou_tsukai_combat-1.0.2-forge-1.20.1.jar with languages [LanguageSpec[languageName=javafml, acceptedVersions=[47,)]]
[15Mar2026 03:04:15.040] [main/DEBUG] [net.minecraftforge.fml.loading.moddiscovery.ModFileParser/LOADING]: Considering mod file candidate C:\Users\Silvaria Zemaitis\AppData\Roaming\PrismLauncher\instances\IridescentCraft\minecraft\mods\refinedstorageaddons-0.10.0.jar
[15Mar2026 03:04:15.040] [main/DEBUG] [net.minecraftforge.fml.loading.moddiscovery.ModFileInfo/LOADING]: Found valid mod file refinedstorageaddons-0.10.0.jar with {refinedstorageaddons} mods - versions {0.10.0}
[15Mar2026 03:04:15.040] [main/DEBUG] [net.minecraftforge.fml.loading.moddiscovery.ModFile/LOADING]: Loading mod file C:\Users\Silvaria Zemaitis\AppData\Roaming\PrismLauncher\instances\IridescentCraft\minecraft\mods\refinedstorageaddons-0.10.0.jar with languages [LanguageSpec[languageName=javafml, acceptedVersions=[47,)]]
[15Mar2026 03:04:15.040] [main/DEBUG] [net.minecraftforge.fml.loading.moddiscovery.ModFileParser/LOADING]: Considering mod file candidate C:\Users\Silvaria Zemaitis\AppData\Roaming\PrismLauncher\instances\IridescentCraft\minecraft\mods\lootintegrations_cataclysm-1.1.jar
[15Mar2026 03:04:15.040] [main/DEBUG] [net.minecraftforge.fml.loading.moddiscovery.ModFileInfo/LOADING]: Found valid mod file lootintegrations_cataclysm-1.1.jar with {lootintegrations_cataclysm} mods - versions {1}
[15Mar2026 03:04:15.040] [main/DEBUG] [net.minecraftforge.fml.loading.moddiscovery.ModFile/LOADING]: Loading mod file C:\Users\Silvaria Zemaitis\AppData\Roaming\PrismLauncher\instances\IridescentCraft\minecraft\mods\lootintegrations_cataclysm-1.1.jar with languages [LanguageSpec[languageName=lowcodefml, acceptedVersions=[0,)]]
[15Mar2026 03:04:15.040] [main/DEBUG] [net.minecraftforge.fml.loading.moddiscovery.ModFileParser/LOADING]: Considering mod file candidate C:\Users\Silvaria Zemaitis\AppData\Roaming\PrismLauncher\instances\IridescentCraft\minecraft\mods\packetfixer-3.3.1-1.18-1.20.4-merged.jar
[15Mar2026 03:04:15.040] [main/DEBUG] [net.minecraftforge.fml.loading.moddiscovery.ModFileInfo/LOADING]: Found valid mod file packetfixer-3.3.1-1.18-1.20.4-merged.jar with {packetfixer} mods - versions {3.3.1}
[15Mar2026 03:04:15.040] [main/DEBUG] [net.minecraftforge.fml.loading.moddiscovery.ModFile/LOADING]: Loading mod file C:\Users\Silvaria Zemaitis\AppData\Roaming\PrismLauncher\instances\IridescentCraft\minecraft\mods\packetfixer-3.3.1-1.18-1.20.4-merged.jar with languages [LanguageSpec[languageName=javafml, acceptedVersions=[0,)]]
[15Mar2026 03:04:15.040] [main/DEBUG] [net.minecraftforge.fml.loading.moddiscovery.ModFileParser/LOADING]: Considering mod file candidate 
[15Mar2026 03:04:15.040] [main/DEBUG] [net.minecraftforge.fml.loading.moddiscovery.ModFileInfo/LOADING]: Found valid mod file emi-bridge-1.11.2+1.20.1.jar with {connectorextras_emi_bridge} mods - versions {1.11.2+1.20.1}
[15Mar2026 03:04:15.040] [main/DEBUG] [net.minecraftforge.fml.loading.moddiscovery.ModFile/LOADING]: Loading mod file  with languages [LanguageSpec[languageName=javafml, acceptedVersions=[47,)]]
[15Mar2026 03:04:15.040] [main/DEBUG] [net.minecraftforge.fml.loading.moddiscovery.ModFileParser/LOADING]: Considering mod file candidate 
[15Mar2026 03:04:15.040] [main/DEBUG] [net.minecraftforge.fml.loading.moddiscovery.ModFileInfo/LOADING]: Found valid mod file expandability-forge-9.0.4.jar with {expandability} mods - versions {9.0.4}
[15Mar2026 03:04:15.040] [main/DEBUG] [net.minecraftforge.fml.loading.moddiscovery.ModFile/LOADING]: Loading mod file  with languages [LanguageSpec[languageName=javafml, acceptedVersions=[46,)]]
[15Mar2026 03:04:15.040] [main/DEBUG] [net.minecraftforge.fml.loading.moddiscovery.ModFileParser/LOADING]: Considering mod file candidate C:\Users\Silvaria Zemaitis\AppData\Roaming\PrismLauncher\instances\IridescentCraft\minecraft\mods\chisels-and-bits-forge-20.1.20.jar
[15Mar2026 03:04:15.041] [main/DEBUG] [net.minecraftforge.fml.loading.moddiscovery.ModFileInfo/LOADING]: Found valid mod file chisels-and-bits-forge-20.1.20.jar with {chiselsandbits} mods - versions {20.1.20}
[15Mar2026 03:04:15.041] [main/DEBUG] [net.minecraftforge.fml.loading.moddiscovery.ModFile/LOADING]: Loading mod file C:\Users\Silvaria Zemaitis\AppData\Roaming\PrismLauncher\instances\IridescentCraft\minecraft\mods\chisels-and-bits-forge-20.1.20.jar with languages [LanguageSpec[languageName=javafml, acceptedVersions=[28,)]]
[15Mar2026 03:04:15.041] [main/DEBUG] [net.minecraftforge.fml.loading.moddiscovery.ModFileParser/LOADING]: Considering mod file candidate 
[15Mar2026 03:04:15.041] [main/DEBUG] [net.minecraftforge.fml.loading.moddiscovery.ModFileInfo/LOADING]: Found valid mod file fabric-data-generation-api-v1-12.3.7+369cb3a477.jar with {fabric_data_generation_api_v1} mods - versions {12.3.7+369cb3a477}
[15Mar2026 03:04:15.041] [main/DEBUG] [net.minecraftforge.fml.loading.moddiscovery.ModFile/LOADING]: Loading mod file  with languages [LanguageSpec[languageName=javafml, acceptedVersions=[47,)]]
[15Mar2026 03:04:15.041] [main/DEBUG] [net.minecraftforge.fml.loading.moddiscovery.ModFileParser/LOADING]: Found coremod addFabricKeySortOrders with Javascript path META-INF/asm/addFabricKeySortOrders.js
[15Mar2026 03:04:15.041] [main/DEBUG] [net.minecraftforge.fml.loading.moddiscovery.ModFile/LOADING]: Found coremod META-INF/asm/addFabricKeySortOrders.js
[15Mar2026 03:04:15.041] [main/DEBUG] [net.minecraftforge.fml.loading.moddiscovery.ModFileParser/LOADING]: Considering mod file candidate 
[15Mar2026 03:04:15.041] [main/DEBUG] [net.minecraftforge.fml.loading.moddiscovery.ModFileInfo/LOADING]: Found valid mod file fabric-events-interaction-v0-0.6.5+0f26153f77.jar with {fabric_events_interaction_v0} mods - versions {0.6.5+0f26153f77}
[15Mar2026 03:04:15.041] [main/DEBUG] [net.minecraftforge.fml.loading.moddiscovery.ModFile/LOADING]: Loading mod file  with languages [LanguageSpec[languageName=javafml, acceptedVersions=[47,)]]
[15Mar2026 03:04:15.041] [main/DEBUG] [net.minecraftforge.fml.loading.moddiscovery.ModFile/LOADING]: Loading mod file  with languages []
[15Mar2026 03:04:15.041] [main/DEBUG] [net.minecraftforge.fml.loading.moddiscovery.ModFile/LOADING]: Loading mod file  with languages []
[15Mar2026 03:04:15.041] [main/DEBUG] [net.minecraftforge.fml.loading.moddiscovery.ModFile/LOADING]: Loading mod file  with languages []
[15Mar2026 03:04:15.041] [main/DEBUG] [net.minecraftforge.fml.loading.moddiscovery.ModFile/LOADING]: Loading mod file  with languages []
[15Mar2026 03:04:15.041] [main/DEBUG] [net.minecraftforge.fml.loading.moddiscovery.ModFile/LOADING]: Loading mod file  with languages []
[15Mar2026 03:04:15.041] [main/DEBUG] [net.minecraftforge.fml.loading.moddiscovery.ModFile/LOADING]: Loading mod file  with languages []
[15Mar2026 03:04:15.041] [main/DEBUG] [net.minecraftforge.fml.loading.moddiscovery.ModFile/LOADING]: Loading mod file  with languages []
[15Mar2026 03:04:15.041] [main/DEBUG] [net.minecraftforge.fml.loading.moddiscovery.ModFile/LOADING]: Loading mod file  with languages []
[15Mar2026 03:04:15.041] [main/DEBUG] [net.minecraftforge.fml.loading.moddiscovery.ModFile/LOADING]: Loading mod file  with languages []
[15Mar2026 03:04:15.041] [main/DEBUG] [net.minecraftforge.fml.loading.moddiscovery.ModFile/LOADING]: Loading mod file  with languages []
[15Mar2026 03:04:15.041] [main/DEBUG] [net.minecraftforge.fml.loading.moddiscovery.ModFile/LOADING]: Loading mod file  with languages []
[15Mar2026 03:04:15.041] [main/DEBUG] [net.minecraftforge.fml.loading.moddiscovery.ModFile/LOADING]: Loading mod file  with languages []
[15Mar2026 03:04:15.041] [main/DEBUG] [net.minecraftforge.fml.loading.moddiscovery.ModFile/LOADING]: Loading mod file  with languages []
[15Mar2026 03:04:15.041] [main/DEBUG] [net.minecraftforge.fml.loading.moddiscovery.ModFile/LOADING]: Loading mod file  with languages []
[15Mar2026 03:04:15.041] [main/DEBUG] [net.minecraftforge.fml.loading.moddiscovery.ModFile/LOADING]: Loading mod file  with languages []
[15Mar2026 03:04:15.041] [main/DEBUG] [net.minecraftforge.fml.loading.moddiscovery.ModFile/LOADING]: Loading mod file  with languages []
[15Mar2026 03:04:15.041] [main/DEBUG] [net.minecraftforge.fml.loading.moddiscovery.ModFile/LOADING]: Loading mod file  with languages []
[15Mar2026 03:04:15.041] [main/DEBUG] [net.minecraftforge.fml.loading.moddiscovery.ModFile/LOADING]: Loading mod file  with languages []
[15Mar2026 03:04:15.041] [main/DEBUG] [net.minecraftforge.fml.loading.moddiscovery.ModFile/LOADING]: Loading mod file  with languages []
[15Mar2026 03:04:15.041] [main/DEBUG] [net.minecraftforge.fml.loading.moddiscovery.ModFile/LOADING]: Loading mod file  with languages []
[15Mar2026 03:04:15.041] [main/DEBUG] [net.minecraftforge.fml.loading.moddiscovery.ModFile/LOADING]: Loading mod file  with languages []
[15Mar2026 03:04:15.041] [main/DEBUG] [net.minecraftforge.fml.loading.moddiscovery.ModFile/LOADING]: Loading mod file  with languages []
[15Mar2026 03:04:15.041] [main/DEBUG] [net.minecraftforge.fml.loading.moddiscovery.ModFile/LOADING]: Loading mod file  with languages []
[15Mar2026 03:04:15.041] [main/DEBUG] [net.minecraftforge.fml.loading.moddiscovery.ModFileParser/LOADING]: Considering mod file candidate 
[15Mar2026 03:04:15.041] [main/DEBUG] [net.minecraftforge.fml.loading.moddiscovery.ModFileInfo/LOADING]: Found valid mod file scena-forge-1.0.103.jar with {scena} mods - versions {1.0.103}
[15Mar2026 03:04:15.041] [main/DEBUG] [net.minecraftforge.fml.loading.moddiscovery.ModFile/LOADING]: Loading mod file  with languages [LanguageSpec[languageName=javafml, acceptedVersions=[28,)]]
[15Mar2026 03:04:15.041] [main/DEBUG] [net.minecraftforge.fml.loading.moddiscovery.ModFile/LOADING]: Loading mod file  with languages []
[15Mar2026 03:04:15.041] [main/DEBUG] [net.minecraftforge.fml.loading.moddiscovery.ModFile/LOADING]: Loading mod file  with languages []
[15Mar2026 03:04:15.041] [main/DEBUG] [net.minecraftforge.fml.loading.moddiscovery.ModFile/LOADING]: Loading mod file  with languages []
[15Mar2026 03:04:15.041] [main/DEBUG] [net.minecraftforge.fml.loading.moddiscovery.ModFile/LOADING]: Loading mod file  with languages []
[15Mar2026 03:04:15.041] [main/DEBUG] [net.minecraftforge.fml.loading.moddiscovery.ModFile/LOADING]: Loading mod file  with languages []
[15Mar2026 03:04:15.041] [main/DEBUG] [net.minecraftforge.fml.loading.moddiscovery.ModFile/LOADING]: Loading mod file  with languages []
[15Mar2026 03:04:15.041] [main/DEBUG] [net.minecraftforge.fml.loading.moddiscovery.ModFile/LOADING]: Loading mod file  with languages []
[15Mar2026 03:04:15.041] [main/DEBUG] [net.minecraftforge.fml.loading.moddiscovery.ModFile/LOADING]: Loading mod file  with languages []
[15Mar2026 03:04:15.041] [main/DEBUG] [net.minecraftforge.fml.loading.moddiscovery.ModFile/LOADING]: Loading mod file  with languages []
[15Mar2026 03:04:15.041] [main/DEBUG] [net.minecraftforge.fml.loading.moddiscovery.ModFile/LOADING]: Loading mod file  with languages []
[15Mar2026 03:04:15.041] [main/DEBUG] [net.minecraftforge.fml.loading.moddiscovery.ModFile/LOADING]: Loading mod file  with languages []
[15Mar2026 03:04:15.041] [main/DEBUG] [net.minecraftforge.fml.loading.moddiscovery.ModFile/LOADING]: Loading mod file  with languages []
[15Mar2026 03:04:15.041] [main/DEBUG] [net.minecraftforge.fml.loading.moddiscovery.ModFile/LOADING]: Loading mod file  with languages []
[15Mar2026 03:04:15.041] [main/DEBUG] [net.minecraftforge.fml.loading.moddiscovery.ModFile/LOADING]: Loading mod file  with languages []
[15Mar2026 03:04:15.041] [main/DEBUG] [net.minecraftforge.fml.loading.moddiscovery.ModFile/LOADING]: Loading mod file  with languages []
[15Mar2026 03:04:15.041] [main/DEBUG] [net.minecraftforge.fml.loading.moddiscovery.ModFile/LOADING]: Loading mod file  with languages []
[15Mar2026 03:04:15.041] [main/DEBUG] [net.minecraftforge.fml.loading.moddiscovery.ModFile/LOADING]: Loading mod file  with languages []
[15Mar2026 03:04:15.041] [main/DEBUG] [net.minecraftforge.fml.loading.moddiscovery.ModFile/LOADING]: Loading mod file  with languages []
[15Mar2026 03:04:15.041] [main/DEBUG] [net.minecraftforge.fml.loading.moddiscovery.ModFile/LOADING]: Loading mod file  with languages []
[15Mar2026 03:04:15.041] [main/DEBUG] [net.minecraftforge.fml.loading.moddiscovery.ModFile/LOADING]: Loading mod file  with languages []
[15Mar2026 03:04:15.041] [main/DEBUG] [net.minecraftforge.fml.loading.moddiscovery.ModFile/LOADING]: Loading mod file  with languages []
[15Mar2026 03:04:15.041] [main/DEBUG] [net.minecraftforge.fml.loading.moddiscovery.ModFileParser/LOADING]: Considering mod file candidate 
[15Mar2026 03:04:15.041] [main/DEBUG] [net.minecraftforge.fml.loading.moddiscovery.ModFileInfo/LOADING]: Found valid mod file mixinsquared-forge-0.1.2-beta.6.jar with {mixinsquared} mods - versions {0.1.2-beta.6}
[15Mar2026 03:04:15.041] [main/DEBUG] [net.minecraftforge.fml.loading.moddiscovery.ModFile/LOADING]: Loading mod file  with languages [LanguageSpec[languageName=javafml, acceptedVersions=*]]
[15Mar2026 03:04:15.041] [main/DEBUG] [net.minecraftforge.fml.loading.moddiscovery.ModFile/LOADING]: Loading mod file  with languages []
[15Mar2026 03:04:15.041] [main/DEBUG] [net.minecraftforge.fml.loading.moddiscovery.ModFile/LOADING]: Loading mod file  with languages []
[15Mar2026 03:04:15.041] [main/DEBUG] [net.minecraftforge.fml.loading.moddiscovery.ModFile/LOADING]: Loading mod file  with languages []
[15Mar2026 03:04:15.041] [main/DEBUG] [net.minecraftforge.fml.loading.moddiscovery.ModFile/LOADING]: Loading mod file  with languages []
[15Mar2026 03:04:15.041] [main/DEBUG] [net.minecraftforge.fml.loading.moddiscovery.ModFile/LOADING]: Loading mod file  with languages []
[15Mar2026 03:04:15.041] [main/DEBUG] [net.minecraftforge.fml.loading.moddiscovery.ModFile/LOADING]: Loading mod file  with languages []
[15Mar2026 03:04:15.041] [main/DEBUG] [net.minecraftforge.fml.loading.moddiscovery.ModFile/LOADING]: Loading mod file  with languages []
[15Mar2026 03:04:15.041] [main/DEBUG] [net.minecraftforge.fml.loading.moddiscovery.ModFile/LOADING]: Loading mod file  with languages []
[15Mar2026 03:04:15.041] [main/DEBUG] [net.minecraftforge.fml.loading.moddiscovery.ModFile/LOADING]: Loading mod file  with languages []
[15Mar2026 03:04:15.041] [main/DEBUG] [net.minecraftforge.fml.loading.moddiscovery.ModFile/LOADING]: Loading mod file  with languages []
[15Mar2026 03:04:15.041] [main/DEBUG] [net.minecraftforge.fml.loading.moddiscovery.ModFile/LOADING]: Loading mod file  with languages []
[15Mar2026 03:04:15.041] [main/DEBUG] [net.minecraftforge.fml.loading.moddiscovery.ModFile/LOADING]: Loading mod file  with languages []
[15Mar2026 03:04:15.041] [main/DEBUG] [net.minecraftforge.fml.loading.moddiscovery.ModFile/LOADING]: Loading mod file  with languages []
[15Mar2026 03:04:15.041] [main/DEBUG] [net.minecraftforge.fml.loading.moddiscovery.ModFile/LOADING]: Loading mod file  with languages []
[15Mar2026 03:04:15.041] [main/DEBUG] [net.minecraftforge.fml.loading.moddiscovery.ModFile/LOADING]: Loading mod file  with languages []
[15Mar2026 03:04:15.041] [main/DEBUG] [net.minecraftforge.fml.loading.moddiscovery.ModFile/LOADING]: Loading mod file  with languages []
[15Mar2026 03:04:15.041] [main/DEBUG] [net.minecraftforge.fml.loading.moddiscovery.ModFile/LOADING]: Loading mod file  with languages []
[15Mar2026 03:04:15.041] [main/DEBUG] [net.minecraftforge.fml.loading.moddiscovery.ModFile/LOADING]: Loading mod file  with languages []
[15Mar2026 03:04:15.041] [main/DEBUG] [net.minecraftforge.fml.loading.moddiscovery.ModFile/LOADING]: Loading mod file  with languages []
[15Mar2026 03:04:15.041] [main/DEBUG] [net.minecraftforge.fml.loading.moddiscovery.ModFile/LOADING]: Loading mod file  with languages []
[15Mar2026 03:04:15.041] [main/DEBUG] [net.minecraftforge.fml.loading.moddiscovery.ModFile/LOADING]: Loading mod file  with languages []
[15Mar2026 03:04:15.041] [main/DEBUG] [net.minecraftforge.fml.loading.moddiscovery.ModFile/LOADING]: Loading mod file  with languages []
[15Mar2026 03:04:15.041] [main/DEBUG] [net.minecraftforge.fml.loading.moddiscovery.ModFile/LOADING]: Loading mod file  with languages []
[15Mar2026 03:04:15.041] [main/DEBUG] [net.minecraftforge.fml.loading.moddiscovery.ModFile/LOADING]: Loading mod file  with languages []
[15Mar2026 03:04:15.041] [main/DEBUG] [net.minecraftforge.fml.loading.moddiscovery.ModFile/LOADING]: Loading mod file  with languages []
[15Mar2026 03:04:15.041] [main/DEBUG] [net.minecraftforge.fml.loading.moddiscovery.ModFile/LOADING]: Loading mod file  with languages []
[15Mar2026 03:04:15.041] [main/DEBUG] [net.minecraftforge.fml.loading.moddiscovery.ModFile/LOADING]: Loading mod file  with languages []
[15Mar2026 03:04:15.041] [main/DEBUG] [net.minecraftforge.fml.loading.moddiscovery.ModFileParser/LOADING]: Considering mod file candidate 
[15Mar2026 03:04:15.041] [main/DEBUG] [net.minecraftforge.fml.loading.moddiscovery.ModFileInfo/LOADING]: Found valid mod file scena-forge-1.0.103.jar with {scena} mods - versions {1.0.103}
[15Mar2026 03:04:15.041] [main/DEBUG] [net.minecraftforge.fml.loading.moddiscovery.ModFile/LOADING]: Loading mod file  with languages [LanguageSpec[languageName=javafml, acceptedVersions=[28,)]]
[15Mar2026 03:04:15.041] [main/DEBUG] [net.minecraftforge.fml.loading.moddiscovery.ModFile/LOADING]: Loading mod file  with languages []
[15Mar2026 03:04:15.041] [main/DEBUG] [net.minecraftforge.fml.loading.moddiscovery.ModFile/LOADING]: Loading mod file  with languages []
[15Mar2026 03:04:15.041] [main/DEBUG] [net.minecraftforge.fml.loading.moddiscovery.ModFile/LOADING]: Loading mod file  with languages []
[15Mar2026 03:04:15.042] [main/DEBUG] [net.minecraftforge.fml.loading.moddiscovery.ModFile/LOADING]: Loading mod file  with languages []
[15Mar2026 03:04:15.042] [main/DEBUG] [net.minecraftforge.fml.loading.moddiscovery.ModFile/LOADING]: Loading mod file  with languages []
[15Mar2026 03:04:15.042] [main/DEBUG] [net.minecraftforge.fml.loading.moddiscovery.ModFile/LOADING]: Loading mod file  with languages []
[15Mar2026 03:04:15.042] [main/DEBUG] [net.minecraftforge.fml.loading.moddiscovery.ModFile/LOADING]: Loading mod file  with languages []
[15Mar2026 03:04:15.042] [main/DEBUG] [net.minecraftforge.fml.loading.moddiscovery.ModFile/LOADING]: Loading mod file  with languages []
[15Mar2026 03:04:15.042] [main/DEBUG] [net.minecraftforge.fml.loading.moddiscovery.ModFile/LOADING]: Loading mod file  with languages []
[15Mar2026 03:04:15.042] [main/DEBUG] [net.minecraftforge.fml.loading.moddiscovery.ModFile/LOADING]: Loading mod file  with languages []
[15Mar2026 03:04:15.042] [main/DEBUG] [net.minecraftforge.fml.loading.moddiscovery.ModFile/LOADING]: Loading mod file  with languages []
[15Mar2026 03:04:15.042] [main/DEBUG] [net.minecraftforge.fml.loading.moddiscovery.ModFile/LOADING]: Loading mod file  with languages []
[15Mar2026 03:04:15.042] [main/DEBUG] [net.minecraftforge.fml.loading.moddiscovery.ModFile/LOADING]: Loading mod file  with languages []
[15Mar2026 03:04:15.042] [main/DEBUG] [net.minecraftforge.fml.loading.moddiscovery.ModFile/LOADING]: Loading mod file  with languages []
[15Mar2026 03:04:15.042] [main/DEBUG] [net.minecraftforge.fml.loading.moddiscovery.ModFile/LOADING]: Loading mod file  with languages []
[15Mar2026 03:04:15.042] [main/DEBUG] [net.minecraftforge.fml.loading.moddiscovery.ModFile/LOADING]: Loading mod file  with languages []
[15Mar2026 03:04:15.042] [main/DEBUG] [net.minecraftforge.fml.loading.moddiscovery.ModFile/LOADING]: Loading mod file  with languages []
[15Mar2026 03:04:15.042] [main/DEBUG] [net.minecraftforge.fml.loading.moddiscovery.ModFile/LOADING]: Loading mod file  with languages []
[15Mar2026 03:04:15.042] [main/DEBUG] [net.minecraftforge.fml.loading.moddiscovery.ModFile/LOADING]: Loading mod file  with languages []
[15Mar2026 03:04:15.042] [main/DEBUG] [net.minecraftforge.fml.loading.moddiscovery.ModFile/LOADING]: Loading mod file  with languages []
[15Mar2026 03:04:15.042] [main/DEBUG] [net.minecraftforge.fml.loading.moddiscovery.ModFile/LOADING]: Loading mod file  with languages []
[15Mar2026 03:04:15.042] [main/DEBUG] [net.minecraftforge.fml.loading.moddiscovery.ModFileParser/LOADING]: Considering mod file candidate 
[15Mar2026 03:04:15.042] [main/DEBUG] [net.minecraftforge.fml.loading.moddiscovery.ModFileInfo/LOADING]: Found valid mod file mixinsquared-forge-0.1.2-beta.6.jar with {mixinsquared} mods - versions {0.1.2-beta.6}
[15Mar2026 03:04:15.042] [main/DEBUG] [net.minecraftforge.fml.loading.moddiscovery.ModFile/LOADING]: Loading mod file  with languages [LanguageSpec[languageName=javafml, acceptedVersions=*]]
[15Mar2026 03:04:15.042] [main/DEBUG] [net.minecraftforge.fml.loading.moddiscovery.ModFile/LOADING]: Loading mod file  with languages []
[15Mar2026 03:04:15.042] [main/DEBUG] [net.minecraftforge.fml.loading.moddiscovery.ModFile/LOADING]: Loading mod file  with languages []
[15Mar2026 03:04:15.042] [main/DEBUG] [net.minecraftforge.fml.loading.moddiscovery.ModFile/LOADING]: Loading mod file  with languages []
[15Mar2026 03:04:15.042] [main/DEBUG] [net.minecraftforge.fml.loading.moddiscovery.ModFile/LOADING]: Loading mod file  with languages []
[15Mar2026 03:04:15.042] [main/DEBUG] [cpw.mods.modlauncher.TransformationServiceDecorator/MODLAUNCHER]: End scan trigger - transformation service fml
[15Mar2026 03:04:15.042] [main/DEBUG] [cpw.mods.modlauncher.TransformationServiceDecorator/MODLAUNCHER]: Beginning scan trigger - transformation service mixin-transmogrifier
[15Mar2026 03:04:15.044] [main/DEBUG] [cpw.mods.modlauncher.TransformationServiceDecorator/MODLAUNCHER]: End scan trigger - transformation service mixin-transmogrifier
[15Mar2026 03:04:15.044] [main/DEBUG] [cpw.mods.modlauncher.TransformationServiceDecorator/MODLAUNCHER]: Beginning scan trigger - transformation service connector_loader
[15Mar2026 03:04:15.044] [main/DEBUG] [cpw.mods.modlauncher.TransformationServiceDecorator/MODLAUNCHER]: End scan trigger - transformation service connector_loader
[15Mar2026 03:04:15.049] [main/DEBUG] [net.minecraftforge.fml.loading.LanguageLoadingProvider/CORE]: Found 4 language providers
[15Mar2026 03:04:15.050] [main/DEBUG] [net.minecraftforge.fml.loading.LanguageLoadingProvider/CORE]: Found language provider minecraft, version 1.0
[15Mar2026 03:04:15.051] [main/DEBUG] [net.minecraftforge.fml.loading.LanguageLoadingProvider/CORE]: Found language provider kotlinforforge, version 4.12.0
[15Mar2026 03:04:15.051] [main/DEBUG] [net.minecraftforge.fml.loading.LanguageLoadingProvider/CORE]: Found language provider javafml, version 47
[15Mar2026 03:04:15.051] [main/DEBUG] [net.minecraftforge.fml.loading.LanguageLoadingProvider/CORE]: Found language provider lowcodefml, version 47
[15Mar2026 03:04:15.054] [main/DEBUG] [net.minecraftforge.fml.loading.UniqueModListBuilder/]: Found 2 mods for first modid saecularia_caudices, selecting most recent based on version data
[15Mar2026 03:04:15.054] [main/DEBUG] [net.minecraftforge.fml.loading.UniqueModListBuilder/]: Selected file saecularia-caudices-forge-1.0.23.jar for modid saecularia_caudices with version 1.0.23
[15Mar2026 03:04:15.054] [main/DEBUG] [net.minecraftforge.fml.loading.UniqueModListBuilder/]: Found 2 mods for first modid runtime._1._20._1, selecting most recent based on version data
[15Mar2026 03:04:15.054] [main/DEBUG] [net.minecraftforge.fml.loading.UniqueModListBuilder/]: Selected file runtime-1.0.0+1.20.1.jar for modid runtime._1._20._1 with version 1.0.0+1.20.1
[15Mar2026 03:04:15.054] [main/DEBUG] [net.minecraftforge.fml.loading.UniqueModListBuilder/]: Found 2 mods for first modid org.commonmark.ext.ins, selecting most recent based on version data
[15Mar2026 03:04:15.054] [main/DEBUG] [net.minecraftforge.fml.loading.UniqueModListBuilder/]: Selected file commonmark-ext-ins-0.27.0.jar for modid org.commonmark.ext.ins with version 0.0NONE
[15Mar2026 03:04:15.054] [main/DEBUG] [net.minecraftforge.fml.loading.UniqueModListBuilder/]: Found 2 mods for first modid MixinSquared.beta._6, selecting most recent based on version data
[15Mar2026 03:04:15.054] [main/DEBUG] [net.minecraftforge.fml.loading.UniqueModListBuilder/]: Selected file MixinSquared-0.1.2-beta.6.jar for modid MixinSquared.beta._6 with version 0.0NONE
[15Mar2026 03:04:15.054] [main/DEBUG] [net.minecraftforge.fml.loading.UniqueModListBuilder/]: Found 2 mods for first modid com.github.javaparser.core, selecting most recent based on version data
[15Mar2026 03:04:15.054] [main/DEBUG] [net.minecraftforge.fml.loading.UniqueModListBuilder/]: Selected file javaparser-core-3.25.8.jar for modid com.github.javaparser.core with version 0.0NONE
[15Mar2026 03:04:15.054] [main/DEBUG] [net.minecraftforge.fml.loading.UniqueModListBuilder/]: Found 2 mods for first modid org.quiltmc.parsers.gson, selecting most recent based on version data
[15Mar2026 03:04:15.054] [main/DEBUG] [net.minecraftforge.fml.loading.UniqueModListBuilder/]: Selected file gson-0.2.1.jar for modid org.quiltmc.parsers.gson with version 0.0NONE
[15Mar2026 03:04:15.054] [main/DEBUG] [net.minecraftforge.fml.loading.UniqueModListBuilder/]: Found 2 mods for first modid tomlkt.jvm, selecting most recent based on version data
[15Mar2026 03:04:15.054] [main/DEBUG] [net.minecraftforge.fml.loading.UniqueModListBuilder/]: Selected file tomlkt-jvm-0.4.0.jar for modid tomlkt.jvm with version 0.0NONE
[15Mar2026 03:04:15.054] [main/DEBUG] [net.minecraftforge.fml.loading.UniqueModListBuilder/]: Found 2 mods for first modid org.apfloat, selecting most recent based on version data
[15Mar2026 03:04:15.054] [main/DEBUG] [net.minecraftforge.fml.loading.UniqueModListBuilder/]: Selected file apfloat-1.10.1.jar for modid org.apfloat with version 1.10.1
[15Mar2026 03:04:15.054] [main/DEBUG] [net.minecraftforge.fml.loading.UniqueModListBuilder/]: Found 2 mods for first modid org.commonmark.ext.gfm.strikethrough, selecting most recent based on version data
[15Mar2026 03:04:15.054] [main/DEBUG] [net.minecraftforge.fml.loading.UniqueModListBuilder/]: Selected file commonmark-ext-gfm-strikethrough-0.27.0.jar for modid org.commonmark.ext.gfm.strikethrough with version 0.0NONE
[15Mar2026 03:04:15.054] [main/DEBUG] [net.minecraftforge.fml.loading.UniqueModListBuilder/]: Found 2 mods for first modid NanoLiveConfig, selecting most recent based on version data
[15Mar2026 03:04:15.054] [main/DEBUG] [net.minecraftforge.fml.loading.UniqueModListBuilder/]: Selected file NanoLiveConfig-1.2.1.jar for modid NanoLiveConfig with version 0.0NONE
[15Mar2026 03:04:15.054] [main/DEBUG] [net.minecraftforge.fml.loading.UniqueModListBuilder/]: Found 2 mods for first modid space.arim.dazzleconf, selecting most recent based on version data
[15Mar2026 03:04:15.054] [main/DEBUG] [net.minecraftforge.fml.loading.UniqueModListBuilder/]: Selected file dazzleconf-core-1.3.0-M2.jar for modid space.arim.dazzleconf with version 0.0NONE
[15Mar2026 03:04:15.054] [main/DEBUG] [net.minecraftforge.fml.loading.UniqueModListBuilder/]: Found 2 mods for first modid org.newsclub.net.unix, selecting most recent based on version data
[15Mar2026 03:04:15.054] [main/DEBUG] [net.minecraftforge.fml.loading.UniqueModListBuilder/]: Selected file junixsocket-common-2.6.2.jar for modid org.newsclub.net.unix with version 0.0NONE
[15Mar2026 03:04:15.054] [main/DEBUG] [net.minecraftforge.fml.loading.UniqueModListBuilder/]: Found 2 mods for first modid org.quiltmc.parsers.json, selecting most recent based on version data
[15Mar2026 03:04:15.054] [main/DEBUG] [net.minecraftforge.fml.loading.UniqueModListBuilder/]: Selected file json-0.2.1.jar for modid org.quiltmc.parsers.json with version 0.0NONE
[15Mar2026 03:04:15.054] [main/DEBUG] [net.minecraftforge.fml.loading.UniqueModListBuilder/]: Found 2 mods for first modid vineflower, selecting most recent based on version data
[15Mar2026 03:04:15.054] [main/DEBUG] [net.minecraftforge.fml.loading.UniqueModListBuilder/]: Selected file vineflower-1.10.1.jar for modid vineflower with version 1.10.1
[15Mar2026 03:04:15.054] [main/DEBUG] [net.minecraftforge.fml.loading.UniqueModListBuilder/]: Found 2 mods for first modid BiggerStacksConfigLib, selecting most recent based on version data
[15Mar2026 03:04:15.054] [main/DEBUG] [net.minecraftforge.fml.loading.UniqueModListBuilder/]: Selected file BiggerStacksConfigLib-2026.02.25.jar for modid BiggerStacksConfigLib with version 0.0NONE
[15Mar2026 03:04:15.054] [main/DEBUG] [net.minecraftforge.fml.loading.UniqueModListBuilder/]: Found 2 mods for first modid org.commonmark, selecting most recent based on version data
[15Mar2026 03:04:15.054] [main/DEBUG] [net.minecraftforge.fml.loading.UniqueModListBuilder/]: Selected file commonmark-0.27.0.jar for modid org.commonmark with version 0.0NONE
[15Mar2026 03:04:15.054] [main/DEBUG] [net.minecraftforge.fml.loading.UniqueModListBuilder/]: Found 2 mods for first modid org.yaml.snakeyaml, selecting most recent based on version data
[15Mar2026 03:04:15.054] [main/DEBUG] [net.minecraftforge.fml.loading.UniqueModListBuilder/]: Selected file snakeyaml-2.2.jar for modid org.yaml.snakeyaml with version 0.0NONE
[15Mar2026 03:04:15.054] [main/DEBUG] [net.minecraftforge.fml.loading.UniqueModListBuilder/]: Found 2 mods for first modid yabn, selecting most recent based on version data
[15Mar2026 03:04:15.054] [main/DEBUG] [net.minecraftforge.fml.loading.UniqueModListBuilder/]: Selected file yabn-1.0.3.jar for modid yabn with version 0.0NONE
[15Mar2026 03:04:15.054] [main/DEBUG] [net.minecraftforge.fml.loading.UniqueModListBuilder/]: Found 2 mods for first modid SimpleLoggerWrapper, selecting most recent based on version data
[15Mar2026 03:04:15.054] [main/DEBUG] [net.minecraftforge.fml.loading.UniqueModListBuilder/]: Selected file SimpleLoggerWrapper-1.0.jar for modid SimpleLoggerWrapper with version 0.0NONE
[15Mar2026 03:04:15.054] [main/DEBUG] [net.minecraftforge.fml.loading.UniqueModListBuilder/]: Found 2 mods for first modid org.java_websocket, selecting most recent based on version data
[15Mar2026 03:04:15.054] [main/DEBUG] [net.minecraftforge.fml.loading.UniqueModListBuilder/]: Selected file Java-WebSocket-1.5.6.jar for modid org.java_websocket with version 0.0NONE
[15Mar2026 03:04:15.054] [main/DEBUG] [net.minecraftforge.fml.loading.UniqueModListBuilder/]: Found 2 mods for first modid com.twelvemonkeys.common.image, selecting most recent based on version data
[15Mar2026 03:04:15.054] [main/DEBUG] [net.minecraftforge.fml.loading.UniqueModListBuilder/]: Selected file common-image-3.12.0.jar for modid com.twelvemonkeys.common.image with version 3.12.0
[15Mar2026 03:04:15.054] [main/DEBUG] [net.minecraftforge.fml.loading.UniqueModListBuilder/]: Found 2 mods for first modid space.arim.dazzleconf.ext.snakeyaml, selecting most recent based on version data
[15Mar2026 03:04:15.054] [main/DEBUG] [net.minecraftforge.fml.loading.UniqueModListBuilder/]: Selected file dazzleconf-ext-snakeyaml-1.3.0-M2.jar for modid space.arim.dazzleconf.ext.snakeyaml with version 0.0NONE
[15Mar2026 03:04:15.054] [main/DEBUG] [net.minecraftforge.fml.loading.UniqueModListBuilder/]: Found 2 mods for first modid thedarkcolour.kotlinforforge.kfflib, selecting most recent based on version data
[15Mar2026 03:04:15.054] [main/DEBUG] [net.minecraftforge.fml.loading.UniqueModListBuilder/]: Selected file kfflib-4.12.0.jar for modid thedarkcolour.kotlinforforge.kfflib with version 4.12.0
[15Mar2026 03:04:15.054] [main/DEBUG] [net.minecraftforge.fml.loading.UniqueModListBuilder/]: Found 2 mods for first modid scena, selecting most recent based on version data
[15Mar2026 03:04:15.054] [main/DEBUG] [net.minecraftforge.fml.loading.UniqueModListBuilder/]: Selected file scena-forge-1.0.103.jar for modid scena with version 1.0.103
[15Mar2026 03:04:15.054] [main/DEBUG] [net.minecraftforge.fml.loading.UniqueModListBuilder/]: Found 2 mods for first modid org.json, selecting most recent based on version data
[15Mar2026 03:04:15.054] [main/DEBUG] [net.minecraftforge.fml.loading.UniqueModListBuilder/]: Selected file json-20210307.jar for modid org.json with version 0.0NONE
[15Mar2026 03:04:15.054] [main/DEBUG] [net.minecraftforge.fml.loading.UniqueModListBuilder/]: Found 2 mods for first modid Registrate.MC1._20, selecting most recent based on version data
[15Mar2026 03:04:15.054] [main/DEBUG] [net.minecraftforge.fml.loading.UniqueModListBuilder/]: Selected file Registrate-MC1.20-1.3.11.jar for modid Registrate.MC1._20 with version 0.0NONE
[15Mar2026 03:04:15.054] [main/DEBUG] [net.minecraftforge.fml.loading.UniqueModListBuilder/]: Found 2 mods for first modid org.jheaps, selecting most recent based on version data
[15Mar2026 03:04:15.054] [main/DEBUG] [net.minecraftforge.fml.loading.UniqueModListBuilder/]: Selected file jheaps-0.14.jar for modid org.jheaps with version 0.0NONE
[15Mar2026 03:04:15.054] [main/DEBUG] [net.minecraftforge.fml.loading.UniqueModListBuilder/]: Found 2 mods for first modid com.twelvemonkeys.imageio.metadata, selecting most recent based on version data
[15Mar2026 03:04:15.054] [main/DEBUG] [net.minecraftforge.fml.loading.UniqueModListBuilder/]: Selected file imageio-metadata-3.12.0.jar for modid com.twelvemonkeys.imageio.metadata with version 3.12.0
[15Mar2026 03:04:15.054] [main/DEBUG] [net.minecraftforge.fml.loading.UniqueModListBuilder/]: Found 2 mods for first modid com.kohlschutter.junixsocket.nativecommon, selecting most recent based on version data
[15Mar2026 03:04:15.054] [main/DEBUG] [net.minecraftforge.fml.loading.UniqueModListBuilder/]: Selected file junixsocket-native-common-2.6.2.jar for modid com.kohlschutter.junixsocket.nativecommon with version 0.0NONE
[15Mar2026 03:04:15.054] [main/DEBUG] [net.minecraftforge.fml.loading.UniqueModListBuilder/]: Found 2 mods for first modid BiggerStacksTransformerLib, selecting most recent based on version data
[15Mar2026 03:04:15.054] [main/DEBUG] [net.minecraftforge.fml.loading.UniqueModListBuilder/]: Selected file BiggerStacksTransformerLib-2026.02.24.jar for modid BiggerStacksTransformerLib with version 0.0NONE
[15Mar2026 03:04:15.054] [main/DEBUG] [net.minecraftforge.fml.loading.UniqueModListBuilder/]: Found 2 mods for first modid org.lz4.pure.java, selecting most recent based on version data
[15Mar2026 03:04:15.054] [main/DEBUG] [net.minecraftforge.fml.loading.UniqueModListBuilder/]: Selected file lz4-pure-java-1.8.0.jar for modid org.lz4.pure.java with version 0.0NONE
[15Mar2026 03:04:15.054] [main/DEBUG] [net.minecraftforge.fml.loading.UniqueModListBuilder/]: Found 2 mods for first modid bytecodecs, selecting most recent based on version data
[15Mar2026 03:04:15.054] [main/DEBUG] [net.minecraftforge.fml.loading.UniqueModListBuilder/]: Selected file bytecodecs-1.0.2.jar for modid bytecodecs with version 0.0NONE
[15Mar2026 03:04:15.054] [main/DEBUG] [net.minecraftforge.fml.loading.UniqueModListBuilder/]: Found 2 mods for first modid EvalEx, selecting most recent based on version data
[15Mar2026 03:04:15.054] [main/DEBUG] [net.minecraftforge.fml.loading.UniqueModListBuilder/]: Selected file EvalEx-3.2.0.jar for modid EvalEx with version 0.0NONE
[15Mar2026 03:04:15.054] [main/DEBUG] [net.minecraftforge.fml.loading.UniqueModListBuilder/]: Found 2 mods for first modid mclib, selecting most recent based on version data
[15Mar2026 03:04:15.054] [main/DEBUG] [net.minecraftforge.fml.loading.UniqueModListBuilder/]: Selected file mclib-20.jar for modid mclib with version 0.0NONE
[15Mar2026 03:04:15.054] [main/DEBUG] [net.minecraftforge.fml.loading.UniqueModListBuilder/]: Found 2 mods for first modid org.kohsuke.github.api, selecting most recent based on version data
[15Mar2026 03:04:15.054] [main/DEBUG] [net.minecraftforge.fml.loading.UniqueModListBuilder/]: Selected file github-api-2.0-rc.4.jar for modid org.kohsuke.github.api with version 0.0NONE
[15Mar2026 03:04:15.054] [main/DEBUG] [net.minecraftforge.fml.loading.UniqueModListBuilder/]: Found 2 mods for first modid DiscordIPC.a8d6631cc9, selecting most recent based on version data
[15Mar2026 03:04:15.054] [main/DEBUG] [net.minecraftforge.fml.loading.UniqueModListBuilder/]: Selected file DiscordIPC-a8d6631cc9.jar for modid DiscordIPC.a8d6631cc9 with version 0.0NONE
[15Mar2026 03:04:15.054] [main/DEBUG] [net.minecraftforge.fml.loading.UniqueModListBuilder/]: Found 2 mods for first modid com.twelvemonkeys.imageio.webp, selecting most recent based on version data
[15Mar2026 03:04:15.054] [main/DEBUG] [net.minecraftforge.fml.loading.UniqueModListBuilder/]: Selected file imageio-webp-3.12.0.jar for modid com.twelvemonkeys.imageio.webp with version 3.12.0
[15Mar2026 03:04:15.054] [main/DEBUG] [net.minecraftforge.fml.loading.UniqueModListBuilder/]: Found 2 mods for first modid mixinextras, selecting most recent based on version data
[15Mar2026 03:04:15.054] [main/DEBUG] [net.minecraftforge.fml.loading.UniqueModListBuilder/]: Selected file mixinextras-forge-0.5.3.jar for modid mixinextras with version 0.5.3
[15Mar2026 03:04:15.054] [main/DEBUG] [net.minecraftforge.fml.loading.UniqueModListBuilder/]: Found 2 mods for first modid com.twelvemonkeys.common.lang, selecting most recent based on version data
[15Mar2026 03:04:15.054] [main/DEBUG] [net.minecraftforge.fml.loading.UniqueModListBuilder/]: Selected file common-lang-3.12.0.jar for modid com.twelvemonkeys.common.lang with version 3.12.0
[15Mar2026 03:04:15.054] [main/DEBUG] [net.minecraftforge.fml.loading.UniqueModListBuilder/]: Found 2 mods for first modid resourceful.cosmeticsj, selecting most recent based on version data
[15Mar2026 03:04:15.054] [main/DEBUG] [net.minecraftforge.fml.loading.UniqueModListBuilder/]: Selected file resourceful-cosmetics-4j-1.0.5.jar for modid resourceful.cosmeticsj with version 0.0NONE
[15Mar2026 03:04:15.054] [main/DEBUG] [net.minecraftforge.fml.loading.UniqueModListBuilder/]: Found 2 mods for first modid xstream, selecting most recent based on version data
[15Mar2026 03:04:15.054] [main/DEBUG] [net.minecraftforge.fml.loading.UniqueModListBuilder/]: Selected file xstream-1.4.21.jar for modid xstream with version 1.4.21
[15Mar2026 03:04:15.054] [main/DEBUG] [net.minecraftforge.fml.loading.UniqueModListBuilder/]: Found 2 mods for first modid l2serial, selecting most recent based on version data
[15Mar2026 03:04:15.054] [main/DEBUG] [net.minecraftforge.fml.loading.UniqueModListBuilder/]: Selected file l2serial-1.2.2.jar for modid l2serial with version 1.2.2
[15Mar2026 03:04:15.054] [main/DEBUG] [net.minecraftforge.fml.loading.UniqueModListBuilder/]: Found 2 mods for first modid json5k.jvm, selecting most recent based on version data
[15Mar2026 03:04:15.054] [main/DEBUG] [net.minecraftforge.fml.loading.UniqueModListBuilder/]: Selected file json5k-jvm-0.3.0.jar for modid json5k.jvm with version 0.0NONE
[15Mar2026 03:04:15.054] [main/DEBUG] [net.minecraftforge.fml.loading.UniqueModListBuilder/]: Found 2 mods for first modid kotlin.metadata.jvm, selecting most recent based on version data
[15Mar2026 03:04:15.054] [main/DEBUG] [net.minecraftforge.fml.loading.UniqueModListBuilder/]: Selected file kotlin-metadata-jvm-2.1.20.jar for modid kotlin.metadata.jvm with version 2.1.20-release-217
[15Mar2026 03:04:15.054] [main/DEBUG] [net.minecraftforge.fml.loading.UniqueModListBuilder/]: Found 2 mods for first modid org.jgrapht.core, selecting most recent based on version data
[15Mar2026 03:04:15.054] [main/DEBUG] [net.minecraftforge.fml.loading.UniqueModListBuilder/]: Selected file jgrapht-core-1.5.2.jar for modid org.jgrapht.core with version 0.0NONE
[15Mar2026 03:04:15.054] [main/DEBUG] [net.minecraftforge.fml.loading.UniqueModListBuilder/]: Found 2 mods for first modid mixinsquared, selecting most recent based on version data
[15Mar2026 03:04:15.054] [main/DEBUG] [net.minecraftforge.fml.loading.UniqueModListBuilder/]: Selected file mixinsquared-forge-0.1.2-beta.6.jar for modid mixinsquared with version 0.1.2-beta.6
[15Mar2026 03:04:15.054] [main/DEBUG] [net.minecraftforge.fml.loading.UniqueModListBuilder/]: Found 2 mods for first modid com.twelvemonkeys.imageio.core, selecting most recent based on version data
[15Mar2026 03:04:15.054] [main/DEBUG] [net.minecraftforge.fml.loading.UniqueModListBuilder/]: Selected file imageio-core-3.12.0.jar for modid com.twelvemonkeys.imageio.core with version 3.12.0
[15Mar2026 03:04:15.054] [main/DEBUG] [net.minecraftforge.fml.loading.UniqueModListBuilder/]: Found 2 mods for first modid com.github.javaparser.symbolsolver.core, selecting most recent based on version data
[15Mar2026 03:04:15.054] [main/DEBUG] [net.minecraftforge.fml.loading.UniqueModListBuilder/]: Selected file javaparser-symbol-solver-core-3.25.8.jar for modid com.github.javaparser.symbolsolver.core with version 0.0NONE
[15Mar2026 03:04:15.054] [main/DEBUG] [net.minecraftforge.fml.loading.UniqueModListBuilder/]: Found 2 mods for first modid com.twelvemonkeys.common.io, selecting most recent based on version data
[15Mar2026 03:04:15.054] [main/DEBUG] [net.minecraftforge.fml.loading.UniqueModListBuilder/]: Selected file common-io-3.12.0.jar for modid com.twelvemonkeys.common.io with version 3.12.0
[15Mar2026 03:04:15.054] [main/DEBUG] [net.minecraftforge.fml.loading.UniqueModListBuilder/]: Found 2 mods for first modid MixinExtras, selecting most recent based on version data
[15Mar2026 03:04:15.054] [main/DEBUG] [net.minecraftforge.fml.loading.UniqueModListBuilder/]: Selected file MixinExtras-0.5.3.jar for modid MixinExtras with version 0.5.3
[15Mar2026 03:04:15.055] [main/DEBUG] [net.minecraftforge.fml.loading.ModSorter/]: Configured system mods: [minecraft, forge]
[15Mar2026 03:04:15.055] [main/DEBUG] [net.minecraftforge.fml.loading.ModSorter/]: Found system mod: minecraft
[15Mar2026 03:04:15.055] [main/DEBUG] [net.minecraftforge.fml.loading.ModSorter/]: Found system mod: forge
[15Mar2026 03:04:15.058] [main/DEBUG] [net.minecraftforge.fml.loading.ModSorter/LOADING]: Found 1328 mod requirements (1147 mandatory, 181 optional)
[15Mar2026 03:04:15.059] [main/DEBUG] [net.minecraftforge.fml.loading.ModSorter/LOADING]: Found 0 mod requirements missing (0 mandatory, 0 optional)
[15Mar2026 03:04:15.370] [main/DEBUG] [org.sinytra.connector.service.hacks.ModuleLayerMigrator/]: Attempting to make module authlib transformable
[15Mar2026 03:04:15.371] [main/INFO] [org.sinytra.connector.service.hacks.ModuleLayerMigrator/]: Successfully made module authlib transformable
[15Mar2026 03:04:15.372] [main/DEBUG] [cpw.mods.modlauncher.TransformationServicesHandler/MODLAUNCHER]: Transformation services loading transformers
[15Mar2026 03:04:15.372] [main/DEBUG] [cpw.mods.modlauncher.TransformationServiceDecorator/MODLAUNCHER]: Initializing transformers for transformation service mixin
[15Mar2026 03:04:15.373] [main/DEBUG] [cpw.mods.modlauncher.TransformationServiceDecorator/MODLAUNCHER]: Initialized transformers for transformation service mixin
[15Mar2026 03:04:15.373] [main/DEBUG] [cpw.mods.modlauncher.TransformationServiceDecorator/MODLAUNCHER]: Initializing transformers for transformation service fml
[15Mar2026 03:04:15.373] [main/DEBUG] [net.minecraftforge.fml.loading.FMLServiceProvider/CORE]: Loading coremod transformers
[15Mar2026 03:04:15.373] [main/DEBUG] [net.minecraftforge.coremod.CoreModEngine/COREMOD]: Loading CoreMod from coremods/ench/ench_info_loot_redirector.js
[15Mar2026 03:04:15.452] [main/DEBUG] [net.minecraftforge.coremod.CoreModEngine/COREMOD]: CoreMod loaded successfully
[15Mar2026 03:04:15.452] [main/DEBUG] [net.minecraftforge.coremod.CoreModEngine/COREMOD]: Loading CoreMod from coremods/ench/ench_info_redirector.js
[15Mar2026 03:04:15.462] [main/DEBUG] [net.minecraftforge.coremod.CoreModEngine/COREMOD]: CoreMod loaded successfully
[15Mar2026 03:04:15.462] [main/DEBUG] [net.minecraftforge.coremod.CoreModEngine/COREMOD]: Loading CoreMod from coremods/ench/fishing_hook.js
[15Mar2026 03:04:15.467] [main/DEBUG] [net.minecraftforge.coremod.CoreModEngine/COREMOD]: CoreMod loaded successfully
[15Mar2026 03:04:15.467] [main/DEBUG] [net.minecraftforge.coremod.CoreModEngine/COREMOD]: Loading CoreMod from coremods/potion_gui_tooltips.js
[15Mar2026 03:04:15.471] [main/DEBUG] [net.minecraftforge.coremod.CoreModEngine/COREMOD]: CoreMod loaded successfully
[15Mar2026 03:04:15.471] [main/DEBUG] [net.minecraftforge.coremod.CoreModEngine/COREMOD]: Loading CoreMod from META-INF/asm/implementFabricBlock.js
[15Mar2026 03:04:15.494] [main/DEBUG] [net.minecraftforge.coremod.CoreModEngine/COREMOD]: CoreMod loaded successfully
[15Mar2026 03:04:15.494] [main/DEBUG] [net.minecraftforge.coremod.CoreModEngine/COREMOD]: Loading CoreMod from META-INF/asm/implementFabricBlockState.js
[15Mar2026 03:04:15.500] [main/DEBUG] [net.minecraftforge.coremod.CoreModEngine/COREMOD]: CoreMod loaded successfully
[15Mar2026 03:04:15.500] [main/DEBUG] [net.minecraftforge.coremod.CoreModEngine/COREMOD]: Loading CoreMod from META-INF/asm/injectDataProvider.js
[15Mar2026 03:04:15.507] [main/DEBUG] [net.minecraftforge.coremod.CoreModEngine/COREMOD]: CoreMod loaded successfully
[15Mar2026 03:04:15.507] [main/DEBUG] [net.minecraftforge.coremod.CoreModEngine/COREMOD]: Loading CoreMod from coremods/accessors.js
[15Mar2026 03:04:15.513] [main/DEBUG] [net.minecraftforge.coremod.CoreModEngine/COREMOD]: CoreMod loaded successfully
[15Mar2026 03:04:15.513] [main/DEBUG] [net.minecraftforge.coremod.CoreModEngine/COREMOD]: Loading CoreMod from coremods/tooltip.js
[15Mar2026 03:04:15.521] [main/DEBUG] [net.minecraftforge.coremod.CoreModEngine/COREMOD]: CoreMod loaded successfully
[15Mar2026 03:04:15.521] [main/DEBUG] [net.minecraftforge.coremod.CoreModEngine/COREMOD]: Loading CoreMod from META-INF/asm/implementFabricItem.js
[15Mar2026 03:04:15.531] [main/DEBUG] [net.minecraftforge.coremod.CoreModEngine/COREMOD]: CoreMod loaded successfully
[15Mar2026 03:04:15.531] [main/DEBUG] [net.minecraftforge.coremod.CoreModEngine/COREMOD]: Loading CoreMod from coremods/get_ench_level_event.js
[15Mar2026 03:04:15.535] [main/DEBUG] [net.minecraftforge.coremod.CoreModEngine/COREMOD]: CoreMod loaded successfully
[15Mar2026 03:04:15.535] [main/DEBUG] [net.minecraftforge.coremod.CoreModEngine/COREMOD]: Loading CoreMod from coremods/get_ench_level_event_specific.js
[15Mar2026 03:04:15.537] [main/DEBUG] [net.minecraftforge.coremod.CoreModEngine/COREMOD]: CoreMod loaded successfully
[15Mar2026 03:04:15.537] [main/DEBUG] [net.minecraftforge.coremod.CoreModEngine/COREMOD]: Loading CoreMod from META-INF/asm/injectCreativeModeTabCtr.js
[15Mar2026 03:04:15.541] [main/DEBUG] [net.minecraftforge.coremod.CoreModEngine/COREMOD]: CoreMod loaded successfully
[15Mar2026 03:04:15.541] [main/DEBUG] [net.minecraftforge.coremod.CoreModEngine/COREMOD]: Loading CoreMod from META-INF/asm/injectFabricASM.js
[15Mar2026 03:04:15.559] [main/DEBUG] [net.minecraftforge.coremod.CoreModEngine/COREMOD]: CoreMod loaded successfully
[15Mar2026 03:04:15.559] [main/DEBUG] [net.minecraftforge.coremod.CoreModEngine/COREMOD]: Loading CoreMod from META-INF/asm/updateItemUseStartTreshold.js
[15Mar2026 03:04:15.562] [main/DEBUG] [net.minecraftforge.coremod.CoreModEngine/COREMOD]: CoreMod loaded successfully
[15Mar2026 03:04:15.562] [main/DEBUG] [net.minecraftforge.coremod.CoreModEngine/COREMOD]: Loading CoreMod from META-INF/asm/expandLocalVarScope.js
[15Mar2026 03:04:15.568] [main/DEBUG] [net.minecraftforge.coremod.CoreModEngine/COREMOD]: CoreMod loaded successfully
[15Mar2026 03:04:15.568] [main/DEBUG] [net.minecraftforge.coremod.CoreModEngine/COREMOD]: Loading CoreMod from META-INF/asm/fixFieldSignatureChanges.js
[15Mar2026 03:04:15.571] [main/DEBUG] [net.minecraftforge.coremod.CoreModEngine/COREMOD]: CoreMod loaded successfully
[15Mar2026 03:04:15.571] [main/DEBUG] [net.minecraftforge.coremod.CoreModEngine/COREMOD]: Loading CoreMod from particlerain.js
[15Mar2026 03:04:15.574] [main/DEBUG] [net.minecraftforge.coremod.CoreModEngine/COREMOD]: CoreMod loaded successfully
[15Mar2026 03:04:15.574] [main/DEBUG] [net.minecraftforge.coremod.CoreModEngine/COREMOD]: Loading CoreMod from META-INF/asm/mouseScrollHook.js
[15Mar2026 03:04:15.577] [main/DEBUG] [net.minecraftforge.coremod.CoreModEngine/COREMOD]: CoreMod loaded successfully
[15Mar2026 03:04:15.577] [main/DEBUG] [net.minecraftforge.coremod.CoreModEngine/COREMOD]: Loading CoreMod from coremods/aea_water_speed.js
[15Mar2026 03:04:15.583] [main/DEBUG] [net.minecraftforge.coremod.CoreModEngine/COREMOD]: CoreMod loaded successfully
[15Mar2026 03:04:15.583] [main/DEBUG] [net.minecraftforge.coremod.CoreModEngine/COREMOD]: Loading CoreMod from coremods/apoli.js
[15Mar2026 03:04:15.589] [main/DEBUG] [net.minecraftforge.coremod.CoreModEngine/COREMOD]: CoreMod loaded successfully
[15Mar2026 03:04:15.589] [main/DEBUG] [net.minecraftforge.coremod.CoreModEngine/COREMOD]: Loading CoreMod from coremods/holder_serialize.js
[15Mar2026 03:04:15.616] [main/DEBUG] [net.minecraftforge.coremod.CoreModEngine/COREMOD]: CoreMod loaded successfully
[15Mar2026 03:04:15.616] [main/DEBUG] [net.minecraftforge.coremod.CoreModEngine/COREMOD]: Loading CoreMod from coremods/interact.js
[15Mar2026 03:04:15.627] [main/DEBUG] [net.minecraftforge.coremod.CoreModEngine/COREMOD]: CoreMod loaded successfully
[15Mar2026 03:04:15.627] [main/DEBUG] [net.minecraftforge.coremod.CoreModEngine/COREMOD]: Loading CoreMod from coremods/level_load.js
[15Mar2026 03:04:15.636] [main/DEBUG] [net.minecraftforge.coremod.CoreModEngine/COREMOD]: CoreMod loaded successfully
[15Mar2026 03:04:15.636] [main/DEBUG] [net.minecraftforge.coremod.CoreModEngine/COREMOD]: Loading CoreMod from coremods/registry_load.js
[15Mar2026 03:04:15.646] [main/DEBUG] [net.minecraftforge.coremod.CoreModEngine/COREMOD]: CoreMod loaded successfully
[15Mar2026 03:04:15.646] [main/DEBUG] [net.minecraftforge.coremod.CoreModEngine/COREMOD]: Loading CoreMod from META-INF/asm/injectRenderProvider.js
[15Mar2026 03:04:15.650] [main/DEBUG] [net.minecraftforge.coremod.CoreModEngine/COREMOD]: CoreMod loaded successfully
[15Mar2026 03:04:15.650] [main/DEBUG] [net.minecraftforge.coremod.CoreModEngine/COREMOD]: Loading CoreMod from coremods/field_to_method.js
[15Mar2026 03:04:15.654] [main/DEBUG] [net.minecraftforge.coremod.CoreModEngine/COREMOD]: CoreMod loaded successfully
[15Mar2026 03:04:15.654] [main/DEBUG] [net.minecraftforge.coremod.CoreModEngine/COREMOD]: Loading CoreMod from coremods/field_to_instanceof.js
[15Mar2026 03:04:15.663] [main/DEBUG] [net.minecraftforge.coremod.CoreModEngine/COREMOD]: CoreMod loaded successfully
[15Mar2026 03:04:15.663] [main/DEBUG] [net.minecraftforge.coremod.CoreModEngine/COREMOD]: Loading CoreMod from coremods/add_bouncer_method.js
[15Mar2026 03:04:15.669] [main/DEBUG] [net.minecraftforge.coremod.CoreModEngine/COREMOD]: CoreMod loaded successfully
[15Mar2026 03:04:15.669] [main/DEBUG] [net.minecraftforge.coremod.CoreModEngine/COREMOD]: Loading CoreMod from coremods/method_redirector.js
[15Mar2026 03:04:15.680] [main/DEBUG] [net.minecraftforge.coremod.CoreModEngine/COREMOD]: CoreMod loaded successfully
[15Mar2026 03:04:15.680] [main/DEBUG] [net.minecraftforge.coremod.CoreModEngine/COREMOD]: Loading CoreMod from META-INF/asm/mutableOxidizableBlocks.js
[15Mar2026 03:04:15.683] [main/DEBUG] [net.minecraftforge.coremod.CoreModEngine/COREMOD]: CoreMod loaded successfully
[15Mar2026 03:04:15.683] [main/DEBUG] [net.minecraftforge.coremod.CoreModEngine/COREMOD]: Loading CoreMod from META-INF/asm/seed.js
[15Mar2026 03:04:15.685] [main/DEBUG] [net.minecraftforge.coremod.CoreModEngine/COREMOD]: CoreMod loaded successfully
[15Mar2026 03:04:15.685] [main/DEBUG] [net.minecraftforge.coremod.CoreModEngine/COREMOD]: Loading CoreMod from META-INF/asm/maprendercontext.js
[15Mar2026 03:04:15.691] [main/DEBUG] [net.minecraftforge.coremod.CoreModEngine/COREMOD]: CoreMod loaded successfully
[15Mar2026 03:04:15.691] [main/DEBUG] [net.minecraftforge.coremod.CoreModEngine/COREMOD]: Loading CoreMod from META-INF/asm/music.js
[15Mar2026 03:04:15.694] [main/DEBUG] [net.minecraftforge.coremod.CoreModEngine/COREMOD]: CoreMod loaded successfully
[15Mar2026 03:04:15.694] [main/DEBUG] [net.minecraftforge.coremod.CoreModEngine/COREMOD]: Loading CoreMod from META-INF/asm/multipart.js
[15Mar2026 03:04:15.698] [main/DEBUG] [net.minecraftforge.coremod.CoreModEngine/COREMOD]: CoreMod loaded successfully
[15Mar2026 03:04:15.698] [main/DEBUG] [net.minecraftforge.coremod.CoreModEngine/COREMOD]: Loading CoreMod from META-INF/asm/foliage.js
[15Mar2026 03:04:15.702] [main/DEBUG] [net.minecraftforge.coremod.CoreModEngine/COREMOD]: CoreMod loaded successfully
[15Mar2026 03:04:15.702] [main/DEBUG] [net.minecraftforge.coremod.CoreModEngine/COREMOD]: Loading CoreMod from META-INF/asm/mount.js
[15Mar2026 03:04:15.705] [main/DEBUG] [net.minecraftforge.coremod.CoreModEngine/COREMOD]: CoreMod loaded successfully
[15Mar2026 03:04:15.705] [main/DEBUG] [net.minecraftforge.coremod.CoreModEngine/COREMOD]: Loading CoreMod from META-INF/asm/book.js
[15Mar2026 03:04:15.708] [main/DEBUG] [net.minecraftforge.coremod.CoreModEngine/COREMOD]: CoreMod loaded successfully
[15Mar2026 03:04:15.708] [main/DEBUG] [net.minecraftforge.coremod.CoreModEngine/COREMOD]: Loading CoreMod from META-INF/asm/conquered.js
[15Mar2026 03:04:15.711] [main/DEBUG] [net.minecraftforge.coremod.CoreModEngine/COREMOD]: CoreMod loaded successfully
[15Mar2026 03:04:15.711] [main/DEBUG] [net.minecraftforge.coremod.CoreModEngine/COREMOD]: Loading CoreMod from META-INF/asm/reach.js
[15Mar2026 03:04:15.714] [main/DEBUG] [net.minecraftforge.coremod.CoreModEngine/COREMOD]: CoreMod loaded successfully
[15Mar2026 03:04:15.714] [main/DEBUG] [net.minecraftforge.coremod.CoreModEngine/COREMOD]: Loading CoreMod from META-INF/asm/shroom.js
[15Mar2026 03:04:15.717] [main/DEBUG] [net.minecraftforge.coremod.CoreModEngine/COREMOD]: CoreMod loaded successfully
[15Mar2026 03:04:15.717] [main/DEBUG] [net.minecraftforge.coremod.CoreModEngine/COREMOD]: Loading CoreMod from META-INF/asm/cloud.js
[15Mar2026 03:04:15.720] [main/DEBUG] [net.minecraftforge.coremod.CoreModEngine/COREMOD]: CoreMod loaded successfully
[15Mar2026 03:04:15.720] [main/DEBUG] [net.minecraftforge.coremod.CoreModEngine/COREMOD]: Loading CoreMod from META-INF/asm/lead.js
[15Mar2026 03:04:15.723] [main/DEBUG] [net.minecraftforge.coremod.CoreModEngine/COREMOD]: CoreMod loaded successfully
[15Mar2026 03:04:15.723] [main/DEBUG] [net.minecraftforge.coremod.CoreModEngine/COREMOD]: Loading CoreMod from META-INF/asm/inventoryValidationHook.js
[15Mar2026 03:04:15.727] [main/DEBUG] [net.minecraftforge.coremod.CoreModEngine/COREMOD]: CoreMod loaded successfully
[15Mar2026 03:04:15.727] [main/DEBUG] [net.minecraftforge.coremod.CoreModEngine/COREMOD]: Loading CoreMod from META-INF/asm/vehicleInventoryAttackRangeHook.js
[15Mar2026 03:04:15.730] [main/DEBUG] [net.minecraftforge.coremod.CoreModEngine/COREMOD]: CoreMod loaded successfully
[15Mar2026 03:04:15.730] [main/DEBUG] [net.minecraftforge.coremod.CoreModEngine/COREMOD]: Loading CoreMod from potion-effects-shift.js
[15Mar2026 03:04:15.734] [main/DEBUG] [net.minecraftforge.coremod.CoreModEngine/COREMOD]: CoreMod loaded successfully
[15Mar2026 03:04:15.734] [main/DEBUG] [net.minecraftforge.coremod.CoreModEngine/COREMOD]: Loading CoreMod from META-INF/asm/addFabricKeySortOrders.js
[15Mar2026 03:04:15.738] [main/DEBUG] [net.minecraftforge.coremod.CoreModEngine/COREMOD]: CoreMod loaded successfully
[15Mar2026 03:04:15.745] [main/DEBUG] [cpw.mods.modlauncher.TransformStore/MODLAUNCHER]: Adding transformer net.minecraftforge.coremod.transformer.CoreModClassTransformer@13515709 to Target : CLASS {Lnet/minecraft/world/level/storage/loot/functions/EnchantRandomlyFunction;} {} {V}
[15Mar2026 03:04:15.745] [main/DEBUG] [cpw.mods.modlauncher.TransformStore/MODLAUNCHER]: Adding transformer net.minecraftforge.coremod.transformer.CoreModClassTransformer@13515709 to Target : CLASS {Lorg/violetmoon/quark/content/tools/loot/EnchantTome;} {} {V}
[15Mar2026 03:04:15.745] [main/DEBUG] [cpw.mods.modlauncher.TransformStore/MODLAUNCHER]: Adding transformer net.minecraftforge.coremod.transformer.CoreModClassTransformer@13515709 to Target : CLASS {Lnet/minecraft/world/entity/npc/VillagerTrades$EnchantBookForEmeralds;} {} {V}
[15Mar2026 03:04:15.745] [main/DEBUG] [cpw.mods.modlauncher.TransformStore/MODLAUNCHER]: Adding transformer net.minecraftforge.coremod.transformer.CoreModClassTransformer@371fdf43 to Target : CLASS {Lorg/violetmoon/quark/content/experimental/module/GameNerfsModule;} {} {V}
[15Mar2026 03:04:15.745] [main/DEBUG] [cpw.mods.modlauncher.TransformStore/MODLAUNCHER]: Adding transformer net.minecraftforge.coremod.transformer.CoreModClassTransformer@371fdf43 to Target : CLASS {Lorg/violetmoon/quark/content/tools/module/AncientTomesModule;} {} {V}
[15Mar2026 03:04:15.745] [main/DEBUG] [cpw.mods.modlauncher.TransformStore/MODLAUNCHER]: Adding transformer net.minecraftforge.coremod.transformer.CoreModClassTransformer@371fdf43 to Target : CLASS {Lnet/minecraft/server/commands/EnchantCommand;} {} {V}
[15Mar2026 03:04:15.745] [main/DEBUG] [cpw.mods.modlauncher.TransformStore/MODLAUNCHER]: Adding transformer net.minecraftforge.coremod.transformer.CoreModClassTransformer@371fdf43 to Target : CLASS {Lorg/violetmoon/quark/content/tools/item/AncientTomeItem;} {} {V}
[15Mar2026 03:04:15.745] [main/DEBUG] [cpw.mods.modlauncher.TransformStore/MODLAUNCHER]: Adding transformer net.minecraftforge.coremod.transformer.CoreModClassTransformer@371fdf43 to Target : CLASS {Lnet/minecraft/world/item/CreativeModeTabs;} {} {V}
[15Mar2026 03:04:15.745] [main/DEBUG] [cpw.mods.modlauncher.TransformStore/MODLAUNCHER]: Adding transformer net.minecraftforge.coremod.transformer.CoreModClassTransformer@371fdf43 to Target : CLASS {Lnet/minecraft/world/item/EnchantedBookItem;} {} {V}
[15Mar2026 03:04:15.745] [main/DEBUG] [cpw.mods.modlauncher.TransformStore/MODLAUNCHER]: Adding transformer net.minecraftforge.coremod.transformer.CoreModClassTransformer@371fdf43 to Target : CLASS {Lcom/mrcrayfish/goblintraders/Hooks;} {} {V}
[15Mar2026 03:04:15.745] [main/DEBUG] [cpw.mods.modlauncher.TransformStore/MODLAUNCHER]: Adding transformer net.minecraftforge.coremod.transformer.CoreModClassTransformer@371fdf43 to Target : CLASS {Lnet/minecraft/world/inventory/AnvilMenu;} {} {V}
[15Mar2026 03:04:15.745] [main/DEBUG] [cpw.mods.modlauncher.TransformStore/MODLAUNCHER]: Adding transformer net.minecraftforge.coremod.transformer.CoreModClassTransformer@37f687c1 to Target : CLASS {Lnet/minecraftforge/common/extensions/IForgeBlock;} {} {V}
[15Mar2026 03:04:15.746] [main/DEBUG] [cpw.mods.modlauncher.TransformStore/MODLAUNCHER]: Adding transformer net.minecraftforge.coremod.transformer.CoreModClassTransformer@297da2c3 to Target : CLASS {Lnet/minecraftforge/common/extensions/IForgeBlockState;} {} {V}
[15Mar2026 03:04:15.746] [main/DEBUG] [cpw.mods.modlauncher.TransformStore/MODLAUNCHER]: Adding transformer net.minecraftforge.coremod.transformer.CoreModClassTransformer@6237927a to Target : CLASS {Lnet/minecraft/client/gui/screens/inventory/AbstractContainerScreen;} {} {V}
[15Mar2026 03:04:15.746] [main/DEBUG] [cpw.mods.modlauncher.TransformStore/MODLAUNCHER]: Adding transformer net.minecraftforge.coremod.transformer.CoreModClassTransformer@2b9bacb8 to Target : CLASS {Lnet/minecraftforge/common/extensions/IForgeItem;} {} {V}
[15Mar2026 03:04:15.746] [main/DEBUG] [cpw.mods.modlauncher.TransformStore/MODLAUNCHER]: Adding transformer net.minecraftforge.coremod.transformer.CoreModClassTransformer@2850fe85 to Target : CLASS {Lnet/minecraft/world/item/CreativeModeTab;} {} {V}
[15Mar2026 03:04:15.746] [main/DEBUG] [cpw.mods.modlauncher.TransformStore/MODLAUNCHER]: Adding transformer net.minecraftforge.coremod.transformer.CoreModClassTransformer@6c7f3af6 to Target : CLASS {Lnet/minecraft/client/KeyMapping;} {} {V}
[15Mar2026 03:04:15.746] [main/DEBUG] [cpw.mods.modlauncher.TransformStore/MODLAUNCHER]: Adding transformer net.minecraftforge.coremod.transformer.CoreModClassTransformer@3285c141 to Target : CLASS {Lnet/minecraft/client/server/LanServerPinger;} {} {V}
[15Mar2026 03:04:15.746] [main/DEBUG] [cpw.mods.modlauncher.TransformStore/MODLAUNCHER]: Adding transformer net.minecraftforge.coremod.transformer.CoreModClassTransformer@440d45c5 to Target : CLASS {Lnet/minecraft/world/entity/Entity;} {} {V}
[15Mar2026 03:04:15.746] [main/DEBUG] [cpw.mods.modlauncher.TransformStore/MODLAUNCHER]: Adding transformer net.minecraftforge.coremod.transformer.CoreModClassTransformer@6b862f17 to Target : CLASS {Lnet/minecraft/world/level/biome/Biome;} {} {V}
[15Mar2026 03:04:15.746] [main/DEBUG] [cpw.mods.modlauncher.TransformStore/MODLAUNCHER]: Adding transformer net.minecraftforge.coremod.transformer.CoreModClassTransformer@7e3b101b to Target : CLASS {Lnet/minecraft/world/level/levelgen/structure/Structure;} {} {V}
[15Mar2026 03:04:15.746] [main/DEBUG] [cpw.mods.modlauncher.TransformStore/MODLAUNCHER]: Adding transformer net.minecraftforge.coremod.transformer.CoreModClassTransformer@62284954 to Target : CLASS {Lnet/minecraft/world/effect/MobEffectInstance;} {} {V}
[15Mar2026 03:04:15.746] [main/DEBUG] [cpw.mods.modlauncher.TransformStore/MODLAUNCHER]: Adding transformer net.minecraftforge.coremod.transformer.CoreModClassTransformer@4ca50bb9 to Target : CLASS {Lnet/minecraft/world/level/block/LiquidBlock;} {} {V}
[15Mar2026 03:04:15.746] [main/DEBUG] [cpw.mods.modlauncher.TransformStore/MODLAUNCHER]: Adding transformer net.minecraftforge.coremod.transformer.CoreModClassTransformer@16817bad to Target : CLASS {Lnet/minecraft/world/item/BucketItem;} {} {V}
[15Mar2026 03:04:15.746] [main/DEBUG] [cpw.mods.modlauncher.TransformStore/MODLAUNCHER]: Adding transformer net.minecraftforge.coremod.transformer.CoreModClassTransformer@301c0aae to Target : CLASS {Lnet/minecraft/world/level/block/StairBlock;} {} {V}
[15Mar2026 03:04:15.746] [main/DEBUG] [cpw.mods.modlauncher.TransformStore/MODLAUNCHER]: Adding transformer net.minecraftforge.coremod.transformer.CoreModClassTransformer@105e8710 to Target : CLASS {Lnet/minecraft/world/level/block/FlowerPotBlock;} {} {V}
[15Mar2026 03:04:15.746] [main/DEBUG] [cpw.mods.modlauncher.TransformStore/MODLAUNCHER]: Adding transformer net.minecraftforge.coremod.transformer.CoreModClassTransformer@7442be61 to Target : CLASS {Lnet/minecraft/world/item/ItemStack;} {} {V}
[15Mar2026 03:04:15.746] [main/DEBUG] [cpw.mods.modlauncher.TransformStore/MODLAUNCHER]: Adding transformer net.minecraftforge.coremod.transformer.CoreModClassTransformer@6903ef57 to Target : CLASS {Lnet/minecraft/network/play/client/CClientSettingsPacket;} {} {V}
[15Mar2026 03:04:15.746] [main/DEBUG] [cpw.mods.modlauncher.TransformStore/MODLAUNCHER]: Adding transformer net.minecraftforge.coremod.transformer.CoreModClassTransformer@399ac1a3 to Target : CLASS {Lnet/minecraft/world/entity/monster/Strider;} {} {V}
[15Mar2026 03:04:15.746] [main/DEBUG] [cpw.mods.modlauncher.TransformStore/MODLAUNCHER]: Adding transformer net.minecraftforge.coremod.transformer.CoreModClassTransformer@399ac1a3 to Target : CLASS {Lnet/minecraft/world/entity/EntityType;} {} {V}
[15Mar2026 03:04:15.746] [main/DEBUG] [cpw.mods.modlauncher.TransformStore/MODLAUNCHER]: Adding transformer net.minecraftforge.coremod.transformer.CoreModClassTransformer@399ac1a3 to Target : CLASS {Lnet/minecraft/world/entity/raid/Raid;} {} {V}
[15Mar2026 03:04:15.746] [main/DEBUG] [cpw.mods.modlauncher.TransformStore/MODLAUNCHER]: Adding transformer net.minecraftforge.coremod.transformer.CoreModClassTransformer@399ac1a3 to Target : CLASS {Lnet/minecraft/world/level/levelgen/PhantomSpawner;} {} {V}
[15Mar2026 03:04:15.746] [main/DEBUG] [cpw.mods.modlauncher.TransformStore/MODLAUNCHER]: Adding transformer net.minecraftforge.coremod.transformer.CoreModClassTransformer@399ac1a3 to Target : CLASS {Lnet/minecraft/world/entity/npc/Villager;} {} {V}
[15Mar2026 03:04:15.746] [main/DEBUG] [cpw.mods.modlauncher.TransformStore/MODLAUNCHER]: Adding transformer net.minecraftforge.coremod.transformer.CoreModClassTransformer@399ac1a3 to Target : CLASS {Lnet/minecraft/world/level/levelgen/structure/structures/OceanRuinPieces$OceanRuinPiece;} {} {V}
[15Mar2026 03:04:15.746] [main/DEBUG] [cpw.mods.modlauncher.TransformStore/MODLAUNCHER]: Adding transformer net.minecraftforge.coremod.transformer.CoreModClassTransformer@399ac1a3 to Target : CLASS {Lnet/minecraft/world/level/levelgen/structure/structures/OceanMonumentPieces$OceanMonumentPiece;} {} {V}
[15Mar2026 03:04:15.746] [main/DEBUG] [cpw.mods.modlauncher.TransformStore/MODLAUNCHER]: Adding transformer net.minecraftforge.coremod.transformer.CoreModClassTransformer@399ac1a3 to Target : CLASS {Lnet/minecraft/world/entity/npc/CatSpawner;} {} {V}
[15Mar2026 03:04:15.746] [main/DEBUG] [cpw.mods.modlauncher.TransformStore/MODLAUNCHER]: Adding transformer net.minecraftforge.coremod.transformer.CoreModClassTransformer@399ac1a3 to Target : CLASS {Lnet/minecraft/world/entity/monster/Zombie;} {} {V}
[15Mar2026 03:04:15.746] [main/DEBUG] [cpw.mods.modlauncher.TransformStore/MODLAUNCHER]: Adding transformer net.minecraftforge.coremod.transformer.CoreModClassTransformer@399ac1a3 to Target : CLASS {Lnet/minecraft/server/commands/RaidCommand;} {} {V}
[15Mar2026 03:04:15.746] [main/DEBUG] [cpw.mods.modlauncher.TransformStore/MODLAUNCHER]: Adding transformer net.minecraftforge.coremod.transformer.CoreModClassTransformer@399ac1a3 to Target : CLASS {Lnet/minecraft/world/entity/monster/ZombieVillager;} {} {V}
[15Mar2026 03:04:15.746] [main/DEBUG] [cpw.mods.modlauncher.TransformStore/MODLAUNCHER]: Adding transformer net.minecraftforge.coremod.transformer.CoreModClassTransformer@399ac1a3 to Target : CLASS {Lnet/minecraft/server/commands/SummonCommand;} {} {V}
[15Mar2026 03:04:15.746] [main/DEBUG] [cpw.mods.modlauncher.TransformStore/MODLAUNCHER]: Adding transformer net.minecraftforge.coremod.transformer.CoreModClassTransformer@399ac1a3 to Target : CLASS {Lnet/minecraft/world/level/NaturalSpawner;} {} {V}
[15Mar2026 03:04:15.746] [main/DEBUG] [cpw.mods.modlauncher.TransformStore/MODLAUNCHER]: Adding transformer net.minecraftforge.coremod.transformer.CoreModClassTransformer@399ac1a3 to Target : CLASS {Lnet/minecraft/world/level/levelgen/structure/templatesystem/StructureTemplate;} {} {V}
[15Mar2026 03:04:15.746] [main/DEBUG] [cpw.mods.modlauncher.TransformStore/MODLAUNCHER]: Adding transformer net.minecraftforge.coremod.transformer.CoreModClassTransformer@399ac1a3 to Target : CLASS {Lnet/minecraft/world/level/levelgen/structure/structures/WoodlandMansionPieces$WoodlandMansionPiece;} {} {V}
[15Mar2026 03:04:15.746] [main/DEBUG] [cpw.mods.modlauncher.TransformStore/MODLAUNCHER]: Adding transformer net.minecraftforge.coremod.transformer.CoreModClassTransformer@399ac1a3 to Target : CLASS {Lnet/minecraft/world/level/levelgen/PatrolSpawner;} {} {V}
[15Mar2026 03:04:15.746] [main/DEBUG] [cpw.mods.modlauncher.TransformStore/MODLAUNCHER]: Adding transformer net.minecraftforge.coremod.transformer.CoreModClassTransformer@399ac1a3 to Target : CLASS {Lnet/minecraft/world/level/levelgen/structure/structures/SwampHutPiece;} {} {V}
[15Mar2026 03:04:15.746] [main/DEBUG] [cpw.mods.modlauncher.TransformStore/MODLAUNCHER]: Adding transformer net.minecraftforge.coremod.transformer.CoreModClassTransformer@399ac1a3 to Target : CLASS {Lnet/minecraft/world/entity/ai/village/VillageSiege;} {} {V}
[15Mar2026 03:04:15.746] [main/DEBUG] [cpw.mods.modlauncher.TransformStore/MODLAUNCHER]: Adding transformer net.minecraftforge.coremod.transformer.CoreModClassTransformer@399ac1a3 to Target : CLASS {Lnet/minecraft/world/entity/animal/frog/Tadpole;} {} {V}
[15Mar2026 03:04:15.746] [main/DEBUG] [cpw.mods.modlauncher.TransformStore/MODLAUNCHER]: Adding transformer net.minecraftforge.coremod.transformer.CoreModClassTransformer@399ac1a3 to Target : CLASS {Lnet/minecraft/world/entity/monster/Evoker$EvokerSummonSpellGoal;} {} {V}
[15Mar2026 03:04:15.746] [main/DEBUG] [cpw.mods.modlauncher.TransformStore/MODLAUNCHER]: Adding transformer net.minecraftforge.coremod.transformer.CoreModClassTransformer@399ac1a3 to Target : CLASS {Lnet/minecraft/world/entity/animal/horse/SkeletonTrapGoal;} {} {V}
[15Mar2026 03:04:15.746] [main/DEBUG] [cpw.mods.modlauncher.TransformStore/MODLAUNCHER]: Adding transformer net.minecraftforge.coremod.transformer.CoreModClassTransformer@399ac1a3 to Target : CLASS {Lnet/minecraft/world/entity/monster/Spider;} {} {V}
[15Mar2026 03:04:15.746] [main/DEBUG] [cpw.mods.modlauncher.TransformStore/MODLAUNCHER]: Adding transformer net.minecraftforge.coremod.transformer.CoreModMethodTransformer@3c48bbf3 to Target : METHOD {Lnet/minecraft/world/entity/projectile/FishingHook;} {m_37145_} {(Lnet/minecraft/core/BlockPos;)V}
[15Mar2026 03:04:15.746] [main/DEBUG] [cpw.mods.modlauncher.TransformStore/MODLAUNCHER]: Adding transformer net.minecraftforge.coremod.transformer.CoreModMethodTransformer@4ac7927a to Target : METHOD {Lnet/minecraft/client/gui/screens/inventory/EffectRenderingInventoryScreen;} {m_280113_} {(Lnet/minecraft/client/gui/GuiGraphics;II)V}
[15Mar2026 03:04:15.746] [main/DEBUG] [cpw.mods.modlauncher.TransformStore/MODLAUNCHER]: Adding transformer net.minecraftforge.coremod.transformer.CoreModMethodTransformer@25bfc558 to Target : METHOD {Lnet/minecraftforge/common/extensions/IForgeBlock;} {getAppearance} {(Lnet/minecraft/world/level/block/state/BlockState;Lnet/minecraft/world/level/BlockAndTintGetter;Lnet/minecraft/core/BlockPos;Lnet/minecraft/core/Direction;Lnet/minecraft/world/level/block/state/BlockState;Lnet/minecraft/core/BlockPos;)Lnet/minecraft/world/level/block/state/BlockState;}
[15Mar2026 03:04:15.746] [main/DEBUG] [cpw.mods.modlauncher.TransformStore/MODLAUNCHER]: Adding transformer net.minecraftforge.coremod.transformer.CoreModMethodTransformer@3d837af7 to Target : METHOD {Lnet/minecraftforge/common/extensions/IForgeBlockState;} {getAppearance} {(Lnet/minecraft/world/level/BlockAndTintGetter;Lnet/minecraft/core/BlockPos;Lnet/minecraft/core/Direction;Lnet/minecraft/world/level/block/state/BlockState;Lnet/minecraft/core/BlockPos;)Lnet/minecraft/world/level/block/state/BlockState;}
[15Mar2026 03:04:15.746] [main/DEBUG] [cpw.mods.modlauncher.TransformStore/MODLAUNCHER]: Adding transformer net.minecraftforge.coremod.transformer.CoreModMethodTransformer@446dc997 to Target : METHOD {Lnet/minecraft/data/DataProvider;} {m_236069_} {(Lit/unimi/dsi/fastutil/objects/Object2IntOpenHashMap;)V}
[15Mar2026 03:04:15.746] [main/DEBUG] [cpw.mods.modlauncher.TransformStore/MODLAUNCHER]: Adding transformer net.minecraftforge.coremod.transformer.CoreModMethodTransformer@32cfd722 to Target : METHOD {Lnet/minecraftforge/common/extensions/IForgeItemStack;} {getHighlightTip} {(Lnet/minecraft/network/chat/Component;)Lnet/minecraft/network/chat/Component;}
[15Mar2026 03:04:15.746] [main/DEBUG] [cpw.mods.modlauncher.TransformStore/MODLAUNCHER]: Adding transformer net.minecraftforge.coremod.transformer.CoreModMethodTransformer@69815126 to Target : METHOD {Lnet/minecraft/world/item/ItemStack;} {m_41787_} {()V}
[15Mar2026 03:04:15.746] [main/DEBUG] [cpw.mods.modlauncher.TransformStore/MODLAUNCHER]: Adding transformer net.minecraftforge.coremod.transformer.CoreModMethodTransformer@4ff3ca23 to Target : METHOD {Lnet/minecraftforge/common/extensions/IForgeItem;} {getCraftingRemainingItem} {(Lnet/minecraft/world/item/ItemStack;)Lnet/minecraft/world/item/ItemStack;}
[15Mar2026 03:04:15.746] [main/DEBUG] [cpw.mods.modlauncher.TransformStore/MODLAUNCHER]: Adding transformer net.minecraftforge.coremod.transformer.CoreModMethodTransformer@65f8933b to Target : METHOD {Lnet/minecraftforge/common/extensions/IForgeItem;} {hasCraftingRemainingItem} {(Lnet/minecraft/world/item/ItemStack;)Z}
[15Mar2026 03:04:15.746] [main/DEBUG] [cpw.mods.modlauncher.TransformStore/MODLAUNCHER]: Adding transformer net.minecraftforge.coremod.transformer.CoreModMethodTransformer@29422e61 to Target : METHOD {Lnet/minecraftforge/common/extensions/IForgeItem;} {getAttributeModifiers} {(Lnet/minecraft/world/entity/EquipmentSlot;Lnet/minecraft/world/item/ItemStack;)Lcom/google/common/collect/Multimap;}
[15Mar2026 03:04:15.746] [main/DEBUG] [cpw.mods.modlauncher.TransformStore/MODLAUNCHER]: Adding transformer net.minecraftforge.coremod.transformer.CoreModMethodTransformer@4a29520e to Target : METHOD {Lnet/minecraftforge/common/extensions/IForgeItem;} {isCorrectToolForDrops} {(Lnet/minecraft/world/item/ItemStack;Lnet/minecraft/world/level/block/state/BlockState;)Z}
[15Mar2026 03:04:15.746] [main/DEBUG] [cpw.mods.modlauncher.TransformStore/MODLAUNCHER]: Adding transformer net.minecraftforge.coremod.transformer.CoreModMethodTransformer@1b5a3bba to Target : METHOD {Lnet/minecraftforge/common/extensions/IForgeItem;} {shouldCauseReequipAnimation} {(Lnet/minecraft/world/item/ItemStack;Lnet/minecraft/world/item/ItemStack;Z)Z}
[15Mar2026 03:04:15.746] [main/DEBUG] [cpw.mods.modlauncher.TransformStore/MODLAUNCHER]: Adding transformer net.minecraftforge.coremod.transformer.CoreModMethodTransformer@3a9a12a1 to Target : METHOD {Lnet/minecraftforge/common/extensions/IForgeItem;} {getEquipmentSlot} {(Lnet/minecraft/world/item/ItemStack;)Lnet/minecraft/world/entity/EquipmentSlot;}
[15Mar2026 03:04:15.746] [main/DEBUG] [cpw.mods.modlauncher.TransformStore/MODLAUNCHER]: Adding transformer net.minecraftforge.coremod.transformer.CoreModMethodTransformer@21312b5 to Target : METHOD {Lnet/minecraftforge/common/extensions/IForgeItem;} {damageItem} {(Lnet/minecraft/world/item/ItemStack;ILnet/minecraft/world/entity/LivingEntity;Ljava/util/function/Consumer;)I}
[15Mar2026 03:04:15.746] [main/DEBUG] [cpw.mods.modlauncher.TransformStore/MODLAUNCHER]: Adding transformer net.minecraftforge.coremod.transformer.CoreModMethodTransformer@22a89db to Target : METHOD {Lnet/minecraftforge/common/extensions/IForgeItemStack;} {getAllEnchantments} {()Ljava/util/Map;}
[15Mar2026 03:04:15.746] [main/DEBUG] [cpw.mods.modlauncher.TransformStore/MODLAUNCHER]: Adding transformer net.minecraftforge.coremod.transformer.CoreModMethodTransformer@4867f5cf to Target : METHOD {Lnet/minecraftforge/common/extensions/IForgeItemStack;} {getEnchantmentLevel} {(Lnet/minecraft/world/item/enchantment/Enchantment;)I}
[15Mar2026 03:04:15.746] [main/DEBUG] [cpw.mods.modlauncher.TransformStore/MODLAUNCHER]: Adding transformer net.minecraftforge.coremod.transformer.CoreModMethodTransformer@2202e978 to Target : METHOD {Lcom/chocohead/mm/Plugin;} {fishAddURL} {()Ljava/util/function/Consumer;}
[15Mar2026 03:04:15.746] [main/DEBUG] [cpw.mods.modlauncher.TransformStore/MODLAUNCHER]: Adding transformer net.minecraftforge.coremod.transformer.CoreModMethodTransformer@381ed137 to Target : METHOD {Lcom/chocohead/mm/Plugin$1;} {generate} {(Ljava/lang/String;Ljava/util/Collection;)V}
[15Mar2026 03:04:15.746] [main/DEBUG] [cpw.mods.modlauncher.TransformStore/MODLAUNCHER]: Adding transformer net.minecraftforge.coremod.transformer.CoreModMethodTransformer@6eacf3be to Target : METHOD {Lcom/chocohead/mm/EnumSubclasser;} {defineAnonymousSubclass} {(Lorg/objectweb/asm/tree/ClassNode;Lcom/chocohead/mm/api/EnumAdder$EnumAddition;Ljava/lang/String;Ljava/lang/String;)[B}
[15Mar2026 03:04:15.746] [main/DEBUG] [cpw.mods.modlauncher.TransformStore/MODLAUNCHER]: Adding transformer net.minecraftforge.coremod.transformer.CoreModMethodTransformer@1912ba29 to Target : METHOD {Lme/shedaniel/mm/Plugin;} {fishAddURL} {()Ljava/util/function/Consumer;}
[15Mar2026 03:04:15.746] [main/DEBUG] [cpw.mods.modlauncher.TransformStore/MODLAUNCHER]: Adding transformer net.minecraftforge.coremod.transformer.CoreModMethodTransformer@2c6ed95a to Target : METHOD {Lme/shedaniel/mm/Plugin$1;} {generate} {(Ljava/lang/String;Ljava/util/Collection;)V}
[15Mar2026 03:04:15.746] [main/DEBUG] [cpw.mods.modlauncher.TransformStore/MODLAUNCHER]: Adding transformer net.minecraftforge.coremod.transformer.CoreModMethodTransformer@62b72289 to Target : METHOD {Lme/shedaniel/mm/EnumSubclasser;} {defineAnonymousSubclass} {(Lorg/objectweb/asm/tree/ClassNode;Lcom/chocohead/mm/api/EnumAdder$EnumAddition;Ljava/lang/String;Ljava/lang/String;)[B}
[15Mar2026 03:04:15.746] [main/DEBUG] [cpw.mods.modlauncher.TransformStore/MODLAUNCHER]: Adding transformer net.minecraftforge.coremod.transformer.CoreModMethodTransformer@6b8f1c62 to Target : METHOD {Lnet/minecraft/world/entity/LivingEntity;} {m_6672_} {(Lnet/minecraft/world/InteractionHand;)V}
[15Mar2026 03:04:15.746] [main/DEBUG] [cpw.mods.modlauncher.TransformStore/MODLAUNCHER]: Adding transformer net.minecraftforge.coremod.transformer.CoreModMethodTransformer@67c020c8 to Target : METHOD {Lnet/minecraft/world/entity/LivingEntity;} {m_147215_} {(Lnet/minecraft/world/effect/MobEffectInstance;Lnet/minecraft/world/entity/Entity;)V}
[15Mar2026 03:04:15.746] [main/DEBUG] [cpw.mods.modlauncher.TransformStore/MODLAUNCHER]: Adding transformer net.minecraftforge.coremod.transformer.CoreModMethodTransformer@3d3e9163 to Target : METHOD {Lnet/minecraft/world/level/BaseSpawner;} {m_151311_} {(Lnet/minecraft/server/level/ServerLevel;Lnet/minecraft/core/BlockPos;)V}
[15Mar2026 03:04:15.746] [main/DEBUG] [cpw.mods.modlauncher.TransformStore/MODLAUNCHER]: Adding transformer net.minecraftforge.coremod.transformer.CoreModMethodTransformer@66464f27 to Target : METHOD {Lnet/minecraft/client/MouseHandler;} {m_91526_} {(JDD)V}
[15Mar2026 03:04:15.746] [main/DEBUG] [cpw.mods.modlauncher.TransformStore/MODLAUNCHER]: Adding transformer net.minecraftforge.coremod.transformer.CoreModMethodTransformer@75392381 to Target : METHOD {Lnet/minecraftforge/common/extensions/IForgeLivingEntity;} {jumpInFluid} {(Lnet/minecraftforge/fluids/FluidType;)V}
[15Mar2026 03:04:15.746] [main/DEBUG] [cpw.mods.modlauncher.TransformStore/MODLAUNCHER]: Adding transformer net.minecraftforge.coremod.transformer.CoreModMethodTransformer@13198b8e to Target : METHOD {Lnet/minecraftforge/common/extensions/IForgeLivingEntity;} {sinkInFluid} {(Lnet/minecraftforge/fluids/FluidType;)V}
[15Mar2026 03:04:15.746] [main/DEBUG] [cpw.mods.modlauncher.TransformStore/MODLAUNCHER]: Adding transformer net.minecraftforge.coremod.transformer.CoreModMethodTransformer@5ae5a507 to Target : METHOD {Lnet/minecraftforge/common/extensions/IForgeItemStack;} {canEquip} {(Lnet/minecraft/world/entity/EquipmentSlot;Lnet/minecraft/world/entity/Entity;)Z}
[15Mar2026 03:04:15.746] [main/DEBUG] [cpw.mods.modlauncher.TransformStore/MODLAUNCHER]: Adding transformer net.minecraftforge.coremod.transformer.CoreModMethodTransformer@e8ef60b to Target : METHOD {Lnet/minecraftforge/common/extensions/IForgeItemStack;} {getFoodProperties} {(Lnet/minecraft/world/entity/LivingEntity;)Lnet/minecraft/world/food/FoodProperties;}
[15Mar2026 03:04:15.746] [main/DEBUG] [cpw.mods.modlauncher.TransformStore/MODLAUNCHER]: Adding transformer net.minecraftforge.coremod.transformer.CoreModMethodTransformer@3217e970 to Target : METHOD {Lnet/minecraftforge/common/extensions/IForgeBlockState;} {getFriction} {(Lnet/minecraft/world/level/LevelReader;Lnet/minecraft/core/BlockPos;Lnet/minecraft/world/entity/Entity;)F}
[15Mar2026 03:04:15.746] [main/DEBUG] [cpw.mods.modlauncher.TransformStore/MODLAUNCHER]: Adding transformer net.minecraftforge.coremod.transformer.CoreModMethodTransformer@6d0d5147 to Target : METHOD {Lnet/minecraftforge/common/extensions/IForgeBlockState;} {canHarvestBlock} {(Lnet/minecraft/world/level/BlockGetter;Lnet/minecraft/core/BlockPos;Lnet/minecraft/world/entity/player/Player;)Z}
[15Mar2026 03:04:15.746] [main/DEBUG] [cpw.mods.modlauncher.TransformStore/MODLAUNCHER]: Adding transformer net.minecraftforge.coremod.transformer.CoreModMethodTransformer@1a370c7c to Target : METHOD {Lnet/minecraft/core/Holder$Reference;} {m_203401_} {(Lnet/minecraft/core/HolderOwner;)Z}
[15Mar2026 03:04:15.746] [main/DEBUG] [cpw.mods.modlauncher.TransformStore/MODLAUNCHER]: Adding transformer net.minecraftforge.coremod.transformer.CoreModMethodTransformer@63f08f9f to Target : METHOD {Lnet/minecraft/server/level/ServerPlayerGameMode;} {m_7179_} {(Lnet/minecraft/server/level/ServerPlayer;Lnet/minecraft/world/level/Level;Lnet/minecraft/world/item/ItemStack;Lnet/minecraft/world/InteractionHand;Lnet/minecraft/world/phys/BlockHitResult;)Lnet/minecraft/world/InteractionResult;}
[15Mar2026 03:04:15.746] [main/DEBUG] [cpw.mods.modlauncher.TransformStore/MODLAUNCHER]: Adding transformer net.minecraftforge.coremod.transformer.CoreModMethodTransformer@6e21b6f8 to Target : METHOD {Lnet/minecraft/server/level/ServerLevel;} {<init>} {(Lnet/minecraft/server/MinecraftServer;Ljava/util/concurrent/Executor;Lnet/minecraft/world/level/storage/LevelStorageSource$LevelStorageAccess;Lnet/minecraft/world/level/storage/ServerLevelData;Lnet/minecraft/resources/ResourceKey;Lnet/minecraft/world/level/dimension/LevelStem;Lnet/minecraft/server/level/progress/ChunkProgressListener;ZJLjava/util/List;ZLnet/minecraft/world/RandomSequences;)V}
[15Mar2026 03:04:15.746] [main/DEBUG] [cpw.mods.modlauncher.TransformStore/MODLAUNCHER]: Adding transformer net.minecraftforge.coremod.transformer.CoreModMethodTransformer@69a14512 to Target : METHOD {Lnet/minecraft/server/WorldLoader;} {m_214362_} {(Lnet/minecraft/server/WorldLoader$InitConfig;Lnet/minecraft/server/WorldLoader$WorldDataSupplier;Lnet/minecraft/server/WorldLoader$ResultFactory;Ljava/util/concurrent/Executor;Ljava/util/concurrent/Executor;)Ljava/util/concurrent/CompletableFuture;}
[15Mar2026 03:04:15.746] [main/DEBUG] [cpw.mods.modlauncher.TransformStore/MODLAUNCHER]: Adding transformer net.minecraftforge.coremod.transformer.CoreModMethodTransformer@4bd7e0b6 to Target : METHOD {Lsoftware/bernie/geckolib/animatable/client/RenderProvider;} {of} {(Lnet/minecraft/world/item/Item;)Lsoftware/bernie/geckolib/animatable/client/RenderProvider;}
[15Mar2026 03:04:15.746] [main/DEBUG] [cpw.mods.modlauncher.TransformStore/MODLAUNCHER]: Adding transformer net.minecraftforge.coremod.transformer.CoreModMethodTransformer@2cbc0224 to Target : METHOD {Lnet/minecraft/world/level/block/WeatheringCopper;} {m_154909_} {()Lcom/google/common/collect/BiMap;}
[15Mar2026 03:04:15.746] [main/DEBUG] [cpw.mods.modlauncher.TransformStore/MODLAUNCHER]: Adding transformer net.minecraftforge.coremod.transformer.CoreModMethodTransformer@4fc9e73d to Target : METHOD {Lnet/minecraft/world/level/levelgen/WorldOptions;} {<init>} {(JZZLjava/util/Optional;)V}
[15Mar2026 03:04:15.746] [main/DEBUG] [cpw.mods.modlauncher.TransformStore/MODLAUNCHER]: Adding transformer net.minecraftforge.coremod.transformer.CoreModMethodTransformer@2ca3a203 to Target : METHOD {Lnet/minecraft/client/gui/MapRenderer$MapInstance;} {m_93291_} {(Lcom/mojang/blaze3d/vertex/PoseStack;Lnet/minecraft/client/renderer/MultiBufferSource;ZI)V}
[15Mar2026 03:04:15.746] [main/DEBUG] [cpw.mods.modlauncher.TransformStore/MODLAUNCHER]: Adding transformer net.minecraftforge.coremod.transformer.CoreModMethodTransformer@58052571 to Target : METHOD {Lnet/minecraft/client/renderer/ItemInHandRenderer;} {m_109371_} {(Lnet/minecraft/client/player/AbstractClientPlayer;FFLnet/minecraft/world/InteractionHand;FLnet/minecraft/world/item/ItemStack;FLcom/mojang/blaze3d/vertex/PoseStack;Lnet/minecraft/client/renderer/MultiBufferSource;I)V}
[15Mar2026 03:04:15.746] [main/DEBUG] [cpw.mods.modlauncher.TransformStore/MODLAUNCHER]: Adding transformer net.minecraftforge.coremod.transformer.CoreModMethodTransformer@1464a177 to Target : METHOD {Lnet/minecraft/world/entity/decoration/ItemFrame;} {m_218868_} {()Ljava/util/OptionalInt;}
[15Mar2026 03:04:15.746] [main/DEBUG] [cpw.mods.modlauncher.TransformStore/MODLAUNCHER]: Adding transformer net.minecraftforge.coremod.transformer.CoreModMethodTransformer@14144cc9 to Target : METHOD {Lnet/minecraft/client/renderer/ItemInHandRenderer;} {m_109366_} {(Lcom/mojang/blaze3d/vertex/PoseStack;Lnet/minecraft/client/renderer/MultiBufferSource;ILnet/minecraft/world/item/ItemStack;)V}
[15Mar2026 03:04:15.746] [main/DEBUG] [cpw.mods.modlauncher.TransformStore/MODLAUNCHER]: Adding transformer net.minecraftforge.coremod.transformer.CoreModMethodTransformer@259647f2 to Target : METHOD {Lnet/minecraft/world/item/MapItem;} {m_7373_} {(Lnet/minecraft/world/item/ItemStack;Lnet/minecraft/world/level/Level;Ljava/util/List;Lnet/minecraft/world/item/TooltipFlag;)V}
[15Mar2026 03:04:15.746] [main/DEBUG] [cpw.mods.modlauncher.TransformStore/MODLAUNCHER]: Adding transformer net.minecraftforge.coremod.transformer.CoreModMethodTransformer@54c9c09c to Target : METHOD {Lnet/minecraft/client/sounds/MusicManager;} {m_120183_} {()V}
[15Mar2026 03:04:15.746] [main/DEBUG] [cpw.mods.modlauncher.TransformStore/MODLAUNCHER]: Adding transformer net.minecraftforge.coremod.transformer.CoreModMethodTransformer@6517bc6b to Target : METHOD {Lnet/minecraft/server/level/ServerEntity;} {m_8543_} {()V}
[15Mar2026 03:04:15.746] [main/DEBUG] [cpw.mods.modlauncher.TransformStore/MODLAUNCHER]: Adding transformer net.minecraftforge.coremod.transformer.CoreModMethodTransformer@53d3d604 to Target : METHOD {Lnet/minecraft/client/renderer/entity/EntityRenderDispatcher;} {m_6213_} {(Lnet/minecraft/server/packs/resources/ResourceManager;)V}
[15Mar2026 03:04:15.746] [main/DEBUG] [cpw.mods.modlauncher.TransformStore/MODLAUNCHER]: Adding transformer net.minecraftforge.coremod.transformer.CoreModMethodTransformer@44eda25b to Target : METHOD {Lnet/minecraft/client/renderer/entity/EntityRenderDispatcher;} {m_114382_} {(Lnet/minecraft/world/entity/Entity;)Lnet/minecraft/client/renderer/entity/EntityRenderer;}
[15Mar2026 03:04:15.746] [main/DEBUG] [cpw.mods.modlauncher.TransformStore/MODLAUNCHER]: Adding transformer net.minecraftforge.coremod.transformer.CoreModMethodTransformer@5e3a577a to Target : METHOD {Lnet/minecraft/client/renderer/LevelRenderer;} {m_109599_} {(Lcom/mojang/blaze3d/vertex/PoseStack;FJZLnet/minecraft/client/Camera;Lnet/minecraft/client/renderer/GameRenderer;Lnet/minecraft/client/renderer/LightTexture;Lorg/joml/Matrix4f;)V}
[15Mar2026 03:04:15.746] [main/DEBUG] [cpw.mods.modlauncher.TransformStore/MODLAUNCHER]: Adding transformer net.minecraftforge.coremod.transformer.CoreModMethodTransformer@6965c32 to Target : METHOD {Lnet/minecraft/client/renderer/BiomeColors;} {m_108807_} {(Lnet/minecraft/world/level/biome/Biome;DD)I}
[15Mar2026 03:04:15.746] [main/DEBUG] [cpw.mods.modlauncher.TransformStore/MODLAUNCHER]: Adding transformer net.minecraftforge.coremod.transformer.CoreModMethodTransformer@4b38d912 to Target : METHOD {Lnet/minecraft/client/player/LocalPlayer;} {m_6083_} {()V}
[15Mar2026 03:04:15.746] [main/DEBUG] [cpw.mods.modlauncher.TransformStore/MODLAUNCHER]: Adding transformer net.minecraftforge.coremod.transformer.CoreModMethodTransformer@626e5554 to Target : METHOD {Lnet/minecraft/world/item/WrittenBookItem;} {m_7626_} {(Lnet/minecraft/world/item/ItemStack;)Lnet/minecraft/network/chat/Component;}
[15Mar2026 03:04:15.746] [main/DEBUG] [cpw.mods.modlauncher.TransformStore/MODLAUNCHER]: Adding transformer net.minecraftforge.coremod.transformer.CoreModMethodTransformer@6ee34fe4 to Target : METHOD {Lnet/minecraft/world/level/levelgen/structure/StructureStart;} {m_226857_} {(Lnet/minecraft/world/level/levelgen/structure/pieces/StructurePieceSerializationContext;Lnet/minecraft/nbt/CompoundTag;J)Lnet/minecraft/world/level/levelgen/structure/StructureStart;}
[15Mar2026 03:04:15.747] [main/DEBUG] [cpw.mods.modlauncher.TransformStore/MODLAUNCHER]: Adding transformer net.minecraftforge.coremod.transformer.CoreModMethodTransformer@5aa0e9c6 to Target : METHOD {Lnet/minecraft/world/item/Item;} {m_41435_} {(Lnet/minecraft/world/level/Level;Lnet/minecraft/world/entity/player/Player;Lnet/minecraft/world/level/ClipContext$Fluid;)Lnet/minecraft/world/phys/BlockHitResult;}
[15Mar2026 03:04:15.747] [main/DEBUG] [cpw.mods.modlauncher.TransformStore/MODLAUNCHER]: Adding transformer net.minecraftforge.coremod.transformer.CoreModMethodTransformer@57dd4bc9 to Target : METHOD {Lnet/minecraft/world/level/block/MushroomBlock;} {m_7898_} {(Lnet/minecraft/world/level/block/state/BlockState;Lnet/minecraft/world/level/LevelReader;Lnet/minecraft/core/BlockPos;)Z}
[15Mar2026 03:04:15.747] [main/DEBUG] [cpw.mods.modlauncher.TransformStore/MODLAUNCHER]: Adding transformer net.minecraftforge.coremod.transformer.CoreModMethodTransformer@47897093 to Target : METHOD {Lnet/minecraft/world/level/Level;} {m_46758_} {(Lnet/minecraft/core/BlockPos;)Z}
[15Mar2026 03:04:15.747] [main/DEBUG] [cpw.mods.modlauncher.TransformStore/MODLAUNCHER]: Adding transformer net.minecraftforge.coremod.transformer.CoreModMethodTransformer@33e19be9 to Target : METHOD {Lnet/minecraft/world/entity/decoration/LeashFenceKnotEntity;} {m_7088_} {()Z}
[15Mar2026 03:04:15.747] [main/DEBUG] [cpw.mods.modlauncher.TransformStore/MODLAUNCHER]: Adding transformer net.minecraftforge.coremod.transformer.CoreModMethodTransformer@6ed2aa8a to Target : METHOD {Lnet/minecraft/world/Container;} {m_271806_} {(Lnet/minecraft/world/level/block/entity/BlockEntity;Lnet/minecraft/world/entity/player/Player;I)Z}
[15Mar2026 03:04:15.747] [main/DEBUG] [cpw.mods.modlauncher.TransformStore/MODLAUNCHER]: Adding transformer net.minecraftforge.coremod.transformer.CoreModMethodTransformer@53ec379a to Target : METHOD {Lnet/minecraft/entity/vehicle/VehicleInventory;} {m_219954_} {(Lnet/minecraft/world/entity/player/Player;)Z}
[15Mar2026 03:04:15.747] [main/DEBUG] [cpw.mods.modlauncher.TransformStore/MODLAUNCHER]: Adding transformer net.minecraftforge.coremod.transformer.CoreModMethodTransformer@5f6dd89c to Target : METHOD {Lnet/minecraft/client/gui/Gui;} {m_93028_} {(Lcom/mojang/blaze3d/vertex/PoseStack;)V}
[15Mar2026 03:04:15.747] [main/DEBUG] [cpw.mods.modlauncher.TransformStore/MODLAUNCHER]: Adding transformer net.minecraftforge.coremod.transformer.CoreModMethodTransformer@606c2e4b to Target : METHOD {Lnet/minecraft/data/DataProvider;} {m_236069_} {(Lit/unimi/dsi/fastutil/objects/Object2IntOpenHashMap;)V}
[15Mar2026 03:04:15.747] [main/DEBUG] [cpw.mods.modlauncher.TransformationServiceDecorator/MODLAUNCHER]: Initialized transformers for transformation service fml
[15Mar2026 03:04:15.747] [main/DEBUG] [cpw.mods.modlauncher.TransformationServiceDecorator/MODLAUNCHER]: Initializing transformers for transformation service mixin-transmogrifier
[15Mar2026 03:04:15.747] [main/DEBUG] [cpw.mods.modlauncher.TransformationServiceDecorator/MODLAUNCHER]: Initialized transformers for transformation service mixin-transmogrifier
[15Mar2026 03:04:15.747] [main/DEBUG] [cpw.mods.modlauncher.TransformationServiceDecorator/MODLAUNCHER]: Initializing transformers for transformation service connector_loader
[15Mar2026 03:04:15.747] [main/DEBUG] [cpw.mods.modlauncher.TransformationServiceDecorator/MODLAUNCHER]: Initialized transformers for transformation service connector_loader
