[03Apr2026 19:03:18.331] [main/INFO] [cpw.mods.modlauncher.Launcher/MODLAUNCHER]: ModLauncher running: args [--username, silvieserene, --version, 1.20.1, --gameDir, C:/Users/Silvaria Zemaitis/AppData/Roaming/PrismLauncher/instances/IridescentCraft/minecraft, --assetsDir, C:/Users/Silvaria Zemaitis/AppData/Roaming/PrismLauncher/assets, --assetIndex, 5, --uuid, 2426cde15c0c469e9ab29755826352e7, --accessToken, ????????, --userType, msa, --versionType, release, --launchTarget, forgeclient, --fml.forgeVersion, 47.4.6, --fml.mcVersion, 1.20.1, --fml.forgeGroup, net.minecraftforge, --fml.mcpVersion, 20230612.114412, --width, 1200, --height, 800]
[03Apr2026 19:03:18.339] [main/INFO] [cpw.mods.modlauncher.Launcher/MODLAUNCHER]: ModLauncher 10.0.9+10.0.9+main.dcd20f30 starting: java version 17.0.8 by Microsoft; OS Windows 10 arch amd64 version 10.0
[03Apr2026 19:03:20.138] [main/INFO] [net.minecraftforge.fml.loading.ImmediateWindowHandler/]: Loading ImmediateWindowProvider fmlearlywindow
[03Apr2026 19:03:20.215] [main/INFO] [EARLYDISPLAY/]: Trying GL version 4.6
[03Apr2026 19:03:20.432] [main/INFO] [EARLYDISPLAY/]: Requested GL version 4.6 got version 4.6
[03Apr2026 19:03:20.474] [main/INFO] [mixin-transmog/]: Mixin Transmogrifier is definitely up to no good...
[03Apr2026 19:03:20.488] [main/INFO] [mixin-transmog/]: crimes against java were committed
[03Apr2026 19:03:20.496] [main/INFO] [mixin-transmog/]: Original mixin transformation service successfully crobbed by mixin-transmogrifier!
[03Apr2026 19:03:20.518] [main/INFO] [mixin/]: SpongePowered MIXIN Subsystem Version=0.8.5 Source=union:/C:/Users/Silvaria%20Zemaitis/AppData/Roaming/PrismLauncher/instances/IridescentCraft/minecraft/mods/Connector-1.0.0-beta.48+1.20.1.jar%23614%23617!/ Service=ModLauncher Env=CLIENT
[03Apr2026 19:03:20.591] [pool-2-thread-1/INFO] [EARLYDISPLAY/]: GL info: NVIDIA GeForce RTX 5070 Ti/PCIe/SSE2 GL version 4.6.0 NVIDIA 591.86, NVIDIA Corporation
[03Apr2026 19:03:21.601] [main/WARN] [net.minecraftforge.fml.loading.moddiscovery.ModFileParser/LOADING]: Mod file C:\Users\Silvaria Zemaitis\AppData\Roaming\PrismLauncher\libraries\net\minecraftforge\fmlcore\1.20.1-47.4.6\fmlcore-1.20.1-47.4.6.jar is missing mods.toml file
[03Apr2026 19:03:21.604] [main/WARN] [net.minecraftforge.fml.loading.moddiscovery.ModFileParser/LOADING]: Mod file C:\Users\Silvaria Zemaitis\AppData\Roaming\PrismLauncher\libraries\net\minecraftforge\javafmllanguage\1.20.1-47.4.6\javafmllanguage-1.20.1-47.4.6.jar is missing mods.toml file
[03Apr2026 19:03:21.606] [main/WARN] [net.minecraftforge.fml.loading.moddiscovery.ModFileParser/LOADING]: Mod file C:\Users\Silvaria Zemaitis\AppData\Roaming\PrismLauncher\libraries\net\minecraftforge\lowcodelanguage\1.20.1-47.4.6\lowcodelanguage-1.20.1-47.4.6.jar is missing mods.toml file
[03Apr2026 19:03:21.607] [main/WARN] [net.minecraftforge.fml.loading.moddiscovery.ModFileParser/LOADING]: Mod file C:\Users\Silvaria Zemaitis\AppData\Roaming\PrismLauncher\libraries\net\minecraftforge\mclanguage\1.20.1-47.4.6\mclanguage-1.20.1-47.4.6.jar is missing mods.toml file
[03Apr2026 19:03:22.482] [main/WARN] [net.minecraftforge.jarjar.selection.JarSelector/]: Attempted to select a dependency jar for JarJar which was passed in as source: geckolib. Using Mod File: C:\Users\Silvaria Zemaitis\AppData\Roaming\PrismLauncher\instances\IridescentCraft\minecraft\mods\geckolib-forge-1.20.1-4.8.3.jar
[03Apr2026 19:03:22.482] [main/WARN] [net.minecraftforge.jarjar.selection.JarSelector/]: Attempted to select a dependency jar for JarJar which was passed in as source: botarium. Using Mod File: C:\Users\Silvaria Zemaitis\AppData\Roaming\PrismLauncher\instances\IridescentCraft\minecraft\mods\botarium-forge-1.20.1-2.3.4.jar
[03Apr2026 19:03:22.482] [main/WARN] [net.minecraftforge.jarjar.selection.JarSelector/]: Attempted to select a dependency jar for JarJar which was passed in as source: curios. Using Mod File: C:\Users\Silvaria Zemaitis\AppData\Roaming\PrismLauncher\instances\IridescentCraft\minecraft\mods\curios-forge-5.14.1+1.20.1.jar
[03Apr2026 19:03:22.482] [main/WARN] [net.minecraftforge.jarjar.selection.JarSelector/]: Attempted to select a dependency jar for JarJar which was passed in as source: resourcefullib. Using Mod File: C:\Users\Silvaria Zemaitis\AppData\Roaming\PrismLauncher\instances\IridescentCraft\minecraft\mods\resourcefullib-forge-1.20.1-2.1.29.jar
[03Apr2026 19:03:22.482] [main/WARN] [net.minecraftforge.jarjar.selection.JarSelector/]: Attempted to select a dependency jar for JarJar which was passed in as source: aeroblender. Using Mod File: C:\Users\Silvaria Zemaitis\AppData\Roaming\PrismLauncher\instances\IridescentCraft\minecraft\mods\aeroblender-1.20.1-1.0.1-neoforge.jar
[03Apr2026 19:03:22.482] [main/INFO] [net.minecraftforge.fml.loading.moddiscovery.JarInJarDependencyLocator/]: Found 145 dependencies adding them to mods collection
[03Apr2026 19:03:24.370] [main/INFO] [org.sinytra.connector.locator.DependencyResolver/]: Dependency resolution found 0 candidates to load
[03Apr2026 19:03:25.944] [main/INFO] [org.sinytra.connector.service.hacks.ModuleLayerMigrator/]: Successfully made module authlib transformable
[03Apr2026 19:03:30.559] [main/INFO] [mixin/]: Compatibility level set to JAVA_17
[03Apr2026 19:03:31.477] [main/INFO] [mixin/]: Successfully loaded Mixin Connector [com.sonicether.soundphysics.MixinConnector]
[03Apr2026 19:03:31.478] [main/INFO] [mixin/]: Successfully loaded Mixin Connector [shetiphian.core.mixins.MixinConnector]
[03Apr2026 19:03:31.479] [main/INFO] [mixin/]: Successfully loaded Mixin Connector [ca.spottedleaf.starlight.mixin.MixinConnector]
[03Apr2026 19:03:31.489] [main/INFO] [cpw.mods.modlauncher.LaunchServiceHandler/MODLAUNCHER]: Launching target 'forgeclient' with arguments [--version, 1.20.1, --gameDir, C:\Users\Silvaria Zemaitis\AppData\Roaming\PrismLauncher\instances\IridescentCraft\minecraft, --assetsDir, C:\Users\Silvaria Zemaitis\AppData\Roaming\PrismLauncher\assets, --uuid, 2426cde15c0c469e9ab29755826352e7, --username, silvieserene, --assetIndex, 5, --accessToken, ????????, --userType, msa, --versionType, release, --width, 1200, --height, 800]
[03Apr2026 19:03:31.548] [main/INFO] [ModernFix/]: Loaded configuration file for ModernFix 5.26.2+mc1.20.1: 98 options available, 4 override(s) found
[03Apr2026 19:03:31.549] [main/WARN] [ModernFix/]: Option 'mixin.perf.dedicated_reload_executor' overriden (by user configuration) to 'false'
[03Apr2026 19:03:31.549] [main/WARN] [ModernFix/]: Option 'mixin.perf.smart_ingredient_sync' overriden (by mods [crafttweaker]) to 'false'
[03Apr2026 19:03:31.549] [main/WARN] [ModernFix/]: Option 'mixin.perf.dynamic_resources.supermartijncore' overriden (by user configuration) to 'false'
[03Apr2026 19:03:31.549] [main/WARN] [ModernFix/]: Option 'mixin.perf.thread_priorities' overriden (by mods [smoothboot]) to 'false'
[03Apr2026 19:03:31.549] [main/INFO] [ModernFix/]: Applying Nashorn fix
[03Apr2026 19:03:31.556] [main/INFO] [ModernFix/]: Applied Forge config corruption patch
[03Apr2026 19:03:31.767] [main/INFO] [portb.transformerlib.TransformerLib/]: Loaded transformer transformers/vanilla.xml
[03Apr2026 19:03:31.769] [main/INFO] [portb.transformerlib.TransformerLib/]: Loaded transformer transformers/gregtechmodernce.xml
[03Apr2026 19:03:31.769] [main/INFO] [portb.transformerlib.TransformerLib/]: Loaded transformer transformers/simpletomb.xml
[03Apr2026 19:03:31.770] [main/INFO] [portb.transformerlib.TransformerLib/]: Loaded transformer transformers/assortedstorage.xml
[03Apr2026 19:03:31.770] [main/INFO] [portb.transformerlib.TransformerLib/]: Loaded transformer transformers/refinedstorage.xml
[03Apr2026 19:03:31.771] [main/INFO] [portb.transformerlib.TransformerLib/]: Loaded transformer transformers/chisel-reborn.xml
[03Apr2026 19:03:31.771] [main/INFO] [portb.transformerlib.TransformerLib/]: Loaded transformer transformers/ic2.xml
[03Apr2026 19:03:31.771] [main/INFO] [portb.transformerlib.TransformerLib/]: Loaded transformer transformers/computercraft.xml
[03Apr2026 19:03:31.773] [main/INFO] [portb.transformerlib.TransformerLib/]: Loaded transformer transformers/sophisticated_core.xml
[03Apr2026 19:03:31.773] [main/INFO] [portb.transformerlib.TransformerLib/]: Loaded transformer transformers/mekanism.xml
[03Apr2026 19:03:31.774] [main/INFO] [portb.transformerlib.TransformerLib/]: Loaded transformer transformers/puzzlesapi.xml
[03Apr2026 19:03:31.774] [main/INFO] [portb.transformerlib.TransformerLib/]: Loaded transformer transformers/ironfurnaces.xml
[03Apr2026 19:03:31.794] [main/INFO] [Embeddium/]: Loaded configuration file for Embeddium: 589 options available, 3 override(s) found
[03Apr2026 19:03:31.794] [main/INFO] [Embeddium-GraphicsAdapterProbe/]: Searching for graphics cards...
[03Apr2026 19:03:31.903] [main/INFO] [Embeddium-GraphicsAdapterProbe/]: Found graphics card: GraphicsAdapterInfo[vendor=AMD, name=AMD Radeon(TM) Graphics, version=DriverVersion=32.0.21030.2001]
[03Apr2026 19:03:31.903] [main/INFO] [Embeddium-GraphicsAdapterProbe/]: Found graphics card: GraphicsAdapterInfo[vendor=NVIDIA, name=NVIDIA GeForce RTX 5070 Ti, version=DriverVersion=32.0.15.9186]
[03Apr2026 19:03:31.905] [main/WARN] [Embeddium-Workarounds/]: Embeddium has applied one or more workarounds to prevent crashes or other issues on your system: [NVIDIA_THREADED_OPTIMIZATIONS]
[03Apr2026 19:03:31.905] [main/WARN] [Embeddium-Workarounds/]: This is not necessarily an issue, but it may result in certain features or optimizations being disabled. You can sometimes fix these issues by upgrading your graphics driver.
[03Apr2026 19:03:31.931] [main/WARN] [mixin/]: Reference map 'astagespufferfishskills.refmap.json' for astagespufferfishskills.mixins.json could not be read. If this is a development environment you can ignore this message
[03Apr2026 19:03:32.072] [main/WARN] [mixin/]: Reference map 'nitrogen_internals.refmap.json' for nitrogen_internals.mixins.json could not be read. If this is a development environment you can ignore this message
[03Apr2026 19:03:32.092] [main/WARN] [mixin/]: Reference map 'experienced_crops-forge-refmap.json' for experienced_crops.mixins.json could not be read. If this is a development environment you can ignore this message
[03Apr2026 19:03:32.165] [main/WARN] [mixin/]: Reference map 'jeitweaker.refmap.json' for jeitweaker.forge.mixins.json could not be read. If this is a development environment you can ignore this message
[03Apr2026 19:03:32.168] [main/WARN] [mixin/]: Reference map 'jeitweaker.refmap.json' for jeitweaker.common.mixins.json could not be read. If this is a development environment you can ignore this message
[03Apr2026 19:03:32.337] [main/WARN] [mixin/]: Reference map 'cobweb.refmap.json' for cobweb.mixins.json could not be read. If this is a development environment you can ignore this message
[03Apr2026 19:03:32.340] [main/WARN] [mixin/]: Reference map 'cobweb.refmap.json' for cobweb.forge.mixins.json could not be read. If this is a development environment you can ignore this message
[03Apr2026 19:03:32.493] [main/WARN] [mixin/]: Reference map 'blastingsand.refmap.json' for blastingsand.mixins.json could not be read. If this is a development environment you can ignore this message
[03Apr2026 19:03:32.531] [main/WARN] [mixin/]: Reference map 'TaxFreeLevels-common-refmap.json' for taxfreelevels-common-forge.mixins.json could not be read. If this is a development environment you can ignore this message
[03Apr2026 19:03:32.605] [main/WARN] [mixin/]: Reference map 'mes-forge-refmap.json' for mes-forge.mixins.json could not be read. If this is a development environment you can ignore this message
[03Apr2026 19:03:32.703] [main/INFO] [BadOptimizations/]: Config version: 6
[03Apr2026 19:03:32.703] [main/INFO] [BadOptimizations/]: BadOptimizations config dump:
[03Apr2026 19:03:32.703] [main/INFO] [BadOptimizations/]: enable_toast_optimizations: true
[03Apr2026 19:03:32.703] [main/INFO] [BadOptimizations/]: ignore_mod_incompatibilities: false
[03Apr2026 19:03:32.703] [main/INFO] [BadOptimizations/]: lightmap_time_change_needed_for_update: 80
[03Apr2026 19:03:32.703] [main/INFO] [BadOptimizations/]: enable_lightmap_caching: true
[03Apr2026 19:03:32.703] [main/INFO] [BadOptimizations/]: enable_particle_manager_optimization: true
[03Apr2026 19:03:32.703] [main/INFO] [BadOptimizations/]: enable_entity_renderer_caching: true
[03Apr2026 19:03:32.703] [main/INFO] [BadOptimizations/]: log_config: true
[03Apr2026 19:03:32.703] [main/INFO] [BadOptimizations/]: enable_remove_redundant_fov_calculations: true
[03Apr2026 19:03:32.703] [main/INFO] [BadOptimizations/]: config_version: 6
[03Apr2026 19:03:32.703] [main/INFO] [BadOptimizations/]: enable_sky_angle_caching_in_worldrenderer: true
[03Apr2026 19:03:32.703] [main/INFO] [BadOptimizations/]: enable_block_entity_renderer_caching: true
[03Apr2026 19:03:32.703] [main/INFO] [BadOptimizations/]: skycolor_time_change_needed_for_update: 3
[03Apr2026 19:03:32.703] [main/INFO] [BadOptimizations/]: enable_entity_flag_caching: true
[03Apr2026 19:03:32.703] [main/INFO] [BadOptimizations/]: ignore_mod_cache_hooks: false
[03Apr2026 19:03:32.703] [main/INFO] [BadOptimizations/]: enable_debug_renderer_disable_if_not_needed: true
[03Apr2026 19:03:32.703] [main/INFO] [BadOptimizations/]: enable_sky_color_caching: true
[03Apr2026 19:03:32.703] [main/INFO] [BadOptimizations/]: enable_remove_tutorial_if_not_demo: true
[03Apr2026 19:03:32.703] [main/INFO] [BadOptimizations/]: show_f3_text: true
[03Apr2026 19:03:32.704] [main/INFO] [BadOptimizations/]: Disabling enable_entity_renderer_caching because mod "twilightforest" is incompatible with it (built-in)
[03Apr2026 19:03:32.793] [main/WARN] [mixin/]: Reference map '' for chat_heads.forge.mixins.json could not be read. If this is a development environment you can ignore this message
[03Apr2026 19:03:32.804] [main/WARN] [mixin/]: Reference map 'lmft-common-refmap.json' for lmft-common.mixins.json could not be read. If this is a development environment you can ignore this message
[03Apr2026 19:03:32.953] [main/WARN] [mixin/]: Reference map 'mixins.netherskeletons.refmap.json' for mixins.netherskeletons.json could not be read. If this is a development environment you can ignore this message
[03Apr2026 19:03:33.035] [main/WARN] [mixin/]: Reference map 'puzzlesaccessapi.common.refmap.json' for puzzlesaccessapi.common.mixins.json could not be read. If this is a development environment you can ignore this message
[03Apr2026 19:03:33.099] [main/INFO] [Canary/]: Loaded configuration file for Canary: 116 options available, 0 override(s) found
[03Apr2026 19:03:33.109] [main/INFO] [Embeddium Extra/]: Loaded configuration file for Sodium Extra: 35 options available, 0 override(s) found
[03Apr2026 19:03:33.127] [main/INFO] [Puzzles Lib/]: Loading 542 mods:
	- absolutely_stuffed 1.1
	- ad_astra 1.15.20
	- ad_astra_more_structures 1.0.0
	- adaptive_performance_tweaks_core 11.6.1
	- adaptive_performance_tweaks_spawn 11.6.1
	- addonslib 1.20.1-1.7
	- adhooks 10.1.3.0
	- adlods 8.1.9.0
	- adtetra 2.1.0
	- aeroblender 1.20.1-1.0.1-neoforge
	- aether 1.20.1-1.5.2-neoforge
		|-- cumulus_menus 1.20.1-1.0.1-neoforge
		\-- nitrogen_internals 1.20.1-1.0.12-neoforge
	- aether_enhanced_extinguishing 1.20.1-1.0.0-neoforge
	- aether_protect_your_moa 1.20.1-1.0.0-neoforge
	- aether_treasure_reforging 1.20.1-1.0.1-neoforge
	- aetheric_tetranomicon 1.2.0-1.20.1
	- aethersteel 5.5
	- akashictome 1.7-27
	- alexs_mobs_extra_music 1.1.0
	- alexsdelight 1.5
	- alexsmobs 1.22.9
	- almanac 1.0.2
	- alternate_current 1.7.0
	- ambientsounds 6.3.4
	- animal_feeding_trough 1.1.0+1.20.1-forge
	- apotheosis 7.4.8
	- appleskin 2.5.1+mc1.20.1
	- aquaculture 2.5.7
	- archery 1.6
	- architectury 9.2.14
	- areaeffectcloud3d 1.0.4
	- armordamagelimit 1.0.0
	- armorunlocked 1.0.2
	- armory 1.13
	- ars_nouveau 4.12.7
	- art_of_forging 1.8.4-1.20.1
	- artifacts 9.5.16
		\-- expandability 9.0.4
	- astages 2.0.0-alpha.6-1.20.1
	- astagespufferfishskills 1.0.0-1.20.1
	- athena 3.1.2
	- attributefix 21.0.5
	- attributeslib 1.3.7
	- attributizer 3.1
	- auudio 1.0.3
	- azukaarsfairdifficultyoverhaul 1.2.0
	- badmobs 19.0.4
	- badoptimizations 2.4.1
	- balm 7.3.38
		\-- kuma_api 20.1.12
	- bcc 4.0.8
	- beb 6.0.0
	- betteradvancements 0.4.2.25
	- betteranimationscollection 8.0.1
	- bettercombat 1.9.0+1.20.1
	- bettercopper 1.3
	- betterdeserttemples 1.20-Forge-3.0.3
	- betterdungeons 1.20-Forge-4.0.4
	- betterendisland 1.20-Forge-2.0.6
	- betterfarmerscombat 1.1
	- betterfortresses 1.20-Forge-2.0.6
	- bettermineshafts 1.20-Forge-4.0.4
	- betteroceanmonuments 1.20-Forge-3.0.4
	- betterstrongholds 1.20-Forge-4.0.3
	- biggerstacks 1.20.1-2026.02.27
	- biomemusic 1.20.1-3.5
	- biomesoplenty 19.0.0.96
	- biomespawnpoint 2.4
	- blahaj 0.6.2
		\-- unruled_api 0.4
	- blastingsand 12.1
	- blockui 1.20.1-1.0.194-snapshot
	- blue_skies 1.3.31
	- blueprint 7.1.3
	- bookshelf 20.2.15
	- boss_checklist 4.1.0
	- bossultimatum 1.0.0
	- botania 1.20.1-451-FORGE
	- botarium 2.3.4
	- brewinandchewin 1.20.1-3.2.1
	- brutalbosses 1.20.1-8.5
	- bygonenether 1.3.2
	- cabletiers 1.20.1-1.2.2
	- caelus 3.2.0+1.20.1
	- canary 0.3.3
	- cataclysm 3.26
	- cataclysm_ut 1.9.10
	- cataclysmiccombat 1.4
	- celestial_artifacts 1.5.9
	- celestial_core 1.5.7
		|-- l2damagetracker 0.3.8
		|-- l2itemselector 0.1.7
		|-- l2library 2.4.23
		|-- l2screentracker 0.1.4
		\-- l2tabs 0.3.1
	- champions 1.20.1-2.1.12.6
	- chat_heads 0.15.0
	- cherry_samurai_temple 1.0.1
	- chipped 3.0.7
	- chiselsandbits 20.1.20
		\-- scena 1.0.103
	- chunky 1.3.146
	- citadel 2.6.3
	- cloth_config 11.1.136
	- clumps 12.0.0.4
	- cobweb 1.0.1
	- codechickenlib 4.4.0.516
	- cofh_core 11.0.2
	- collective 8.13
	- comforts 6.4.0+1.20.1
	- commonnetworking 1.0.5-1.20.1
	- configurableextramobdrops 3.5
	- configured 2.2.3
	- connectivity 1.20.1-7.6
	- connectorextras 1.11.2+1.20.1
		|-- amecsapi 1.5.3+mc1.20-pre1
		|-- connectorextras_architectury_bridge 1.11.2+1.20.1
		|-- connectorextras_emi_bridge 1.11.2+1.20.1
		|-- connectorextras_energy_bridge 1.11.2+1.20.1
		|-- connectorextras_geckolib_fabric_compat 1.11.2+1.20.1
		|-- connectorextras_jei_bridge 1.11.2+1.20.1
		|-- connectorextras_kubejs_bridge 1.11.2+1.20.1
		|-- connectorextras_modmenu_bridge 1.11.2+1.20.1
			\-- modmenu 7.2.2
		|-- connectorextras_pehkui_bridge 1.11.2+1.20.1
		|-- connectorextras_rei_bridge 1.11.2+1.20.1
		|-- connectorextras_terrablender_bridge 1.11.2+1.20.1
		|-- forgeconfigapiport 8.0.0
		\-- reach_entity_attributes 2.4.0
	- connectormod 1.0.0-beta.48+1.20.1
	- controlling 12.0.2
	- cookingforblockheads 16.0.15
	- corgilib 4.0.3.4
	- coroutil 1.20.1-1.3.7
	- corpse 1.20.1-1.0.23
	- cosmeticarmorreworked 1.20.1-v1a
	- craftingtweaks 18.2.8
	- craftslimeforge 1.0.0
	- crafttweaker 14.0.60
	- create 6.0.8
		|-- flywheel 1.0.5
		\-- ponder 1.0.91
	- createaddition 1.20.1-1.3.3
	- createestrogen 1.0.1+1.20.1
	- creategenderless 1.1.1
	- createoreexcavation 1.6.5
	- creativecore 2.12.35
	- creeperoverhaul 3.0.2
	- crust 3.6.13
	- ctm 1.20.1-1.1.10
	- ctov 3.4.14
	- cucumber 7.0.16
	- culturaldelights 0.16.5
	- cupboard 1.20.1-3.5
	- curios 5.14.1+1.20.1
	- cutthrough 8.0.2
	- cynosure 0.1.15
		\-- kritter 0.1.12+1.20.1
	- darkorb 1.0.3
	- dataanchor 1.0.0.20
	- decorative_blocks 4.1.3
	- decorative_lgbt_wall_flags 1.5.0
	- deep_aether 1.20.1-1.1.7
	- deeperdarker 1.3.3
	- deimos 2.5
	- delightful 3.7.8
	- difficult_caves 1.0.0
	- dimasctetracompat 1.5.0.0
	- disenchanting 2.2.3
	- domum_ornamentum 1.20.1-1.0.300-snapshot
	- dungeoncrawl 2.3.15
	- dungeons_arise 2.1.58-1.20.x
	- dungeons_plus 1.5.0
	- easyanvils 8.0.2
	- easymagic 8.0.1
	- edivadlib 2.0.1
	- efallingtrees 0.6.0-1.20+forge
	- elytraslot 6.4.4+1.20.1
		\-- mixinsquared 0.1.2-beta.6
	- embeddium 0.3.31+mc1.20.1
		\-- rubidium 0.7.1
	- embeddium_extra 0.5.4.4+mc1.20.1-build.131
	- enchantmentlevelcapindicator 1.1
	- enchantmenttransfer 0.0.6
	- enchdesc 17.1.21
	- enderchests 1.20.1-1.4
	- enderstorage 2.11.0.188
	- endportalrecipe 5.7
	- enemyexpansion 2.3.1
	- enhancedcelestials 1.20.1-5.0.3.2
	- ensorcellation 5.0.2
	- entity_model_features 3.0.17
	- entity_texture_features 7.0.13
	- entityculling 1.10.0
		|-- transition 1.0.14
		\-- trender 1.0.11
	- equipmentcompare 1.3.7
	- estrogen 5.0.8+1.20.1
		|-- baubly 1.0.1
		|-- kittyconfig 1.2.16
		\-- kittynetworking 0.1.29
	- experienced_crops 1.20.1-1.1.0
	- explorations 1.20.1-1.6.1
	- explorerscompass 1.20.1-1.3.3-forge
	- explorify 1.6.4
	- extradisks 1.20.1-3.0.3
	- extrastorage 4.0.7
	- fabric_api 0.92.6+1.11.14+1.20.1
		|-- fabric_api_base 0.4.32+ef105b4977
		|-- fabric_api_lookup_api_v1 1.6.37+67f9824077
		|-- fabric_biome_api_v1 13.0.14+dc36698e77
		|-- fabric_block_api_v1 1.0.12+0e6cb7f777
		|-- fabric_block_view_api_v2 1.0.3+53347ba977
		|-- fabric_blockrenderlayer_v1 1.1.42+1d0da21e77
		|-- fabric_client_tags_api_v1 1.1.3+5d6761b877
		|-- fabric_command_api_v1 1.2.35+f71b366f77
		|-- fabric_command_api_v2 2.2.14+561530ec77
		|-- fabric_content_registries_v0 4.0.13+a670df1e77
		|-- fabric_convention_tags_v1 1.5.6+fa3d1c0177
		|-- fabric_data_attachment_api_v1 1.0.2+30ef839e77
		|-- fabric_data_generation_api_v1 12.3.7+369cb3a477
		|-- fabric_dimensions_v1 2.1.55+8005d10d77
		|-- fabric_entity_events_v1 1.6.1+4ca7515277
		|-- fabric_events_interaction_v0 0.6.5+0f26153f77
		|-- fabric_game_rule_api_v1 1.0.41+683d4da877
		|-- fabric_item_api_v1 2.1.29+4d0bbcfa77
		|-- fabric_item_group_api_v1 4.0.14+c9161c2d77
		|-- fabric_key_binding_api_v1 1.0.38+561530ec77
		|-- fabric_lifecycle_events_v1 2.2.23+afab492177
		|-- fabric_loot_api_v2 1.2.3+eb28f93e77
		|-- fabric_message_api_v1 5.1.10+52cc178c77
		|-- fabric_mining_level_api_v1 2.1.52+561530ec77
		|-- fabric_model_loading_api_v1 1.0.4+6274ab9d77
		|-- fabric_models_v0 0.4.3+7c3892a477
		|-- fabric_networking_api_v1 1.3.14+fb7c822677
		|-- fabric_object_builder_api_v1 11.1.5+f8c414ce77
		|-- fabric_particles_v1 1.1.3+78e1ecb877
		|-- fabric_recipe_api_v1 1.0.24+514a076577
		|-- fabric_registry_sync_v0 2.3.6+1c0ea72177
		|-- fabric_renderer_api_v1 3.2.2+cf68abbe77
		|-- fabric_renderer_indigo 1.5.3+b5b2da4177
		|-- fabric_rendering_data_attachment_v1 0.3.39+a6081afc77
		|-- fabric_rendering_fluids_v1 3.0.29+4ac5e37a77
		|-- fabric_rendering_v1 3.0.9+66e9a48f77
		|-- fabric_resource_conditions_api_v1 2.3.9+996d00b277
		|-- fabric_resource_loader_v0 0.11.12+4b4151c077
		|-- fabric_screen_api_v1 2.0.9+45a670a577
		|-- fabric_screen_handler_api_v1 1.3.33+561530ec77
		|-- fabric_sound_api_v1 1.0.14+4f23bd8477
		|-- fabric_transfer_api_v1 3.3.6+631c9cd677
		\-- fabric_transitive_access_wideners_v1 4.3.2+1880499877
	- fallingleaves 2.1.2
	- farmersdelight 1.20.1-1.2.11
	- farmingforblockheads 14.0.4
	- fastbench 8.0.4
	- fastfurnace 8.0.2
	- fastleafdecay 32
	- fastsuite 5.1.2
	- ferritecore 6.0.1
	- findme 3.2.3
	- fluxnetworks 7.2.1.15
	- footwork 4.3.9
	- forbidden_arcanus 1.20.1-2.2.6
	- forge 47.4.6
	- forgeendertech 11.1.10.0
	- ftbbackups2 1.0.23
	- ftbchunks 2001.3.6
	- ftbessentials 2001.2.4
	- ftblibrary 2001.2.12
	- ftbquests 2001.4.18
	- ftbranks 2001.1.7
	- ftbteams 2001.3.2
	- ftbultimine 2001.1.7
	- fullstackwatchdog 1.0.1+1.19.2-forge
	- furnacerecycle 2.5
	- geckolib 4.8.3
	- glitchcore 0.0.1.1
	- heracles 1.1.13
		\-- hermes 1.6.0
	- highlighter 1.1.9
	- hunger_overhaul 1.4.7
	- icarus 2.13.1
	- iceberg 1.1.25
	- icraft 1.0.0
	- idas 1.13.0+1.20.1
	- immediatelyfast 1.5.4+1.20.4
	- immersive_optimization 0.1.4
	- improvedmobs 1.20.1-1.13.6
	- industrialforegoing 3.5.21
	- insanelib 1.23.4.3
	- integrated_api 1.7.2+1.20.1-forge
	- integrated_stronghold 1.1.2+1.20.1-forge
	- inventoryhud 3.4.26
	- iridescent_origins 1.0.0
	- ironfurnaces 4.1.6
	- ironjetpacks 7.0.9
	- irons_patreon_lib 1.20.1-1.0.1
	- irons_spellbooks 1.20.1-3.15.5.1
	- itemfilters 2001.1.0-build.59
	- jade 11.13.2+forge
	- jadeaddons 5.5.0+forge
	- jea 1.20.1-5.0.1
	- jeed 1.20-2.2.5
	- jei 15.20.0.129
	- jei_mekanism_multiblocks 4.17
	- jeitweaker 8.0.6
	- jeresources 1.4.0.247
	- jmi 1.20.1-0.14-48
	- journeymap 5.10.3
	- jumbofurnace 4.0.0.5
	- justlevelingfork 1.2.1
	- keebszs_battle_towers 0.6.0-1.20.1
	- keepdurable 1.0.0
	- keepmysoiltilled 2.5
	- kotlinforforge 4.12.0
	- ksyxis 1.3.4
	- kubejs 2001.6.5-build.16
	- kubejs_botania 1.4.0
	- kubejs_thermal 2001.1.10-build.2
	- kubejsadditions 4.3.4
	- kubejsarsnouveau 1.2.2
	- kubejsdelight 1.1.5
	- kubejsoffline 5.2.0.27
	- lazydfu 1.1
	- letmedespawn 1.5.0
	- libipn 4.0.2
	- libraryferret 4.0.0
	- libx 1.20.1-5.0.14
	- lightoverlay 8.0.0
	- lionfishapi 2.4-Fix
	- lithostitched 1.4.11
	- lmft 1.0.4+1.20.1
	- lootjs 1.20.1-2.13.1
	- lootr 0.7.35.94
	- mahou_tsukai_combat 1.0.2
	- mahoutsukai 1.20.1-v1.34.81
	- majestic_menaces 1
	- maxhealthfix 12.0.4
	- mca 7.6.15+1.20.1
	- mcasocial 0.1.5
	- mcjtylib 1.20-8.0.7
	- mcwbiomesoplenty 1.20.1-1.5
	- mcwbridges 3.1.2
	- mcwfences 1.2.1
	- mcwfurnitures 3.4.1
	- mcwroofs 2.3.2
	- mcwtrpdoors 1.1.5
	- meetyourfight 1.20.1-1.6.0
	- mek_walkable_cables 1.0.1
	- mekanism 10.4.16
	- mekanism_ponders 1.0.2-1.20.1
	- mekanismaaa 1.1.0
	- mekanismgenerators 10.4.16
	- merenc 4.2
	- mes 1.4.6-1.20-forge
	- miapi 1.1.49
		|-- nucleus 1.1.3
		|-- nucleus_codec 1.1.4
		|-- nucleus_config 1.1.5
		|-- nucleus_facet 1.0.0
		\-- nucleus_pose 1.0.0
	- minecraft 1.20.1
	- mobtimizations 1.20.1-1.0.1
	- modernfix 5.26.2+mc1.20.1
	- modonomicon 1.79.3
	- moonlight 1.20-2.16.28
	- moreartifacts 1.5.5
	- moredragoneggs 4.0
	- morphtool 1.7-38
	- mousetweaks 2.25.1
	- mr_chunky_playerpause 1.0.0
	- mr_edf_remastered 4.3
	- mr_larger_oreveinsdeluxe 1.2.2
	- mr_no_morenethergoldore 1.0.1
	- mr_sunken_spires 1.0
	- mr_ultimate_bosses 1.0.4
	- multipiston 1.20-0.0.47-snapshot
	- multiplayerbosses 1.1.3
	- mutantmonsters 8.0.8
	- mutil 6.3.0
	- naturalist 5.0pre5
		\-- midnightlib 1.4.2
	- naturescompass 1.20.1-1.11.2-forge
	- necronomicon 1.6.0
	- neruina 3.2.2
	- nether_zombies 1.0
	- netherportalfix 13.0.1
	- nethersdelight 1.20.1-4.0
	- netherskeletons 5.0
	- nochatreports 1.20.1-v2.2.2
	- nohostilesaroundcampfire 7.2
	- noseenotick 2.0.0-build.9999
	- occultism 1.157.0
	- oceansdelight 1.0.2-1.20
	- octolib 0.5.0.1
	- oculus 1.8.0
	- offlineskins 1.20.1-v1
	- origins 1.20.1-1.10.0.9
		|-- additionalentityattributes 1.4.0.5+1.20.1
		|-- apoli 1.20.1-2.9.0.8
		\-- calio 1.20.1-1.11.0.5
	- origins_gender 1.0.0
	- overflowingbars 8.0.1
	- overhauledstructures 1.19~1.20.1
	- overloadedarmorbar 1.20.1-1
	- overworld_quartz 1.1.2
	- packetfixer 3.3.1
	- pamhc2crops 1.0.3
	- pamhc2foodcore 1.0.5
	- pamhc2foodextended 0.0NONE
	- pamhc2trees 1.0.2
	- patchouli 1.20.1-85-FORGE
	- paxi 1.20-Forge-4.0
	- pehkui 3.8.2+1.20.1-forge
	- placebo 8.6.3
	- playeranimator 1.0.2-rc1+1.20
	- polylib 2000.0.3-build.143
	- polymorph 0.49.10+1.20.1
		\-- spectrelib 0.13.17+1.20.1
	- prettybeaches 11.0.1
	- prettypipes 1.15.0
	- pridemoths 1.8.7
	- prism 1.0.5
	- probejs 7.0.0
	- progressivebosses 4.3.12
	- puffish_attributes 0.8.2
	- puffish_skills 0.17.3
	- puzzleslib 8.1.33
		\-- puzzlesaccessapi 20.1.1
	- quark 4.0-462
	- quickstack 1.20.1-1
	- railways 1.7.2+forge-mc1.20.1
	- ramcompat 0.1.4
	- rarcompat 0.5
	- raw_netherite 1.0.0
	- refinedcooking 4.0.0
	- refinedstorage 1.12.4
	- refinedstorageaddons 0.10.0
	- relics 0.8.0.13
	- repurposed_structures 7.1.21+1.20.1-forge
	- resourcefulconfig 2.1.3
	- resourcefullib 2.1.29
	- rftoolsbase 1.20-5.0.6
	- rftoolsbuilder 1.20-6.0.8
	- rftoolsdim 1.20-11.0.10
	- rftoolspower 1.20-6.0.2
	- rftoolsstorage 1.20-5.0.3
	- rhino 2001.2.3-build.10
	- rsinfinitybooster 1.20.1-1.0+41
	- rsrequestify 2.3.3
	- savage_and_ravage 6.0.1
	- scalingmobs 2.4.3
	- sdrp 4.0.3-build.40+mc1.20.1
	- searchables 1.0.3
	- sebastrnlib 4.0.0
	- sereneseasons 9.1.0.2
	- servercore 1.5.2+1.20.1
	- shetiphiancore 1.20.1-1.5
	- silentlib 8.0.0
	- simplefarming 1.20.1-2.0.6
	- simplyswords 1.56.0-1.20.1
	- sleep_hunger 1.0.4
	- smartbrainlib 1.15
	- smoothboot 0.0.4
	- smoothchunk 1.20.1-4.1
	- solcarrot 1.15.1
	- sophisticatedbackpacks 3.24.31.1628
	- sophisticatedcore 1.3.12.1578
	- sophisticatedstorage 1.4.31.1558
	- soul_fire_d 4.0.11
	- sound_physics_remastered 1.20.1-1.5.1
	- spark 1.10.53
	- stalwart_dungeons 1.2.8
	- starlight 1.1.2+forge.1cda73c
	- storagedrawers 12.14.3
	- structory 1.3.5
	- structory_towers 1.0.7
	- structure_gel 2.16.2
	- structurize 1.20.1-1.0.809-snapshot
	- supplementaries 1.20-3.1.42
	- taxfreelevels 1.4.17
	- tectonic 3.0.17
	- tenshilib 1.20.1-1.7.6
	- terrablender 3.0.1.10
	- terramity 0.9.8
	- tetra 6.12.0
	- tetra_attribute_rebalancing 6.9.0-1.0.0-PrecisionFix
	- tetra_re_enlarged 1.3.0
	- tetra_tables 1.1
	- tetracelium 1.3.1
	- tetraclip 1.0.6
	- tetraextras 0.1.4-1.20.1
	- tetranomicon 1.6.1-1.20.1
	- tetrasdelight 1.20.1-1
	- theabyss 1.0.0
	- thermal_cultivation 11.0.1
	- thermal_dynamics 11.0.1
	- thermal_expansion 11.0.1
	- thermal_foundation 11.0.6
		\-- thermal 11.0.6
	- thermal_innovation 11.0.1
	- thermal_integration 11.0.1
	- titanium 3.8.32
	- tm_arsenal 1.13
	- tmtcmoe 1.0.0
	- toe 1.0.0
	- too_many_bows 4.0.1
	- toofast 0.4.3.5
	- toolbooster 1.0-1.20.1
	- toolstats 16.0.10
	- torchmaster 20.1.9
	- townstead 0.4.3+1.20.1
	- transmog 1.3.0+1.20
	- trashslot 15.1.3
	- travelerstitles 1.20-Forge-4.0.2
	- treasuredistance 1.20-1.2
	- truly_modular_create_compat 1.0.0
	- twilightaether 1.20.1-1.0.0
	- twilightforest 4.3.2508
	- txdacompat 1.0.3
	- ultris_mr 5.6.9c
	- undead_revamp2 1.0.1
	- undergarden 0.8.14
	- undergardenpatch 1.4.2-1.20.1
	- unwrecked_ships_plus 2.0.5
	- valhelsia_core 1.1.2
	- valhelsia_furniture 1.1.3
	- valhelsia_structures 1.20.1-1.1.2
	- villagesandpillages 1.0.2
	- villagespawnpoint 4.6
	- visualworkbench 8.0.1
	- voicechat 1.20.1-2.6.14
		\-- voicechat_api 2.6.13
	- waystone_towers 1.0.9
	- waystones 14.1.20
	- wstweaks 9.1.0
	- xnet 1.20-6.1.6
	- xnetgases 5.1.4
	- xp_from_crops 1.0.0
	- yet_another_config_lib_v3 3.6.6+1.20.1-forge
	- yungsapi 1.20-Forge-4.0.6
	- yungsbridges 1.20-Forge-4.0.3
	- zeta 1.0-31
	- zombiehorsespawn 5.2
[03Apr2026 19:03:33.155] [main/WARN] [mixin/]: Reference map 'TetraExtras-1.20.refmap.json' for tetraextras.mixins.json could not be read. If this is a development environment you can ignore this message
[03Apr2026 19:03:33.201] [main/WARN] [mixin/]: Reference map 'mixins.txdacompat.refmap.json' for mixins.txdacompat.json could not be read. If this is a development environment you can ignore this message
[03Apr2026 19:03:33.266] [main/WARN] [mixin/]: Reference map 'kubejsdelight.refmap.json' for kubejsdelight.mixins.json could not be read. If this is a development environment you can ignore this message
[03Apr2026 19:03:33.300] [main/WARN] [mixin/]: Reference map 'kubejsoffline-forge-refmap.json' for kubejsoffline.mixins.json could not be read. If this is a development environment you can ignore this message
[03Apr2026 19:03:33.326] [main/WARN] [mixin/]: Reference map 'simplyswords-forge-refmap.json' for simplyswords.mixins.json could not be read. If this is a development environment you can ignore this message
[03Apr2026 19:03:33.329] [main/WARN] [mixin/]: Reference map 'kubejs_botania-forge-refmap.json' for kubejs_botania.mixins.forge.json could not be read. If this is a development environment you can ignore this message
[03Apr2026 19:03:33.397] [main/WARN] [mixin/]: Reference map 'trashslot.refmap.json' for trashslot.mixins.json could not be read. If this is a development environment you can ignore this message
[03Apr2026 19:03:33.425] [main/WARN] [mixin/]: Reference map 'mixins.nether_zombies.refmap.json' for mixins.nether_zombies.json could not be read. If this is a development environment you can ignore this message
[03Apr2026 19:03:33.436] [main/WARN] [mixin/]: Reference map 'cynosure.refmap.json' for cynosure.mixins.json could not be read. If this is a development environment you can ignore this message
[03Apr2026 19:03:33.462] [main/WARN] [mixin/]: Reference map 'cookingforblockheads.refmap.json' for cookingforblockheads.mixins.json could not be read. If this is a development environment you can ignore this message
[03Apr2026 19:03:33.522] [main/WARN] [mixin/]: Reference map 'modonomicon.refmap.json' for modonomicon.mixins.json could not be read. If this is a development environment you can ignore this message
[03Apr2026 19:03:33.525] [main/WARN] [mixin/]: Reference map 'modonomicon.refmap.json' for modonomicon.forge.mixins.json could not be read. If this is a development environment you can ignore this message
[03Apr2026 19:03:33.528] [main/WARN] [mixin/]: Reference map 'coroutil.refmap.json' for coroutil.mixins.json could not be read. If this is a development environment you can ignore this message
[03Apr2026 19:03:33.540] [main/WARN] [mixin/]: Reference map 'itemselector.refmap.json' for l2itemselector.mixins.json could not be read. If this is a development environment you can ignore this message
[03Apr2026 19:03:33.553] [main/INFO] [dev.tonimatas.packetfixer.mixins.v1_19_4_forge.MixinPlugin/]: Packet Fixer forge 1.19.4-1.20.1 has been applied successfully.
[03Apr2026 19:03:33.577] [main/WARN] [mixin/]: Reference map 'chiselsandbits.refmap.json' for chisels-and-bits.mixins.json could not be read. If this is a development environment you can ignore this message
[03Apr2026 19:03:33.588] [main/WARN] [mixin/]: Reference map '' for adapter.init.mixins.json could not be read. If this is a development environment you can ignore this message
[03Apr2026 19:03:33.942] [main/INFO] [net.minecraftforge.coremod.CoreMod.apotheosis/COREMODLOG]: Replaced 2 calls to Enchantment#getMaxLevel() in net/minecraft/world/inventory/AnvilMenu
[03Apr2026 19:03:33.950] [main/INFO] [net.minecraftforge.coremod.CoreMod.placebo/COREMODLOG]: Patching IForgeItemStack#getEnchantmentLevel
[03Apr2026 19:03:33.952] [main/INFO] [net.minecraftforge.coremod.CoreMod.placebo/COREMODLOG]: Patching IForgeItemStack#getEnchantmentLevel
[03Apr2026 19:03:33.965] [main/INFO] [net.minecraftforge.coremod.CoreMod.placebo/COREMODLOG]: Patching IForgeItemStack#getEnchantmentLevel
[03Apr2026 19:03:33.965] [main/INFO] [net.minecraftforge.coremod.CoreMod.placebo/COREMODLOG]: Patching IForgeItemStack#getEnchantmentLevel
[03Apr2026 19:03:33.978] [main/INFO] [portb.biggerstacks.TransformerEngine/]: refinedstorage is installed, applying patches
[03Apr2026 19:03:34.391] [main/INFO] [net.minecraftforge.coremod.CoreMod.apotheosis/COREMODLOG]: Patching FishingHook#catchingFish
[03Apr2026 19:03:34.412] [main/WARN] [mixin/]: Error loading class: com/oblivioussp/spartanweaponry/item/BoltItem (java.lang.ClassNotFoundException: com.oblivioussp.spartanweaponry.item.BoltItem)
[03Apr2026 19:03:34.412] [main/WARN] [mixin/]: @Mixin target com.oblivioussp.spartanweaponry.item.BoltItem was not found moreartifacts.mixins.json:BoltItemMixin from mod moreartifacts
[03Apr2026 19:03:34.418] [main/WARN] [mixin/]: Error loading class: team/creative/enhancedvisuals/common/handler/ExplosionHandler (java.lang.ClassNotFoundException: team.creative.enhancedvisuals.common.handler.ExplosionHandler)
[03Apr2026 19:03:34.418] [main/WARN] [mixin/]: @Mixin target team.creative.enhancedvisuals.common.handler.ExplosionHandler was not found moreartifacts.mixins.json:ExplosionHandlerMixin from mod moreartifacts
[03Apr2026 19:03:34.425] [main/WARN] [mixin/]: Error loading class: net/gobies/potionrings2/item/potionrings/PotionRingItem (java.lang.ClassNotFoundException: net.gobies.potionrings2.item.potionrings.PotionRingItem)
[03Apr2026 19:03:34.425] [main/WARN] [mixin/]: @Mixin target net.gobies.potionrings2.item.potionrings.PotionRingItem was not found moreartifacts.mixins.json:PotionRingItemMixin from mod moreartifacts
[03Apr2026 19:03:34.478] [main/WARN] [mixin/]: Error loading class: dev/tr7zw/skinlayers/render/CustomizableModelPart (java.lang.ClassNotFoundException: dev.tr7zw.skinlayers.render.CustomizableModelPart)
[03Apr2026 19:03:34.542] [main/WARN] [mixin/]: Error loading class: dev/emi/emi/platform/EmiAgnos (java.lang.ClassNotFoundException: dev.emi.emi.platform.EmiAgnos)
[03Apr2026 19:03:34.542] [main/WARN] [mixin/]: @Mixin target dev.emi.emi.platform.EmiAgnos was not found estrogen.mixins.json:client.compat.emi.EmiAgnosMixin from mod estrogen
[03Apr2026 19:03:34.548] [main/WARN] [mixin/]: Error loading class: de/dafuqs/paginatedadvancements/client/PaginatedAdvancementTab (java.lang.ClassNotFoundException: de.dafuqs.paginatedadvancements.client.PaginatedAdvancementTab)
[03Apr2026 19:03:34.548] [main/WARN] [mixin/]: @Mixin target de/dafuqs/paginatedadvancements/client/PaginatedAdvancementTab was not found estrogen.mixins.json:client.compat.paginatedadvancements.PaginatedAdvancementTabMixin from mod estrogen
[03Apr2026 19:03:34.590] [main/WARN] [mixin/]: Error loading class: vazkii/quark/addons/oddities/inventory/BackpackMenu (java.lang.ClassNotFoundException: vazkii.quark.addons.oddities.inventory.BackpackMenu)
[03Apr2026 19:03:34.661] [main/WARN] [mixin/]: Error loading class: com/ultramega/showcaseitem/ShowcaseItemFeature (java.lang.ClassNotFoundException: com.ultramega.showcaseitem.ShowcaseItemFeature)
[03Apr2026 19:03:34.690] [main/WARN] [mixin/]: Error loading class: uk/co/dotcode/asb/ModUtils (java.lang.ClassNotFoundException: uk.co.dotcode.asb.ModUtils)
[03Apr2026 19:03:34.690] [main/WARN] [mixin/]: @Mixin target uk.co.dotcode.asb.ModUtils was not found mobtimizations.mixins.json:MixinArmorSetBonusesImmuneCheck from mod mobtimizations
[03Apr2026 19:03:34.764] [main/WARN] [mixin/]: Error loading class: mcjty/incontrol/compat/ModRuleCompatibilityLayer (java.lang.ClassNotFoundException: mcjty.incontrol.compat.ModRuleCompatibilityLayer)
[03Apr2026 19:03:34.764] [main/WARN] [mixin/]: @Mixin target mcjty.incontrol.compat.ModRuleCompatibilityLayer was not found astages.mixins.json:AModRuleCompatibilityLayer from mod astages
[03Apr2026 19:03:34.858] [main/WARN] [mixin/]: Error loading class: com/legacy/lost_aether/entity/AerwhaleKingEntity (java.lang.ClassNotFoundException: com.legacy.lost_aether.entity.AerwhaleKingEntity)
[03Apr2026 19:03:34.867] [main/INFO] [net.minecraftforge.coremod.CoreMod.attributeslib/COREMODLOG]: Patching EffectRenderingInventoryScreen#renderEffects
[03Apr2026 19:03:34.928] [main/INFO] [net.minecraftforge.coremod.CoreMod.apotheosis/COREMODLOG]: Replaced 2 calls to Enchantment#getMaxLevel() in net/minecraft/world/item/CreativeModeTabs
[03Apr2026 19:03:35.011] [main/WARN] [mixin/]: Error loading class: net/archers/item/misc/AutoFireHook (java.lang.ClassNotFoundException: net.archers.item.misc.AutoFireHook)
[03Apr2026 19:03:35.011] [main/WARN] [mixin/]: @Mixin target net.archers.item.misc.AutoFireHook was not found miapi-common.mixins.json:ArcheryHookMixin from mod miapi
[03Apr2026 19:03:35.028] [main/WARN] [mixin/]: Error loading class: yesman/epicfight/world/capabilities/provider/ItemCapabilityProvider (java.lang.ClassNotFoundException: yesman.epicfight.world.capabilities.provider.ItemCapabilityProvider)
[03Apr2026 19:03:35.028] [main/WARN] [mixin/]: @Mixin target yesman.epicfight.world.capabilities.provider.ItemCapabilityProvider was not found miapi.mixins.json:compat.ItemCapabilityProviderMixin from mod miapi
[03Apr2026 19:03:35.035] [main/WARN] [mixin/]: Error loading class: yesman/epicfight/world/capabilities/provider/ItemCapabilityProvider (java.lang.ClassNotFoundException: yesman.epicfight.world.capabilities.provider.ItemCapabilityProvider)
[03Apr2026 19:03:35.035] [main/WARN] [mixin/]: @Mixin target yesman.epicfight.world.capabilities.provider.ItemCapabilityProvider was not found miapi.mixins.json:compat.ItemCapabilityProviderAccessor from mod miapi
[03Apr2026 19:03:35.040] [main/WARN] [mixin/]: Error loading class: harmonised/pmmo/features/autovalues/AutoItem (java.lang.ClassNotFoundException: harmonised.pmmo.features.autovalues.AutoItem)
[03Apr2026 19:03:35.040] [main/WARN] [mixin/]: @Mixin target harmonised.pmmo.features.autovalues.AutoItem was not found miapi.mixins.json:AutoItemAccessor from mod miapi
[03Apr2026 19:03:35.094] [main/WARN] [mixin/]: Error loading class: mezz/modnametooltip/TooltipEventHandler (java.lang.ClassNotFoundException: mezz.modnametooltip.TooltipEventHandler)
[03Apr2026 19:03:35.103] [main/WARN] [mixin/]: Error loading class: me/shedaniel/rei/impl/client/ClientHelperImpl (java.lang.ClassNotFoundException: me.shedaniel.rei.impl.client.ClientHelperImpl)
[03Apr2026 19:03:35.112] [main/WARN] [mixin/]: Error loading class: com/vicmatskiv/pointblank/item/GunItem (java.lang.ClassNotFoundException: com.vicmatskiv.pointblank.item.GunItem)
[03Apr2026 19:03:35.112] [main/WARN] [mixin/]: @Mixin target com.vicmatskiv.pointblank.item.GunItem was not found justlevelingfork.mixins.json:MixGunItem from mod justlevelingfork
[03Apr2026 19:03:35.166] [main/INFO] [net.minecraftforge.coremod.CoreMod.apotheosis/COREMODLOG]: Replaced 1 calls to Enchantment#getMaxLevel() in net/minecraft/world/entity/npc/VillagerTrades$EnchantBookForEmeralds
[03Apr2026 19:03:35.166] [main/INFO] [net.minecraftforge.coremod.CoreMod.apotheosis/COREMODLOG]: Replaced 1 calls to Enchantment#isTreasureOnly() in net/minecraft/world/entity/npc/VillagerTrades$EnchantBookForEmeralds
[03Apr2026 19:03:35.166] [main/INFO] [net.minecraftforge.coremod.CoreMod.apotheosis/COREMODLOG]: Replaced 1 calls to Enchantment#isTradeable() in net/minecraft/world/entity/npc/VillagerTrades$EnchantBookForEmeralds
[03Apr2026 19:03:35.169] [main/INFO] [net.minecraftforge.coremod.CoreMod.apotheosis/COREMODLOG]: Replaced 1 calls to Enchantment#getMaxLevel() in net/minecraft/world/level/storage/loot/functions/EnchantRandomlyFunction
[03Apr2026 19:03:35.169] [main/INFO] [net.minecraftforge.coremod.CoreMod.apotheosis/COREMODLOG]: Replaced 1 calls to Enchantment#isDiscoverable() in net/minecraft/world/level/storage/loot/functions/EnchantRandomlyFunction
[03Apr2026 19:03:35.245] [main/WARN] [mixin/]: Error loading class: dev/emi/emi/jemi/JemiPlugin (java.lang.ClassNotFoundException: dev.emi.emi.jemi.JemiPlugin)
[03Apr2026 19:03:35.245] [main/WARN] [mixin/]: @Mixin target dev.emi.emi.jemi.JemiPlugin was not found jei_mekanism_multiblocks.mixin.client.json:emi.JemiPluginMixin from mod (unknown)
[03Apr2026 19:03:35.275] [main/WARN] [mixin/]: Error loading class: xaero/map/gui/GuiMap (java.lang.ClassNotFoundException: xaero.map.gui.GuiMap)
[03Apr2026 19:03:35.275] [main/WARN] [mixin/]: @Mixin target xaero.map.gui.GuiMap was not found create.mixins.json:compat.xaeros.XaeroFullscreenMapAccessor from mod create
[03Apr2026 19:03:35.280] [main/WARN] [mixin/]: Error loading class: xaero/map/gui/GuiMap (java.lang.ClassNotFoundException: xaero.map.gui.GuiMap)
[03Apr2026 19:03:35.280] [main/WARN] [mixin/]: @Mixin target xaero.map.gui.GuiMap was not found create.mixins.json:compat.xaeros.XaeroFullscreenMapMixin from mod create
[03Apr2026 19:03:35.337] [main/WARN] [Embeddium/]: Force-disabling mixin 'features.render.world.sky.WorldRendererMixin' as rule 'mixin.features.render.world.sky' (added by mods [oculus]) disables it and children
[03Apr2026 19:03:35.337] [main/WARN] [Embeddium/]: Force-disabling mixin 'features.render.world.sky.ClientWorldMixin' as rule 'mixin.features.render.world.sky' (added by mods [oculus]) disables it and children
[03Apr2026 19:03:35.337] [main/WARN] [Embeddium/]: Force-disabling mixin 'features.render.world.sky.BackgroundRendererMixin' as rule 'mixin.features.render.world.sky' (added by mods [oculus]) disables it and children
[03Apr2026 19:03:35.338] [main/WARN] [Embeddium/]: Force-disabling mixin 'features.render.gui.font.GlyphRendererMixin' as rule 'mixin.features.render.gui.font' (added by mods [oculus]) disables it and children
[03Apr2026 19:03:35.338] [main/WARN] [Embeddium/]: Force-disabling mixin 'features.render.gui.font.FontSetMixin' as rule 'mixin.features.render.gui.font' (added by mods [oculus]) disables it and children
[03Apr2026 19:03:35.339] [main/WARN] [Embeddium/]: Force-disabling mixin 'features.render.entity.shadows.EntityRenderDispatcherMixin' as rule 'mixin.features.render.entity' (added by mods [oculus]) disables it and children
[03Apr2026 19:03:35.339] [main/WARN] [Embeddium/]: Force-disabling mixin 'features.render.entity.remove_streams.ModelPartMixin' as rule 'mixin.features.render.entity' (added by mods [oculus]) disables it and children
[03Apr2026 19:03:35.339] [main/WARN] [Embeddium/]: Force-disabling mixin 'features.render.entity.remove_streams.HierarchicalModelMixin' as rule 'mixin.features.render.entity' (added by mods [oculus]) disables it and children
[03Apr2026 19:03:35.339] [main/WARN] [Embeddium/]: Force-disabling mixin 'features.render.entity.fast_render.ModelPartMixin' as rule 'mixin.features.render.entity' (added by mods [oculus]) disables it and children
[03Apr2026 19:03:35.339] [main/WARN] [Embeddium/]: Force-disabling mixin 'features.render.entity.fast_render.CuboidMixin' as rule 'mixin.features.render.entity' (added by mods [oculus]) disables it and children
[03Apr2026 19:03:35.339] [main/WARN] [Embeddium/]: Force-disabling mixin 'features.render.entity.cull.EntityRendererMixin' as rule 'mixin.features.render.entity' (added by mods [oculus]) disables it and children
[03Apr2026 19:03:35.605] [main/WARN] [mixin/]: Error loading class: org/jetbrains/annotations/ApiStatus$Internal (java.lang.ClassNotFoundException: org.jetbrains.annotations.ApiStatus$Internal)
[03Apr2026 19:03:35.613] [Thread-1/INFO] [STDERR/]: [java.lang.ThreadGroup:uncaughtException:1077]: java.util.ConcurrentModificationException
[03Apr2026 19:03:35.613] [Thread-1/INFO] [STDERR/]: [java.lang.ThreadGroup:uncaughtException:1077]: 	at java.base/java.util.LinkedHashMap$LinkedHashIterator.nextNode(LinkedHashMap.java:756)
[03Apr2026 19:03:35.613] [Thread-1/INFO] [STDERR/]: [java.lang.ThreadGroup:uncaughtException:1077]: 	at java.base/java.util.LinkedHashMap$LinkedValueIterator.next(LinkedHashMap.java:783)
[03Apr2026 19:03:35.613] [Thread-1/INFO] [STDERR/]: [java.lang.ThreadGroup:uncaughtException:1077]: 	at MC-BOOTSTRAP/cpw.mods.modlauncher@10.0.9/cpw.mods.modlauncher.LaunchPluginHandler.computeLaunchPluginTransformerSet(LaunchPluginHandler.java:68)
[03Apr2026 19:03:35.613] [Thread-1/INFO] [STDERR/]: [java.lang.ThreadGroup:uncaughtException:1077]: 	at MC-BOOTSTRAP/cpw.mods.modlauncher@10.0.9/cpw.mods.modlauncher.ClassTransformer.transform(ClassTransformer.java:64)
[03Apr2026 19:03:35.613] [Thread-1/INFO] [STDERR/]: [java.lang.ThreadGroup:uncaughtException:1077]: 	at MC-BOOTSTRAP/cpw.mods.modlauncher@10.0.9/cpw.mods.modlauncher.TransformingClassLoader.maybeTransformClassBytes(TransformingClassLoader.java:50)
[03Apr2026 19:03:35.614] [Thread-1/INFO] [STDERR/]: [java.lang.ThreadGroup:uncaughtException:1077]: 	at cpw.mods.securejarhandler/cpw.mods.cl.ModuleClassLoader.readerToClass(ModuleClassLoader.java:113)
[03Apr2026 19:03:35.614] [Thread-1/INFO] [STDERR/]: [java.lang.ThreadGroup:uncaughtException:1077]: 	at cpw.mods.securejarhandler/cpw.mods.cl.ModuleClassLoader.lambda$findClass$15(ModuleClassLoader.java:219)
[03Apr2026 19:03:35.614] [Thread-1/INFO] [STDERR/]: [java.lang.ThreadGroup:uncaughtException:1077]: 	at cpw.mods.securejarhandler/cpw.mods.cl.ModuleClassLoader.loadFromModule(ModuleClassLoader.java:229)
[03Apr2026 19:03:35.614] [Thread-1/INFO] [STDERR/]: [java.lang.ThreadGroup:uncaughtException:1077]: 	at cpw.mods.securejarhandler/cpw.mods.cl.ModuleClassLoader.findClass(ModuleClassLoader.java:219)
[03Apr2026 19:03:35.614] [Thread-1/INFO] [STDERR/]: [java.lang.ThreadGroup:uncaughtException:1077]: 	at cpw.mods.securejarhandler/cpw.mods.cl.ModuleClassLoader.loadClass(ModuleClassLoader.java:135)
[03Apr2026 19:03:35.614] [Thread-1/INFO] [STDERR/]: [java.lang.ThreadGroup:uncaughtException:1077]: 	at java.base/java.lang.ClassLoader.loadClass(ClassLoader.java:525)
[03Apr2026 19:03:35.614] [Thread-1/INFO] [STDERR/]: [java.lang.ThreadGroup:uncaughtException:1077]: 	at TRANSFORMER/modernfix@5.26.2+mc1.20.1/org.embeddedt.modernfix.forge.config.NightConfigWatchThrottler$1.values(NightConfigWatchThrottler.java:37)
[03Apr2026 19:03:35.614] [Thread-1/INFO] [STDERR/]: [java.lang.ThreadGroup:uncaughtException:1077]: 	at MC-BOOTSTRAP/com.electronwill.nightconfig.core@3.6.4/com.electronwill.nightconfig.core.file.FileWatcher$WatcherThread.run(FileWatcher.java:162)
[03Apr2026 19:03:35.615] [main/INFO] [MixinExtras|Service/]: Initializing MixinExtras via com.llamalad7.mixinextras.service.MixinExtrasServiceImpl(version=0.5.3).
[03Apr2026 19:03:35.809] [main/INFO] [mixin/]: Mixing client.MixinMinecraft from mixins/common/nochatreports.mixins.json into net.minecraft.client.Minecraft
[03Apr2026 19:03:36.030] [main/INFO] [Smooth Boot (Reloaded)/]: Smooth Boot (Reloaded) config initialized
[03Apr2026 19:03:36.059] [main/WARN] [mixin/]: Static binding violation: PRIVATE @Overwrite method m_216202_ in modernfix-modernfix.mixins.json:perf.tag_id_caching.TagOrElementLocationMixin from mod modernfix cannot reduce visibiliy of PUBLIC target method, visibility will be upgraded.
[03Apr2026 19:03:36.338] [main/WARN] [oshi.driver.windows.perfmon.PerfmonDisabled/]: Invalid registry value type detected for PerfOS counters. Should be REG_DWORD. Ignoring: HKEY_LOCAL_MACHINE\SYSTEM\CurrentControlSet\Services\PerfOS\Performance\Disable Performance Counters.
[03Apr2026 19:03:37.037] [main/INFO] [mixin/]: BeforeConstant is searching for constants in method with descriptor (Lnet/minecraft/network/chat/Component;Z)V
[03Apr2026 19:03:37.037] [main/INFO] [mixin/]:   BeforeConstant found INTEGER constant: value = 0, intValue = null
[03Apr2026 19:03:37.037] [main/INFO] [mixin/]:     BeforeConstant found a matching constant TYPE at ordinal 0
[03Apr2026 19:03:37.037] [main/INFO] [mixin/]:       BeforeConstant found Insn [ICONST_0] 
[03Apr2026 19:03:37.037] [main/INFO] [mixin/]:   BeforeConstant found INTEGER constant: value = 60, intValue = null
[03Apr2026 19:03:37.037] [main/INFO] [mixin/]:     BeforeConstant found a matching constant TYPE at ordinal 1
[03Apr2026 19:03:37.037] [main/INFO] [mixin/]:       BeforeConstant found IntInsn 60
[03Apr2026 19:03:37.072] [main/WARN] [mixin/]: Method overwrite conflict for m_7379_ in justlevelingfork.mixins.json:MixInventoryScreen from mod justlevelingfork, previously written by com.anthonyhilyard.highlighter.mixin.InventoryScreenMixin. Skipping method.
[03Apr2026 19:03:37.075] [main/INFO] [net.minecraftforge.coremod.CoreMod.attributeslib/COREMODLOG]: Patching EffectRenderingInventoryScreen#renderEffects
[03Apr2026 19:03:37.143] [main/INFO] [mixin/]: Mixing client.MixinTitleScreen from mixins/common/nochatreports.mixins.json into net.minecraft.client.gui.screens.TitleScreen
[03Apr2026 19:03:37.153] [main/INFO] [mixin/]: Mixing client.MixinChatScreen from mixins/common/nochatreports.mixins.json into net.minecraft.client.gui.screens.ChatScreen
[03Apr2026 19:03:37.153] [main/INFO] [mixin/]: Renaming synthetic method lambda$onInit$4()Lnet/minecraft/network/chat/Component; to mdea2b0a$nochatreports$lambda$onInit$4$0 in mixins/common/nochatreports.mixins.json:client.MixinChatScreen from mod nochatreports
[03Apr2026 19:03:37.153] [main/INFO] [mixin/]: Renaming synthetic method lambda$onInit$3(Lnet/minecraft/client/gui/components/Button;)V to mdea2b0a$nochatreports$lambda$onInit$3$1 in mixins/common/nochatreports.mixins.json:client.MixinChatScreen from mod nochatreports
[03Apr2026 19:03:37.153] [main/INFO] [mixin/]: Renaming synthetic method lambda$onInit$2()Lnet/minecraft/network/chat/Component; to mdea2b0a$nochatreports$lambda$onInit$2$2 in mixins/common/nochatreports.mixins.json:client.MixinChatScreen from mod nochatreports
[03Apr2026 19:03:37.153] [main/INFO] [mixin/]: Renaming synthetic method lambda$onInit$1(Lnet/minecraft/client/gui/components/Button;)V to mdea2b0a$nochatreports$lambda$onInit$1$3 in mixins/common/nochatreports.mixins.json:client.MixinChatScreen from mod nochatreports
[03Apr2026 19:03:37.153] [main/INFO] [mixin/]: Renaming synthetic method lambda$onBeforeMessage$0(Ljava/lang/String;Lorg/spongepowered/asm/mixin/injection/callback/CallbackInfoReturnable;Lcom/aizistral/nochatreports/common/encryption/Encryptor;)V to mdea2b0a$nochatreports$lambda$onBeforeMessage$0$4 in mixins/common/nochatreports.mixins.json:client.MixinChatScreen from mod nochatreports
[03Apr2026 19:03:37.206] [pool-4-thread-1/INFO] [net.minecraft.server.Bootstrap/]: ModernFix reached bootstrap stage (20.69 s after launch)
[03Apr2026 19:03:37.264] [pool-4-thread-1/INFO] [mixin/]: Mixing common.MixinFriendlyByteBuf from mixins/common/nochatreports.mixins.json into net.minecraft.network.FriendlyByteBuf
[03Apr2026 19:03:37.264] [pool-4-thread-1/INFO] [mixin/]: Renaming synthetic method lambda$onWriteJsonWithCodec$1(Ljava/lang/Object;Ljava/lang/String;)Lio/netty/handler/codec/EncoderException; to mdea2b0a$nochatreports$lambda$onWriteJsonWithCodec$1$0 in mixins/common/nochatreports.mixins.json:common.MixinFriendlyByteBuf from mod nochatreports
[03Apr2026 19:03:37.264] [pool-4-thread-1/INFO] [mixin/]: Renaming synthetic method lambda$onReadJsonWithCodec$0(Ljava/lang/String;)Lio/netty/handler/codec/DecoderException; to mdea2b0a$nochatreports$lambda$onReadJsonWithCodec$0$1 in mixins/common/nochatreports.mixins.json:common.MixinFriendlyByteBuf from mod nochatreports
[03Apr2026 19:03:37.280] [pool-4-thread-1/WARN] [mixin/]: @Final field delegatesByName:Ljava/util/Map; in modernfix-modernfix.mixins.json:perf.forge_registry_alloc.ForgeRegistryMixin from mod modernfix should be final
[03Apr2026 19:03:37.280] [pool-4-thread-1/WARN] [mixin/]: @Final field delegatesByValue:Ljava/util/Map; in modernfix-modernfix.mixins.json:perf.forge_registry_alloc.ForgeRegistryMixin from mod modernfix should be final
[03Apr2026 19:03:37.383] [pool-4-thread-1/INFO] [ModernFix/]: Injecting BlockStateBase cache population hook into getOpacityIfCached from ca.spottedleaf.starlight.mixin.common.blockstate.BlockStateBaseMixin
[03Apr2026 19:03:37.383] [pool-4-thread-1/INFO] [ModernFix/]: Injecting BlockStateBase cache population hook into getNeighborPathNodeType from com.abdelaziz.canary.mixin.ai.pathing.BlockStateBaseMixin
[03Apr2026 19:03:37.383] [pool-4-thread-1/INFO] [ModernFix/]: Injecting BlockStateBase cache population hook into getPathNodeType from com.abdelaziz.canary.mixin.ai.pathing.BlockStateBaseMixin
[03Apr2026 19:03:37.383] [pool-4-thread-1/INFO] [ModernFix/]: Injecting BlockStateBase cache population hook into isConditionallyFullOpaque from ca.spottedleaf.starlight.mixin.common.blockstate.BlockStateBaseMixin
[03Apr2026 19:03:37.566] [pool-4-thread-1/INFO] [net.minecraftforge.coremod.CoreMod.apotheosis/COREMODLOG]: Replaced 2 calls to Enchantment#getMaxLevel() in net/minecraft/world/item/CreativeModeTabs
[03Apr2026 19:03:37.705] [pool-4-thread-1/INFO] [com.cupboard.Cupboard/]: Loaded config for: biomemusic.json
[03Apr2026 19:03:37.710] [pool-4-thread-1/INFO] [net.minecraft.server.Bootstrap/]: Vanilla bootstrap took 502 milliseconds
[03Apr2026 19:03:37.749] [pool-4-thread-1/WARN] [mixin/]: @ModifyConstant conflict. Skipping connectivity.mixins.json:ClientBoundCustomPayloadPacketLMixin from mod connectivity->@ModifyConstant::modifyLimit(I)I with priority 1, already redirected by packetfixer.v1_19_4.forge.mixins.json:v1_19_4_forge.ClientboundCustomPayloadPacketMixin from mod packetfixer->@ModifyConstant::packetfixer$newSize(I)I with priority 1000
[03Apr2026 19:03:37.750] [pool-4-thread-1/WARN] [mixin/]: @ModifyConstant conflict. Skipping connectivity.mixins.json:ClientBoundCustomPayloadPacketLMixin from mod connectivity->@ModifyConstant::modifyLimit(I)I with priority 1, already redirected by packetfixer.v1_19_4.forge.mixins.json:v1_19_4_forge.ClientboundCustomPayloadPacketMixin from mod packetfixer->@ModifyConstant::packetfixer$newSize(I)I with priority 1000
[03Apr2026 19:03:37.834] [pool-4-thread-1/INFO] [net.minecraftforge.coremod.CoreMod.apotheosis/COREMODLOG]: Replaced 1 calls to Enchantment#getMaxLevel() in org/violetmoon/quark/content/experimental/module/GameNerfsModule
[03Apr2026 19:03:38.247] [pool-4-thread-1/INFO] [net.minecraftforge.coremod.CoreMod.apotheosis/COREMODLOG]: Replaced 5 calls to Enchantment#getMaxLevel() in org/violetmoon/quark/content/tools/module/AncientTomesModule
[03Apr2026 19:03:38.267] [pool-4-thread-1/INFO] [net.minecraftforge.coremod.CoreMod.placebo/COREMODLOG]: Patching IForgeItemStack#getEnchantmentLevel
[03Apr2026 19:03:38.267] [pool-4-thread-1/INFO] [net.minecraftforge.coremod.CoreMod.placebo/COREMODLOG]: Patching IForgeItemStack#getEnchantmentLevel
[03Apr2026 19:03:38.381] [pool-4-thread-1/INFO] [net.minecraftforge.coremod.CoreMod.apotheosis/COREMODLOG]: Replaced 2 calls to Enchantment#getMaxLevel() in net/minecraft/world/inventory/AnvilMenu
[03Apr2026 19:03:38.947] [pool-4-thread-1/INFO] [mixin/]: savage_and_ravage.mixins.json:RaiderAccessor from mod savage_and_ravage->@Accessor[FIELD_GETTER]::getIsCelebrating()Lnet/minecraft/network/syncher/EntityDataAccessor; should be static as its target is
[03Apr2026 19:03:39.240] [pool-4-thread-1/INFO] [net.minecraftforge.coremod.CoreMod.apotheosis/COREMODLOG]: Patching FishingHook#catchingFish
[03Apr2026 19:03:39.284] [pool-4-thread-1/INFO] [mixin/]: Mixing server.MixinServerGamePacketListenerImpl from mixins/common/nochatreports.mixins.json into net.minecraft.server.network.ServerGamePacketListenerImpl
[03Apr2026 19:03:39.295] [pool-4-thread-1/WARN] [mixin/]: @ModifyConstant conflict. Skipping packetfixer.v1_19_4.forge.mixins.json:v1_19_4_forge.ServerGamePacketListenerImplMixin from mod packetfixer->@ModifyConstant::packetfixer$tick(J)J with priority 1000, already redirected by connectivity.mixins.json:ServerPlayNetHandlerMixin from mod connectivity->@ModifyConstant::playTimeout(J)J with priority 1001
[03Apr2026 19:03:39.521] [pool-4-thread-1/INFO] [mixin/]: apoli.mixins.json:ItemSlotArgumentTypeAccessor from mod apoli->@Accessor[FIELD_GETTER]::getSlotNamesToSlotCommandId()Ljava/util/Map; should be static as its target is
[03Apr2026 19:03:39.549] [pool-4-thread-1/INFO] [net.minecraftforge.coremod.CoreMod.apotheosis/COREMODLOG]: Replaced 1 calls to Enchantment#getMaxLevel() in net/minecraft/world/level/storage/loot/functions/EnchantRandomlyFunction
[03Apr2026 19:03:39.549] [pool-4-thread-1/INFO] [net.minecraftforge.coremod.CoreMod.apotheosis/COREMODLOG]: Replaced 1 calls to Enchantment#isDiscoverable() in net/minecraft/world/level/storage/loot/functions/EnchantRandomlyFunction
[03Apr2026 19:03:39.840] [pool-4-thread-1/WARN] [mixin/]: Static binding violation: PRIVATE @Overwrite method m_47505_ in modernfix-modernfix.mixins.json:perf.remove_biome_temperature_cache.BiomeMixin from mod modernfix cannot reduce visibiliy of PUBLIC target method, visibility will be upgraded.
[03Apr2026 19:03:40.061] [main/INFO] [mixin/]: mixins.codechickenlib.json:ShaderInstanceMixin from mod codechickenlib->@Invoker[METHOD_PROXY]::callGetOrCreate(Lnet/minecraft/server/packs/resources/ResourceProvider;Lcom/mojang/blaze3d/shaders/Program$Type;Ljava/lang/String;)Lcom/mojang/blaze3d/shaders/Program; should be static as its target is
[03Apr2026 19:03:40.216] [Render thread/WARN] [net.minecraft.server.packs.VanillaPackResourcesBuilder/]: Assets URL 'union:/C:/Users/Silvaria%20Zemaitis/AppData/Roaming/PrismLauncher/libraries/net/minecraft/client/1.20.1-20230612.114412/client-1.20.1-20230612.114412-srg.jar%231076!/assets/.mcassetsroot' uses unexpected schema
[03Apr2026 19:03:40.216] [Render thread/WARN] [net.minecraft.server.packs.VanillaPackResourcesBuilder/]: Assets URL 'union:/C:/Users/Silvaria%20Zemaitis/AppData/Roaming/PrismLauncher/libraries/net/minecraft/client/1.20.1-20230612.114412/client-1.20.1-20230612.114412-srg.jar%231076!/data/.mcassetsroot' uses unexpected schema
[03Apr2026 19:03:40.234] [Render thread/INFO] [com.mojang.authlib.yggdrasil.YggdrasilAuthenticationService/]: Environment: authHost='https://authserver.mojang.com', accountsHost='https://api.mojang.com', sessionHost='https://sessionserver.mojang.com', servicesHost='https://api.minecraftservices.com', name='PROD'
[03Apr2026 19:03:40.240] [Render thread/INFO] [mixin/]: Mixing client.MixinYggdrasilUserApiService from mixins/common/nochatreports.mixins.json into com.mojang.authlib.yggdrasil.YggdrasilUserApiService
[03Apr2026 19:03:40.797] [Render thread/INFO] [net.minecraft.client.Minecraft/]: Setting user: silvieserene
[03Apr2026 19:03:40.849] [Render thread/INFO] [ModernFix/]: Bypassed Mojang DFU
[03Apr2026 19:03:40.849] [Render thread/INFO] [mixin/]: Mixing client.MixinToastComponent from mixins/common/nochatreports.mixins.json into net.minecraft.client.gui.components.toasts.ToastComponent
[03Apr2026 19:03:40.868] [Render thread/INFO] [mixin/]: Mixing client.MixinOptions from mixins/common/nochatreports.mixins.json into net.minecraft.client.Options
[03Apr2026 19:03:40.868] [Render thread/INFO] [mixin/]: Renaming synthetic method lambda$onlyShowSecureChat$0(Ljava/lang/Boolean;)V to mdea2b0a$nochatreports$lambda$onlyShowSecureChat$0$0 in mixins/common/nochatreports.mixins.json:client.MixinOptions from mod nochatreports
[03Apr2026 19:03:40.890] [Render thread/INFO] [mixin/]: Mixing client.MixinChatComponent from mixins/common/nochatreports.mixins.json into net.minecraft.client.gui.components.ChatComponent
[03Apr2026 19:03:40.890] [Render thread/INFO] [mixin/]: Renaming synthetic method lambda$modifyGUIMessage$1()V to mdea2b0a$nochatreports$lambda$modifyGUIMessage$1$0 in mixins/common/nochatreports.mixins.json:client.MixinChatComponent from mod nochatreports
[03Apr2026 19:03:40.890] [Render thread/INFO] [mixin/]: Renaming synthetic method lambda$modifyGUIMessage$0(Lnet/minecraft/network/chat/FormattedText;Lnet/minecraft/network/chat/Component;)V to mdea2b0a$nochatreports$lambda$modifyGUIMessage$0$1 in mixins/common/nochatreports.mixins.json:client.MixinChatComponent from mod nochatreports
[03Apr2026 19:03:40.893] [Render thread/INFO] [mixin/]: BeforeConstant is searching for constants in method with descriptor (Lnet/minecraft/network/chat/Component;Lnet/minecraft/client/GuiMessageTag;)V
[03Apr2026 19:03:40.893] [Render thread/INFO] [mixin/]:   BeforeConstant found STRING constant: value = , stringValue = null
[03Apr2026 19:03:40.893] [Render thread/INFO] [mixin/]:     BeforeConstant found a matching constant TYPE at ordinal 0
[03Apr2026 19:03:40.893] [Render thread/INFO] [mixin/]:       BeforeConstant found LdcInsn 
[03Apr2026 19:03:40.893] [Render thread/INFO] [mixin/]:   BeforeConstant found STRING constant: value = \\r, stringValue = null
[03Apr2026 19:03:40.893] [Render thread/INFO] [mixin/]:     BeforeConstant found a matching constant TYPE at ordinal 1
[03Apr2026 19:03:40.893] [Render thread/INFO] [mixin/]:       BeforeConstant found LdcInsn \\r
[03Apr2026 19:03:40.893] [Render thread/INFO] [mixin/]:   BeforeConstant found STRING constant: value = 
, stringValue = null
[03Apr2026 19:03:40.893] [Render thread/INFO] [mixin/]:     BeforeConstant found a matching constant TYPE at ordinal 2
[03Apr2026 19:03:40.893] [Render thread/INFO] [mixin/]:       BeforeConstant found LdcInsn 

[03Apr2026 19:03:40.893] [Render thread/INFO] [mixin/]:   BeforeConstant found STRING constant: value = \\n, stringValue = null
[03Apr2026 19:03:40.893] [Render thread/INFO] [mixin/]:     BeforeConstant found a matching constant TYPE at ordinal 3
[03Apr2026 19:03:40.893] [Render thread/INFO] [mixin/]:       BeforeConstant found LdcInsn \\n
[03Apr2026 19:03:40.894] [Render thread/INFO] [mixin/]:   BeforeConstant found CLASS constant: value = Ljava/lang/String;, typeValue = null
[03Apr2026 19:03:40.894] [Render thread/INFO] [mixin/]:   BeforeConstant found STRING constant: value = [{}] [CHAT] {}, stringValue = null
[03Apr2026 19:03:40.894] [Render thread/INFO] [mixin/]:     BeforeConstant found a matching constant TYPE at ordinal 4
[03Apr2026 19:03:40.894] [Render thread/INFO] [mixin/]:       BeforeConstant found LdcInsn [{}] [CHAT] {}
[03Apr2026 19:03:40.894] [Render thread/INFO] [mixin/]:   BeforeConstant found STRING constant: value = [CHAT] {}, stringValue = null
[03Apr2026 19:03:40.894] [Render thread/INFO] [mixin/]:     BeforeConstant found a matching constant TYPE at ordinal 5
[03Apr2026 19:03:40.894] [Render thread/INFO] [mixin/]:       BeforeConstant found LdcInsn [CHAT] {}
[03Apr2026 19:03:40.897] [Render thread/INFO] [mixin/]: Mixing client.MixinGuiMessageTagIcon from mixins/common/nochatreports.mixins.json into net.minecraft.client.GuiMessageTag$Icon
[03Apr2026 19:03:40.897] [Render thread/INFO] [mixin/]: Renaming @Invoker method create(Ljava/lang/String;IIIII)Lnet/minecraft/client/GuiMessageTag$Icon; to create$nochatreports_$md$ea2b0a$0 in mixins/common/nochatreports.mixins.json:client.MixinGuiMessageTagIcon from mod nochatreports
[03Apr2026 19:03:40.903] [Render thread/INFO] [mixin/]: amecsapi.mixins.json:KeyMappingLookupAccessor from mod amecsapi->@Accessor[FIELD_GETTER]::getMap()Ljava/util/EnumMap; should be static as its target is
[03Apr2026 19:03:40.933] [Render thread/INFO] [ModernFix/]: Instantiating Mojang DFU
[03Apr2026 19:03:41.185] [Brewin' and Chewin' Datafixer Bootstrap/INFO] [com.mojang.datafixers.DataFixerBuilder/]: 1 Datafixer optimizations took 3 milliseconds
[03Apr2026 19:03:41.208] [Render thread/INFO] [net.minecraft.client.Options/]: Added resource packs: [mod_resources, vanilla, pridepack8.0.1.zip, fabric, builtin/aether_ctm_fix, Moonlight Mods Dynamic Assets]
[03Apr2026 19:03:41.208] [Datafixer Bootstrap/INFO] [com.cupboard.Cupboard/]: Loaded config for: connectivity.json
[03Apr2026 19:03:41.213] [Render thread/INFO] [net.minecraft.client.Minecraft/]: Backend library: LWJGL version 3.3.1 build 7
[03Apr2026 19:03:41.244] [Render thread/INFO] [KubeJS/]: Loaded client.properties
[03Apr2026 19:03:41.247] [Render thread/WARN] [Embeddium-NvidiaWorkarounds/]: Applying workaround: Prevent the NVIDIA OpenGL driver from using broken optimizations (NVIDIA_THREADED_OPTIMIZATIONS)
[03Apr2026 19:03:41.251] [Render thread/ERROR] [Embeddium-MixinTaintDetector/]: Mod mixin into Embeddium internals detected. This instance is now tainted. The Embeddium team does not provide any guarantee of support for issues encountered while such mods are installed.
[03Apr2026 19:03:41.252] [Render thread/WARN] [Embeddium-MixinTaintDetector/]: Mod(s) [oculus] are modifying Embeddium class me.jellysquid.mods.sodium.client.gui.SodiumGameOptions, which may cause instability.
[03Apr2026 19:03:41.253] [Datafixer Bootstrap/INFO] [com.mojang.datafixers.DataFixerBuilder/]: 188 Datafixer optimizations took 74 milliseconds
[03Apr2026 19:03:41.263] [Render thread/INFO] [Embeddium-PostlaunchChecks/]: OpenGL Vendor: NVIDIA Corporation
[03Apr2026 19:03:41.263] [Render thread/INFO] [Embeddium-PostlaunchChecks/]: OpenGL Renderer: NVIDIA GeForce RTX 5070 Ti/PCIe/SSE2
[03Apr2026 19:03:41.263] [Render thread/INFO] [Embeddium-PostlaunchChecks/]: OpenGL Version: 4.6.0 NVIDIA 591.86
[03Apr2026 19:03:41.263] [Render thread/WARN] [Embeddium-PostlaunchChecks/]: Enabling secondary workaround for NVIDIA threaded optimizations
[03Apr2026 19:03:41.293] [Render thread/INFO] [ImmediatelyFast/]: Initializing ImmediatelyFast 1.5.4+1.20.4 on NVIDIA GeForce RTX 5070 Ti/PCIe/SSE2 (NVIDIA Corporation) with OpenGL 4.6.0 NVIDIA 591.86
[03Apr2026 19:03:41.293] [Render thread/INFO] [ImmediatelyFast/]: Found Iris/Oculus 1.8.0. Enabling compatibility.
[03Apr2026 19:03:41.424] [Render thread/INFO] [Oculus/]: Debug functionality is disabled.
[03Apr2026 19:03:41.426] [Render thread/INFO] [Oculus/]: OpenGL 4.5 detected, enabling DSA.
[03Apr2026 19:03:41.435] [Render thread/INFO] [Oculus/]: Shaders are disabled because no valid shaderpack is selected
[03Apr2026 19:03:41.435] [Render thread/INFO] [Oculus/]: Shaders are disabled
[03Apr2026 19:03:41.761] [modloading-worker-0/INFO] [STDOUT/]: [net.valhelsia.valhelsia_core.api.common.item.tab.forge.CreativeTabFactoryImpl:create:15]: TEST
[03Apr2026 19:03:41.762] [modloading-worker-0/INFO] [STDOUT/]: [net.valhelsia.valhelsia_core.api.common.item.tab.forge.CreativeTabFactoryImpl:create:21]: TEST2
[03Apr2026 19:03:41.775] [modloading-worker-0/INFO] [mixin/]: Mixing client.MixinClientConnection from mixins/forge/nochatreports-forge.mixins.json into net.minecraft.network.Connection
[03Apr2026 19:03:41.842] [modloading-worker-0/INFO] [com.alessandro.astagespufferfishskills.AstagesPufferFishSkills/]: Started AStages-PufferFish Skill's reward register!
[03Apr2026 19:03:41.846] [modloading-worker-0/WARN] [Embeddium-MixinTaintDetector/]: Mod(s) [oculus, embeddium_extra] are modifying Embeddium class me.jellysquid.mods.sodium.client.gui.SodiumOptionsGUI, which may cause instability.
[03Apr2026 19:03:41.856] [modloading-worker-0/INFO] [com.alessandro.astagespufferfishskills.AstagesPufferFishSkills/]: Finished AStages-PufferFish Skill's reward register!
[03Apr2026 19:03:41.901] [modloading-worker-0/INFO] [PluginManager/]: Scanning classes for industrialforegoing
[03Apr2026 19:03:41.909] [modloading-worker-0/INFO] [PluginManager/]: Found FeaturePluginInstance for class PatchouliPlugin for plugin patchouli
[03Apr2026 19:03:41.910] [modloading-worker-0/INFO] [PluginManager/]: Found FeaturePluginInstance for class CuriosPlugin for plugin curios
[03Apr2026 19:03:41.911] [modloading-worker-0/INFO] [PluginManager/]: Constructed class PatchouliPlugin for plugin patchouli for mod industrialforegoing
[03Apr2026 19:03:41.911] [modloading-worker-0/INFO] [PluginManager/]: Constructed class CuriosPlugin for plugin curios for mod industrialforegoing
[03Apr2026 19:03:41.912] [modloading-worker-0/INFO] [PluginManager/]: Executing phase CONSTRUCTION for plugin class PatchouliPlugin
[03Apr2026 19:03:41.923] [modloading-worker-0/INFO] [PluginManager/]: Executing phase CONSTRUCTION for plugin class CuriosPlugin
[03Apr2026 19:03:41.979] [modloading-worker-0/WARN] [mixin/]: @Redirect conflict. Skipping forge-badoptimizations.mixins.json:MixinWorldRenderer from mod (unknown)->@Redirect::getSkyAngle(Lnet/minecraft/client/multiplayer/ClientLevel;F)F with priority 700, already redirected by citadel.mixins.json:client.LevelRendererMixin from mod citadel->@Redirect::citadel_getTimeOfDay(Lnet/minecraft/client/multiplayer/ClientLevel;F)F with priority 1000
[03Apr2026 19:03:41.994] [modloading-worker-0/INFO] [PluginManager/]: Executing phase PRE_INIT for plugin class PatchouliPlugin
[03Apr2026 19:03:41.994] [modloading-worker-0/INFO] [PluginManager/]: Executing phase PRE_INIT for plugin class CuriosPlugin
[03Apr2026 19:03:41.995] [modloading-worker-0/INFO] [Better Compatibility Checker/]: Better Compatibility Checker starting
[03Apr2026 19:03:42.222] [modloading-worker-0/INFO] [PluginManager/]: Executing phase INIT for plugin class PatchouliPlugin
[03Apr2026 19:03:42.222] [modloading-worker-0/INFO] [PluginManager/]: Executing phase INIT for plugin class CuriosPlugin
[03Apr2026 19:03:42.256] [modloading-worker-0/INFO] [mixin/]: Mixing server.MixinPlayerList from mixins/common/nochatreports.mixins.json into net.minecraft.server.players.PlayerList
[03Apr2026 19:03:42.267] [modloading-worker-0/INFO] [net.minecraftforge.coremod.CoreMod.apotheosis/COREMODLOG]: Replaced 1 calls to Enchantment#getMaxLevel() in net/minecraft/world/entity/npc/VillagerTrades$EnchantBookForEmeralds
[03Apr2026 19:03:42.267] [modloading-worker-0/INFO] [net.minecraftforge.coremod.CoreMod.apotheosis/COREMODLOG]: Replaced 1 calls to Enchantment#isTreasureOnly() in net/minecraft/world/entity/npc/VillagerTrades$EnchantBookForEmeralds
[03Apr2026 19:03:42.267] [modloading-worker-0/INFO] [net.minecraftforge.coremod.CoreMod.apotheosis/COREMODLOG]: Replaced 1 calls to Enchantment#isTradeable() in net/minecraft/world/entity/npc/VillagerTrades$EnchantBookForEmeralds
[03Apr2026 19:03:42.305] [modloading-worker-0/INFO] [PluginManager/]: Executing phase POST_INIT for plugin class PatchouliPlugin
[03Apr2026 19:03:42.305] [modloading-worker-0/INFO] [PluginManager/]: Executing phase POST_INIT for plugin class CuriosPlugin
[03Apr2026 19:03:42.305] [modloading-worker-0/WARN] [APTweaks(Spawn)/]: ? The log level for APTweaks(Spawn) is set to ALL, this will log all debug information and will cause performance issues. This is expected in a developer environment or during large-scale troubleshooting. However, rest assured, to mitigate performance concerns, the debug mode for this module has been automatically adjusted to an info level! If you require debug information, simply use the /aptweaks debug <module> command to re-enable debug mode.
[03Apr2026 19:03:42.306] [modloading-worker-0/WARN] [APTweaks(Spawn)/]: Adjusting log level for APTweaks(Spawn) from ALL to INFO, for performance reasons!
[03Apr2026 19:03:42.306] [modloading-worker-0/INFO] [APTweaks(Core)/]: Changing log level for APTweaks(Spawn) from ALL to INFO
[03Apr2026 19:03:42.310] [modloading-worker-0/INFO] [APTweaks(Spawn)/]: Registering Adaptive Performance Tweaks: Spawn common config ...
[03Apr2026 19:03:42.323] [modloading-worker-0/INFO] [APTweaks(Spawn)/]: Registering Adaptive Performance Tweaks: Spawn Alex's Mobs spawn config ...
[03Apr2026 19:03:42.325] [modloading-worker-0/INFO] [APTweaks(Spawn)/]: Registering Adaptive Performance Tweaks: Spawn Aquaculture 2 spawn config ...
[03Apr2026 19:03:42.326] [modloading-worker-0/INFO] [APTweaks(Spawn)/]: Registering Adaptive Performance Tweaks: Spawn Born in Chaos Spawn config ...
[03Apr2026 19:03:42.328] [modloading-worker-0/INFO] [APTweaks(Spawn)/]: Registering Adaptive Performance Tweaks: Spawn Custom spawn config ...
[03Apr2026 19:03:42.330] [modloading-worker-0/INFO] [APTweaks(Spawn)/]: Registering Adaptive Performance Tweaks: Spawn Exotic Birds spawn config ...
[03Apr2026 19:03:42.331] [modloading-worker-0/INFO] [APTweaks(Spawn)/]: Registering Adaptive Performance Tweaks: Spawn Fish's Undead Rising spawn config ...
[03Apr2026 19:03:42.333] [modloading-worker-0/INFO] [APTweaks(Spawn)/]: Registering Adaptive Performance Tweaks: Spawn Friends and Foes spawn config ...
[03Apr2026 19:03:42.334] [modloading-worker-0/INFO] [APTweaks(Spawn)/]: Registering Adaptive Performance Tweaks: Spawn Gothic RPG spawn config ...
[03Apr2026 19:03:42.336] [modloading-worker-0/INFO] [APTweaks(Spawn)/]: Registering Adaptive Performance Tweaks: Spawn Infernal Expansion spawn config ...
[03Apr2026 19:03:42.339] [modloading-worker-0/INFO] [APTweaks(Spawn)/]: Registering Adaptive Performance Tweaks: Spawn Mekanism Additions spawn config ...
[03Apr2026 19:03:42.340] [modloading-worker-0/INFO] [Puzzles Lib/]: Constructing common components for mutantmonsters:main
[03Apr2026 19:03:42.341] [modloading-worker-0/INFO] [APTweaks(Spawn)/]: Registering Adaptive Performance Tweaks: Spawn Minecraft Spawn config ...
[03Apr2026 19:03:42.342] [modloading-worker-0/INFO] [net.blay09.mods.balm.forge.config.ForgeBalmConfig/]: Registering config for prettybeaches:common (COMMON) with 3 properties.
[03Apr2026 19:03:42.342] [modloading-worker-0/INFO] [APTweaks(Spawn)/]: Registering Adaptive Performance Tweaks: Spawn Nether Spawn config ...
[03Apr2026 19:03:42.344] [modloading-worker-0/INFO] [APTweaks(Spawn)/]: Registering Adaptive Performance Tweaks: Spawn Panthalassa spawn config ...
[03Apr2026 19:03:42.345] [modloading-worker-0/INFO] [APTweaks(Spawn)/]: Registering Adaptive Performance Tweaks: Spawn Quark spawn config ...
[03Apr2026 19:03:42.347] [modloading-worker-0/INFO] [APTweaks(Spawn)/]: Registering Adaptive Performance Tweaks: Spawn Tinkers Construct spawn config ...
[03Apr2026 19:03:42.348] [modloading-worker-0/INFO] [APTweaks(Spawn)/]: Registering Adaptive Performance Tweaks: Spawn Untamed Wilds spawn config ...
[03Apr2026 19:03:42.349] [modloading-worker-0/INFO] [APTweaks(Spawn)/]: Registering Adaptive Performance Tweaks: Spawn Untitled Duck Mod spawn config ...
[03Apr2026 19:03:42.355] [modloading-worker-0/INFO] [Puzzles Lib/]: Constructing common components for visualworkbench:main
[03Apr2026 19:03:42.358] [modloading-worker-0/INFO] [com.jtorleonstudios.libraryferret.LibraryFerret/]: Initialize mod Library Ferret
[03Apr2026 19:03:42.377] [modloading-worker-0/WARN] [mixin/]: @Redirect conflict. Skipping servercore.common.mixins.json:optimizations.ticking.chunk.cache.ServerChunkCacheMixin from mod servercore->@Redirect::servercore$noList(I)Ljava/util/ArrayList; with priority 900, already redirected by canary.mixins.json:alloc.chunk_ticking.ServerChunkCacheMixin from mod canary->@Redirect::redirectChunksListClone(I)Ljava/util/ArrayList; with priority 1000
[03Apr2026 19:03:42.383] [modloading-worker-0/INFO] [com.jtorleonstudios.libraryferret.LibraryFerret/]: Initialized mod Library Ferret
[03Apr2026 19:03:42.444] [modloading-worker-0/INFO] [Puzzles Lib/]: Constructing client components for visualworkbench:main
[03Apr2026 19:03:42.448] [modloading-worker-0/INFO] [net.blay09.mods.balm.forge.config.ForgeBalmConfig/]: Registering config for farmingforblockheads:common (COMMON) with 8 properties.
[03Apr2026 19:03:42.456] [modloading-worker-0/INFO] [top.theillusivec4.champions.Champions/]: Use Newer forge ResourceLocation method champions:for_test_usage
[03Apr2026 19:03:42.474] [modloading-worker-0/INFO] [Puzzles Lib/]: Constructing client components for mutantmonsters:main
[03Apr2026 19:03:42.501] [modloading-worker-0/INFO] [de.melanx.extradisks.ExtraDisks/]: 14 blocks registered.
[03Apr2026 19:03:42.501] [modloading-worker-0/INFO] [de.melanx.extradisks.ExtraDisks/]: 29 items registered.
[03Apr2026 19:03:42.501] [modloading-worker-0/INFO] [de.melanx.extradisks.ExtraDisks/]: 13 tiles registered.
[03Apr2026 19:03:42.501] [modloading-worker-0/INFO] [de.melanx.extradisks.ExtraDisks/]: 13 containers registered.
[03Apr2026 19:03:42.532] [modloading-worker-0/INFO] [necronomicon/]: Necronomicon Initialized
[03Apr2026 19:03:42.535] [modloading-worker-0/INFO] [necronomicon/]: File exists, reading config for elocindev.necronomicon.NecronomiconConfig.
[03Apr2026 19:03:42.535] [modloading-worker-0/INFO] [necronomicon/]: Config for elocindev.necronomicon.NecronomiconConfig read successfully.
[03Apr2026 19:03:42.541] [modloading-worker-0/INFO] [necronomicon/]: there is a brick about to fall through your roof at terminal velocity
[03Apr2026 19:03:42.541] [modloading-worker-0/INFO] [necronomicon/]: there is a brick about to fall through your roof at terminal velocity
[03Apr2026 19:03:42.568] [modloading-worker-0/INFO] [Ksyxis/MOD_KSYXIS]: Ksyxis: Booting... (platform: Forge/KForge, manual: false)
[03Apr2026 19:03:42.568] [modloading-worker-0/INFO] [Ksyxis/MOD_KSYXIS]: Ksyxis: Ready. As always, this mod will speed up your world loading and might or might not break it. (mixinVersion: 0.8.5, time: 0 ms)
[03Apr2026 19:03:42.578] [modloading-worker-0/INFO] [Calio/]: Calio 1.20.1-1.11.0.5 initializing...
[03Apr2026 19:03:42.651] [modloading-worker-0/INFO] [mixin/]: Mixing client.MixinClientPacketListener from mixins/common/nochatreports.mixins.json into net.minecraft.client.multiplayer.ClientPacketListener
[03Apr2026 19:03:42.651] [modloading-worker-0/INFO] [mixin/]: Mixing client.MixinClientPacketListener from mixins/forge/nochatreports-forge.mixins.json into net.minecraft.client.multiplayer.ClientPacketListener
[03Apr2026 19:03:42.663] [modloading-worker-0/WARN] [mixin/]: @Inject(@At("INVOKE")) Shift.BY=5 on attributeslib.mixins.json:client.ClientPacketListenerMixin from mod attributeslib::handler$blg000$attributeslib$apoth_postAttrChangedEvent exceeds the maximum allowed value: 0. Increase the value of maxShiftBy to suppress this warning.
[03Apr2026 19:03:42.698] [Structurize IO Worker #0/INFO] [structurize/]: Registered structure pack: silvieserene
[03Apr2026 19:03:42.698] [Structurize IO Worker #0/WARN] [structurize/]: Finished discovering Client Structure packs
[03Apr2026 19:03:42.710] [modloading-worker-0/ERROR] [structurize/]: ----------------------------------------------------------------- 
 Invalid DataFixer detected, schematics might not paste correctly! 
The following DataFixer was added: class org.embeddedt.modernfix.dfu.LazyDataFixer
-----------------------------------------------------------------
[03Apr2026 19:03:42.774] [modloading-worker-0/INFO] [insane96mcp.insanelib.InsaneLib/]: Found (COMMON) InsaneLib Feature class insane96mcp.insanelib.module.base.FixesFeature
[03Apr2026 19:03:42.780] [modloading-worker-0/INFO] [insane96mcp.insanelib.InsaneLib/]: Found (COMMON) InsaneLib Feature class insane96mcp.insanelib.module.base.TagsFeature
[03Apr2026 19:03:42.784] [modloading-worker-0/INFO] [insane96mcp.insanelib.InsaneLib/]: Found (COMMON) InsaneLib Feature class insane96mcp.insanelib.module.base.TimeStopNoPlayerOnline
[03Apr2026 19:03:42.795] [modloading-worker-0/INFO] [insane96mcp.insanelib.InsaneLib/]: Found (COMMON) InsaneLib Feature class insane96mcp.insanelib.module.base.betterfallingblocks.BetterFallingBlocks
[03Apr2026 19:03:42.858] [modloading-worker-0/INFO] [insane96mcp.insanelib.InsaneLib/]: Found (COMMON) InsaneLib Feature class insane96mcp.progressivebosses.module.dragon.DragonFeature
[03Apr2026 19:03:42.902] [modloading-worker-0/INFO] [insane96mcp.insanelib.InsaneLib/]: Found (COMMON) InsaneLib Feature class insane96mcp.progressivebosses.module.elderguardian.ElderGuardianFeature
[03Apr2026 19:03:42.906] [modloading-worker-0/INFO] [Bookshelf/]: Fixing MC-151457. Crafting remainder for minecraft:pufferfish_bucket is now minecraft:bucket.
[03Apr2026 19:03:42.906] [modloading-worker-0/INFO] [Bookshelf/]: Fixing MC-151457. Crafting remainder for minecraft:salmon_bucket is now minecraft:bucket.
[03Apr2026 19:03:42.906] [modloading-worker-0/INFO] [Bookshelf/]: Fixing MC-151457. Crafting remainder for minecraft:cod_bucket is now minecraft:bucket.
[03Apr2026 19:03:42.906] [modloading-worker-0/INFO] [Bookshelf/]: Fixing MC-151457. Crafting remainder for minecraft:tropical_fish_bucket is now minecraft:bucket.
[03Apr2026 19:03:42.906] [modloading-worker-0/INFO] [Bookshelf/]: Fixing MC-151457. Crafting remainder for minecraft:axolotl_bucket is now minecraft:bucket.
[03Apr2026 19:03:42.906] [modloading-worker-0/INFO] [Bookshelf/]: Fixing MC-151457. Crafting remainder for minecraft:powder_snow_bucket is now minecraft:bucket.
[03Apr2026 19:03:42.906] [modloading-worker-0/INFO] [Bookshelf/]: Fixing MC-151457. Crafting remainder for minecraft:tadpole_bucket is now minecraft:bucket.
[03Apr2026 19:03:42.908] [modloading-worker-0/INFO] [insane96mcp.insanelib.InsaneLib/]: Found (COMMON) InsaneLib Feature class insane96mcp.progressivebosses.module.wither.WitherFeature
[03Apr2026 19:03:43.280] [modloading-worker-0/INFO] [Entity Texture Features/]: Loading Entity Texture Features, Lisa needs braces.
[03Apr2026 19:03:43.333] [modloading-worker-0/INFO] [Entity Texture Features/]: [ETF]: Modifying ETF Render State constructor because: for EMF
[03Apr2026 19:03:43.335] [modloading-worker-0/INFO] [traben.entity_model_features.EMF/]: Loading Entity Model Features, the ETA is a lie.
[03Apr2026 19:03:43.418] [modloading-worker-0/INFO] [fr.samlegamer.mcwbiomesoplenty.McwBOP/]: Macaw's Biomes O' Plenty Loading...
[03Apr2026 19:03:43.424] [modloading-worker-0/INFO] [fr.samlegamer.addonslib.AddonsLib/]: AddonsLib Forge !
[03Apr2026 19:03:43.450] [modloading-worker-0/INFO] [fr.samlegamer.mcwbiomesoplenty.McwBOP/]: Macaw's Biomes O' Plenty Is Charged !
[03Apr2026 19:03:43.463] [modloading-worker-0/INFO] [Entity Texture Features/]: [ETF]: 6 new ETF Random Properties registered by entity_model_features
[03Apr2026 19:03:43.468] [modloading-worker-0/INFO] [com.cupboard.Cupboard/]: Loaded config for: cupboard.json
[03Apr2026 19:03:43.480] [modloading-worker-0/INFO] [STDOUT/]: [net.valhelsia.valhelsia_core.api.common.item.tab.forge.CreativeTabFactoryImpl:create:15]: TEST
[03Apr2026 19:03:43.481] [modloading-worker-0/INFO] [STDOUT/]: [net.valhelsia.valhelsia_core.api.common.item.tab.forge.CreativeTabFactoryImpl:create:21]: TEST2
[03Apr2026 19:03:43.483] [modloading-worker-0/INFO] [Smelting Sand in a Blast Furnace/]: Hello Forge world!
[03Apr2026 19:03:43.528] [modloading-worker-0/INFO] [Puzzles Lib/]: Constructing common components for easymagic:main
[03Apr2026 19:03:43.532] [modloading-worker-0/INFO] [Puzzles Lib/]: Constructing client components for easymagic:main
[03Apr2026 19:03:43.601] [modloading-worker-0/INFO] [dev.architectury.networking.forge.NetworkManagerImpl/]: Registering S2C receiver with id architectury:sync_ids
[03Apr2026 19:03:43.602] [modloading-worker-0/INFO] [dev.architectury.networking.forge.NetworkManagerImpl/]: Registering C2S receiver with id architectury:sync_ids
[03Apr2026 19:03:43.602] [modloading-worker-0/INFO] [dev.architectury.networking.forge.NetworkManagerImpl/]: Registering C2S receiver with id artifacts:networking_channel/42a7ad70b1cc371599a0eff744096b8a
[03Apr2026 19:03:43.603] [modloading-worker-0/INFO] [dev.architectury.networking.forge.NetworkManagerImpl/]: Registering S2C receiver with id artifacts:networking_channel/42a7ad70b1cc371599a0eff744096b8a
[03Apr2026 19:03:43.604] [modloading-worker-0/INFO] [dev.architectury.networking.forge.NetworkManagerImpl/]: Registering C2S receiver with id artifacts:networking_channel/74a5e841822a3a87854ae896a33430d6
[03Apr2026 19:03:43.604] [modloading-worker-0/INFO] [dev.architectury.networking.forge.NetworkManagerImpl/]: Registering S2C receiver with id artifacts:networking_channel/74a5e841822a3a87854ae896a33430d6
[03Apr2026 19:03:43.606] [modloading-worker-0/INFO] [dev.architectury.networking.forge.NetworkManagerImpl/]: Registering C2S receiver with id artifacts:networking_channel/eb3d1e2748533430848cadf0f37c7e9c
[03Apr2026 19:03:43.606] [modloading-worker-0/INFO] [dev.architectury.networking.forge.NetworkManagerImpl/]: Registering S2C receiver with id artifacts:networking_channel/eb3d1e2748533430848cadf0f37c7e9c
[03Apr2026 19:03:43.607] [modloading-worker-0/INFO] [dev.architectury.networking.forge.NetworkManagerImpl/]: Registering C2S receiver with id artifacts:networking_channel/91c8520f19f93b3e8b6a727568e194ab
[03Apr2026 19:03:43.607] [modloading-worker-0/INFO] [dev.architectury.networking.forge.NetworkManagerImpl/]: Registering S2C receiver with id artifacts:networking_channel/91c8520f19f93b3e8b6a727568e194ab
[03Apr2026 19:03:43.608] [modloading-worker-0/INFO] [dev.architectury.networking.forge.NetworkManagerImpl/]: Registering C2S receiver with id artifacts:networking_channel/8c2784d778293fd482ed84b8aa5fedb9
[03Apr2026 19:03:43.608] [modloading-worker-0/INFO] [dev.architectury.networking.forge.NetworkManagerImpl/]: Registering S2C receiver with id artifacts:networking_channel/8c2784d778293fd482ed84b8aa5fedb9
[03Apr2026 19:03:43.610] [modloading-worker-0/INFO] [dev.architectury.networking.forge.NetworkManagerImpl/]: Registering C2S receiver with id artifacts:networking_channel/ea038224ea783d40b2863f52239e2604
[03Apr2026 19:03:43.610] [modloading-worker-0/INFO] [dev.architectury.networking.forge.NetworkManagerImpl/]: Registering S2C receiver with id artifacts:networking_channel/ea038224ea783d40b2863f52239e2604
[03Apr2026 19:03:43.610] [modloading-worker-0/INFO] [dev.architectury.networking.forge.NetworkManagerImpl/]: Registering C2S receiver with id artifacts:networking_channel/97ad64b7ecaf33209991c4f031501a58
[03Apr2026 19:03:43.610] [modloading-worker-0/INFO] [dev.architectury.networking.forge.NetworkManagerImpl/]: Registering S2C receiver with id artifacts:networking_channel/97ad64b7ecaf33209991c4f031501a58
[03Apr2026 19:03:43.671] [modloading-worker-0/INFO] [net.blay09.mods.balm.forge.config.ForgeBalmConfig/]: Registering config for craftingtweaks:common (COMMON) with 7 properties.
[03Apr2026 19:03:43.786] [modloading-worker-0/INFO] [dev.architectury.networking.forge.NetworkManagerImpl/]: Registering C2S receiver with id nucleus:main/427197c232643741b7368413806caf61
[03Apr2026 19:03:43.787] [modloading-worker-0/INFO] [dev.architectury.networking.forge.NetworkManagerImpl/]: Registering S2C receiver with id nucleus:main/427197c232643741b7368413806caf61
[03Apr2026 19:03:43.790] [modloading-worker-0/INFO] [dev.architectury.networking.forge.NetworkManagerImpl/]: Registering C2S receiver with id nucleus:main/c8c225b78d053e81a32b497bbcef005c
[03Apr2026 19:03:43.790] [modloading-worker-0/INFO] [dev.architectury.networking.forge.NetworkManagerImpl/]: Registering S2C receiver with id nucleus:main/c8c225b78d053e81a32b497bbcef005c
[03Apr2026 19:03:43.873] [modloading-worker-0/INFO] [libIPN/]: [libIPN] libIPN - init in Kotlin
[03Apr2026 19:03:43.895] [modloading-worker-0/INFO] [Puzzles Lib/]: Constructing common components for overflowingbars:main
[03Apr2026 19:03:43.897] [modloading-worker-0/INFO] [Puzzles Lib/]: Constructing client components for overflowingbars:main
[03Apr2026 19:03:43.900] [modloading-worker-0/WARN] [APTweaks(Core)/]: ? The log level for APTweaks(Core) is set to ALL, this will log all debug information and will cause performance issues. This is expected in a developer environment or during large-scale troubleshooting. However, rest assured, to mitigate performance concerns, the debug mode for this module has been automatically adjusted to an info level! If you require debug information, simply use the /aptweaks debug <module> command to re-enable debug mode.
[03Apr2026 19:03:43.900] [modloading-worker-0/WARN] [APTweaks(Core)/]: Adjusting log level for APTweaks(Core) from ALL to INFO, for performance reasons!
[03Apr2026 19:03:43.900] [modloading-worker-0/INFO] [APTweaks(Core)/]: Changing log level for APTweaks(Core) from ALL to INFO
[03Apr2026 19:03:43.903] [modloading-worker-0/INFO] [APTweaks(Core)/]: Register Adaptive Performance Tweaks: Core common config ...
[03Apr2026 19:03:43.915] [modloading-worker-0/INFO] [auudio/AudioHandler/]: Initialized!
[03Apr2026 19:03:43.923] [modloading-worker-0/INFO] [Puzzles Lib/]: Constructing common components for easyanvils:main
[03Apr2026 19:03:43.926] [modloading-worker-0/INFO] [scena-forge/]: Initialized scena-forge
[03Apr2026 19:03:43.934] [modloading-worker-0/INFO] [Puzzles Lib/]: Constructing client components for easyanvils:main
[03Apr2026 19:03:44.012] [modloading-worker-0/INFO] [MaxHealthFix/]: Loaded maxhealthfix for Forge.
[03Apr2026 19:03:44.077] [modloading-worker-0/INFO] [cabletiers/]: Loading config: C:\Users\Silvaria Zemaitis\AppData\Roaming\PrismLauncher\instances\IridescentCraft\minecraft\config\cabletiers-common.toml
[03Apr2026 19:03:44.077] [modloading-worker-0/INFO] [cabletiers/]: Built config: C:\Users\Silvaria Zemaitis\AppData\Roaming\PrismLauncher\instances\IridescentCraft\minecraft\config\cabletiers-common.toml
[03Apr2026 19:03:44.078] [modloading-worker-0/INFO] [cabletiers/]: Loaded config: C:\Users\Silvaria Zemaitis\AppData\Roaming\PrismLauncher\instances\IridescentCraft\minecraft\config\cabletiers-common.toml
[03Apr2026 19:03:44.129] [modloading-worker-0/INFO] [dev.su5ed.sinytra.connectorextras.terrablenderbridge.TerraBlenderBridge/]: Injecting TerraBlender API classes
[03Apr2026 19:03:44.133] [modloading-worker-0/INFO] [io.wispforest.lmft.LMFTCommon/]: [LMFT]: Loaded Config File!
[03Apr2026 19:03:44.144] [modloading-worker-0/INFO] [Tool Stats/]: Saving config to C:\Users\Silvaria Zemaitis\AppData\Roaming\PrismLauncher\instances\IridescentCraft\minecraft\config\toolstats.json.
[03Apr2026 19:03:44.150] [modloading-worker-0/INFO] [net.xalcon.torchmaster.Torchmaster/]: MCA Reborn detected, applying compat
[03Apr2026 19:03:44.210] [modloading-worker-0/INFO] [ironfurnaces.IronFurnaces/]: Initializing Update Checker...
[03Apr2026 19:03:44.213] [ Iron Furnaces Update Checker/INFO] [ironfurnaces.IronFurnaces/]: Starting Update Check...
[03Apr2026 19:03:44.230] [ Iron Furnaces Update Checker/INFO] [ironfurnaces.IronFurnaces/]: Update Check done!
[03Apr2026 19:03:44.230] [ Iron Furnaces Update Checker/INFO] [ironfurnaces.IronFurnaces/]: Iron Furnaces is up to date!
[03Apr2026 19:03:44.242] [modloading-worker-0/INFO] [io.github.apace100.origins.Origins/]: Origins 1.20.1-1.10.0.9 is initializing. Have fun!
[03Apr2026 19:03:44.273] [modloading-worker-0/INFO] [me.wesley1808.servercore.common.ServerCore/]: [ServerCore] Loaded V1.5.2+1.20.1!
[03Apr2026 19:03:44.281] [modloading-worker-0/INFO] [Estrogen/]: Injecting Estrogen into your veins!
[03Apr2026 19:03:44.330] [modloading-worker-0/INFO] [coroutil/]: forge loader environment detected
[03Apr2026 19:03:44.396] [modloading-worker-0/INFO] [Puzzles Lib/]: Constructing common components for betteranimationscollection:main
[03Apr2026 19:03:44.468] [modloading-worker-0/INFO] [Puzzles Lib/]: Constructing client components for betteranimationscollection:main
[03Apr2026 19:03:44.607] [modloading-worker-0/INFO] [io.github.apace100.apoli.Apoli/]: Apoli 1.20.1-2.9.0.8 has initialized. Ready to power up your game!
[03Apr2026 19:03:44.645] [modloading-worker-0/INFO] [com.liberty.mekanism.addon.adastra.ForgeMod/]: Registered 16 items from the mod
[03Apr2026 19:03:44.651] [modloading-worker-0/INFO] [net.fabricmc.fabric.impl.client.indigo.Indigo/]: [Indigo] Registering Indigo renderer!
[03Apr2026 19:03:44.776] [modloading-worker-0/INFO] [net.minecraftforge.common.ForgeMod/FORGEMOD]: Forge mod loading, version 47.4.6, for MC 1.20.1 with MCP 20230612.114412
[03Apr2026 19:03:44.776] [modloading-worker-0/INFO] [net.minecraftforge.common.MinecraftForge/FORGE]: MinecraftForge v47.4.6 Initialized
[03Apr2026 19:03:44.883] [modloading-worker-0/INFO] [mezz.jei.library.load.PluginCaller/]: Sending ConfigManager...
[03Apr2026 19:03:44.891] [modloading-worker-0/INFO] [mezz.jei.library.load.PluginCaller/]: Sending ConfigManager took 6.871 ms
[03Apr2026 19:03:44.997] [modloading-worker-0/INFO] [STDOUT/]: [yalter.mousetweaks.Logger:Log:6]: [Mouse Tweaks] Main.initialize()
[03Apr2026 19:03:45.001] [modloading-worker-0/INFO] [STDOUT/]: [yalter.mousetweaks.Logger:Log:6]: [Mouse Tweaks] Initialized.
[03Apr2026 19:03:45.033] [modloading-worker-0/INFO] [NoChatReports/]: KONNICHIWA ZA WARUDO!
[03Apr2026 19:03:45.034] [modloading-worker-0/INFO] [NoChatReports/]: Default JVM text encoding is: windows-1252
[03Apr2026 19:03:45.041] [modloading-worker-0/INFO] [NoChatReports/]: Reading config file NoChatReports/NCR-Common.json...
[03Apr2026 19:03:45.045] [modloading-worker-0/INFO] [NoChatReports/]: Reading config file NoChatReports/NCR-Client.json...
[03Apr2026 19:03:45.048] [modloading-worker-0/INFO] [NoChatReports/]: Reading config file NoChatReports/NCR-ServerPreferences.json...
[03Apr2026 19:03:45.051] [modloading-worker-0/INFO] [NoChatReports/]: Reading config file NoChatReports/NCR-Encryption.json...
[03Apr2026 19:03:45.090] [modloading-worker-0/WARN] [net.minecraft.network.syncher.SynchedEntityData/]: defineId called for: class net.minecraft.world.entity.player.Player from class me.adda.enhanced_falling_trees.FallingTrees
[03Apr2026 19:03:45.097] [modloading-worker-0/INFO] [thedarkcolour.kotlinforforge.test.KotlinForForge/]: Kotlin For Forge Enabled!
[03Apr2026 19:03:45.102] [modloading-worker-0/INFO] [dev.architectury.networking.forge.NetworkManagerImpl/]: Registering S2C receiver with id efallingtrees:config_packet
[03Apr2026 19:03:45.102] [modloading-worker-0/INFO] [dev.architectury.networking.forge.NetworkManagerImpl/]: Registering C2S receiver with id efallingtrees:config_packet
[03Apr2026 19:03:45.107] [modloading-worker-0/INFO] [NoChatReports/]: Writing config file NoChatReports/NCR-Common.json...
[03Apr2026 19:03:45.108] [modloading-worker-0/INFO] [NoChatReports/]: Writing config file NoChatReports/NCR-Client.json...
[03Apr2026 19:03:45.109] [modloading-worker-0/INFO] [NoChatReports/]: Writing config file NoChatReports/NCR-ServerPreferences.json...
[03Apr2026 19:03:45.110] [modloading-worker-0/INFO] [NoChatReports/]: Writing config file NoChatReports/NCR-Encryption.json...
[03Apr2026 19:03:45.111] [modloading-worker-0/INFO] [NoChatReports/]: Client initialization...
[03Apr2026 19:03:45.166] [modloading-worker-0/INFO] [Puzzles Lib/]: Constructing common components for puzzleslib:main
[03Apr2026 19:03:45.168] [modloading-worker-0/INFO] [com.alessandro.astages.AStages/]: AStages Plugin search started!
[03Apr2026 19:03:45.176] [modloading-worker-0/INFO] [com.alessandro.astages.AStages/]: AStages Plugin search end! Found 0 plugins!
[03Apr2026 19:03:45.184] [modloading-worker-0/INFO] [Puzzles Lib/]: Constructing client components for puzzleslib:main
[03Apr2026 19:03:45.196] [Modding Legacy/blue_skies/Supporters thread/INFO] [ModdingLegacy/blue_skies/Supporter/]: Attempting to load the Modding Legacy supporters list from https://moddinglegacy.com/supporters-changelogs/supporters.txt
[03Apr2026 19:03:45.278] [modloading-worker-0/INFO] [teamrazor.deepaether.DeepAether/]: Deep Aether: Registering Protect Your Moa compat items
[03Apr2026 19:03:45.279] [modloading-worker-0/INFO] [teamrazor.deepaether.DeepAether/]: Deep Aether: Registering Treasure Reforging compat items
[03Apr2026 19:03:45.336] [modloading-worker-0/INFO] [zeta/]: Doing super early config setup for zeta
[03Apr2026 19:03:45.378] [modloading-worker-0/INFO] [dev.architectury.networking.forge.NetworkManagerImpl/]: Registering C2S receiver with id nucleus:main/c394df3298a034aab0e0f535c5df3ab1
[03Apr2026 19:03:45.378] [modloading-worker-0/INFO] [dev.architectury.networking.forge.NetworkManagerImpl/]: Registering S2C receiver with id nucleus:main/c394df3298a034aab0e0f535c5df3ab1
[03Apr2026 19:03:45.410] [modloading-worker-0/INFO] [Railways/]: Steam 'n' Rails v1.7.2 initializing! Commit hash: 7c1a21e3a4edbd6b5f1301f82a8bfbeb5fdb1444 on Create version: 6.0.8 on platform: Forge
[03Apr2026 19:03:45.477] [Modding Legacy/blue_skies/Supporters thread/INFO] [ModdingLegacy/blue_skies/Supporter/]: Successfully loaded the Modding Legacy supporters list.
[03Apr2026 19:03:45.676] [modloading-worker-0/INFO] [net.minecraftforge.coremod.CoreMod.mek_walkable_cables/COREMODLOG]: [WalkableCables] Patched BlockTransmitter.m_5940_
[03Apr2026 19:03:45.767] [modloading-worker-0/INFO] [dev.enemeez.simplefarming.common.SimpleFarming/]: Simple Farming setup complete!
[03Apr2026 19:03:45.815] [modloading-worker-0/INFO] [Collective/]: Loading Collective version 8.13.
[03Apr2026 19:03:45.852] [modloading-worker-0/INFO] [dev.architectury.networking.forge.NetworkManagerImpl/]: Registering S2C receiver with id ftbultimine:send_shape
[03Apr2026 19:03:45.856] [modloading-worker-0/INFO] [dev.architectury.networking.forge.NetworkManagerImpl/]: Registering C2S receiver with id ftbultimine:key_pressed
[03Apr2026 19:03:45.859] [modloading-worker-0/INFO] [dev.architectury.networking.forge.NetworkManagerImpl/]: Registering C2S receiver with id ftbultimine:mode_changed
[03Apr2026 19:03:45.861] [modloading-worker-0/INFO] [dev.architectury.networking.forge.NetworkManagerImpl/]: Registering S2C receiver with id ftbultimine:sync_config_from_server
[03Apr2026 19:03:45.862] [modloading-worker-0/INFO] [dev.architectury.networking.forge.NetworkManagerImpl/]: Registering C2S receiver with id ftbultimine:sync_config_to_server
[03Apr2026 19:03:45.863] [modloading-worker-0/INFO] [dev.architectury.networking.forge.NetworkManagerImpl/]: Registering S2C receiver with id ftbultimine:edit_config
[03Apr2026 19:03:45.864] [modloading-worker-0/INFO] [dev.architectury.networking.forge.NetworkManagerImpl/]: Registering S2C receiver with id ftbultimine:sync_ultimine_time
[03Apr2026 19:03:45.870] [modloading-worker-0/INFO] [dev.ftb.mods.ftbultimine.FTBUltimine/]: FTB Ranks detected, listening for ranks events
[03Apr2026 19:03:45.870] [modloading-worker-0/INFO] [dev.architectury.networking.forge.NetworkManagerImpl/]: Registering C2S receiver with id nucleus:main/9adc544263a13bf78e227a146d1695d9
[03Apr2026 19:03:45.870] [modloading-worker-0/INFO] [dev.architectury.networking.forge.NetworkManagerImpl/]: Registering S2C receiver with id nucleus:main/9adc544263a13bf78e227a146d1695d9
[03Apr2026 19:03:45.872] [modloading-worker-0/INFO] [dev.architectury.networking.forge.NetworkManagerImpl/]: Registering C2S receiver with id nucleus:main/fa77e039b1b63b568bcae468100327d5
[03Apr2026 19:03:45.872] [modloading-worker-0/INFO] [dev.architectury.networking.forge.NetworkManagerImpl/]: Registering S2C receiver with id nucleus:main/fa77e039b1b63b568bcae468100327d5
[03Apr2026 19:03:45.934] [modloading-worker-0/INFO] [pie.ilikepiefoo.kubejsoffline.core.api.ReflectionHelper/]: Added new union URL Type to VFS
[03Apr2026 19:03:45.934] [modloading-worker-0/INFO] [pie.ilikepiefoo.kubejsoffline.core.api.ReflectionHelper/]: Added new directory Url Types to VFS
[03Apr2026 19:03:45.934] [modloading-worker-0/INFO] [pie.ilikepiefoo.kubejsoffline.core.api.ReflectionHelper/]: Now attempting to load JavaAssist ClassFile class
[03Apr2026 19:03:45.971] [modloading-worker-0/INFO] [com.sunekaer.sdrp.discord.RPClient/]: Setting up discord client
[03Apr2026 19:03:45.978] [modloading-worker-0/INFO] [pie.ilikepiefoo.kubejsoffline.core.api.ReflectionHelper/]: Successfully loaded JavaAssist ClassFile class!
[03Apr2026 19:03:45.984] [modloading-worker-0/INFO] [pie.ilikepiefoo.kubejsoffline.EventHandler/]: Automatic generation of KubeJS documentation is disabled.
[03Apr2026 19:03:46.001] [modloading-worker-0/INFO] [KubeJS/]: Loaded common.properties
[03Apr2026 19:03:46.002] [modloading-worker-0/INFO] [KubeJS/]: Loaded dev.properties
[03Apr2026 19:03:46.038] [modloading-worker-0/INFO] [Animal Feeding Trough/]: [Animal Feeding Trough] Load Complete! Enjoy :D
[03Apr2026 19:03:46.049] [modloading-worker-0/INFO] [dev.architectury.networking.forge.NetworkManagerImpl/]: Registering C2S receiver with id findme:default/93a3df5fb37f371cb25c481f6e5b9323
[03Apr2026 19:03:46.049] [modloading-worker-0/INFO] [dev.architectury.networking.forge.NetworkManagerImpl/]: Registering S2C receiver with id findme:default/93a3df5fb37f371cb25c481f6e5b9323
[03Apr2026 19:03:46.050] [modloading-worker-0/INFO] [dev.architectury.networking.forge.NetworkManagerImpl/]: Registering C2S receiver with id findme:default/b71e26ec071d32928d9fb5d2c3ec8a7a
[03Apr2026 19:03:46.051] [modloading-worker-0/INFO] [dev.architectury.networking.forge.NetworkManagerImpl/]: Registering S2C receiver with id findme:default/b71e26ec071d32928d9fb5d2c3ec8a7a
[03Apr2026 19:03:46.052] [modloading-worker-0/INFO] [dev.architectury.networking.forge.NetworkManagerImpl/]: Registering C2S receiver with id findme:default/1f516f929b313631ad555a7b42b1d39c
[03Apr2026 19:03:46.052] [modloading-worker-0/INFO] [dev.architectury.networking.forge.NetworkManagerImpl/]: Registering S2C receiver with id findme:default/1f516f929b313631ad555a7b42b1d39c
[03Apr2026 19:03:46.064] [modloading-worker-0/INFO] [dev.architectury.networking.forge.NetworkManagerImpl/]: Registering S2C receiver with id miapi:defaultchannel
[03Apr2026 19:03:46.070] [modloading-worker-0/INFO] [dev.architectury.networking.forge.NetworkManagerImpl/]: Registering C2S receiver with id miapi:defaultchannel
[03Apr2026 19:03:46.095] [modloading-worker-0/INFO] [dev.architectury.networking.forge.NetworkManagerImpl/]: Registering S2C receiver with id ftblibrary:edit_nbt
[03Apr2026 19:03:46.096] [modloading-worker-0/INFO] [dev.architectury.networking.forge.NetworkManagerImpl/]: Registering C2S receiver with id ftblibrary:edit_nbt_response
[03Apr2026 19:03:46.097] [modloading-worker-0/INFO] [dev.architectury.networking.forge.NetworkManagerImpl/]: Registering S2C receiver with id ftblibrary:sync_known_server_registries
[03Apr2026 19:03:46.098] [modloading-worker-0/INFO] [dev.architectury.networking.forge.NetworkManagerImpl/]: Registering S2C receiver with id ftblibrary:edit_config
[03Apr2026 19:03:46.126] [pool-10-thread-1/INFO] [com.jagrosh.discordipc.entities.pipe.Pipe/]: Found preferred client: ANY
[03Apr2026 19:03:46.154] [modloading-worker-0/INFO] [dev.architectury.networking.forge.NetworkManagerImpl/]: Registering S2C receiver with id ftbteams:sync_teams
[03Apr2026 19:03:46.158] [modloading-worker-0/INFO] [dev.architectury.networking.forge.NetworkManagerImpl/]: Registering S2C receiver with id ftbteams:sync_message_history
[03Apr2026 19:03:46.159] [modloading-worker-0/INFO] [dev.architectury.networking.forge.NetworkManagerImpl/]: Registering C2S receiver with id ftbteams:open_gui
[03Apr2026 19:03:46.161] [modloading-worker-0/INFO] [dev.architectury.networking.forge.NetworkManagerImpl/]: Registering S2C receiver with id ftbteams:open_my_team_gui
[03Apr2026 19:03:46.162] [modloading-worker-0/INFO] [dev.architectury.networking.forge.NetworkManagerImpl/]: Registering C2S receiver with id ftbteams:update_settings
[03Apr2026 19:03:46.163] [modloading-worker-0/INFO] [dev.architectury.networking.forge.NetworkManagerImpl/]: Registering S2C receiver with id ftbteams:update_settings_response
[03Apr2026 19:03:46.164] [modloading-worker-0/INFO] [dev.architectury.networking.forge.NetworkManagerImpl/]: Registering C2S receiver with id ftbteams:send_message
[03Apr2026 19:03:46.165] [modloading-worker-0/INFO] [dev.architectury.networking.forge.NetworkManagerImpl/]: Registering S2C receiver with id ftbteams:send_message_response
[03Apr2026 19:03:46.166] [modloading-worker-0/INFO] [dev.architectury.networking.forge.NetworkManagerImpl/]: Registering S2C receiver with id ftbteams:update_presence
[03Apr2026 19:03:46.167] [modloading-worker-0/INFO] [dev.architectury.networking.forge.NetworkManagerImpl/]: Registering C2S receiver with id ftbteams:create_party
[03Apr2026 19:03:46.169] [modloading-worker-0/INFO] [dev.architectury.networking.forge.NetworkManagerImpl/]: Registering C2S receiver with id ftbteams:player_gui_operation
[03Apr2026 19:03:46.186] [modloading-worker-0/INFO] [dev.architectury.networking.forge.NetworkManagerImpl/]: Registering S2C receiver with id ftbessentials:update_tab_name
[03Apr2026 19:03:46.209] [modloading-worker-0/INFO] [dev.architectury.networking.forge.NetworkManagerImpl/]: Registering C2S receiver with id ftbchunks:request_map_data
[03Apr2026 19:03:46.211] [modloading-worker-0/INFO] [dev.architectury.networking.forge.NetworkManagerImpl/]: Registering C2S receiver with id ftbchunks:share_waypoint
[03Apr2026 19:03:46.212] [modloading-worker-0/INFO] [dev.architectury.networking.forge.NetworkManagerImpl/]: Registering S2C receiver with id ftbchunks:send_all_chunks
[03Apr2026 19:03:46.212] [modloading-worker-0/INFO] [dev.architectury.networking.forge.NetworkManagerImpl/]: Registering S2C receiver with id ftbchunks:login_data
[03Apr2026 19:03:46.214] [modloading-worker-0/INFO] [dev.architectury.networking.forge.NetworkManagerImpl/]: Registering C2S receiver with id ftbchunks:request_chunk_change
[03Apr2026 19:03:46.215] [modloading-worker-0/INFO] [dev.architectury.networking.forge.NetworkManagerImpl/]: Registering S2C receiver with id ftbchunks:send_chunk
[03Apr2026 19:03:46.216] [modloading-worker-0/INFO] [dev.architectury.networking.forge.NetworkManagerImpl/]: Registering S2C receiver with id ftbchunks:send_general_data
[03Apr2026 19:03:46.217] [modloading-worker-0/INFO] [dev.architectury.networking.forge.NetworkManagerImpl/]: Registering C2S receiver with id ftbchunks:teleport_from_map
[03Apr2026 19:03:46.217] [modloading-worker-0/INFO] [dev.architectury.networking.forge.NetworkManagerImpl/]: Registering S2C receiver with id ftbchunks:player_death
[03Apr2026 19:03:46.219] [modloading-worker-0/INFO] [dev.architectury.networking.forge.NetworkManagerImpl/]: Registering S2C receiver with id ftbchunks:send_visible_player_list
[03Apr2026 19:03:46.219] [modloading-worker-0/INFO] [dev.architectury.networking.forge.NetworkManagerImpl/]: Registering C2S receiver with id ftbchunks:sync_tx
[03Apr2026 19:03:46.220] [modloading-worker-0/INFO] [dev.architectury.networking.forge.NetworkManagerImpl/]: Registering S2C receiver with id ftbchunks:sync_rx
[03Apr2026 19:03:46.221] [modloading-worker-0/INFO] [dev.architectury.networking.forge.NetworkManagerImpl/]: Registering S2C receiver with id ftbchunks:loaded_chunk_view
[03Apr2026 19:03:46.222] [modloading-worker-0/INFO] [dev.architectury.networking.forge.NetworkManagerImpl/]: Registering S2C receiver with id ftbchunks:send_player_position
[03Apr2026 19:03:46.223] [modloading-worker-0/INFO] [dev.architectury.networking.forge.NetworkManagerImpl/]: Registering C2S receiver with id ftbchunks:update_force_load_expiry
[03Apr2026 19:03:46.225] [modloading-worker-0/INFO] [dev.architectury.networking.forge.NetworkManagerImpl/]: Registering S2C receiver with id boss_checklist:boss_defeated
[03Apr2026 19:03:46.225] [modloading-worker-0/INFO] [dev.architectury.networking.forge.NetworkManagerImpl/]: Registering C2S receiver with id ftbchunks:server_config_request
[03Apr2026 19:03:46.226] [modloading-worker-0/INFO] [dev.architectury.networking.forge.NetworkManagerImpl/]: Registering S2C receiver with id ftbchunks:server_config_response
[03Apr2026 19:03:46.227] [modloading-worker-0/INFO] [dev.architectury.networking.forge.NetworkManagerImpl/]: Registering S2C receiver with id ftbchunks:chunk_change_response
[03Apr2026 19:03:46.227] [modloading-worker-0/INFO] [dev.architectury.networking.forge.NetworkManagerImpl/]: Registering S2C receiver with id ftbchunks:request_block_color
[03Apr2026 19:03:46.228] [modloading-worker-0/INFO] [dev.architectury.networking.forge.NetworkManagerImpl/]: Registering S2C receiver with id ftbchunks:add_waypoint
[03Apr2026 19:03:46.295] [modloading-worker-0/INFO] [townstead/FarmPatternRegistry/]: Farm pattern registry bootstrapped (patterns load from datapacks/resources)
[03Apr2026 19:03:46.296] [modloading-worker-0/INFO] [townstead/ButcherProfileRegistry/]: Butcher profile registry bootstrapped (profiles load from datapacks/resources)
[03Apr2026 19:03:46.296] [modloading-worker-0/INFO] [townstead/]: Townstead loaded
[03Apr2026 19:03:46.301] [modloading-worker-0/INFO] [mixin/]: Mixing client.MixinClientHandshakePacketListenerImpl from mixins/forge/nochatreports-forge.mixins.json into net.minecraft.client.multiplayer.ClientHandshakePacketListenerImpl
[03Apr2026 19:03:46.311] [modloading-worker-0/INFO] [STDOUT/]: [net.sweenus.simplyswords.SimplySwords:init:134]: C:\Users\Silvaria Zemaitis\AppData\Roaming\PrismLauncher\instances\IridescentCraft\minecraft\config
[03Apr2026 19:03:46.313] [modloading-worker-0/WARN] [mixin/]: @ModifyConstant conflict. Skipping packetfixer.v1_19_4.forge.mixins.json:v1_19_4_forge.ServerLoginPacketListenerImplMixin from mod packetfixer->@ModifyConstant::packetfixer$tick(I)I with priority 1000, already redirected by connectivity.mixins.json:ServerLoginNetHandlerMixin from mod connectivity->@ModifyConstant::loginTimeout(I)I with priority 1001
[03Apr2026 19:03:46.331] [modloading-worker-0/INFO] [dev.architectury.networking.forge.NetworkManagerImpl/]: Registering S2C receiver with id polylib:container_to_client
[03Apr2026 19:03:46.331] [modloading-worker-0/INFO] [dev.architectury.networking.forge.NetworkManagerImpl/]: Registering S2C receiver with id polylib:tile_to_client
[03Apr2026 19:03:46.332] [modloading-worker-0/INFO] [dev.architectury.networking.forge.NetworkManagerImpl/]: Registering C2S receiver with id polylib:container_packet_server
[03Apr2026 19:03:46.332] [modloading-worker-0/INFO] [dev.architectury.networking.forge.NetworkManagerImpl/]: Registering C2S receiver with id polylib:tile_data_server
[03Apr2026 19:03:46.332] [modloading-worker-0/INFO] [dev.architectury.networking.forge.NetworkManagerImpl/]: Registering C2S receiver with id polylib:tile_packet_server
[03Apr2026 19:03:46.342] [modloading-worker-0/INFO] [KubeJS/]: Looking for KubeJS plugins...
[03Apr2026 19:03:46.346] [modloading-worker-0/INFO] [KubeJS/]: Found plugin source kubejs
[03Apr2026 19:03:46.354] [modloading-worker-0/WARN] [KubeJS/]: Plugin dev.latvian.mods.kubejs.integration.forge.gamestages.GameStagesIntegration does not have required mod gamestages loaded, skipping
[03Apr2026 19:03:46.354] [modloading-worker-0/INFO] [KubeJS/]: Found plugin source justlevelingfork
[03Apr2026 19:03:46.355] [modloading-worker-0/INFO] [KubeJS/]: Found plugin source kubejsoffline
[03Apr2026 19:03:46.355] [modloading-worker-0/INFO] [KubeJS/]: Found plugin source sdrp
[03Apr2026 19:03:46.356] [modloading-worker-0/INFO] [KubeJS/]: Found plugin source champions
[03Apr2026 19:03:46.360] [modloading-worker-0/INFO] [net.blay09.mods.balm.forge.config.ForgeBalmConfig/]: Registering config for trashslot:common (COMMON) with 5 properties.
[03Apr2026 19:03:46.365] [modloading-worker-0/INFO] [YetAnotherConfigLib/]: Deserializing HandlerConvergenceItemsConfig from 'C:\Users\Silvaria Zemaitis\AppData\Roaming\PrismLauncher\instances\IridescentCraft\minecraft\config\JLFork\justleveling-fork.convergence-items.json5'
[03Apr2026 19:03:46.377] [modloading-worker-0/INFO] [YetAnotherConfigLib/]: Deserializing HandlerTitlesConfig from 'C:\Users\Silvaria Zemaitis\AppData\Roaming\PrismLauncher\instances\IridescentCraft\minecraft\config\JLFork\justleveling-fork.titles.json5'
[03Apr2026 19:03:46.389] [modloading-worker-0/INFO] [KubeJS/]: Found plugin source miapi
[03Apr2026 19:03:46.390] [modloading-worker-0/INFO] [KubeJS/]: Found plugin source kubejsadditions
[03Apr2026 19:03:46.393] [modloading-worker-0/INFO] [YetAnotherConfigLib/]: Deserializing HandlerCommonConfig from 'C:\Users\Silvaria Zemaitis\AppData\Roaming\PrismLauncher\instances\IridescentCraft\minecraft\config\JLFork\justleveling-fork.common.json5'
[03Apr2026 19:03:46.394] [modloading-worker-0/INFO] [KubeJS/]: Found plugin source probejs
[03Apr2026 19:03:46.398] [modloading-worker-0/INFO] [KubeJS/]: Found plugin source kubejs_botania
[03Apr2026 19:03:46.399] [modloading-worker-0/INFO] [KubeJS/]: Found plugin source createestrogen
[03Apr2026 19:03:46.400] [modloading-worker-0/INFO] [YetAnotherConfigLib/]: Deserializing HandlerLockItemsConfig from 'C:\Users\Silvaria Zemaitis\AppData\Roaming\PrismLauncher\instances\IridescentCraft\minecraft\config\JLFork\justleveling-fork.lockItems.json5'
[03Apr2026 19:03:46.401] [modloading-worker-0/INFO] [KubeJS/]: Found plugin source kubejs_thermal
[03Apr2026 19:03:46.401] [modloading-worker-0/INFO] [KubeJS/]: Found plugin source kubejsarsnouveau
[03Apr2026 19:03:46.403] [modloading-worker-0/INFO] [KubeJS/]: Found plugin source createoreexcavation
[03Apr2026 19:03:46.403] [modloading-worker-0/INFO] [KubeJS/]: Found plugin source astages
[03Apr2026 19:03:46.411] [modloading-worker-0/INFO] [KubeJS/]: Found plugin source kubejsdelight
[03Apr2026 19:03:46.411] [modloading-worker-0/INFO] [KubeJS/]: Found plugin source lootjs
[03Apr2026 19:03:46.413] [modloading-worker-0/INFO] [KubeJS/]: Found plugin source cucumber
[03Apr2026 19:03:46.415] [modloading-worker-0/INFO] [KubeJS/]: Done in 72.14 ms
[03Apr2026 19:03:46.474] [modloading-worker-0/INFO] [net.creeperhost.ftbbackups.repack.org.quartz.impl.StdSchedulerFactory/]: Using default implementation for ThreadExecutor
[03Apr2026 19:03:46.498] [modloading-worker-0/INFO] [dev.architectury.networking.forge.NetworkManagerImpl/]: Registering S2C receiver with id octolib:config_sync
[03Apr2026 19:03:46.510] [modloading-worker-0/INFO] [net.creeperhost.ftbbackups.repack.org.quartz.core.SchedulerSignalerImpl/]: Initialized Scheduler Signaller of type: class net.creeperhost.ftbbackups.repack.org.quartz.core.SchedulerSignalerImpl
[03Apr2026 19:03:46.511] [modloading-worker-0/INFO] [net.creeperhost.ftbbackups.repack.org.quartz.core.QuartzScheduler/]: Quartz Scheduler v.2.0.2 created.
[03Apr2026 19:03:46.514] [modloading-worker-0/INFO] [net.creeperhost.ftbbackups.repack.org.quartz.simpl.RAMJobStore/]: RAMJobStore initialized.
[03Apr2026 19:03:46.516] [modloading-worker-0/INFO] [net.creeperhost.ftbbackups.repack.org.quartz.core.QuartzScheduler/]: Scheduler meta-data: Quartz Scheduler (v2.0.2) 'ftbbackups2' with instanceId 'NON_CLUSTERED'
  Scheduler class: 'net.creeperhost.ftbbackups.repack.org.quartz.core.QuartzScheduler' - running locally.
  NOT STARTED.
  Currently in standby mode.
  Number of jobs executed: 0
  Using thread pool 'net.creeperhost.ftbbackups.repack.org.quartz.simpl.SimpleThreadPool' - with 1 threads.
  Using job-store 'net.creeperhost.ftbbackups.repack.org.quartz.simpl.RAMJobStore' - which does not support persistence. and is not clustered.

[03Apr2026 19:03:46.516] [modloading-worker-0/INFO] [net.creeperhost.ftbbackups.repack.org.quartz.impl.StdSchedulerFactory/]: Quartz scheduler 'ftbbackups2' initialized from an externally provided properties instance.
[03Apr2026 19:03:46.516] [modloading-worker-0/INFO] [net.creeperhost.ftbbackups.repack.org.quartz.impl.StdSchedulerFactory/]: Quartz scheduler version: 2.0.2
[03Apr2026 19:03:46.527] [modloading-worker-0/INFO] [net.creeperhost.ftbbackups.repack.org.quartz.core.QuartzScheduler/]: Scheduler ftbbackups2_$_NON_CLUSTERED started.
[03Apr2026 19:03:46.551] [modloading-worker-0/INFO] [STDOUT/]: [dev.tr7zw.trender.gui.impl.client.LibGuiClient:onInitializeClient:36]: [LibGui] Initializing Client...
[03Apr2026 19:03:46.580] [modloading-worker-0/INFO] [dev.architectury.networking.forge.NetworkManagerImpl/]: Registering C2S receiver with id itemfilters:main/14e7fa1454283aec8ae811ef844ada28
[03Apr2026 19:03:46.580] [modloading-worker-0/INFO] [dev.architectury.networking.forge.NetworkManagerImpl/]: Registering S2C receiver with id itemfilters:main/14e7fa1454283aec8ae811ef844ada28
[03Apr2026 19:03:46.581] [modloading-worker-0/INFO] [dev.architectury.networking.forge.NetworkManagerImpl/]: Registering C2S receiver with id itemfilters:main/8f6a899247753217b9d86ab427a2b279
[03Apr2026 19:03:46.581] [modloading-worker-0/INFO] [dev.architectury.networking.forge.NetworkManagerImpl/]: Registering S2C receiver with id itemfilters:main/8f6a899247753217b9d86ab427a2b279
[03Apr2026 19:03:46.583] [modloading-worker-0/INFO] [com.simibubi.create.Create/]: Create 6.0.8 initializing! Commit hash: 1a1a9a2819b4f89f78caec41b55ed8cb222fa24b
[03Apr2026 19:03:46.610] [modloading-worker-0/INFO] [dev.architectury.networking.forge.NetworkManagerImpl/]: Registering S2C receiver with id ftbquests:sync_quests
[03Apr2026 19:03:46.611] [modloading-worker-0/INFO] [dev.architectury.networking.forge.NetworkManagerImpl/]: Registering S2C receiver with id ftbquests:sync_team_data
[03Apr2026 19:03:46.612] [modloading-worker-0/INFO] [dev.architectury.networking.forge.NetworkManagerImpl/]: Registering S2C receiver with id ftbquests:update_task_progress
[03Apr2026 19:03:46.612] [modloading-worker-0/INFO] [dev.architectury.networking.forge.NetworkManagerImpl/]: Registering C2S receiver with id ftbquests:submit_task
[03Apr2026 19:03:46.613] [modloading-worker-0/INFO] [dev.architectury.networking.forge.NetworkManagerImpl/]: Registering C2S receiver with id ftbquests:claim_reward
[03Apr2026 19:03:46.613] [modloading-worker-0/INFO] [dev.architectury.networking.forge.NetworkManagerImpl/]: Registering S2C receiver with id ftbquests:claim_reward_response
[03Apr2026 19:03:46.614] [modloading-worker-0/INFO] [dev.architectury.networking.forge.NetworkManagerImpl/]: Registering S2C receiver with id ftbquests:sync_editing_mode
[03Apr2026 19:03:46.615] [modloading-worker-0/INFO] [dev.architectury.networking.forge.NetworkManagerImpl/]: Registering C2S receiver with id ftbquests:get_emergency_items
[03Apr2026 19:03:46.615] [modloading-worker-0/INFO] [dev.architectury.networking.forge.NetworkManagerImpl/]: Registering S2C receiver with id ftbquests:create_other_team_data
[03Apr2026 19:03:46.617] [modloading-worker-0/INFO] [dev.architectury.networking.forge.NetworkManagerImpl/]: Registering C2S receiver with id ftbquests:claim_all_rewards
[03Apr2026 19:03:46.618] [modloading-worker-0/INFO] [Rhino Script Remapper/]: Loading Rhino Minecraft remapper...
[03Apr2026 19:03:46.618] [modloading-worker-0/INFO] [dev.architectury.networking.forge.NetworkManagerImpl/]: Registering C2S receiver with id ftbquests:claim_choice_reward
[03Apr2026 19:03:46.621] [modloading-worker-0/INFO] [dev.architectury.networking.forge.NetworkManagerImpl/]: Registering S2C receiver with id ftbquests:display_completion_toast
[03Apr2026 19:03:46.622] [modloading-worker-0/INFO] [dev.latvian.mods.rhino.mod.util.RhinoProperties/]: Rhino properties loaded.
[03Apr2026 19:03:46.622] [modloading-worker-0/INFO] [dev.architectury.networking.forge.NetworkManagerImpl/]: Registering S2C receiver with id ftbquests:display_reward_toast
[03Apr2026 19:03:46.623] [modloading-worker-0/INFO] [dev.architectury.networking.forge.NetworkManagerImpl/]: Registering S2C receiver with id ftbquests:display_item_reward_toast
[03Apr2026 19:03:46.623] [modloading-worker-0/INFO] [dev.architectury.networking.forge.NetworkManagerImpl/]: Registering C2S receiver with id ftbquests:toggle_pinned
[03Apr2026 19:03:46.626] [modloading-worker-0/INFO] [dev.architectury.networking.forge.NetworkManagerImpl/]: Registering S2C receiver with id ftbquests:toggle_pinned_response
[03Apr2026 19:03:46.627] [modloading-worker-0/INFO] [Rhino Script Remapper/]: Loading mappings for 1.20.1
[03Apr2026 19:03:46.627] [modloading-worker-0/INFO] [dev.architectury.networking.forge.NetworkManagerImpl/]: Registering C2S receiver with id ftbquests:toggle_chapter_pinned
[03Apr2026 19:03:46.629] [modloading-worker-0/INFO] [dev.architectury.networking.forge.NetworkManagerImpl/]: Registering S2C receiver with id ftbquests:toggle_chapter_pinned_response
[03Apr2026 19:03:46.630] [modloading-worker-0/INFO] [dev.architectury.networking.forge.NetworkManagerImpl/]: Registering C2S receiver with id ftbquests:toggle_editing_mode
[03Apr2026 19:03:46.630] [modloading-worker-0/INFO] [dev.architectury.networking.forge.NetworkManagerImpl/]: Registering C2S receiver with id ftbquests:force_save
[03Apr2026 19:03:46.632] [modloading-worker-0/INFO] [dev.architectury.networking.forge.NetworkManagerImpl/]: Registering S2C receiver with id ftbquests:update_team_data
[03Apr2026 19:03:46.633] [modloading-worker-0/INFO] [dev.architectury.networking.forge.NetworkManagerImpl/]: Registering C2S receiver with id ftbquests:set_custom_image
[03Apr2026 19:03:46.635] [modloading-worker-0/INFO] [dev.architectury.networking.forge.NetworkManagerImpl/]: Registering S2C receiver with id ftbquests:object_started
[03Apr2026 19:03:46.636] [modloading-worker-0/INFO] [dev.architectury.networking.forge.NetworkManagerImpl/]: Registering S2C receiver with id ftbquests:object_completed
[03Apr2026 19:03:46.637] [modloading-worker-0/INFO] [dev.architectury.networking.forge.NetworkManagerImpl/]: Registering S2C receiver with id ftbquests:object_started_reset
[03Apr2026 19:03:46.638] [modloading-worker-0/INFO] [dev.architectury.networking.forge.NetworkManagerImpl/]: Registering S2C receiver with id ftbquests:object_completed_reset
[03Apr2026 19:03:46.639] [modloading-worker-0/INFO] [dev.architectury.networking.forge.NetworkManagerImpl/]: Registering S2C receiver with id ftbquests:sync_lock
[03Apr2026 19:03:46.639] [modloading-worker-0/INFO] [dev.architectury.networking.forge.NetworkManagerImpl/]: Registering S2C receiver with id ftbquests:reset_reward
[03Apr2026 19:03:46.640] [modloading-worker-0/INFO] [dev.architectury.networking.forge.NetworkManagerImpl/]: Registering S2C receiver with id ftbquests:team_data_changed
[03Apr2026 19:03:46.643] [modloading-worker-0/INFO] [dev.architectury.networking.forge.NetworkManagerImpl/]: Registering S2C receiver with id ftbquests:task_screen_config_req
[03Apr2026 19:03:46.644] [modloading-worker-0/INFO] [dev.architectury.networking.forge.NetworkManagerImpl/]: Registering C2S receiver with id ftbquests:task_screen_config_resp
[03Apr2026 19:03:46.644] [modloading-worker-0/INFO] [dev.architectury.networking.forge.NetworkManagerImpl/]: Registering C2S receiver with id ftbquests:give_item_to_player
[03Apr2026 19:03:46.645] [modloading-worker-0/INFO] [dev.architectury.networking.forge.NetworkManagerImpl/]: Registering C2S receiver with id ftbquests:reorder_item
[03Apr2026 19:03:46.645] [modloading-worker-0/INFO] [dev.architectury.networking.forge.NetworkManagerImpl/]: Registering C2S receiver with id ftbquests:change_progress
[03Apr2026 19:03:46.645] [modloading-worker-0/INFO] [dev.architectury.networking.forge.NetworkManagerImpl/]: Registering C2S receiver with id ftbquests:create_object
[03Apr2026 19:03:46.646] [modloading-worker-0/INFO] [dev.architectury.networking.forge.NetworkManagerImpl/]: Registering S2C receiver with id ftbquests:create_object_response
[03Apr2026 19:03:46.647] [modloading-worker-0/INFO] [net.blay09.mods.balm.forge.config.ForgeBalmConfig/]: Registering config for waystones:common (COMMON) with 46 properties.
[03Apr2026 19:03:46.647] [modloading-worker-0/INFO] [dev.architectury.networking.forge.NetworkManagerImpl/]: Registering C2S receiver with id ftbquests:create_task_at
[03Apr2026 19:03:46.648] [modloading-worker-0/INFO] [dev.architectury.networking.forge.NetworkManagerImpl/]: Registering C2S receiver with id ftbquests:delete_object
[03Apr2026 19:03:46.649] [modloading-worker-0/INFO] [dev.architectury.networking.forge.NetworkManagerImpl/]: Registering S2C receiver with id ftbquests:delete_object_response
[03Apr2026 19:03:46.650] [modloading-worker-0/INFO] [dev.architectury.networking.forge.NetworkManagerImpl/]: Registering C2S receiver with id ftbquests:edit_object
[03Apr2026 19:03:46.651] [modloading-worker-0/INFO] [dev.architectury.networking.forge.NetworkManagerImpl/]: Registering S2C receiver with id ftbquests:edit_object_response
[03Apr2026 19:03:46.652] [modloading-worker-0/INFO] [dev.architectury.networking.forge.NetworkManagerImpl/]: Registering C2S receiver with id ftbquests:move_chapter
[03Apr2026 19:03:46.652] [modloading-worker-0/INFO] [dev.architectury.networking.forge.NetworkManagerImpl/]: Registering S2C receiver with id ftbquests:move_chapter_response
[03Apr2026 19:03:46.653] [modloading-worker-0/INFO] [dev.architectury.networking.forge.NetworkManagerImpl/]: Registering C2S receiver with id ftbquests:move_quest
[03Apr2026 19:03:46.654] [modloading-worker-0/INFO] [dev.architectury.networking.forge.NetworkManagerImpl/]: Registering S2C receiver with id ftbquests:move_quest_response
[03Apr2026 19:03:46.654] [modloading-worker-0/INFO] [dev.architectury.networking.forge.NetworkManagerImpl/]: Registering C2S receiver with id ftbquests:change_chapter_group
[03Apr2026 19:03:46.655] [modloading-worker-0/INFO] [dev.architectury.networking.forge.NetworkManagerImpl/]: Registering S2C receiver with id ftbquests:change_chapter_group_response
[03Apr2026 19:03:46.655] [modloading-worker-0/INFO] [dev.architectury.networking.forge.NetworkManagerImpl/]: Registering C2S receiver with id ftbquests:move_chapter_group
[03Apr2026 19:03:46.656] [modloading-worker-0/INFO] [dev.architectury.networking.forge.NetworkManagerImpl/]: Registering S2C receiver with id ftbquests:move_chapter_group_response
[03Apr2026 19:03:46.657] [modloading-worker-0/INFO] [dev.architectury.networking.forge.NetworkManagerImpl/]: Registering S2C receiver with id ftbquests:sync_reward_blocking
[03Apr2026 19:03:46.657] [modloading-worker-0/INFO] [dev.architectury.networking.forge.NetworkManagerImpl/]: Registering C2S receiver with id ftbquests:copy_quest
[03Apr2026 19:03:46.661] [modloading-worker-0/INFO] [dev.architectury.networking.forge.NetworkManagerImpl/]: Registering C2S receiver with id ftbquests:copy_chapter_image
[03Apr2026 19:03:46.661] [modloading-worker-0/INFO] [dev.architectury.networking.forge.NetworkManagerImpl/]: Registering C2S receiver with id ftbquests:sync_structures_request
[03Apr2026 19:03:46.662] [modloading-worker-0/INFO] [dev.architectury.networking.forge.NetworkManagerImpl/]: Registering S2C receiver with id ftbquests:sync_structures_response
[03Apr2026 19:03:46.663] [modloading-worker-0/INFO] [dev.architectury.networking.forge.NetworkManagerImpl/]: Registering C2S receiver with id ftbquests:request_team_data
[03Apr2026 19:03:46.663] [modloading-worker-0/INFO] [dev.architectury.networking.forge.NetworkManagerImpl/]: Registering S2C receiver with id ftbquests:sync_editor_permission
[03Apr2026 19:03:46.663] [modloading-worker-0/INFO] [dev.architectury.networking.forge.NetworkManagerImpl/]: Registering S2C receiver with id ftbquests:open_quest_book
[03Apr2026 19:03:46.664] [modloading-worker-0/INFO] [dev.architectury.networking.forge.NetworkManagerImpl/]: Registering S2C receiver with id ftbquests:clear_display_cache
[03Apr2026 19:03:46.664] [modloading-worker-0/INFO] [dev.architectury.networking.forge.NetworkManagerImpl/]: Registering S2C receiver with id ftbquests:reorder_item_response
[03Apr2026 19:03:46.665] [modloading-worker-0/INFO] [dev.architectury.networking.forge.NetworkManagerImpl/]: Registering S2C receiver with id ftbquests:clear_repeat_cooldown
[03Apr2026 19:03:46.701] [modloading-worker-0/INFO] [Rhino Script Remapper/]: Done in 0.083 s
[03Apr2026 19:03:46.721] [modloading-worker-0/INFO] [Cynosure/]: Initializing Cynosure
[03Apr2026 19:03:46.723] [modloading-worker-0/INFO] [Dungeon Crawl/]: Here we go! Launching Dungeon Crawl 2.3.15...
[03Apr2026 19:03:46.887] [modloading-worker-0/INFO] [Puzzles Lib/]: Constructing common components for cutthrough:main
[03Apr2026 19:03:46.888] [modloading-worker-0/INFO] [Puzzles Lib/]: Constructing client components for cutthrough:main
[03Apr2026 19:03:46.896] [modloading-worker-0/INFO] [Enchantment Descriptions/]: Loaded config file.
[03Apr2026 19:03:46.897] [modloading-worker-0/INFO] [Enchantment Descriptions/]: Saved config file.
[03Apr2026 19:03:46.932] [modloading-worker-0/INFO] [net.blay09.mods.balm.forge.config.ForgeBalmConfig/]: Registering config for cookingforblockheads:common (COMMON) with 11 properties.
[03Apr2026 19:03:46.997] [modloading-worker-0/INFO] [PluginManager/]: Scanning classes for titanium
[03Apr2026 19:03:47.081] [modloading-worker-0/INFO] [mixin/]: Mixing client.MixinChatListener from mixins/common/nochatreports.mixins.json into net.minecraft.client.multiplayer.chat.ChatListener
[03Apr2026 19:03:47.094] [modloading-worker-0/INFO] [mixin/]: Mixing client.MixinServerData from mixins/common/nochatreports.mixins.json into net.minecraft.client.multiplayer.ServerData
[03Apr2026 19:03:47.112] [modloading-worker-0/INFO] [com.refinedmods.refinedstorage.apiimpl.API/]: Found 2 RS API injection points
[03Apr2026 19:03:47.112] [modloading-worker-0/INFO] [com.refinedmods.refinedstorage.apiimpl.API/]: Injected RS API in dev.smolinacadena.refinedcooking.RefinedCooking RSAPI
[03Apr2026 19:03:47.114] [modloading-worker-0/INFO] [com.refinedmods.refinedstorage.apiimpl.API/]: Injected RS API in com.refinedmods.refinedstorageaddons.RSAddons RSAPI
[03Apr2026 19:03:47.115] [modloading-worker-0/INFO] [insane96mcp.insanelib.InsaneLib/]: Found (COMMON) InsaneLib Feature class insane96mcp.areaeffectcloud3d.AEC3DFeature
[03Apr2026 19:03:47.131] [modloading-worker-0/INFO] [quark/]: Initializing TerraBlender underground biome compat
[03Apr2026 19:03:47.155] [modloading-worker-0/INFO] [Railways/]: Registered bogey styles from railways
[03Apr2026 19:03:47.253] [modloading-worker-0/INFO] [STDOUT/]: [net.valhelsia.valhelsia_core.api.common.item.tab.forge.CreativeTabFactoryImpl:create:15]: TEST
[03Apr2026 19:03:47.254] [modloading-worker-0/INFO] [STDOUT/]: [net.valhelsia.valhelsia_core.api.common.item.tab.forge.CreativeTabFactoryImpl:create:21]: TEST2
[03Apr2026 19:03:47.308] [modloading-worker-0/INFO] [net.minecraftforge.coremod.CoreMod.apotheosis/COREMODLOG]: Replaced 1 calls to Enchantment#getMaxLevel() in org/violetmoon/quark/content/experimental/module/GameNerfsModule
[03Apr2026 19:03:47.318] [modloading-worker-0/INFO] [KubeJS Startup/]: Loaded script startup_scripts:custom_enchantments.js in 0.108 s
[03Apr2026 19:03:47.331] [modloading-worker-0/INFO] [KubeJS Startup/]: Loaded script startup_scripts:custom_items.js in 0.013 s
[03Apr2026 19:03:47.334] [modloading-worker-0/INFO] [KubeJS Startup/]: Loaded script startup_scripts:endgame_items.js in 0.003 s
[03Apr2026 19:03:47.335] [modloading-worker-0/INFO] [KubeJS Startup/]: example.js#5: Hello, World! (Loaded startup scripts)
[03Apr2026 19:03:47.336] [modloading-worker-0/INFO] [KubeJS Startup/]: Loaded script startup_scripts:example.js in 0.001 s
[03Apr2026 19:03:47.336] [modloading-worker-0/INFO] [KubeJS Startup/]: iridescent_codex.js#19: [IridescentCraft] Iridescent Codex startup placeholder loaded
[03Apr2026 19:03:47.336] [modloading-worker-0/INFO] [KubeJS Startup/]: iridescent_codex.js#20:   - Book ID: icraft:iridescent_codex
[03Apr2026 19:03:47.336] [modloading-worker-0/INFO] [KubeJS Startup/]: iridescent_codex.js#21:   - Delivery handled by: kubejs/server_scripts/codex_delivery.js
[03Apr2026 19:03:47.336] [modloading-worker-0/INFO] [KubeJS Startup/]: Loaded script startup_scripts:iridescent_codex.js in 0.0 s
[03Apr2026 19:03:47.343] [modloading-worker-0/INFO] [KubeJS Startup/]: Loaded 5/5 KubeJS startup scripts in 0.635 s with 0 errors and 0 warnings
[03Apr2026 19:03:47.419] [modloading-worker-0/INFO] [KubeJS Client/]: Loaded script client_scripts:broken_tooltip.js in 0.004 s
[03Apr2026 19:03:47.419] [modloading-worker-0/INFO] [KubeJS Client/]: example.js#5: Hello, World! (Loaded client scripts)
[03Apr2026 19:03:47.419] [modloading-worker-0/INFO] [KubeJS Client/]: Loaded script client_scripts:example.js in 0.0 s
[03Apr2026 19:03:47.420] [modloading-worker-0/INFO] [KubeJS Client/]: Loaded script client_scripts:jei_hiding.js in 0.0 s
[03Apr2026 19:03:47.420] [modloading-worker-0/INFO] [KubeJS Client/]: Loaded script client_scripts:predicates.js in 0.0 s
[03Apr2026 19:03:47.420] [modloading-worker-0/INFO] [KubeJS Client/]: Loaded 4/4 KubeJS client scripts in 0.028 s with 0 errors and 0 warnings
[03Apr2026 19:03:47.451] [modloading-worker-0/INFO] [Railways/]: Registering data fixers
[03Apr2026 19:03:47.456] [modloading-worker-0/INFO] [net.minecraftforge.coremod.CoreMod.apotheosis/COREMODLOG]: Replaced 5 calls to Enchantment#getMaxLevel() in org/violetmoon/quark/content/tools/module/AncientTomesModule
[03Apr2026 19:03:47.463] [modloading-worker-0/INFO] [Railways/MultiRegistryCallback/]: Registering callback for create:track_signal in minecraft:block_entity_type
[03Apr2026 19:03:47.463] [modloading-worker-0/INFO] [Railways/MultiRegistryCallback/]: Registering callback for railways:track_signal_source in create:display_source
[03Apr2026 19:03:47.464] [modloading-worker-0/INFO] [Railways/MultiRegistryCallback/]: Registering callback for create:copycat in minecraft:block_entity_type
[03Apr2026 19:03:47.464] [modloading-worker-0/INFO] [Railways/MultiRegistryCallback/]: Registering callback for railways:conductor_vent in minecraft:block
[03Apr2026 19:03:47.464] [modloading-worker-0/INFO] [Railways/MultiRegistryCallback/]: Registering callback for create:flywheel in minecraft:block_entity_type
[03Apr2026 19:03:47.464] [modloading-worker-0/INFO] [Railways/MultiRegistryCallback/]: Registering callback for railways:locometal_flywheel in minecraft:block
[03Apr2026 19:03:47.464] [modloading-worker-0/INFO] [Railways/MultiRegistryCallback/]: Registering callback for create:sliding_door in minecraft:block_entity_type
[03Apr2026 19:03:47.464] [modloading-worker-0/INFO] [Railways/MultiRegistryCallback/]: Registering callback for railways:sliding_locometal_door in minecraft:block
[03Apr2026 19:03:47.464] [modloading-worker-0/INFO] [Railways/MultiRegistryCallback/]: Registering callback for create:sliding_door in minecraft:block_entity_type
[03Apr2026 19:03:47.464] [modloading-worker-0/INFO] [Railways/MultiRegistryCallback/]: Registering callback for railways:folding_locometal_door in minecraft:block
[03Apr2026 19:03:47.464] [modloading-worker-0/INFO] [Railways/MultiRegistryCallback/]: Registering callback for create:flywheel in minecraft:block_entity_type
[03Apr2026 19:03:47.464] [modloading-worker-0/INFO] [Railways/MultiRegistryCallback/]: Registering callback for railways:brown_locometal_flywheel in minecraft:block
[03Apr2026 19:03:47.464] [modloading-worker-0/INFO] [Railways/MultiRegistryCallback/]: Registering callback for create:sliding_door in minecraft:block_entity_type
[03Apr2026 19:03:47.464] [modloading-worker-0/INFO] [Railways/MultiRegistryCallback/]: Registering callback for railways:brown_sliding_locometal_door in minecraft:block
[03Apr2026 19:03:47.464] [modloading-worker-0/INFO] [Railways/MultiRegistryCallback/]: Registering callback for create:sliding_door in minecraft:block_entity_type
[03Apr2026 19:03:47.464] [modloading-worker-0/INFO] [Railways/MultiRegistryCallback/]: Registering callback for railways:brown_folding_locometal_door in minecraft:block
[03Apr2026 19:03:47.464] [modloading-worker-0/INFO] [Railways/MultiRegistryCallback/]: Registering callback for create:flywheel in minecraft:block_entity_type
[03Apr2026 19:03:47.464] [modloading-worker-0/INFO] [Railways/MultiRegistryCallback/]: Registering callback for railways:maroon_locometal_flywheel in minecraft:block
[03Apr2026 19:03:47.464] [modloading-worker-0/INFO] [Railways/MultiRegistryCallback/]: Registering callback for create:sliding_door in minecraft:block_entity_type
[03Apr2026 19:03:47.464] [modloading-worker-0/INFO] [Railways/MultiRegistryCallback/]: Registering callback for railways:maroon_sliding_locometal_door in minecraft:block
[03Apr2026 19:03:47.464] [modloading-worker-0/INFO] [Railways/MultiRegistryCallback/]: Registering callback for create:sliding_door in minecraft:block_entity_type
[03Apr2026 19:03:47.464] [modloading-worker-0/INFO] [Railways/MultiRegistryCallback/]: Registering callback for railways:maroon_folding_locometal_door in minecraft:block
[03Apr2026 19:03:47.464] [modloading-worker-0/INFO] [Railways/MultiRegistryCallback/]: Registering callback for create:flywheel in minecraft:block_entity_type
[03Apr2026 19:03:47.464] [modloading-worker-0/INFO] [Railways/MultiRegistryCallback/]: Registering callback for railways:red_locometal_flywheel in minecraft:block
[03Apr2026 19:03:47.464] [modloading-worker-0/INFO] [Railways/MultiRegistryCallback/]: Registering callback for create:sliding_door in minecraft:block_entity_type
[03Apr2026 19:03:47.464] [modloading-worker-0/INFO] [Railways/MultiRegistryCallback/]: Registering callback for railways:red_sliding_locometal_door in minecraft:block
[03Apr2026 19:03:47.464] [modloading-worker-0/INFO] [Railways/MultiRegistryCallback/]: Registering callback for create:sliding_door in minecraft:block_entity_type
[03Apr2026 19:03:47.464] [modloading-worker-0/INFO] [Railways/MultiRegistryCallback/]: Registering callback for railways:red_folding_locometal_door in minecraft:block
[03Apr2026 19:03:47.464] [modloading-worker-0/INFO] [Railways/MultiRegistryCallback/]: Registering callback for create:flywheel in minecraft:block_entity_type
[03Apr2026 19:03:47.464] [modloading-worker-0/INFO] [Railways/MultiRegistryCallback/]: Registering callback for railways:vermilion_locometal_flywheel in minecraft:block
[03Apr2026 19:03:47.464] [modloading-worker-0/INFO] [Railways/MultiRegistryCallback/]: Registering callback for create:sliding_door in minecraft:block_entity_type
[03Apr2026 19:03:47.464] [modloading-worker-0/INFO] [Railways/MultiRegistryCallback/]: Registering callback for railways:vermilion_sliding_locometal_door in minecraft:block
[03Apr2026 19:03:47.464] [modloading-worker-0/INFO] [Railways/MultiRegistryCallback/]: Registering callback for create:sliding_door in minecraft:block_entity_type
[03Apr2026 19:03:47.464] [modloading-worker-0/INFO] [Railways/MultiRegistryCallback/]: Registering callback for railways:vermilion_folding_locometal_door in minecraft:block
[03Apr2026 19:03:47.464] [modloading-worker-0/INFO] [Railways/MultiRegistryCallback/]: Registering callback for create:flywheel in minecraft:block_entity_type
[03Apr2026 19:03:47.464] [modloading-worker-0/INFO] [Railways/MultiRegistryCallback/]: Registering callback for railways:orange_locometal_flywheel in minecraft:block
[03Apr2026 19:03:47.464] [modloading-worker-0/INFO] [Railways/MultiRegistryCallback/]: Registering callback for create:sliding_door in minecraft:block_entity_type
[03Apr2026 19:03:47.464] [modloading-worker-0/INFO] [Railways/MultiRegistryCallback/]: Registering callback for railways:orange_sliding_locometal_door in minecraft:block
[03Apr2026 19:03:47.464] [modloading-worker-0/INFO] [Railways/MultiRegistryCallback/]: Registering callback for create:sliding_door in minecraft:block_entity_type
[03Apr2026 19:03:47.464] [modloading-worker-0/INFO] [Railways/MultiRegistryCallback/]: Registering callback for railways:orange_folding_locometal_door in minecraft:block
[03Apr2026 19:03:47.464] [modloading-worker-0/INFO] [Railways/MultiRegistryCallback/]: Registering callback for create:flywheel in minecraft:block_entity_type
[03Apr2026 19:03:47.464] [modloading-worker-0/INFO] [Railways/MultiRegistryCallback/]: Registering callback for railways:granite_locometal_flywheel in minecraft:block
[03Apr2026 19:03:47.464] [modloading-worker-0/INFO] [Railways/MultiRegistryCallback/]: Registering callback for create:sliding_door in minecraft:block_entity_type
[03Apr2026 19:03:47.464] [modloading-worker-0/INFO] [Railways/MultiRegistryCallback/]: Registering callback for railways:granite_sliding_locometal_door in minecraft:block
[03Apr2026 19:03:47.464] [modloading-worker-0/INFO] [Railways/MultiRegistryCallback/]: Registering callback for create:sliding_door in minecraft:block_entity_type
[03Apr2026 19:03:47.464] [modloading-worker-0/INFO] [Railways/MultiRegistryCallback/]: Registering callback for railways:granite_folding_locometal_door in minecraft:block
[03Apr2026 19:03:47.464] [modloading-worker-0/INFO] [Railways/MultiRegistryCallback/]: Registering callback for create:flywheel in minecraft:block_entity_type
[03Apr2026 19:03:47.464] [modloading-worker-0/INFO] [Railways/MultiRegistryCallback/]: Registering callback for railways:dripstone_locometal_flywheel in minecraft:block
[03Apr2026 19:03:47.464] [modloading-worker-0/INFO] [Railways/MultiRegistryCallback/]: Registering callback for create:sliding_door in minecraft:block_entity_type
[03Apr2026 19:03:47.464] [modloading-worker-0/INFO] [Railways/MultiRegistryCallback/]: Registering callback for railways:dripstone_sliding_locometal_door in minecraft:block
[03Apr2026 19:03:47.464] [modloading-worker-0/INFO] [Railways/MultiRegistryCallback/]: Registering callback for create:sliding_door in minecraft:block_entity_type
[03Apr2026 19:03:47.464] [modloading-worker-0/INFO] [Railways/MultiRegistryCallback/]: Registering callback for railways:dripstone_folding_locometal_door in minecraft:block
[03Apr2026 19:03:47.464] [modloading-worker-0/INFO] [Railways/MultiRegistryCallback/]: Registering callback for create:flywheel in minecraft:block_entity_type
[03Apr2026 19:03:47.464] [modloading-worker-0/INFO] [Railways/MultiRegistryCallback/]: Registering callback for railways:ochrum_locometal_flywheel in minecraft:block
[03Apr2026 19:03:47.464] [modloading-worker-0/INFO] [Railways/MultiRegistryCallback/]: Registering callback for create:sliding_door in minecraft:block_entity_type
[03Apr2026 19:03:47.464] [modloading-worker-0/INFO] [Railways/MultiRegistryCallback/]: Registering callback for railways:ochrum_sliding_locometal_door in minecraft:block
[03Apr2026 19:03:47.464] [modloading-worker-0/INFO] [Railways/MultiRegistryCallback/]: Registering callback for create:sliding_door in minecraft:block_entity_type
[03Apr2026 19:03:47.464] [modloading-worker-0/INFO] [Railways/MultiRegistryCallback/]: Registering callback for railways:ochrum_folding_locometal_door in minecraft:block
[03Apr2026 19:03:47.464] [modloading-worker-0/INFO] [Railways/MultiRegistryCallback/]: Registering callback for create:flywheel in minecraft:block_entity_type
[03Apr2026 19:03:47.464] [modloading-worker-0/INFO] [Railways/MultiRegistryCallback/]: Registering callback for railways:yellow_locometal_flywheel in minecraft:block
[03Apr2026 19:03:47.464] [modloading-worker-0/INFO] [Railways/MultiRegistryCallback/]: Registering callback for create:sliding_door in minecraft:block_entity_type
[03Apr2026 19:03:47.464] [modloading-worker-0/INFO] [Railways/MultiRegistryCallback/]: Registering callback for railways:yellow_sliding_locometal_door in minecraft:block
[03Apr2026 19:03:47.464] [modloading-worker-0/INFO] [Railways/MultiRegistryCallback/]: Registering callback for create:sliding_door in minecraft:block_entity_type
[03Apr2026 19:03:47.464] [modloading-worker-0/INFO] [Railways/MultiRegistryCallback/]: Registering callback for railways:yellow_folding_locometal_door in minecraft:block
[03Apr2026 19:03:47.464] [modloading-worker-0/INFO] [Railways/MultiRegistryCallback/]: Registering callback for create:flywheel in minecraft:block_entity_type
[03Apr2026 19:03:47.464] [modloading-worker-0/INFO] [Railways/MultiRegistryCallback/]: Registering callback for railways:chartreuse_locometal_flywheel in minecraft:block
[03Apr2026 19:03:47.464] [modloading-worker-0/INFO] [Railways/MultiRegistryCallback/]: Registering callback for create:sliding_door in minecraft:block_entity_type
[03Apr2026 19:03:47.464] [modloading-worker-0/INFO] [Railways/MultiRegistryCallback/]: Registering callback for railways:chartreuse_sliding_locometal_door in minecraft:block
[03Apr2026 19:03:47.464] [modloading-worker-0/INFO] [Railways/MultiRegistryCallback/]: Registering callback for create:sliding_door in minecraft:block_entity_type
[03Apr2026 19:03:47.464] [modloading-worker-0/INFO] [Railways/MultiRegistryCallback/]: Registering callback for railways:chartreuse_folding_locometal_door in minecraft:block
[03Apr2026 19:03:47.464] [modloading-worker-0/INFO] [Railways/MultiRegistryCallback/]: Registering callback for create:flywheel in minecraft:block_entity_type
[03Apr2026 19:03:47.464] [modloading-worker-0/INFO] [Railways/MultiRegistryCallback/]: Registering callback for railways:olive_green_locometal_flywheel in minecraft:block
[03Apr2026 19:03:47.464] [modloading-worker-0/INFO] [Railways/MultiRegistryCallback/]: Registering callback for create:sliding_door in minecraft:block_entity_type
[03Apr2026 19:03:47.464] [modloading-worker-0/INFO] [Railways/MultiRegistryCallback/]: Registering callback for railways:olive_green_sliding_locometal_door in minecraft:block
[03Apr2026 19:03:47.464] [modloading-worker-0/INFO] [Railways/MultiRegistryCallback/]: Registering callback for create:sliding_door in minecraft:block_entity_type
[03Apr2026 19:03:47.464] [modloading-worker-0/INFO] [Railways/MultiRegistryCallback/]: Registering callback for railways:olive_green_folding_locometal_door in minecraft:block
[03Apr2026 19:03:47.464] [modloading-worker-0/INFO] [Railways/MultiRegistryCallback/]: Registering callback for create:flywheel in minecraft:block_entity_type
[03Apr2026 19:03:47.464] [modloading-worker-0/INFO] [Railways/MultiRegistryCallback/]: Registering callback for railways:lime_locometal_flywheel in minecraft:block
[03Apr2026 19:03:47.465] [modloading-worker-0/INFO] [Railways/MultiRegistryCallback/]: Registering callback for create:sliding_door in minecraft:block_entity_type
[03Apr2026 19:03:47.465] [modloading-worker-0/INFO] [Railways/MultiRegistryCallback/]: Registering callback for railways:lime_sliding_locometal_door in minecraft:block
[03Apr2026 19:03:47.465] [modloading-worker-0/INFO] [Railways/MultiRegistryCallback/]: Registering callback for create:sliding_door in minecraft:block_entity_type
[03Apr2026 19:03:47.465] [modloading-worker-0/INFO] [Railways/MultiRegistryCallback/]: Registering callback for railways:lime_folding_locometal_door in minecraft:block
[03Apr2026 19:03:47.465] [modloading-worker-0/INFO] [Railways/MultiRegistryCallback/]: Registering callback for create:flywheel in minecraft:block_entity_type
[03Apr2026 19:03:47.465] [modloading-worker-0/INFO] [Railways/MultiRegistryCallback/]: Registering callback for railways:green_locometal_flywheel in minecraft:block
[03Apr2026 19:03:47.465] [modloading-worker-0/INFO] [Railways/MultiRegistryCallback/]: Registering callback for create:sliding_door in minecraft:block_entity_type
[03Apr2026 19:03:47.465] [modloading-worker-0/INFO] [Railways/MultiRegistryCallback/]: Registering callback for railways:green_sliding_locometal_door in minecraft:block
[03Apr2026 19:03:47.465] [modloading-worker-0/INFO] [Railways/MultiRegistryCallback/]: Registering callback for create:sliding_door in minecraft:block_entity_type
[03Apr2026 19:03:47.465] [modloading-worker-0/INFO] [Railways/MultiRegistryCallback/]: Registering callback for railways:green_folding_locometal_door in minecraft:block
[03Apr2026 19:03:47.465] [modloading-worker-0/INFO] [Railways/MultiRegistryCallback/]: Registering callback for create:flywheel in minecraft:block_entity_type
[03Apr2026 19:03:47.465] [modloading-worker-0/INFO] [Railways/MultiRegistryCallback/]: Registering callback for railways:pine_green_locometal_flywheel in minecraft:block
[03Apr2026 19:03:47.465] [modloading-worker-0/INFO] [Railways/MultiRegistryCallback/]: Registering callback for create:sliding_door in minecraft:block_entity_type
[03Apr2026 19:03:47.465] [modloading-worker-0/INFO] [Railways/MultiRegistryCallback/]: Registering callback for railways:pine_green_sliding_locometal_door in minecraft:block
[03Apr2026 19:03:47.465] [modloading-worker-0/INFO] [Railways/MultiRegistryCallback/]: Registering callback for create:sliding_door in minecraft:block_entity_type
[03Apr2026 19:03:47.465] [modloading-worker-0/INFO] [Railways/MultiRegistryCallback/]: Registering callback for railways:pine_green_folding_locometal_door in minecraft:block
[03Apr2026 19:03:47.465] [modloading-worker-0/INFO] [Railways/MultiRegistryCallback/]: Registering callback for create:flywheel in minecraft:block_entity_type
[03Apr2026 19:03:47.465] [modloading-worker-0/INFO] [Railways/MultiRegistryCallback/]: Registering callback for railways:cyan_locometal_flywheel in minecraft:block
[03Apr2026 19:03:47.465] [modloading-worker-0/INFO] [Railways/MultiRegistryCallback/]: Registering callback for create:sliding_door in minecraft:block_entity_type
[03Apr2026 19:03:47.465] [modloading-worker-0/INFO] [Railways/MultiRegistryCallback/]: Registering callback for railways:cyan_sliding_locometal_door in minecraft:block
[03Apr2026 19:03:47.465] [modloading-worker-0/INFO] [Railways/MultiRegistryCallback/]: Registering callback for create:sliding_door in minecraft:block_entity_type
[03Apr2026 19:03:47.465] [modloading-worker-0/INFO] [Railways/MultiRegistryCallback/]: Registering callback for railways:cyan_folding_locometal_door in minecraft:block
[03Apr2026 19:03:47.465] [modloading-worker-0/INFO] [Railways/MultiRegistryCallback/]: Registering callback for create:flywheel in minecraft:block_entity_type
[03Apr2026 19:03:47.465] [modloading-worker-0/INFO] [Railways/MultiRegistryCallback/]: Registering callback for railways:sea_green_locometal_flywheel in minecraft:block
[03Apr2026 19:03:47.465] [modloading-worker-0/INFO] [Railways/MultiRegistryCallback/]: Registering callback for create:sliding_door in minecraft:block_entity_type
[03Apr2026 19:03:47.465] [modloading-worker-0/INFO] [Railways/MultiRegistryCallback/]: Registering callback for railways:sea_green_sliding_locometal_door in minecraft:block
[03Apr2026 19:03:47.465] [modloading-worker-0/INFO] [Railways/MultiRegistryCallback/]: Registering callback for create:sliding_door in minecraft:block_entity_type
[03Apr2026 19:03:47.465] [modloading-worker-0/INFO] [Railways/MultiRegistryCallback/]: Registering callback for railways:sea_green_folding_locometal_door in minecraft:block
[03Apr2026 19:03:47.465] [modloading-worker-0/INFO] [Railways/MultiRegistryCallback/]: Registering callback for create:flywheel in minecraft:block_entity_type
[03Apr2026 19:03:47.465] [modloading-worker-0/INFO] [Railways/MultiRegistryCallback/]: Registering callback for railways:turquoise_locometal_flywheel in minecraft:block
[03Apr2026 19:03:47.465] [modloading-worker-0/INFO] [Railways/MultiRegistryCallback/]: Registering callback for create:sliding_door in minecraft:block_entity_type
[03Apr2026 19:03:47.465] [modloading-worker-0/INFO] [Railways/MultiRegistryCallback/]: Registering callback for railways:turquoise_sliding_locometal_door in minecraft:block
[03Apr2026 19:03:47.465] [modloading-worker-0/INFO] [Railways/MultiRegistryCallback/]: Registering callback for create:sliding_door in minecraft:block_entity_type
[03Apr2026 19:03:47.465] [modloading-worker-0/INFO] [Railways/MultiRegistryCallback/]: Registering callback for railways:turquoise_folding_locometal_door in minecraft:block
[03Apr2026 19:03:47.465] [modloading-worker-0/INFO] [Railways/MultiRegistryCallback/]: Registering callback for create:flywheel in minecraft:block_entity_type
[03Apr2026 19:03:47.465] [modloading-worker-0/INFO] [Railways/MultiRegistryCallback/]: Registering callback for railways:light_blue_locometal_flywheel in minecraft:block
[03Apr2026 19:03:47.465] [modloading-worker-0/INFO] [Railways/MultiRegistryCallback/]: Registering callback for create:sliding_door in minecraft:block_entity_type
[03Apr2026 19:03:47.465] [modloading-worker-0/INFO] [Railways/MultiRegistryCallback/]: Registering callback for railways:light_blue_sliding_locometal_door in minecraft:block
[03Apr2026 19:03:47.465] [modloading-worker-0/INFO] [Railways/MultiRegistryCallback/]: Registering callback for create:sliding_door in minecraft:block_entity_type
[03Apr2026 19:03:47.465] [modloading-worker-0/INFO] [Railways/MultiRegistryCallback/]: Registering callback for railways:light_blue_folding_locometal_door in minecraft:block
[03Apr2026 19:03:47.465] [modloading-worker-0/INFO] [Railways/MultiRegistryCallback/]: Registering callback for create:flywheel in minecraft:block_entity_type
[03Apr2026 19:03:47.465] [modloading-worker-0/INFO] [Railways/MultiRegistryCallback/]: Registering callback for railways:blue_locometal_flywheel in minecraft:block
[03Apr2026 19:03:47.465] [modloading-worker-0/INFO] [Railways/MultiRegistryCallback/]: Registering callback for create:sliding_door in minecraft:block_entity_type
[03Apr2026 19:03:47.465] [modloading-worker-0/INFO] [Railways/MultiRegistryCallback/]: Registering callback for railways:blue_sliding_locometal_door in minecraft:block
[03Apr2026 19:03:47.465] [modloading-worker-0/INFO] [Railways/MultiRegistryCallback/]: Registering callback for create:sliding_door in minecraft:block_entity_type
[03Apr2026 19:03:47.465] [modloading-worker-0/INFO] [Railways/MultiRegistryCallback/]: Registering callback for railways:blue_folding_locometal_door in minecraft:block
[03Apr2026 19:03:47.465] [modloading-worker-0/INFO] [Railways/MultiRegistryCallback/]: Registering callback for create:flywheel in minecraft:block_entity_type
[03Apr2026 19:03:47.465] [modloading-worker-0/INFO] [Railways/MultiRegistryCallback/]: Registering callback for railways:royal_blue_locometal_flywheel in minecraft:block
[03Apr2026 19:03:47.465] [modloading-worker-0/INFO] [Railways/MultiRegistryCallback/]: Registering callback for create:sliding_door in minecraft:block_entity_type
[03Apr2026 19:03:47.465] [modloading-worker-0/INFO] [Railways/MultiRegistryCallback/]: Registering callback for railways:royal_blue_sliding_locometal_door in minecraft:block
[03Apr2026 19:03:47.465] [modloading-worker-0/INFO] [Railways/MultiRegistryCallback/]: Registering callback for create:sliding_door in minecraft:block_entity_type
[03Apr2026 19:03:47.465] [modloading-worker-0/INFO] [Railways/MultiRegistryCallback/]: Registering callback for railways:royal_blue_folding_locometal_door in minecraft:block
[03Apr2026 19:03:47.465] [modloading-worker-0/INFO] [Railways/MultiRegistryCallback/]: Registering callback for create:flywheel in minecraft:block_entity_type
[03Apr2026 19:03:47.465] [modloading-worker-0/INFO] [Railways/MultiRegistryCallback/]: Registering callback for railways:purple_locometal_flywheel in minecraft:block
[03Apr2026 19:03:47.465] [modloading-worker-0/INFO] [Railways/MultiRegistryCallback/]: Registering callback for create:sliding_door in minecraft:block_entity_type
[03Apr2026 19:03:47.465] [modloading-worker-0/INFO] [Railways/MultiRegistryCallback/]: Registering callback for railways:purple_sliding_locometal_door in minecraft:block
[03Apr2026 19:03:47.465] [modloading-worker-0/INFO] [Railways/MultiRegistryCallback/]: Registering callback for create:sliding_door in minecraft:block_entity_type
[03Apr2026 19:03:47.465] [modloading-worker-0/INFO] [Railways/MultiRegistryCallback/]: Registering callback for railways:purple_folding_locometal_door in minecraft:block
[03Apr2026 19:03:47.465] [modloading-worker-0/INFO] [Railways/MultiRegistryCallback/]: Registering callback for create:flywheel in minecraft:block_entity_type
[03Apr2026 19:03:47.465] [modloading-worker-0/INFO] [Railways/MultiRegistryCallback/]: Registering callback for railways:magenta_locometal_flywheel in minecraft:block
[03Apr2026 19:03:47.465] [modloading-worker-0/INFO] [Railways/MultiRegistryCallback/]: Registering callback for create:sliding_door in minecraft:block_entity_type
[03Apr2026 19:03:47.465] [modloading-worker-0/INFO] [Railways/MultiRegistryCallback/]: Registering callback for railways:magenta_sliding_locometal_door in minecraft:block
[03Apr2026 19:03:47.465] [modloading-worker-0/INFO] [Railways/MultiRegistryCallback/]: Registering callback for create:sliding_door in minecraft:block_entity_type
[03Apr2026 19:03:47.465] [modloading-worker-0/INFO] [Railways/MultiRegistryCallback/]: Registering callback for railways:magenta_folding_locometal_door in minecraft:block
[03Apr2026 19:03:47.465] [modloading-worker-0/INFO] [Railways/MultiRegistryCallback/]: Registering callback for create:flywheel in minecraft:block_entity_type
[03Apr2026 19:03:47.465] [modloading-worker-0/INFO] [Railways/MultiRegistryCallback/]: Registering callback for railways:pink_locometal_flywheel in minecraft:block
[03Apr2026 19:03:47.465] [modloading-worker-0/INFO] [Railways/MultiRegistryCallback/]: Registering callback for create:sliding_door in minecraft:block_entity_type
[03Apr2026 19:03:47.465] [modloading-worker-0/INFO] [Railways/MultiRegistryCallback/]: Registering callback for railways:pink_sliding_locometal_door in minecraft:block
[03Apr2026 19:03:47.465] [modloading-worker-0/INFO] [Railways/MultiRegistryCallback/]: Registering callback for create:sliding_door in minecraft:block_entity_type
[03Apr2026 19:03:47.465] [modloading-worker-0/INFO] [Railways/MultiRegistryCallback/]: Registering callback for railways:pink_folding_locometal_door in minecraft:block
[03Apr2026 19:03:47.465] [modloading-worker-0/INFO] [Railways/MultiRegistryCallback/]: Registering callback for create:flywheel in minecraft:block_entity_type
[03Apr2026 19:03:47.465] [modloading-worker-0/INFO] [Railways/MultiRegistryCallback/]: Registering callback for railways:white_locometal_flywheel in minecraft:block
[03Apr2026 19:03:47.465] [modloading-worker-0/INFO] [Railways/MultiRegistryCallback/]: Registering callback for create:sliding_door in minecraft:block_entity_type
[03Apr2026 19:03:47.465] [modloading-worker-0/INFO] [Railways/MultiRegistryCallback/]: Registering callback for railways:white_sliding_locometal_door in minecraft:block
[03Apr2026 19:03:47.465] [modloading-worker-0/INFO] [Railways/MultiRegistryCallback/]: Registering callback for create:sliding_door in minecraft:block_entity_type
[03Apr2026 19:03:47.465] [modloading-worker-0/INFO] [Railways/MultiRegistryCallback/]: Registering callback for railways:white_folding_locometal_door in minecraft:block
[03Apr2026 19:03:47.465] [modloading-worker-0/INFO] [Railways/MultiRegistryCallback/]: Registering callback for create:flywheel in minecraft:block_entity_type
[03Apr2026 19:03:47.465] [modloading-worker-0/INFO] [Railways/MultiRegistryCallback/]: Registering callback for railways:diorite_locometal_flywheel in minecraft:block
[03Apr2026 19:03:47.465] [modloading-worker-0/INFO] [Railways/MultiRegistryCallback/]: Registering callback for create:sliding_door in minecraft:block_entity_type
[03Apr2026 19:03:47.465] [modloading-worker-0/INFO] [Railways/MultiRegistryCallback/]: Registering callback for railways:diorite_sliding_locometal_door in minecraft:block
[03Apr2026 19:03:47.465] [modloading-worker-0/INFO] [Railways/MultiRegistryCallback/]: Registering callback for create:sliding_door in minecraft:block_entity_type
[03Apr2026 19:03:47.465] [modloading-worker-0/INFO] [Railways/MultiRegistryCallback/]: Registering callback for railways:diorite_folding_locometal_door in minecraft:block
[03Apr2026 19:03:47.465] [modloading-worker-0/INFO] [Railways/MultiRegistryCallback/]: Registering callback for create:flywheel in minecraft:block_entity_type
[03Apr2026 19:03:47.465] [modloading-worker-0/INFO] [Railways/MultiRegistryCallback/]: Registering callback for railways:limestone_locometal_flywheel in minecraft:block
[03Apr2026 19:03:47.465] [modloading-worker-0/INFO] [Railways/MultiRegistryCallback/]: Registering callback for create:sliding_door in minecraft:block_entity_type
[03Apr2026 19:03:47.465] [modloading-worker-0/INFO] [Railways/MultiRegistryCallback/]: Registering callback for railways:limestone_sliding_locometal_door in minecraft:block
[03Apr2026 19:03:47.465] [modloading-worker-0/INFO] [Railways/MultiRegistryCallback/]: Registering callback for create:sliding_door in minecraft:block_entity_type
[03Apr2026 19:03:47.465] [modloading-worker-0/INFO] [Railways/MultiRegistryCallback/]: Registering callback for railways:limestone_folding_locometal_door in minecraft:block
[03Apr2026 19:03:47.465] [modloading-worker-0/INFO] [Railways/MultiRegistryCallback/]: Registering callback for create:flywheel in minecraft:block_entity_type
[03Apr2026 19:03:47.465] [modloading-worker-0/INFO] [Railways/MultiRegistryCallback/]: Registering callback for railways:light_gray_locometal_flywheel in minecraft:block
[03Apr2026 19:03:47.465] [modloading-worker-0/INFO] [Railways/MultiRegistryCallback/]: Registering callback for create:sliding_door in minecraft:block_entity_type
[03Apr2026 19:03:47.466] [modloading-worker-0/INFO] [Railways/MultiRegistryCallback/]: Registering callback for railways:light_gray_sliding_locometal_door in minecraft:block
[03Apr2026 19:03:47.466] [modloading-worker-0/INFO] [Railways/MultiRegistryCallback/]: Registering callback for create:sliding_door in minecraft:block_entity_type
[03Apr2026 19:03:47.466] [modloading-worker-0/INFO] [Railways/MultiRegistryCallback/]: Registering callback for railways:light_gray_folding_locometal_door in minecraft:block
[03Apr2026 19:03:47.466] [modloading-worker-0/INFO] [Railways/MultiRegistryCallback/]: Registering callback for create:flywheel in minecraft:block_entity_type
[03Apr2026 19:03:47.466] [modloading-worker-0/INFO] [Railways/MultiRegistryCallback/]: Registering callback for railways:tuff_locometal_flywheel in minecraft:block
[03Apr2026 19:03:47.466] [modloading-worker-0/INFO] [Railways/MultiRegistryCallback/]: Registering callback for create:sliding_door in minecraft:block_entity_type
[03Apr2026 19:03:47.466] [modloading-worker-0/INFO] [Railways/MultiRegistryCallback/]: Registering callback for railways:tuff_sliding_locometal_door in minecraft:block
[03Apr2026 19:03:47.466] [modloading-worker-0/INFO] [Railways/MultiRegistryCallback/]: Registering callback for create:sliding_door in minecraft:block_entity_type
[03Apr2026 19:03:47.466] [modloading-worker-0/INFO] [Railways/MultiRegistryCallback/]: Registering callback for railways:tuff_folding_locometal_door in minecraft:block
[03Apr2026 19:03:47.466] [modloading-worker-0/INFO] [Railways/MultiRegistryCallback/]: Registering callback for create:flywheel in minecraft:block_entity_type
[03Apr2026 19:03:47.466] [modloading-worker-0/INFO] [Railways/MultiRegistryCallback/]: Registering callback for railways:gray_locometal_flywheel in minecraft:block
[03Apr2026 19:03:47.466] [modloading-worker-0/INFO] [Railways/MultiRegistryCallback/]: Registering callback for create:sliding_door in minecraft:block_entity_type
[03Apr2026 19:03:47.466] [modloading-worker-0/INFO] [Railways/MultiRegistryCallback/]: Registering callback for railways:gray_sliding_locometal_door in minecraft:block
[03Apr2026 19:03:47.466] [modloading-worker-0/INFO] [Railways/MultiRegistryCallback/]: Registering callback for create:sliding_door in minecraft:block_entity_type
[03Apr2026 19:03:47.466] [modloading-worker-0/INFO] [Railways/MultiRegistryCallback/]: Registering callback for railways:gray_folding_locometal_door in minecraft:block
[03Apr2026 19:03:47.466] [modloading-worker-0/INFO] [Railways/MultiRegistryCallback/]: Registering callback for create:flywheel in minecraft:block_entity_type
[03Apr2026 19:03:47.466] [modloading-worker-0/INFO] [Railways/MultiRegistryCallback/]: Registering callback for railways:scorchia_locometal_flywheel in minecraft:block
[03Apr2026 19:03:47.466] [modloading-worker-0/INFO] [Railways/MultiRegistryCallback/]: Registering callback for create:sliding_door in minecraft:block_entity_type
[03Apr2026 19:03:47.466] [modloading-worker-0/INFO] [Railways/MultiRegistryCallback/]: Registering callback for railways:scorchia_sliding_locometal_door in minecraft:block
[03Apr2026 19:03:47.466] [modloading-worker-0/INFO] [Railways/MultiRegistryCallback/]: Registering callback for create:sliding_door in minecraft:block_entity_type
[03Apr2026 19:03:47.466] [modloading-worker-0/INFO] [Railways/MultiRegistryCallback/]: Registering callback for railways:scorchia_folding_locometal_door in minecraft:block
[03Apr2026 19:03:47.466] [modloading-worker-0/INFO] [Railways/MultiRegistryCallback/]: Registering callback for create:flywheel in minecraft:block_entity_type
[03Apr2026 19:03:47.466] [modloading-worker-0/INFO] [Railways/MultiRegistryCallback/]: Registering callback for railways:black_locometal_flywheel in minecraft:block
[03Apr2026 19:03:47.466] [modloading-worker-0/INFO] [Railways/MultiRegistryCallback/]: Registering callback for create:sliding_door in minecraft:block_entity_type
[03Apr2026 19:03:47.466] [modloading-worker-0/INFO] [Railways/MultiRegistryCallback/]: Registering callback for railways:black_sliding_locometal_door in minecraft:block
[03Apr2026 19:03:47.466] [modloading-worker-0/INFO] [Railways/MultiRegistryCallback/]: Registering callback for create:sliding_door in minecraft:block_entity_type
[03Apr2026 19:03:47.466] [modloading-worker-0/INFO] [Railways/MultiRegistryCallback/]: Registering callback for railways:black_folding_locometal_door in minecraft:block
[03Apr2026 19:03:47.469] [Railways Datafixer Bootstrap/INFO] [com.mojang.datafixers.DataFixerBuilder/]: 5 Datafixer optimizations took 10 milliseconds
[03Apr2026 19:03:47.471] [modloading-worker-0/INFO] [quark-zeta/]: Discovered 164 modules to load.
[03Apr2026 19:03:47.471] [modloading-worker-0/INFO] [quark-zeta/]: Constructing module Abacus...
[03Apr2026 19:03:47.473] [modloading-worker-0/INFO] [Railways/]: Registering tracks for Hex Casting
[03Apr2026 19:03:47.474] [modloading-worker-0/INFO] [Railways/]: Registering tracks for Oh The Biomes You'll Go
[03Apr2026 19:03:47.475] [modloading-worker-0/INFO] [Railways/]: Registering tracks for Blue Skies
[03Apr2026 19:03:47.480] [modloading-worker-0/INFO] [quark-zeta/]: Constructing module Adjustable Chat...
[03Apr2026 19:03:47.480] [modloading-worker-0/INFO] [quark-zeta/]: Constructing module Ambient Discs...
[03Apr2026 19:03:47.482] [modloading-worker-0/INFO] [quark-zeta/]: Constructing module Ancient Tomes...
[03Apr2026 19:03:47.483] [modloading-worker-0/INFO] [net.minecraftforge.coremod.CoreMod.apotheosis/COREMODLOG]: Replaced 3 calls to Enchantment#getMaxLevel() in org/violetmoon/quark/content/tools/item/AncientTomeItem
[03Apr2026 19:03:47.488] [modloading-worker-0/INFO] [quark-zeta/]: Constructing module Ancient Wood...
[03Apr2026 19:03:47.493] [modloading-worker-0/INFO] [Railways/]: Registering tracks for Twilight Forest
[03Apr2026 19:03:47.495] [modloading-worker-0/INFO] [quark-zeta/]: Constructing module Armed Armor Stands...
[03Apr2026 19:03:47.495] [modloading-worker-0/INFO] [quark-zeta/]: Constructing module Auto Walk Keybind...
[03Apr2026 19:03:47.495] [modloading-worker-0/INFO] [quark-zeta/]: Constructing module Automatic Recipe Unlock...
[03Apr2026 19:03:47.495] [modloading-worker-0/INFO] [Railways/]: Registering tracks for Biomes O' Plenty
[03Apr2026 19:03:47.495] [modloading-worker-0/INFO] [quark-zeta/]: Constructing module Automatic Tool Restock...
[03Apr2026 19:03:47.496] [modloading-worker-0/INFO] [quark-zeta/]: Constructing module Azalea Wood...
[03Apr2026 19:03:47.496] [modloading-worker-0/INFO] [quark-zeta/]: Constructing module Back Button Keybind...
[03Apr2026 19:03:47.497] [modloading-worker-0/INFO] [quark-zeta/]: Constructing module Backpack...
[03Apr2026 19:03:47.498] [modloading-worker-0/INFO] [Railways/]: Registering tracks for Nature's Spirit
[03Apr2026 19:03:47.500] [modloading-worker-0/INFO] [Railways/]: Registering tracks for Dreams and Desires
[03Apr2026 19:03:47.500] [modloading-worker-0/INFO] [quark-zeta/]: Constructing module Beacon Redirection...
[03Apr2026 19:03:47.501] [modloading-worker-0/INFO] [Railways/]: Registering tracks for Quark
[03Apr2026 19:03:47.501] [modloading-worker-0/INFO] [quark-zeta/]: Constructing module Better Elytra Rocket...
[03Apr2026 19:03:47.502] [modloading-worker-0/INFO] [quark-zeta/]: Constructing module Big Stone Clusters...
[03Apr2026 19:03:47.504] [modloading-worker-0/INFO] [Railways/]: Registering tracks for TerraFirmaCraft
[03Apr2026 19:03:47.507] [modloading-worker-0/INFO] [YetAnotherConfigLib/]: Deserializing YACLConfig from 'C:\Users\Silvaria Zemaitis\AppData\Roaming\PrismLauncher\instances\IridescentCraft\minecraft\config\yacl.json5'
[03Apr2026 19:03:47.515] [modloading-worker-0/INFO] [quark-zeta/]: Constructing module Blossom Trees...
[03Apr2026 19:03:47.516] [modloading-worker-0/INFO] [dev.architectury.networking.forge.NetworkManagerImpl/]: Registering C2S receiver with id kubejs:send_data_from_client
[03Apr2026 19:03:47.516] [modloading-worker-0/INFO] [quark-zeta/]: Constructing module Bottled Cloud...
[03Apr2026 19:03:47.517] [modloading-worker-0/INFO] [dev.architectury.networking.forge.NetworkManagerImpl/]: Registering S2C receiver with id kubejs:send_data_from_server
[03Apr2026 19:03:47.518] [modloading-worker-0/INFO] [quark-zeta/]: Constructing module Buckets Show Inhabitants...
[03Apr2026 19:03:47.518] [modloading-worker-0/INFO] [dev.architectury.networking.forge.NetworkManagerImpl/]: Registering S2C receiver with id kubejs:paint
[03Apr2026 19:03:47.518] [modloading-worker-0/INFO] [quark-zeta/]: Constructing module Camera...
[03Apr2026 19:03:47.519] [modloading-worker-0/INFO] [dev.architectury.networking.forge.NetworkManagerImpl/]: Registering S2C receiver with id kubejs:add_stage
[03Apr2026 19:03:47.520] [modloading-worker-0/INFO] [quark-zeta/]: Constructing module Campfires Boost Elytra...
[03Apr2026 19:03:47.520] [modloading-worker-0/INFO] [quark-zeta/]: Constructing module Celebratory Lamps...
[03Apr2026 19:03:47.520] [modloading-worker-0/INFO] [dev.architectury.networking.forge.NetworkManagerImpl/]: Registering S2C receiver with id kubejs:remove_stage
[03Apr2026 19:03:47.520] [modloading-worker-0/INFO] [quark-zeta/]: Constructing module Chains Connect Blocks...
[03Apr2026 19:03:47.521] [modloading-worker-0/INFO] [quark-zeta/]: Constructing module Chest Searching...
[03Apr2026 19:03:47.521] [modloading-worker-0/INFO] [quark-zeta/]: Constructing module Chorus Vegetation...
[03Apr2026 19:03:47.521] [modloading-worker-0/INFO] [dev.architectury.networking.forge.NetworkManagerImpl/]: Registering S2C receiver with id kubejs:sync_stages
[03Apr2026 19:03:47.522] [modloading-worker-0/INFO] [quark-zeta/]: Constructing module Chute...
[03Apr2026 19:03:47.523] [modloading-worker-0/INFO] [dev.architectury.networking.forge.NetworkManagerImpl/]: Registering C2S receiver with id kubejs:first_click
[03Apr2026 19:03:47.523] [modloading-worker-0/INFO] [quark-zeta/]: Constructing module Climate Control Remover...
[03Apr2026 19:03:47.523] [modloading-worker-0/INFO] [dev.architectury.networking.forge.NetworkManagerImpl/]: Registering S2C receiver with id kubejs:toast
[03Apr2026 19:03:47.523] [modloading-worker-0/INFO] [quark-zeta/]: Constructing module Color Runes...
[03Apr2026 19:03:47.526] [modloading-worker-0/INFO] [dev.architectury.networking.forge.NetworkManagerImpl/]: Registering S2C receiver with id kubejs:reload_startup_scripts
[03Apr2026 19:03:47.526] [modloading-worker-0/INFO] [quark-zeta/]: Constructing module Compasses Work Everywhere...
[03Apr2026 19:03:47.527] [modloading-worker-0/INFO] [quark-zeta/]: Constructing module Compressed Blocks...
[03Apr2026 19:03:47.527] [modloading-worker-0/INFO] [dev.architectury.networking.forge.NetworkManagerImpl/]: Registering S2C receiver with id kubejs:display_server_errors
[03Apr2026 19:03:47.527] [modloading-worker-0/INFO] [quark-zeta/]: Constructing module Coral On Cactus...
[03Apr2026 19:03:47.527] [modloading-worker-0/INFO] [quark-zeta/]: Constructing module Corundum...
[03Apr2026 19:03:47.528] [modloading-worker-0/INFO] [dev.architectury.networking.forge.NetworkManagerImpl/]: Registering S2C receiver with id kubejs:display_client_errors
[03Apr2026 19:03:47.538] [modloading-worker-0/INFO] [be.florens.expandability.ExpandAbility/]: ExpandAbility here, who dis?
[03Apr2026 19:03:47.540] [modloading-worker-0/INFO] [mod.chiselsandbits.forge.Forge/]: Initialized Chisels&Bits - Forge
[03Apr2026 19:03:47.544] [modloading-worker-0/INFO] [quark-zeta/]: Constructing module Crabs...
[03Apr2026 19:03:47.544] [modloading-worker-0/INFO] [quark-zeta/]: Constructing module Crafter...
[03Apr2026 19:03:47.546] [modloading-worker-0/INFO] [quark-zeta/]: Constructing module Crate...
[03Apr2026 19:03:47.546] [modloading-worker-0/INFO] [quark-zeta/]: Constructing module Diamond Repair...
[03Apr2026 19:03:47.547] [modloading-worker-0/INFO] [quark-zeta/]: Constructing module Dispensers Place Blocks...
[03Apr2026 19:03:47.547] [modloading-worker-0/INFO] [quark-zeta/]: Constructing module Double Door Opening...
[03Apr2026 19:03:47.547] [modloading-worker-0/INFO] [quark-zeta/]: Constructing module Dragon Scales...
[03Apr2026 19:03:47.547] [modloading-worker-0/INFO] [quark-zeta/]: Constructing module Duskbound Blocks...
[03Apr2026 19:03:47.548] [modloading-worker-0/INFO] [quark-zeta/]: Constructing module Dyeable Item Frames...
[03Apr2026 19:03:47.548] [modloading-worker-0/INFO] [quark-zeta/]: Constructing module Easy Transfering...
[03Apr2026 19:03:47.549] [modloading-worker-0/INFO] [quark-zeta/]: Constructing module Elytra Indicator...
[03Apr2026 19:03:47.549] [modloading-worker-0/INFO] [quark-zeta/]: Constructing module Emotes...
[03Apr2026 19:03:47.551] [modloading-worker-0/INFO] [quark-zeta/]: Constructing module Enchantment Predicates...
[03Apr2026 19:03:47.551] [modloading-worker-0/INFO] [quark-zeta/]: Constructing module Enchantments Begone...
[03Apr2026 19:03:47.551] [modloading-worker-0/INFO] [quark-zeta/]: Constructing module Ender Watcher...
[03Apr2026 19:03:47.552] [modloading-worker-0/INFO] [quark-zeta/]: Constructing module Endermosh Music Disc...
[03Apr2026 19:03:47.554] [modloading-worker-0/INFO] [quark-zeta/]: Constructing module Enhanced Ladders...
[03Apr2026 19:03:47.554] [modloading-worker-0/INFO] [quark-zeta/]: Constructing module Expanded Item Interactions...
[03Apr2026 19:03:47.555] [modloading-worker-0/INFO] [quark-zeta/]: Constructing module Fairy Rings...
[03Apr2026 19:03:47.555] [modloading-worker-0/INFO] [quark-zeta/]: Constructing module Fallen Logs...
[03Apr2026 19:03:47.556] [modloading-worker-0/INFO] [quark-zeta/]: Constructing module Feeding Trough...
[03Apr2026 19:03:47.557] [modloading-worker-0/INFO] [quark-zeta/]: Constructing module Forgotten...
[03Apr2026 19:03:47.564] [modloading-worker-0/INFO] [quark-zeta/]: Constructing module Foxhound...
[03Apr2026 19:03:47.564] [modloading-worker-0/INFO] [quark-zeta/]: Constructing module Framed Glass...
[03Apr2026 19:03:47.564] [modloading-worker-0/INFO] [quark-zeta/]: Constructing module Game Nerfs...
[03Apr2026 19:03:47.564] [modloading-worker-0/INFO] [quark-zeta/]: Constructing module Glass Item Frame...
[03Apr2026 19:03:47.566] [modloading-worker-0/INFO] [quark-zeta/]: Constructing module Glass Shard...
[03Apr2026 19:03:47.567] [modloading-worker-0/INFO] [quark-zeta/]: Constructing module Glimmering Weald...
[03Apr2026 19:03:47.575] [modloading-worker-0/INFO] [quark-zeta/]: Constructing module Gold Bars...
[03Apr2026 19:03:47.576] [modloading-worker-0/INFO] [quark-zeta/]: Constructing module Gold Tools Have Fortune...
[03Apr2026 19:03:47.576] [modloading-worker-0/INFO] [quark-zeta/]: Constructing module Grab Chickens...
[03Apr2026 19:03:47.577] [modloading-worker-0/INFO] [quark-zeta/]: Constructing module Grate...
[03Apr2026 19:03:47.579] [modloading-worker-0/INFO] [quark-zeta/]: Constructing module Gravisand...
[03Apr2026 19:03:47.579] [modloading-worker-0/INFO] [quark-zeta/]: Constructing module Greener Grass...
[03Apr2026 19:03:47.581] [modloading-worker-0/INFO] [quark-zeta/]: Constructing module Hedges...
[03Apr2026 19:03:47.584] [modloading-worker-0/INFO] [quark-zeta/]: Constructing module Hoe Harvesting...
[03Apr2026 19:03:47.584] [modloading-worker-0/INFO] [quark-zeta/]: Constructing module Hollow Logs...
[03Apr2026 19:03:47.584] [modloading-worker-0/INFO] [quark-zeta/]: Constructing module Horses Swim...
[03Apr2026 19:03:47.584] [modloading-worker-0/INFO] [quark-zeta/]: Constructing module Hotbar Changer...
[03Apr2026 19:03:47.584] [modloading-worker-0/INFO] [quark-zeta/]: Constructing module Improved Sponges...
[03Apr2026 19:03:47.584] [modloading-worker-0/INFO] [quark-zeta/]: Constructing module Improved Tooltips...
[03Apr2026 19:03:47.585] [modloading-worker-0/INFO] [quark-zeta/]: Constructing module Industrial Palette...
[03Apr2026 19:03:47.586] [modloading-worker-0/INFO] [quark-zeta/]: Constructing module Inventory Sorting...
[03Apr2026 19:03:47.586] [modloading-worker-0/INFO] [quark-zeta/]: Constructing module Iron Rod...
[03Apr2026 19:03:47.590] [modloading-worker-0/INFO] [quark-zeta/]: Constructing module Item Sharing...
[03Apr2026 19:03:47.590] [modloading-worker-0/INFO] [quark-zeta/]: Constructing module Japanese Palette...
[03Apr2026 19:03:47.590] [modloading-worker-0/INFO] [quark-zeta/]: Constructing module Leaf Carpet...
[03Apr2026 19:03:47.591] [modloading-worker-0/INFO] [quark-zeta/]: Constructing module Lock Rotation...
[03Apr2026 19:03:47.591] [modloading-worker-0/INFO] [quark-zeta/]: Constructing module Long Range Pick Block...
[03Apr2026 19:03:47.591] [modloading-worker-0/INFO] [mod.chiselsandbits.registrars.ModBlockEntityTypes/]: Loaded block entity configuration.
[03Apr2026 19:03:47.592] [modloading-worker-0/INFO] [quark-zeta/]: Constructing module Magma Keeps Concrete Powder...
[03Apr2026 19:03:47.592] [modloading-worker-0/INFO] [quark-zeta/]: Constructing module Magnets...
[03Apr2026 19:03:47.593] [modloading-worker-0/INFO] [quark-zeta/]: Constructing module Map Washing...
[03Apr2026 19:03:47.594] [modloading-worker-0/INFO] [quark-zeta/]: Constructing module Matrix Enchanting...
[03Apr2026 19:03:47.596] [modloading-worker-0/INFO] [quark-zeta/]: Constructing module Metal Buttons...
[03Apr2026 19:03:47.597] [modloading-worker-0/INFO] [quark-zeta/]: Constructing module Microcrafting Helper...
[03Apr2026 19:03:47.597] [modloading-worker-0/INFO] [quark-zeta/]: Constructing module Midori...
[03Apr2026 19:03:47.597] [modloading-worker-0/INFO] [quark-zeta/]: Constructing module Monster Box...
[03Apr2026 19:03:47.597] [modloading-worker-0/INFO] [quark-zeta/]: Constructing module More Banner Layers...
[03Apr2026 19:03:47.598] [modloading-worker-0/INFO] [quark-zeta/]: Constructing module More Brick Types...
[03Apr2026 19:03:47.598] [modloading-worker-0/INFO] [quark-zeta/]: Constructing module More Mud Blocks...
[03Apr2026 19:03:47.598] [modloading-worker-0/INFO] [quark-zeta/]: Constructing module More Note Block Sounds...
[03Apr2026 19:03:47.598] [modloading-worker-0/INFO] [quark-zeta/]: Constructing module More Potted Plants...
[03Apr2026 19:03:47.598] [modloading-worker-0/INFO] [quark-zeta/]: Constructing module More Villagers...
[03Apr2026 19:03:47.598] [modloading-worker-0/INFO] [quark-zeta/]: Constructing module Narrator Readout...
[03Apr2026 19:03:47.599] [modloading-worker-0/INFO] [quark-zeta/]: Constructing module Nether Brick Fence Gate...
[03Apr2026 19:03:47.599] [modloading-worker-0/INFO] [quark-zeta/]: Constructing module Nether Obsidian Spikes...
[03Apr2026 19:03:47.599] [modloading-worker-0/INFO] [quark-zeta/]: Constructing module New Stone Types...
[03Apr2026 19:03:47.600] [modloading-worker-0/INFO] [mod.chiselsandbits.registrars.ModBlocks/]: Loaded block configuration.
[03Apr2026 19:03:47.601] [modloading-worker-0/INFO] [quark-zeta/]: Constructing module No Durability On Cosmetics...
[03Apr2026 19:03:47.601] [modloading-worker-0/INFO] [quark-zeta/]: Constructing module No More Lava Pockets...
[03Apr2026 19:03:47.601] [modloading-worker-0/INFO] [quark-zeta/]: Constructing module Obsidian Plate...
[03Apr2026 19:03:47.601] [modloading-worker-0/INFO] [quark-zeta/]: Constructing module Overlay Shader...
[03Apr2026 19:03:47.601] [modloading-worker-0/INFO] [quark-zeta/]: Constructing module Parrot Eggs...
[03Apr2026 19:03:47.602] [modloading-worker-0/INFO] [quark-zeta/]: Constructing module Pat The Dogs...
[03Apr2026 19:03:47.603] [modloading-worker-0/INFO] [quark-zeta/]: Constructing module Pathfinder Maps...
[03Apr2026 19:03:47.603] [modloading-worker-0/INFO] [mod.chiselsandbits.registrars.ModChiselModeGroups/]: Loaded chisel mode group configuration.
[03Apr2026 19:03:47.605] [modloading-worker-0/INFO] [quark-zeta/]: Constructing module Permafrost...
[03Apr2026 19:03:47.606] [modloading-worker-0/INFO] [quark-zeta/]: Constructing module Petals On Water...
[03Apr2026 19:03:47.606] [modloading-worker-0/INFO] [quark-zeta/]: Constructing module Pickarang...
[03Apr2026 19:03:47.608] [modloading-worker-0/INFO] [quark-zeta/]: Constructing module Pig Litters...
[03Apr2026 19:03:47.609] [modloading-worker-0/INFO] [quark-zeta/]: Constructing module Pipes...
[03Apr2026 19:03:47.611] [modloading-worker-0/INFO] [quark-zeta/]: Constructing module Pistons Move Tile Entities...
[03Apr2026 19:03:47.611] [modloading-worker-0/INFO] [quark-zeta/]: Constructing module Poison Potato Usage...
[03Apr2026 19:03:47.611] [modloading-worker-0/INFO] [quark-zeta/]: Constructing module Quick Armor Swapping...
[03Apr2026 19:03:47.612] [modloading-worker-0/INFO] [quark-zeta/]: Constructing module Rainbow Lamps...
[03Apr2026 19:03:47.612] [modloading-worker-0/INFO] [quark-zeta/]: Constructing module Raw Metal Bricks...
[03Apr2026 19:03:47.612] [modloading-worker-0/INFO] [quark-zeta/]: Constructing module Reacharound Placing...
[03Apr2026 19:03:47.612] [modloading-worker-0/INFO] [quark-zeta/]: Constructing module Redstone Randomizer...
[03Apr2026 19:03:47.613] [modloading-worker-0/INFO] [quark-zeta/]: Constructing module Renewable Spore Blossoms...
[03Apr2026 19:03:47.613] [modloading-worker-0/INFO] [quark-zeta/]: Constructing module Replace Scaffolding...
[03Apr2026 19:03:47.613] [modloading-worker-0/INFO] [quark-zeta/]: Constructing module Rope...
[03Apr2026 19:03:47.614] [modloading-worker-0/INFO] [quark-zeta/]: Constructing module Safer Creatures...
[03Apr2026 19:03:47.614] [modloading-worker-0/INFO] [quark-zeta/]: Constructing module Seed Pouch...
[03Apr2026 19:03:47.616] [modloading-worker-0/INFO] [quark-zeta/]: Constructing module Shear Vines...
[03Apr2026 19:03:47.619] [modloading-worker-0/INFO] [quark-zeta/]: Constructing module Shiba...
[03Apr2026 19:03:47.619] [modloading-worker-0/INFO] [quark-zeta/]: Constructing module Shingles...
[03Apr2026 19:03:47.620] [modloading-worker-0/INFO] [quark-zeta/]: Constructing module Shulker Packing...
[03Apr2026 19:03:47.620] [modloading-worker-0/INFO] [quark-zeta/]: Constructing module Simple Harvest...
[03Apr2026 19:03:47.620] [modloading-worker-0/INFO] [quark-zeta/]: Constructing module Skull Pikes...
[03Apr2026 19:03:47.621] [modloading-worker-0/INFO] [quark-zeta/]: Constructing module Slabs To Blocks...
[03Apr2026 19:03:47.622] [modloading-worker-0/INFO] [quark-zeta/]: Constructing module Slime In A Bucket...
[03Apr2026 19:03:47.623] [modloading-worker-0/INFO] [quark-zeta/]: Constructing module Slimes To Magma Cubes...
[03Apr2026 19:03:47.623] [modloading-worker-0/INFO] [quark-zeta/]: Constructing module Snow Golem Player Heads...
[03Apr2026 19:03:47.623] [modloading-worker-0/INFO] [quark-zeta/]: Constructing module Soul Candles...
[03Apr2026 19:03:47.623] [modloading-worker-0/INFO] [quark-zeta/]: Constructing module Soul Sandstone...
[03Apr2026 19:03:47.623] [modloading-worker-0/INFO] [quark-zeta/]: Constructing module Spawner Replacer...
[03Apr2026 19:03:47.623] [modloading-worker-0/INFO] [quark-zeta/]: Constructing module Spiral Spires...
[03Apr2026 19:03:47.624] [modloading-worker-0/INFO] [quark-zeta/]: Constructing module Stonelings...
[03Apr2026 19:03:47.626] [modloading-worker-0/INFO] [quark-zeta/]: Constructing module Stools...
[03Apr2026 19:03:47.626] [modloading-worker-0/INFO] [quark-zeta/]: Constructing module Sturdy Stone...
[03Apr2026 19:03:47.627] [modloading-worker-0/INFO] [quark-zeta/]: Constructing module Thatch...
[03Apr2026 19:03:47.627] [modloading-worker-0/INFO] [quark-zeta/]: Constructing module Tiny Potato...
[03Apr2026 19:03:47.628] [modloading-worker-0/INFO] [quark-zeta/]: Constructing module Torch Arrow...
[03Apr2026 19:03:47.631] [modloading-worker-0/INFO] [quark-zeta/]: Constructing module Toretoise...
[03Apr2026 19:03:47.631] [modloading-worker-0/INFO] [quark-zeta/]: Constructing module Totem Of Holding...
[03Apr2026 19:03:47.632] [modloading-worker-0/INFO] [quark-zeta/]: Constructing module Trowel...
[03Apr2026 19:03:47.632] [modloading-worker-0/INFO] [quark-zeta/]: Constructing module Usage Ticker...
[03Apr2026 19:03:47.633] [modloading-worker-0/INFO] [quark-zeta/]: Constructing module Uses For Curses...
[03Apr2026 19:03:47.633] [modloading-worker-0/INFO] [quark-zeta/]: Constructing module Utility Recipes...
[03Apr2026 19:03:47.633] [modloading-worker-0/INFO] [quark-zeta/]: Constructing module Variant Animal Textures...
[03Apr2026 19:03:47.634] [modloading-worker-0/INFO] [quark-zeta/]: Constructing module Variant Bookshelves...
[03Apr2026 19:03:47.635] [modloading-worker-0/INFO] [quark-zeta/]: Constructing module Variant Chests...
[03Apr2026 19:03:47.639] [modloading-worker-0/INFO] [quark-zeta/]: Constructing module Variant Furnaces...
[03Apr2026 19:03:47.642] [modloading-worker-0/INFO] [quark-zeta/]: Constructing module Variant Ladders...
[03Apr2026 19:03:47.642] [modloading-worker-0/INFO] [quark-zeta/]: Constructing module Variant Selector...
[03Apr2026 19:03:47.644] [modloading-worker-0/INFO] [quark-zeta/]: Constructing module Vertical Planks...
[03Apr2026 19:03:47.644] [modloading-worker-0/INFO] [quark-zeta/]: Constructing module Vertical Slabs...
[03Apr2026 19:03:47.648] [modloading-worker-0/INFO] [quark-zeta/]: Constructing module Vexes Die With Their Masters...
[03Apr2026 19:03:47.648] [modloading-worker-0/INFO] [quark-zeta/]: Constructing module Villager Rerolling Rework...
[03Apr2026 19:03:47.649] [modloading-worker-0/INFO] [quark-zeta/]: Constructing module Villagers Follow Emeralds...
[03Apr2026 19:03:47.649] [modloading-worker-0/INFO] [quark-zeta/]: Constructing module Wooden Posts...
[03Apr2026 19:03:47.650] [modloading-worker-0/INFO] [quark-zeta/]: Constructing module Wool Shuts Up Minecarts...
[03Apr2026 19:03:47.650] [modloading-worker-0/INFO] [quark-zeta/]: Constructing module Wraith...
[03Apr2026 19:03:47.651] [modloading-worker-0/INFO] [quark-zeta/]: Constructing module Zombie Villagers On Normal...
[03Apr2026 19:03:47.651] [modloading-worker-0/INFO] [quark-zeta/]: Constructing module More Stone Variants...
[03Apr2026 19:03:47.651] [modloading-worker-0/INFO] [quark-zeta/]: Constructed 164 modules.
[03Apr2026 19:03:47.671] [modloading-worker-0/INFO] [quark-zeta/]: Doing super early config setup for quark
[03Apr2026 19:03:47.791] [modloading-worker-0/INFO] [mixin/]: Mixing common.MixinServerStatus from mixins/common/nochatreports.mixins.json into net.minecraft.network.protocol.status.ServerStatus
[03Apr2026 19:03:47.848] [modloading-worker-0/INFO] [mod.chiselsandbits.registrars.ModChiselModes/]: Loaded chisel mode configuration.
[03Apr2026 19:03:47.849] [modloading-worker-0/INFO] [mod.chiselsandbits.registrars.ModContainerTypes/]: Loaded container type configuration.
[03Apr2026 19:03:47.850] [modloading-worker-0/INFO] [mod.chiselsandbits.registrars.ModCreativeTabs/]: Loaded item group configuration.
[03Apr2026 19:03:47.862] [modloading-worker-0/INFO] [mod.chiselsandbits.registrars.ModItems/]: Loaded item configuration.
[03Apr2026 19:03:47.864] [modloading-worker-0/INFO] [mod.chiselsandbits.registrars.ModMetadataKeys/]: Loaded metadata key configuration.
[03Apr2026 19:03:47.865] [modloading-worker-0/INFO] [mod.chiselsandbits.registrars.ModModelProperties/]: Loaded model property configuration.
[03Apr2026 19:03:47.866] [modloading-worker-0/INFO] [mod.chiselsandbits.registrars.ModModificationOperation/]: Loaded modification operation configuration.
[03Apr2026 19:03:47.866] [modloading-worker-0/INFO] [mod.chiselsandbits.registrars.ModModificationOperationGroups/]: Loaded modification operation group configuration.
[03Apr2026 19:03:47.869] [modloading-worker-0/INFO] [mod.chiselsandbits.registrars.ModPatternPlacementTypes/]: Loaded pattern placement type configuration.
[03Apr2026 19:03:47.870] [modloading-worker-0/INFO] [mod.chiselsandbits.registrars.ModRecipeSerializers/]: Loaded recipe serializer configuration.
[03Apr2026 19:03:47.871] [modloading-worker-0/INFO] [mod.chiselsandbits.registrars.ModTags/]: Loaded tag configuration.
[03Apr2026 19:03:47.871] [modloading-worker-0/INFO] [mod.chiselsandbits.registrars.ModRecipeTypes/]: Registering recipe types.
[03Apr2026 19:03:47.871] [modloading-worker-0/INFO] [mod.chiselsandbits.registrars.ModEventHandler/]: Registering event handlers
[03Apr2026 19:03:47.884] [modloading-worker-0/INFO] [mod.chiselsandbits.forge.platform.ForgePluginDiscoverer/]: Found and loaded ChiselsAndBits plugin: create
[03Apr2026 19:03:47.886] [modloading-worker-0/INFO] [mod.chiselsandbits.forge.Forge/]: Initialized Chisels&Bits-Forge client
[03Apr2026 19:03:47.937] [Render thread/INFO] [Cynosure Event Registration/]: Registered cynosure event subscriber dev/mayaqq/estrogen/forge/compat/CreateForgeCompatKt to bus main
[03Apr2026 19:03:48.001] [Render thread/INFO] [Cynosure Event Registration/]: Registered cynosure event subscriber dev/mayaqq/estrogen/features/thighhighs/ThighHighsLootKt to bus main
[03Apr2026 19:03:48.012] [Render thread/INFO] [Cynosure Event Registration/]: Registered cynosure event subscriber dev/mayaqq/estrogen/features/thighhighs/ThighHighStyleLoaderKt to bus main
[03Apr2026 19:03:48.012] [Render thread/INFO] [Cynosure Event Registration/]: Registered cynosure event subscriber dev/mayaqq/estrogen/features/minigame/Minigame to bus main
[03Apr2026 19:03:48.022] [Render thread/INFO] [Cynosure Event Registration/]: Registered cynosure event subscriber dev/mayaqq/estrogen/features/extra/BoobPeopleKt to bus main
[03Apr2026 19:03:48.022] [Render thread/INFO] [Cynosure Event Registration/]: Registered cynosure event subscriber dev/mayaqq/estrogen/features/boobs/ServerSideBoobHandlingKt to bus main
[03Apr2026 19:03:48.023] [Render thread/INFO] [Cynosure Event Registration/]: Registered cynosure event subscriber dev/mayaqq/estrogen/content/recipes/EntityInteractionRecipeKt to bus main
[03Apr2026 19:03:48.024] [Render thread/INFO] [Cynosure Event Registration/]: Registered cynosure event subscriber dev/mayaqq/estrogen/content/enchantments/UwuCurseEnchantmentKt to bus main
[03Apr2026 19:03:48.024] [Render thread/INFO] [Cynosure Event Registration/]: Registered cynosure event subscriber dev/mayaqq/estrogen/content/effects/EstrogenEffectKt to bus main
[03Apr2026 19:03:48.025] [Render thread/INFO] [Cynosure Event Registration/]: Registered cynosure event subscriber dev/mayaqq/estrogen/content/blocks/DreamBlock$Companion to bus main
[03Apr2026 19:03:48.026] [Render thread/INFO] [Cynosure Event Registration/]: Registered cynosure event subscriber dev/mayaqq/estrogen/content/blocks/CauldronInteractions to bus main
[03Apr2026 19:03:48.027] [Render thread/INFO] [Cynosure Event Registration/]: Registered cynosure event subscriber dev/mayaqq/estrogen/content/advancements/triggers/KilledWithEffectTriggerKt to bus main
[03Apr2026 19:03:48.028] [Render thread/INFO] [Cynosure Event Registration/]: Registered cynosure event subscriber dev/mayaqq/estrogen/content/EstrogenAttributesKt to bus main
[03Apr2026 19:03:48.028] [Render thread/INFO] [Cynosure Event Registration/]: Registered cynosure event subscriber dev/mayaqq/estrogen/compat/cobblemon/ModlessCobblemonCompatKt to bus main
[03Apr2026 19:03:48.029] [Render thread/INFO] [Cynosure Event Registration/]: Registered cynosure event subscriber dev/mayaqq/estrogen/client/features/dash/DreamBlockEffect to bus main
[03Apr2026 19:03:48.030] [Render thread/INFO] [Cynosure Event Registration/]: Registered cynosure event subscriber dev/mayaqq/estrogen/client/features/dash/ClientDash to bus main
[03Apr2026 19:03:48.031] [Render thread/INFO] [Cynosure Event Registration/]: Registered cynosure event subscriber dev/mayaqq/estrogen/client/features/boobs/BoobPhysicsManager to bus main
[03Apr2026 19:03:48.032] [Render thread/INFO] [Cynosure Event Registration/]: Registered cynosure event subscriber dev/mayaqq/estrogen/client/features/TextRendererFeatures to bus main
[03Apr2026 19:03:48.032] [Render thread/INFO] [Cynosure Event Registration/]: Registered cynosure event subscriber dev/mayaqq/estrogen/client/cosmetics/CosmeticKt to bus main
[03Apr2026 19:03:48.032] [Render thread/INFO] [Cynosure Event Registration/]: Registered cynosure event subscriber dev/mayaqq/estrogen/client/content/blockRenderers/dreamBlock/texture/DynamicDreamTexture to bus main
[03Apr2026 19:03:48.033] [Render thread/INFO] [Cynosure Event Registration/]: Registered cynosure event subscriber dev/mayaqq/estrogen/client/content/block/ClientDreamBlock to bus main
[03Apr2026 19:03:48.033] [Render thread/INFO] [Cynosure Event Registration/]: Registered cynosure event subscriber dev/mayaqq/estrogen/client/content/EstrogenRenderer to bus main
[03Apr2026 19:03:48.036] [Render thread/INFO] [Cynosure Event Registration/]: Registered cynosure event subscriber dev/mayaqq/estrogen/client/content/EstrogenKeybinds to bus main
[03Apr2026 19:03:48.037] [Render thread/INFO] [Cynosure Event Registration/]: Registered cynosure event subscriber dev/mayaqq/estrogen/client/EstrogenClientKt to bus main
[03Apr2026 19:03:48.038] [Render thread/INFO] [Cynosure Event Registration/]: Registered cynosure event subscriber dev/mayaqq/estrogen/Estrogen to bus main
[03Apr2026 19:03:48.042] [Render thread/INFO] [Cynosure Event Registration/]: Registered cynosure event subscriber dev/mayaqq/createestrogen/client/content/blockRenderers/centrifuge/CreateEstrogenRenderer to bus main
[03Apr2026 19:03:48.043] [Render thread/INFO] [Cynosure Event Registration/]: Registered cynosure event subscriber dev/mayaqq/createestrogen/CreateEstrogen to bus main
[03Apr2026 19:03:48.047] [Render thread/INFO] [Cynosure Event Registration/]: Registered cynosure event subscriber dev/mayaqq/cynosure/client/CynosureClient to bus main
[03Apr2026 19:03:48.246] [Render thread/INFO] [net.minecraft.resources.RegistryDataLoader/]: Capturing existing worldgen registries
[03Apr2026 19:03:48.246] [Render thread/INFO] [net.minecraft.resources.RegistryDataLoader/]: Found 0 injected RegistryDataLoader worldgen registries
[03Apr2026 19:03:49.226] [Render thread/INFO] [net.minecraftforge.coremod.CoreMod.apotheosis/COREMODLOG]: Replaced 1 calls to Enchantment#getMaxLevel() in org/violetmoon/quark/content/tools/loot/EnchantTome
[03Apr2026 19:03:50.517] [Render thread/WARN] [dev.architectury.registry.registries.forge.RegistrarManagerImpl/]: Registry entry listened Registry Entry [minecraft:block / miapi:modular_work_bench] was not realized!
[03Apr2026 19:03:51.030] [Render thread/WARN] [dev.architectury.registry.registries.forge.RegistrarManagerImpl/]: Registry entry listened Registry Entry [minecraft:block / miapi:modular_work_bench] was not realized!
[03Apr2026 19:03:51.450] [Render thread/WARN] [dev.architectury.registry.registries.forge.RegistrarManagerImpl/]: Registry entry listened Registry Entry [minecraft:block / miapi:modular_work_bench] was not realized!
[03Apr2026 19:03:51.466] [Render thread/WARN] [dev.architectury.registry.registries.forge.RegistrarManagerImpl/]: Registry entry listened Registry Entry [minecraft:block / miapi:modular_work_bench] was not realized!
[03Apr2026 19:03:51.468] [Render thread/WARN] [dev.architectury.registry.registries.forge.RegistrarManagerImpl/]: Registry entry listened Registry Entry [minecraft:block / miapi:modular_work_bench] was not realized!
[03Apr2026 19:03:51.927] [Render thread/WARN] [dev.architectury.registry.registries.forge.RegistrarManagerImpl/]: Registry entry listened Registry Entry [minecraft:attribute / miapi:generic.projectile_crit_multiplier] was not realized!
[03Apr2026 19:03:51.927] [Render thread/WARN] [dev.architectury.registry.registries.forge.RegistrarManagerImpl/]: Registry entry listened Registry Entry [minecraft:attribute / miapi:generic.back_stab] was not realized!
[03Apr2026 19:03:51.927] [Render thread/WARN] [dev.architectury.registry.registries.forge.RegistrarManagerImpl/]: Registry entry listened Registry Entry [minecraft:attribute / miapi:generic.player_item_use_speed] was not realized!
[03Apr2026 19:03:51.927] [Render thread/WARN] [dev.architectury.registry.registries.forge.RegistrarManagerImpl/]: Registry entry listened Registry Entry [minecraft:attribute / miapi:generic.crit_chance] was not realized!
[03Apr2026 19:03:51.927] [Render thread/WARN] [dev.architectury.registry.registries.forge.RegistrarManagerImpl/]: Registry entry listened Registry Entry [minecraft:attribute / miapi:generic.projectile_accuracy] was not realized!
[03Apr2026 19:03:51.927] [Render thread/WARN] [dev.architectury.registry.registries.forge.RegistrarManagerImpl/]: Registry entry listened Registry Entry [minecraft:attribute / miapi:generic.mining_speed.pickaxe] was not realized!
[03Apr2026 19:03:51.927] [Render thread/WARN] [dev.architectury.registry.registries.forge.RegistrarManagerImpl/]: Registry entry listened Registry Entry [minecraft:attribute / miapi:generic.elytra_rocket_efficiency] was not realized!
[03Apr2026 19:03:51.927] [Render thread/WARN] [dev.architectury.registry.registries.forge.RegistrarManagerImpl/]: Registry entry listened Registry Entry [minecraft:attribute / miapi:generic.projectile_speed] was not realized!
[03Apr2026 19:03:51.927] [Render thread/WARN] [dev.architectury.registry.registries.forge.RegistrarManagerImpl/]: Registry entry listened Registry Entry [minecraft:attribute / miapi:generic.magic_damage] was not realized!
[03Apr2026 19:03:51.927] [Render thread/WARN] [dev.architectury.registry.registries.forge.RegistrarManagerImpl/]: Registry entry listened Registry Entry [minecraft:attribute / miapi:generic.shielding_armor] was not realized!
[03Apr2026 19:03:51.927] [Render thread/WARN] [dev.architectury.registry.registries.forge.RegistrarManagerImpl/]: Registry entry listened Registry Entry [minecraft:attribute / miapi:generic.elytra_turn_efficiency] was not realized!
[03Apr2026 19:03:51.928] [Render thread/WARN] [dev.architectury.registry.registries.forge.RegistrarManagerImpl/]: Registry entry listened Registry Entry [minecraft:attribute / miapi:generic.projectile_armor] was not realized!
[03Apr2026 19:03:51.928] [Render thread/WARN] [dev.architectury.registry.registries.forge.RegistrarManagerImpl/]: Registry entry listened Registry Entry [minecraft:attribute / miapi:generic.stun_damage] was not realized!
[03Apr2026 19:03:51.928] [Render thread/WARN] [dev.architectury.registry.registries.forge.RegistrarManagerImpl/]: Registry entry listened Registry Entry [minecraft:attribute / miapi:generic.resistance] was not realized!
[03Apr2026 19:03:51.928] [Render thread/WARN] [dev.architectury.registry.registries.forge.RegistrarManagerImpl/]: Registry entry listened Registry Entry [minecraft:attribute / miapi:generic.mining_speed.hoe] was not realized!
[03Apr2026 19:03:51.928] [Render thread/WARN] [dev.architectury.registry.registries.forge.RegistrarManagerImpl/]: Registry entry listened Registry Entry [minecraft:attribute / miapi:generic.projectile_damage] was not realized!
[03Apr2026 19:03:51.928] [Render thread/WARN] [dev.architectury.registry.registries.forge.RegistrarManagerImpl/]: Registry entry listened Registry Entry [minecraft:attribute / miapi:generic.elytra_glide_efficiency] was not realized!
[03Apr2026 19:03:51.928] [Render thread/WARN] [dev.architectury.registry.registries.forge.RegistrarManagerImpl/]: Registry entry listened Registry Entry [minecraft:attribute / miapi:generic.stun_max_health] was not realized!
[03Apr2026 19:03:51.928] [Render thread/WARN] [dev.architectury.registry.registries.forge.RegistrarManagerImpl/]: Registry entry listened Registry Entry [minecraft:attribute / miapi:generic.mining_speed.axe] was not realized!
[03Apr2026 19:03:51.928] [Render thread/WARN] [dev.architectury.registry.registries.forge.RegistrarManagerImpl/]: Registry entry listened Registry Entry [minecraft:attribute / miapi:generic.armor_crushing] was not realized!
[03Apr2026 19:03:51.928] [Render thread/WARN] [dev.architectury.registry.registries.forge.RegistrarManagerImpl/]: Registry entry listened Registry Entry [minecraft:attribute / miapi:generic.bow_draw_time] was not realized!
[03Apr2026 19:03:51.928] [Render thread/WARN] [dev.architectury.registry.registries.forge.RegistrarManagerImpl/]: Registry entry listened Registry Entry [minecraft:attribute / miapi:generic.mining_speed.shovel] was not realized!
[03Apr2026 19:03:51.928] [Render thread/WARN] [dev.architectury.registry.registries.forge.RegistrarManagerImpl/]: Registry entry listened Registry Entry [minecraft:attribute / miapi:generic.crit_damage] was not realized!
[03Apr2026 19:03:51.928] [Render thread/WARN] [dev.architectury.registry.registries.forge.RegistrarManagerImpl/]: Registry entry listened Registry Entry [minecraft:attribute / miapi:generic.projectile_piercing] was not realized!
[03Apr2026 19:03:51.928] [Render thread/WARN] [dev.architectury.registry.registries.forge.RegistrarManagerImpl/]: Registry entry listened Registry Entry [minecraft:attribute / miapi:generic.shield_break] was not realized!
[03Apr2026 19:03:51.929] [Render thread/WARN] [dev.architectury.registry.registries.forge.RegistrarManagerImpl/]: Registry entry listened Registry Entry [minecraft:attribute / miapi:generic.projectile_crit_multiplier] was not realized!
[03Apr2026 19:03:51.929] [Render thread/WARN] [dev.architectury.registry.registries.forge.RegistrarManagerImpl/]: Registry entry listened Registry Entry [minecraft:attribute / miapi:generic.back_stab] was not realized!
[03Apr2026 19:03:51.929] [Render thread/WARN] [dev.architectury.registry.registries.forge.RegistrarManagerImpl/]: Registry entry listened Registry Entry [minecraft:attribute / miapi:generic.player_item_use_speed] was not realized!
[03Apr2026 19:03:51.929] [Render thread/WARN] [dev.architectury.registry.registries.forge.RegistrarManagerImpl/]: Registry entry listened Registry Entry [minecraft:attribute / miapi:generic.crit_chance] was not realized!
[03Apr2026 19:03:51.929] [Render thread/WARN] [dev.architectury.registry.registries.forge.RegistrarManagerImpl/]: Registry entry listened Registry Entry [minecraft:attribute / miapi:generic.projectile_accuracy] was not realized!
[03Apr2026 19:03:51.929] [Render thread/WARN] [dev.architectury.registry.registries.forge.RegistrarManagerImpl/]: Registry entry listened Registry Entry [minecraft:attribute / miapi:generic.mining_speed.pickaxe] was not realized!
[03Apr2026 19:03:51.929] [Render thread/WARN] [dev.architectury.registry.registries.forge.RegistrarManagerImpl/]: Registry entry listened Registry Entry [minecraft:attribute / miapi:generic.elytra_rocket_efficiency] was not realized!
[03Apr2026 19:03:51.929] [Render thread/WARN] [dev.architectury.registry.registries.forge.RegistrarManagerImpl/]: Registry entry listened Registry Entry [minecraft:attribute / miapi:generic.projectile_speed] was not realized!
[03Apr2026 19:03:51.929] [Render thread/WARN] [dev.architectury.registry.registries.forge.RegistrarManagerImpl/]: Registry entry listened Registry Entry [minecraft:attribute / miapi:generic.magic_damage] was not realized!
[03Apr2026 19:03:51.929] [Render thread/WARN] [dev.architectury.registry.registries.forge.RegistrarManagerImpl/]: Registry entry listened Registry Entry [minecraft:attribute / miapi:generic.shielding_armor] was not realized!
[03Apr2026 19:03:51.929] [Render thread/WARN] [dev.architectury.registry.registries.forge.RegistrarManagerImpl/]: Registry entry listened Registry Entry [minecraft:attribute / miapi:generic.elytra_turn_efficiency] was not realized!
[03Apr2026 19:03:51.930] [Render thread/WARN] [dev.architectury.registry.registries.forge.RegistrarManagerImpl/]: Registry entry listened Registry Entry [minecraft:attribute / miapi:generic.projectile_armor] was not realized!
[03Apr2026 19:03:51.930] [Render thread/WARN] [dev.architectury.registry.registries.forge.RegistrarManagerImpl/]: Registry entry listened Registry Entry [minecraft:attribute / miapi:generic.stun_damage] was not realized!
[03Apr2026 19:03:51.930] [Render thread/WARN] [dev.architectury.registry.registries.forge.RegistrarManagerImpl/]: Registry entry listened Registry Entry [minecraft:attribute / miapi:generic.resistance] was not realized!
[03Apr2026 19:03:51.930] [Render thread/WARN] [dev.architectury.registry.registries.forge.RegistrarManagerImpl/]: Registry entry listened Registry Entry [minecraft:attribute / miapi:generic.mining_speed.hoe] was not realized!
[03Apr2026 19:03:51.930] [Render thread/WARN] [dev.architectury.registry.registries.forge.RegistrarManagerImpl/]: Registry entry listened Registry Entry [minecraft:attribute / miapi:generic.projectile_damage] was not realized!
[03Apr2026 19:03:51.930] [Render thread/WARN] [dev.architectury.registry.registries.forge.RegistrarManagerImpl/]: Registry entry listened Registry Entry [minecraft:attribute / miapi:generic.elytra_glide_efficiency] was not realized!
[03Apr2026 19:03:51.930] [Render thread/WARN] [dev.architectury.registry.registries.forge.RegistrarManagerImpl/]: Registry entry listened Registry Entry [minecraft:attribute / miapi:generic.stun_max_health] was not realized!
[03Apr2026 19:03:51.930] [Render thread/WARN] [dev.architectury.registry.registries.forge.RegistrarManagerImpl/]: Registry entry listened Registry Entry [minecraft:attribute / miapi:generic.mining_speed.axe] was not realized!
[03Apr2026 19:03:51.930] [Render thread/WARN] [dev.architectury.registry.registries.forge.RegistrarManagerImpl/]: Registry entry listened Registry Entry [minecraft:attribute / miapi:generic.armor_crushing] was not realized!
[03Apr2026 19:03:51.930] [Render thread/WARN] [dev.architectury.registry.registries.forge.RegistrarManagerImpl/]: Registry entry listened Registry Entry [minecraft:attribute / miapi:generic.bow_draw_time] was not realized!
[03Apr2026 19:03:51.930] [Render thread/WARN] [dev.architectury.registry.registries.forge.RegistrarManagerImpl/]: Registry entry listened Registry Entry [minecraft:attribute / miapi:generic.mining_speed.shovel] was not realized!
[03Apr2026 19:03:51.930] [Render thread/WARN] [dev.architectury.registry.registries.forge.RegistrarManagerImpl/]: Registry entry listened Registry Entry [minecraft:attribute / miapi:generic.crit_damage] was not realized!
[03Apr2026 19:03:51.930] [Render thread/WARN] [dev.architectury.registry.registries.forge.RegistrarManagerImpl/]: Registry entry listened Registry Entry [minecraft:attribute / miapi:generic.projectile_piercing] was not realized!
[03Apr2026 19:03:51.930] [Render thread/WARN] [dev.architectury.registry.registries.forge.RegistrarManagerImpl/]: Registry entry listened Registry Entry [minecraft:attribute / miapi:generic.shield_break] was not realized!
[03Apr2026 19:03:51.930] [Render thread/WARN] [dev.architectury.registry.registries.forge.RegistrarManagerImpl/]: Registry entry listened Registry Entry [minecraft:attribute / miapi:generic.projectile_crit_multiplier] was not realized!
[03Apr2026 19:03:51.930] [Render thread/WARN] [dev.architectury.registry.registries.forge.RegistrarManagerImpl/]: Registry entry listened Registry Entry [minecraft:attribute / miapi:generic.back_stab] was not realized!
[03Apr2026 19:03:51.930] [Render thread/WARN] [dev.architectury.registry.registries.forge.RegistrarManagerImpl/]: Registry entry listened Registry Entry [minecraft:attribute / miapi:generic.player_item_use_speed] was not realized!
[03Apr2026 19:03:51.930] [Render thread/WARN] [dev.architectury.registry.registries.forge.RegistrarManagerImpl/]: Registry entry listened Registry Entry [minecraft:attribute / miapi:generic.crit_chance] was not realized!
[03Apr2026 19:03:51.930] [Render thread/WARN] [dev.architectury.registry.registries.forge.RegistrarManagerImpl/]: Registry entry listened Registry Entry [minecraft:attribute / miapi:generic.projectile_accuracy] was not realized!
[03Apr2026 19:03:51.930] [Render thread/WARN] [dev.architectury.registry.registries.forge.RegistrarManagerImpl/]: Registry entry listened Registry Entry [minecraft:attribute / miapi:generic.mining_speed.pickaxe] was not realized!
[03Apr2026 19:03:51.930] [Render thread/WARN] [dev.architectury.registry.registries.forge.RegistrarManagerImpl/]: Registry entry listened Registry Entry [minecraft:attribute / miapi:generic.elytra_rocket_efficiency] was not realized!
[03Apr2026 19:03:51.930] [Render thread/WARN] [dev.architectury.registry.registries.forge.RegistrarManagerImpl/]: Registry entry listened Registry Entry [minecraft:attribute / miapi:generic.projectile_speed] was not realized!
[03Apr2026 19:03:51.930] [Render thread/WARN] [dev.architectury.registry.registries.forge.RegistrarManagerImpl/]: Registry entry listened Registry Entry [minecraft:attribute / miapi:generic.magic_damage] was not realized!
[03Apr2026 19:03:51.930] [Render thread/WARN] [dev.architectury.registry.registries.forge.RegistrarManagerImpl/]: Registry entry listened Registry Entry [minecraft:attribute / miapi:generic.shielding_armor] was not realized!
[03Apr2026 19:03:51.930] [Render thread/WARN] [dev.architectury.registry.registries.forge.RegistrarManagerImpl/]: Registry entry listened Registry Entry [minecraft:attribute / miapi:generic.elytra_turn_efficiency] was not realized!
[03Apr2026 19:03:51.930] [Render thread/WARN] [dev.architectury.registry.registries.forge.RegistrarManagerImpl/]: Registry entry listened Registry Entry [minecraft:attribute / miapi:generic.projectile_armor] was not realized!
[03Apr2026 19:03:51.930] [Render thread/WARN] [dev.architectury.registry.registries.forge.RegistrarManagerImpl/]: Registry entry listened Registry Entry [minecraft:attribute / miapi:generic.stun_damage] was not realized!
[03Apr2026 19:03:51.930] [Render thread/WARN] [dev.architectury.registry.registries.forge.RegistrarManagerImpl/]: Registry entry listened Registry Entry [minecraft:attribute / miapi:generic.resistance] was not realized!
[03Apr2026 19:03:51.930] [Render thread/WARN] [dev.architectury.registry.registries.forge.RegistrarManagerImpl/]: Registry entry listened Registry Entry [minecraft:attribute / miapi:generic.mining_speed.hoe] was not realized!
[03Apr2026 19:03:51.930] [Render thread/WARN] [dev.architectury.registry.registries.forge.RegistrarManagerImpl/]: Registry entry listened Registry Entry [minecraft:attribute / miapi:generic.projectile_damage] was not realized!
[03Apr2026 19:03:51.930] [Render thread/WARN] [dev.architectury.registry.registries.forge.RegistrarManagerImpl/]: Registry entry listened Registry Entry [minecraft:attribute / miapi:generic.elytra_glide_efficiency] was not realized!
[03Apr2026 19:03:51.930] [Render thread/WARN] [dev.architectury.registry.registries.forge.RegistrarManagerImpl/]: Registry entry listened Registry Entry [minecraft:attribute / miapi:generic.stun_max_health] was not realized!
[03Apr2026 19:03:51.930] [Render thread/WARN] [dev.architectury.registry.registries.forge.RegistrarManagerImpl/]: Registry entry listened Registry Entry [minecraft:attribute / miapi:generic.mining_speed.axe] was not realized!
[03Apr2026 19:03:51.930] [Render thread/WARN] [dev.architectury.registry.registries.forge.RegistrarManagerImpl/]: Registry entry listened Registry Entry [minecraft:attribute / miapi:generic.armor_crushing] was not realized!
[03Apr2026 19:03:51.930] [Render thread/WARN] [dev.architectury.registry.registries.forge.RegistrarManagerImpl/]: Registry entry listened Registry Entry [minecraft:attribute / miapi:generic.bow_draw_time] was not realized!
[03Apr2026 19:03:51.930] [Render thread/WARN] [dev.architectury.registry.registries.forge.RegistrarManagerImpl/]: Registry entry listened Registry Entry [minecraft:attribute / miapi:generic.mining_speed.shovel] was not realized!
[03Apr2026 19:03:51.930] [Render thread/WARN] [dev.architectury.registry.registries.forge.RegistrarManagerImpl/]: Registry entry listened Registry Entry [minecraft:attribute / miapi:generic.crit_damage] was not realized!
[03Apr2026 19:03:51.930] [Render thread/WARN] [dev.architectury.registry.registries.forge.RegistrarManagerImpl/]: Registry entry listened Registry Entry [minecraft:attribute / miapi:generic.projectile_piercing] was not realized!
[03Apr2026 19:03:51.930] [Render thread/WARN] [dev.architectury.registry.registries.forge.RegistrarManagerImpl/]: Registry entry listened Registry Entry [minecraft:attribute / miapi:generic.shield_break] was not realized!
[03Apr2026 19:03:51.931] [Render thread/WARN] [dev.architectury.registry.registries.forge.RegistrarManagerImpl/]: Registry entry listened Registry Entry [minecraft:attribute / miapi:generic.projectile_crit_multiplier] was not realized!
[03Apr2026 19:03:51.931] [Render thread/WARN] [dev.architectury.registry.registries.forge.RegistrarManagerImpl/]: Registry entry listened Registry Entry [minecraft:attribute / miapi:generic.back_stab] was not realized!
[03Apr2026 19:03:51.931] [Render thread/WARN] [dev.architectury.registry.registries.forge.RegistrarManagerImpl/]: Registry entry listened Registry Entry [minecraft:attribute / miapi:generic.player_item_use_speed] was not realized!
[03Apr2026 19:03:51.931] [Render thread/WARN] [dev.architectury.registry.registries.forge.RegistrarManagerImpl/]: Registry entry listened Registry Entry [minecraft:attribute / miapi:generic.crit_chance] was not realized!
[03Apr2026 19:03:51.931] [Render thread/WARN] [dev.architectury.registry.registries.forge.RegistrarManagerImpl/]: Registry entry listened Registry Entry [minecraft:attribute / miapi:generic.projectile_accuracy] was not realized!
[03Apr2026 19:03:51.931] [Render thread/WARN] [dev.architectury.registry.registries.forge.RegistrarManagerImpl/]: Registry entry listened Registry Entry [minecraft:attribute / miapi:generic.mining_speed.pickaxe] was not realized!
[03Apr2026 19:03:51.931] [Render thread/WARN] [dev.architectury.registry.registries.forge.RegistrarManagerImpl/]: Registry entry listened Registry Entry [minecraft:attribute / miapi:generic.elytra_rocket_efficiency] was not realized!
[03Apr2026 19:03:51.931] [Render thread/WARN] [dev.architectury.registry.registries.forge.RegistrarManagerImpl/]: Registry entry listened Registry Entry [minecraft:attribute / miapi:generic.projectile_speed] was not realized!
[03Apr2026 19:03:51.931] [Render thread/WARN] [dev.architectury.registry.registries.forge.RegistrarManagerImpl/]: Registry entry listened Registry Entry [minecraft:attribute / miapi:generic.magic_damage] was not realized!
[03Apr2026 19:03:51.931] [Render thread/WARN] [dev.architectury.registry.registries.forge.RegistrarManagerImpl/]: Registry entry listened Registry Entry [minecraft:attribute / miapi:generic.shielding_armor] was not realized!
[03Apr2026 19:03:51.931] [Render thread/WARN] [dev.architectury.registry.registries.forge.RegistrarManagerImpl/]: Registry entry listened Registry Entry [minecraft:attribute / miapi:generic.elytra_turn_efficiency] was not realized!
[03Apr2026 19:03:51.931] [Render thread/WARN] [dev.architectury.registry.registries.forge.RegistrarManagerImpl/]: Registry entry listened Registry Entry [minecraft:attribute / miapi:generic.projectile_armor] was not realized!
[03Apr2026 19:03:51.931] [Render thread/WARN] [dev.architectury.registry.registries.forge.RegistrarManagerImpl/]: Registry entry listened Registry Entry [minecraft:attribute / miapi:generic.stun_damage] was not realized!
[03Apr2026 19:03:51.931] [Render thread/WARN] [dev.architectury.registry.registries.forge.RegistrarManagerImpl/]: Registry entry listened Registry Entry [minecraft:attribute / miapi:generic.resistance] was not realized!
[03Apr2026 19:03:51.931] [Render thread/WARN] [dev.architectury.registry.registries.forge.RegistrarManagerImpl/]: Registry entry listened Registry Entry [minecraft:attribute / miapi:generic.mining_speed.hoe] was not realized!
[03Apr2026 19:03:51.931] [Render thread/WARN] [dev.architectury.registry.registries.forge.RegistrarManagerImpl/]: Registry entry listened Registry Entry [minecraft:attribute / miapi:generic.projectile_damage] was not realized!
[03Apr2026 19:03:51.931] [Render thread/WARN] [dev.architectury.registry.registries.forge.RegistrarManagerImpl/]: Registry entry listened Registry Entry [minecraft:attribute / miapi:generic.elytra_glide_efficiency] was not realized!
[03Apr2026 19:03:51.931] [Render thread/WARN] [dev.architectury.registry.registries.forge.RegistrarManagerImpl/]: Registry entry listened Registry Entry [minecraft:attribute / miapi:generic.stun_max_health] was not realized!
[03Apr2026 19:03:51.931] [Render thread/WARN] [dev.architectury.registry.registries.forge.RegistrarManagerImpl/]: Registry entry listened Registry Entry [minecraft:attribute / miapi:generic.mining_speed.axe] was not realized!
[03Apr2026 19:03:51.931] [Render thread/WARN] [dev.architectury.registry.registries.forge.RegistrarManagerImpl/]: Registry entry listened Registry Entry [minecraft:attribute / miapi:generic.armor_crushing] was not realized!
[03Apr2026 19:03:51.931] [Render thread/WARN] [dev.architectury.registry.registries.forge.RegistrarManagerImpl/]: Registry entry listened Registry Entry [minecraft:attribute / miapi:generic.bow_draw_time] was not realized!
[03Apr2026 19:03:51.931] [Render thread/WARN] [dev.architectury.registry.registries.forge.RegistrarManagerImpl/]: Registry entry listened Registry Entry [minecraft:attribute / miapi:generic.mining_speed.shovel] was not realized!
[03Apr2026 19:03:51.931] [Render thread/WARN] [dev.architectury.registry.registries.forge.RegistrarManagerImpl/]: Registry entry listened Registry Entry [minecraft:attribute / miapi:generic.crit_damage] was not realized!
[03Apr2026 19:03:51.931] [Render thread/WARN] [dev.architectury.registry.registries.forge.RegistrarManagerImpl/]: Registry entry listened Registry Entry [minecraft:attribute / miapi:generic.projectile_piercing] was not realized!
[03Apr2026 19:03:51.931] [Render thread/WARN] [dev.architectury.registry.registries.forge.RegistrarManagerImpl/]: Registry entry listened Registry Entry [minecraft:attribute / miapi:generic.shield_break] was not realized!
[03Apr2026 19:03:51.931] [Render thread/WARN] [dev.architectury.registry.registries.forge.RegistrarManagerImpl/]: Registry entry listened Registry Entry [minecraft:attribute / miapi:generic.projectile_crit_multiplier] was not realized!
[03Apr2026 19:03:51.931] [Render thread/WARN] [dev.architectury.registry.registries.forge.RegistrarManagerImpl/]: Registry entry listened Registry Entry [minecraft:attribute / miapi:generic.back_stab] was not realized!
[03Apr2026 19:03:51.931] [Render thread/WARN] [dev.architectury.registry.registries.forge.RegistrarManagerImpl/]: Registry entry listened Registry Entry [minecraft:attribute / miapi:generic.player_item_use_speed] was not realized!
[03Apr2026 19:03:51.931] [Render thread/WARN] [dev.architectury.registry.registries.forge.RegistrarManagerImpl/]: Registry entry listened Registry Entry [minecraft:attribute / miapi:generic.crit_chance] was not realized!
[03Apr2026 19:03:51.931] [Render thread/WARN] [dev.architectury.registry.registries.forge.RegistrarManagerImpl/]: Registry entry listened Registry Entry [minecraft:attribute / miapi:generic.projectile_accuracy] was not realized!
[03Apr2026 19:03:51.931] [Render thread/WARN] [dev.architectury.registry.registries.forge.RegistrarManagerImpl/]: Registry entry listened Registry Entry [minecraft:attribute / miapi:generic.mining_speed.pickaxe] was not realized!
[03Apr2026 19:03:51.931] [Render thread/WARN] [dev.architectury.registry.registries.forge.RegistrarManagerImpl/]: Registry entry listened Registry Entry [minecraft:attribute / miapi:generic.elytra_rocket_efficiency] was not realized!
[03Apr2026 19:03:51.931] [Render thread/WARN] [dev.architectury.registry.registries.forge.RegistrarManagerImpl/]: Registry entry listened Registry Entry [minecraft:attribute / miapi:generic.projectile_speed] was not realized!
[03Apr2026 19:03:51.931] [Render thread/WARN] [dev.architectury.registry.registries.forge.RegistrarManagerImpl/]: Registry entry listened Registry Entry [minecraft:attribute / miapi:generic.magic_damage] was not realized!
[03Apr2026 19:03:51.931] [Render thread/WARN] [dev.architectury.registry.registries.forge.RegistrarManagerImpl/]: Registry entry listened Registry Entry [minecraft:attribute / miapi:generic.shielding_armor] was not realized!
[03Apr2026 19:03:51.931] [Render thread/WARN] [dev.architectury.registry.registries.forge.RegistrarManagerImpl/]: Registry entry listened Registry Entry [minecraft:attribute / miapi:generic.elytra_turn_efficiency] was not realized!
[03Apr2026 19:03:51.931] [Render thread/WARN] [dev.architectury.registry.registries.forge.RegistrarManagerImpl/]: Registry entry listened Registry Entry [minecraft:attribute / miapi:generic.projectile_armor] was not realized!
[03Apr2026 19:03:51.931] [Render thread/WARN] [dev.architectury.registry.registries.forge.RegistrarManagerImpl/]: Registry entry listened Registry Entry [minecraft:attribute / miapi:generic.stun_damage] was not realized!
[03Apr2026 19:03:51.931] [Render thread/WARN] [dev.architectury.registry.registries.forge.RegistrarManagerImpl/]: Registry entry listened Registry Entry [minecraft:attribute / miapi:generic.resistance] was not realized!
[03Apr2026 19:03:51.931] [Render thread/WARN] [dev.architectury.registry.registries.forge.RegistrarManagerImpl/]: Registry entry listened Registry Entry [minecraft:attribute / miapi:generic.mining_speed.hoe] was not realized!
[03Apr2026 19:03:51.931] [Render thread/WARN] [dev.architectury.registry.registries.forge.RegistrarManagerImpl/]: Registry entry listened Registry Entry [minecraft:attribute / miapi:generic.projectile_damage] was not realized!
[03Apr2026 19:03:51.931] [Render thread/WARN] [dev.architectury.registry.registries.forge.RegistrarManagerImpl/]: Registry entry listened Registry Entry [minecraft:attribute / miapi:generic.elytra_glide_efficiency] was not realized!
[03Apr2026 19:03:51.931] [Render thread/WARN] [dev.architectury.registry.registries.forge.RegistrarManagerImpl/]: Registry entry listened Registry Entry [minecraft:attribute / miapi:generic.stun_max_health] was not realized!
[03Apr2026 19:03:51.931] [Render thread/WARN] [dev.architectury.registry.registries.forge.RegistrarManagerImpl/]: Registry entry listened Registry Entry [minecraft:attribute / miapi:generic.mining_speed.axe] was not realized!
[03Apr2026 19:03:51.931] [Render thread/WARN] [dev.architectury.registry.registries.forge.RegistrarManagerImpl/]: Registry entry listened Registry Entry [minecraft:attribute / miapi:generic.armor_crushing] was not realized!
[03Apr2026 19:03:51.931] [Render thread/WARN] [dev.architectury.registry.registries.forge.RegistrarManagerImpl/]: Registry entry listened Registry Entry [minecraft:attribute / miapi:generic.bow_draw_time] was not realized!
[03Apr2026 19:03:51.931] [Render thread/WARN] [dev.architectury.registry.registries.forge.RegistrarManagerImpl/]: Registry entry listened Registry Entry [minecraft:attribute / miapi:generic.mining_speed.shovel] was not realized!
[03Apr2026 19:03:51.931] [Render thread/WARN] [dev.architectury.registry.registries.forge.RegistrarManagerImpl/]: Registry entry listened Registry Entry [minecraft:attribute / miapi:generic.crit_damage] was not realized!
[03Apr2026 19:03:51.931] [Render thread/WARN] [dev.architectury.registry.registries.forge.RegistrarManagerImpl/]: Registry entry listened Registry Entry [minecraft:attribute / miapi:generic.projectile_piercing] was not realized!
[03Apr2026 19:03:51.931] [Render thread/WARN] [dev.architectury.registry.registries.forge.RegistrarManagerImpl/]: Registry entry listened Registry Entry [minecraft:attribute / miapi:generic.shield_break] was not realized!
[03Apr2026 19:03:51.946] [Render thread/WARN] [dev.architectury.registry.registries.forge.RegistrarManagerImpl/]: Registry entry listened Registry Entry [minecraft:mob_effect / miapi:stun_resistance] was not realized!
[03Apr2026 19:03:51.946] [Render thread/WARN] [dev.architectury.registry.registries.forge.RegistrarManagerImpl/]: Registry entry listened Registry Entry [minecraft:mob_effect / miapi:cryo] was not realized!
[03Apr2026 19:03:51.946] [Render thread/WARN] [dev.architectury.registry.registries.forge.RegistrarManagerImpl/]: Registry entry listened Registry Entry [minecraft:mob_effect / miapi:teleport_block] was not realized!
[03Apr2026 19:03:51.946] [Render thread/WARN] [dev.architectury.registry.registries.forge.RegistrarManagerImpl/]: Registry entry listened Registry Entry [minecraft:mob_effect / miapi:stun] was not realized!
[03Apr2026 19:03:51.951] [Render thread/WARN] [dev.architectury.registry.registries.forge.RegistrarManagerImpl/]: Registry entry listened Registry Entry [minecraft:mob_effect / miapi:stun_resistance] was not realized!
[03Apr2026 19:03:51.951] [Render thread/WARN] [dev.architectury.registry.registries.forge.RegistrarManagerImpl/]: Registry entry listened Registry Entry [minecraft:mob_effect / miapi:cryo] was not realized!
[03Apr2026 19:03:51.951] [Render thread/WARN] [dev.architectury.registry.registries.forge.RegistrarManagerImpl/]: Registry entry listened Registry Entry [minecraft:mob_effect / miapi:teleport_block] was not realized!
[03Apr2026 19:03:51.951] [Render thread/WARN] [dev.architectury.registry.registries.forge.RegistrarManagerImpl/]: Registry entry listened Registry Entry [minecraft:mob_effect / miapi:stun] was not realized!
[03Apr2026 19:03:51.959] [Render thread/WARN] [dev.architectury.registry.registries.forge.RegistrarManagerImpl/]: Registry entry listened Registry Entry [minecraft:mob_effect / miapi:stun_resistance] was not realized!
[03Apr2026 19:03:51.959] [Render thread/WARN] [dev.architectury.registry.registries.forge.RegistrarManagerImpl/]: Registry entry listened Registry Entry [minecraft:mob_effect / miapi:cryo] was not realized!
[03Apr2026 19:03:51.959] [Render thread/WARN] [dev.architectury.registry.registries.forge.RegistrarManagerImpl/]: Registry entry listened Registry Entry [minecraft:mob_effect / miapi:teleport_block] was not realized!
[03Apr2026 19:03:51.959] [Render thread/WARN] [dev.architectury.registry.registries.forge.RegistrarManagerImpl/]: Registry entry listened Registry Entry [minecraft:mob_effect / miapi:stun] was not realized!
[03Apr2026 19:03:51.959] [Render thread/WARN] [dev.architectury.registry.registries.forge.RegistrarManagerImpl/]: Registry entry listened Registry Entry [minecraft:mob_effect / miapi:stun_resistance] was not realized!
[03Apr2026 19:03:51.959] [Render thread/WARN] [dev.architectury.registry.registries.forge.RegistrarManagerImpl/]: Registry entry listened Registry Entry [minecraft:mob_effect / miapi:cryo] was not realized!
[03Apr2026 19:03:51.959] [Render thread/WARN] [dev.architectury.registry.registries.forge.RegistrarManagerImpl/]: Registry entry listened Registry Entry [minecraft:mob_effect / miapi:teleport_block] was not realized!
[03Apr2026 19:03:51.959] [Render thread/WARN] [dev.architectury.registry.registries.forge.RegistrarManagerImpl/]: Registry entry listened Registry Entry [minecraft:mob_effect / miapi:stun] was not realized!
[03Apr2026 19:03:51.959] [Render thread/WARN] [dev.architectury.registry.registries.forge.RegistrarManagerImpl/]: Registry entry listened Registry Entry [minecraft:mob_effect / miapi:stun_resistance] was not realized!
[03Apr2026 19:03:51.959] [Render thread/WARN] [dev.architectury.registry.registries.forge.RegistrarManagerImpl/]: Registry entry listened Registry Entry [minecraft:mob_effect / miapi:cryo] was not realized!
[03Apr2026 19:03:51.959] [Render thread/WARN] [dev.architectury.registry.registries.forge.RegistrarManagerImpl/]: Registry entry listened Registry Entry [minecraft:mob_effect / miapi:teleport_block] was not realized!
[03Apr2026 19:03:51.959] [Render thread/WARN] [dev.architectury.registry.registries.forge.RegistrarManagerImpl/]: Registry entry listened Registry Entry [minecraft:mob_effect / miapi:stun] was not realized!
[03Apr2026 19:03:52.409] [Render thread/WARN] [dev.architectury.registry.registries.forge.RegistrarManagerImpl/]: Registry entry listened Registry Entry [minecraft:item / miapi:modular_medium_shield] was not realized!
[03Apr2026 19:03:52.409] [Render thread/WARN] [dev.architectury.registry.registries.forge.RegistrarManagerImpl/]: Registry entry listened Registry Entry [minecraft:item / miapi:twin_blade] was not realized!
[03Apr2026 19:03:52.409] [Render thread/WARN] [dev.architectury.registry.registries.forge.RegistrarManagerImpl/]: Registry entry listened Registry Entry [minecraft:item / miapi:modular_gauntlets] was not realized!
[03Apr2026 19:03:52.409] [Render thread/WARN] [dev.architectury.registry.registries.forge.RegistrarManagerImpl/]: Registry entry listened Registry Entry [minecraft:item / miapi:modular_dagger] was not realized!
[03Apr2026 19:03:52.409] [Render thread/WARN] [dev.architectury.registry.registries.forge.RegistrarManagerImpl/]: Registry entry listened Registry Entry [minecraft:item / miapi:modular_arrow] was not realized!
[03Apr2026 19:03:52.409] [Render thread/WARN] [dev.architectury.registry.registries.forge.RegistrarManagerImpl/]: Registry entry listened Registry Entry [minecraft:item / miapi:modular_small_bow] was not realized!
[03Apr2026 19:03:52.409] [Render thread/WARN] [dev.architectury.registry.registries.forge.RegistrarManagerImpl/]: Registry entry listened Registry Entry [minecraft:item / miapi:modular_large_crossbow] was not realized!
[03Apr2026 19:03:52.409] [Render thread/WARN] [dev.architectury.registry.registries.forge.RegistrarManagerImpl/]: Registry entry listened Registry Entry [minecraft:item / miapi:modular_broken_item] was not realized!
[03Apr2026 19:03:52.409] [Render thread/WARN] [dev.architectury.registry.registries.forge.RegistrarManagerImpl/]: Registry entry listened Registry Entry [minecraft:item / miapi:modular_mattock] was not realized!
[03Apr2026 19:03:52.409] [Render thread/WARN] [dev.architectury.registry.registries.forge.RegistrarManagerImpl/]: Registry entry listened Registry Entry [minecraft:item / miapi:modular_crossbow_part] was not realized!
[03Apr2026 19:03:52.409] [Render thread/WARN] [dev.architectury.registry.registries.forge.RegistrarManagerImpl/]: Registry entry listened Registry Entry [minecraft:item / miapi:modular_spear] was not realized!
[03Apr2026 19:03:52.409] [Render thread/WARN] [dev.architectury.registry.registries.forge.RegistrarManagerImpl/]: Registry entry listened Registry Entry [minecraft:item / miapi:modular_hammer] was not realized!
[03Apr2026 19:03:52.409] [Render thread/WARN] [dev.architectury.registry.registries.forge.RegistrarManagerImpl/]: Registry entry listened Registry Entry [minecraft:item / miapi:modular_leggings] was not realized!
[03Apr2026 19:03:52.409] [Render thread/WARN] [dev.architectury.registry.registries.forge.RegistrarManagerImpl/]: Registry entry listened Registry Entry [minecraft:item / miapi:modular_light_shield] was not realized!
[03Apr2026 19:03:52.409] [Render thread/WARN] [dev.architectury.registry.registries.forge.RegistrarManagerImpl/]: Registry entry listened Registry Entry [minecraft:item / miapi:modular_rapier] was not realized!
[03Apr2026 19:03:52.409] [Render thread/WARN] [dev.architectury.registry.registries.forge.RegistrarManagerImpl/]: Registry entry listened Registry Entry [minecraft:item / miapi:modular_shovel] was not realized!
[03Apr2026 19:03:52.409] [Render thread/WARN] [dev.architectury.registry.registries.forge.RegistrarManagerImpl/]: Registry entry listened Registry Entry [minecraft:item / miapi:modular_axe] was not realized!
[03Apr2026 19:03:52.409] [Render thread/WARN] [dev.architectury.registry.registries.forge.RegistrarManagerImpl/]: Registry entry listened Registry Entry [minecraft:item / miapi:modular_arrow_part] was not realized!
[03Apr2026 19:03:52.409] [Render thread/WARN] [dev.architectury.registry.registries.forge.RegistrarManagerImpl/]: Registry entry listened Registry Entry [minecraft:item / miapi:modular_bow_part] was not realized!
[03Apr2026 19:03:52.409] [Render thread/WARN] [dev.architectury.registry.registries.forge.RegistrarManagerImpl/]: Registry entry listened Registry Entry [minecraft:item / miapi:modular_large_bow] was not realized!
[03Apr2026 19:03:52.409] [Render thread/WARN] [dev.architectury.registry.registries.forge.RegistrarManagerImpl/]: Registry entry listened Registry Entry [minecraft:item / miapi:modular_knuckles] was not realized!
[03Apr2026 19:03:52.409] [Render thread/WARN] [dev.architectury.registry.registries.forge.RegistrarManagerImpl/]: Registry entry listened Registry Entry [minecraft:item / miapi:modular_small_crossbow] was not realized!
[03Apr2026 19:03:52.409] [Render thread/WARN] [dev.architectury.registry.registries.forge.RegistrarManagerImpl/]: Registry entry listened Registry Entry [minecraft:item / miapi:modular_handle] was not realized!
[03Apr2026 19:03:52.409] [Render thread/WARN] [dev.architectury.registry.registries.forge.RegistrarManagerImpl/]: Registry entry listened Registry Entry [minecraft:item / miapi:modular_katars] was not realized!
[03Apr2026 19:03:52.409] [Render thread/WARN] [dev.architectury.registry.registries.forge.RegistrarManagerImpl/]: Registry entry listened Registry Entry [minecraft:item / miapi:modular_heavy_shield] was not realized!
[03Apr2026 19:03:52.409] [Render thread/WARN] [dev.architectury.registry.registries.forge.RegistrarManagerImpl/]: Registry entry listened Registry Entry [minecraft:item / miapi:modular_boots] was not realized!
[03Apr2026 19:03:52.409] [Render thread/WARN] [dev.architectury.registry.registries.forge.RegistrarManagerImpl/]: Registry entry listened Registry Entry [minecraft:item / miapi:modular_elytra] was not realized!
[03Apr2026 19:03:52.409] [Render thread/WARN] [dev.architectury.registry.registries.forge.RegistrarManagerImpl/]: Registry entry listened Registry Entry [minecraft:item / miapi:modular_handheld] was not realized!
[03Apr2026 19:03:52.409] [Render thread/WARN] [dev.architectury.registry.registries.forge.RegistrarManagerImpl/]: Registry entry listened Registry Entry [minecraft:item / miapi:modular_helmet] was not realized!
[03Apr2026 19:03:52.409] [Render thread/WARN] [dev.architectury.registry.registries.forge.RegistrarManagerImpl/]: Registry entry listened Registry Entry [minecraft:item / miapi:modular_pickaxe] was not realized!
[03Apr2026 19:03:52.409] [Render thread/WARN] [dev.architectury.registry.registries.forge.RegistrarManagerImpl/]: Registry entry listened Registry Entry [minecraft:item / miapi:modular_katana] was not realized!
[03Apr2026 19:03:52.409] [Render thread/WARN] [dev.architectury.registry.registries.forge.RegistrarManagerImpl/]: Registry entry listened Registry Entry [minecraft:item / miapi:modular_naginata] was not realized!
[03Apr2026 19:03:52.409] [Render thread/WARN] [dev.architectury.registry.registries.forge.RegistrarManagerImpl/]: Registry entry listened Registry Entry [minecraft:item / miapi:modular_tonfa] was not realized!
[03Apr2026 19:03:52.409] [Render thread/WARN] [dev.architectury.registry.registries.forge.RegistrarManagerImpl/]: Registry entry listened Registry Entry [minecraft:item / miapi:modular_part] was not realized!
[03Apr2026 19:03:52.409] [Render thread/WARN] [dev.architectury.registry.registries.forge.RegistrarManagerImpl/]: Registry entry listened Registry Entry [minecraft:item / miapi:modular_sickle] was not realized!
[03Apr2026 19:03:52.409] [Render thread/WARN] [dev.architectury.registry.registries.forge.RegistrarManagerImpl/]: Registry entry listened Registry Entry [minecraft:item / miapi:modular_hoe] was not realized!
[03Apr2026 19:03:52.409] [Render thread/WARN] [dev.architectury.registry.registries.forge.RegistrarManagerImpl/]: Registry entry listened Registry Entry [minecraft:item / miapi:modular_chestplate] was not realized!
[03Apr2026 19:03:52.409] [Render thread/WARN] [dev.architectury.registry.registries.forge.RegistrarManagerImpl/]: Registry entry listened Registry Entry [minecraft:item / miapi:modular_greatsword] was not realized!
[03Apr2026 19:03:52.409] [Render thread/WARN] [dev.architectury.registry.registries.forge.RegistrarManagerImpl/]: Registry entry listened Registry Entry [minecraft:item / miapi:modular_bow] was not realized!
[03Apr2026 19:03:52.409] [Render thread/WARN] [dev.architectury.registry.registries.forge.RegistrarManagerImpl/]: Registry entry listened Registry Entry [minecraft:item / miapi:modular_scythe] was not realized!
[03Apr2026 19:03:52.410] [Render thread/WARN] [dev.architectury.registry.registries.forge.RegistrarManagerImpl/]: Registry entry listened Registry Entry [minecraft:item / miapi:modular_throwing_knife] was not realized!
[03Apr2026 19:03:52.410] [Render thread/WARN] [dev.architectury.registry.registries.forge.RegistrarManagerImpl/]: Registry entry listened Registry Entry [minecraft:item / miapi:modular_crossbow] was not realized!
[03Apr2026 19:03:52.410] [Render thread/WARN] [dev.architectury.registry.registries.forge.RegistrarManagerImpl/]: Registry entry listened Registry Entry [minecraft:item / miapi:modular_item] was not realized!
[03Apr2026 19:03:52.410] [Render thread/WARN] [dev.architectury.registry.registries.forge.RegistrarManagerImpl/]: Registry entry listened Registry Entry [minecraft:item / miapi:modular_trident] was not realized!
[03Apr2026 19:03:52.410] [Render thread/WARN] [dev.architectury.registry.registries.forge.RegistrarManagerImpl/]: Registry entry listened Registry Entry [minecraft:item / miapi:modular_sword] was not realized!
[03Apr2026 19:03:52.410] [Render thread/WARN] [dev.architectury.registry.registries.forge.RegistrarManagerImpl/]: Registry entry listened Registry Entry [minecraft:item / miapi:modular_longsword] was not realized!
[03Apr2026 19:03:52.731] [Render thread/WARN] [dev.architectury.registry.registries.forge.RegistrarManagerImpl/]: Registry entry listened Registry Entry [minecraft:item / miapi:modular_medium_shield] was not realized!
[03Apr2026 19:03:52.731] [Render thread/WARN] [dev.architectury.registry.registries.forge.RegistrarManagerImpl/]: Registry entry listened Registry Entry [minecraft:item / miapi:twin_blade] was not realized!
[03Apr2026 19:03:52.731] [Render thread/WARN] [dev.architectury.registry.registries.forge.RegistrarManagerImpl/]: Registry entry listened Registry Entry [minecraft:item / miapi:modular_gauntlets] was not realized!
[03Apr2026 19:03:52.731] [Render thread/WARN] [dev.architectury.registry.registries.forge.RegistrarManagerImpl/]: Registry entry listened Registry Entry [minecraft:item / miapi:modular_dagger] was not realized!
[03Apr2026 19:03:52.731] [Render thread/WARN] [dev.architectury.registry.registries.forge.RegistrarManagerImpl/]: Registry entry listened Registry Entry [minecraft:item / miapi:modular_arrow] was not realized!
[03Apr2026 19:03:52.731] [Render thread/WARN] [dev.architectury.registry.registries.forge.RegistrarManagerImpl/]: Registry entry listened Registry Entry [minecraft:item / miapi:modular_small_bow] was not realized!
[03Apr2026 19:03:52.731] [Render thread/WARN] [dev.architectury.registry.registries.forge.RegistrarManagerImpl/]: Registry entry listened Registry Entry [minecraft:item / miapi:modular_large_crossbow] was not realized!
[03Apr2026 19:03:52.731] [Render thread/WARN] [dev.architectury.registry.registries.forge.RegistrarManagerImpl/]: Registry entry listened Registry Entry [minecraft:item / miapi:modular_broken_item] was not realized!
[03Apr2026 19:03:52.731] [Render thread/WARN] [dev.architectury.registry.registries.forge.RegistrarManagerImpl/]: Registry entry listened Registry Entry [minecraft:item / miapi:modular_mattock] was not realized!
[03Apr2026 19:03:52.731] [Render thread/WARN] [dev.architectury.registry.registries.forge.RegistrarManagerImpl/]: Registry entry listened Registry Entry [minecraft:item / miapi:modular_crossbow_part] was not realized!
[03Apr2026 19:03:52.731] [Render thread/WARN] [dev.architectury.registry.registries.forge.RegistrarManagerImpl/]: Registry entry listened Registry Entry [minecraft:item / miapi:modular_spear] was not realized!
[03Apr2026 19:03:52.731] [Render thread/WARN] [dev.architectury.registry.registries.forge.RegistrarManagerImpl/]: Registry entry listened Registry Entry [minecraft:item / miapi:modular_hammer] was not realized!
[03Apr2026 19:03:52.731] [Render thread/WARN] [dev.architectury.registry.registries.forge.RegistrarManagerImpl/]: Registry entry listened Registry Entry [minecraft:item / miapi:modular_leggings] was not realized!
[03Apr2026 19:03:52.731] [Render thread/WARN] [dev.architectury.registry.registries.forge.RegistrarManagerImpl/]: Registry entry listened Registry Entry [minecraft:item / miapi:modular_light_shield] was not realized!
[03Apr2026 19:03:52.731] [Render thread/WARN] [dev.architectury.registry.registries.forge.RegistrarManagerImpl/]: Registry entry listened Registry Entry [minecraft:item / miapi:modular_rapier] was not realized!
[03Apr2026 19:03:52.731] [Render thread/WARN] [dev.architectury.registry.registries.forge.RegistrarManagerImpl/]: Registry entry listened Registry Entry [minecraft:item / miapi:modular_shovel] was not realized!
[03Apr2026 19:03:52.731] [Render thread/WARN] [dev.architectury.registry.registries.forge.RegistrarManagerImpl/]: Registry entry listened Registry Entry [minecraft:item / miapi:modular_axe] was not realized!
[03Apr2026 19:03:52.731] [Render thread/WARN] [dev.architectury.registry.registries.forge.RegistrarManagerImpl/]: Registry entry listened Registry Entry [minecraft:item / miapi:modular_arrow_part] was not realized!
[03Apr2026 19:03:52.731] [Render thread/WARN] [dev.architectury.registry.registries.forge.RegistrarManagerImpl/]: Registry entry listened Registry Entry [minecraft:item / miapi:modular_bow_part] was not realized!
[03Apr2026 19:03:52.731] [Render thread/WARN] [dev.architectury.registry.registries.forge.RegistrarManagerImpl/]: Registry entry listened Registry Entry [minecraft:item / miapi:modular_large_bow] was not realized!
[03Apr2026 19:03:52.731] [Render thread/WARN] [dev.architectury.registry.registries.forge.RegistrarManagerImpl/]: Registry entry listened Registry Entry [minecraft:item / miapi:modular_knuckles] was not realized!
[03Apr2026 19:03:52.731] [Render thread/WARN] [dev.architectury.registry.registries.forge.RegistrarManagerImpl/]: Registry entry listened Registry Entry [minecraft:item / miapi:modular_small_crossbow] was not realized!
[03Apr2026 19:03:52.731] [Render thread/WARN] [dev.architectury.registry.registries.forge.RegistrarManagerImpl/]: Registry entry listened Registry Entry [minecraft:item / miapi:modular_handle] was not realized!
[03Apr2026 19:03:52.731] [Render thread/WARN] [dev.architectury.registry.registries.forge.RegistrarManagerImpl/]: Registry entry listened Registry Entry [minecraft:item / miapi:modular_katars] was not realized!
[03Apr2026 19:03:52.731] [Render thread/WARN] [dev.architectury.registry.registries.forge.RegistrarManagerImpl/]: Registry entry listened Registry Entry [minecraft:item / miapi:modular_heavy_shield] was not realized!
[03Apr2026 19:03:52.731] [Render thread/WARN] [dev.architectury.registry.registries.forge.RegistrarManagerImpl/]: Registry entry listened Registry Entry [minecraft:item / miapi:modular_boots] was not realized!
[03Apr2026 19:03:52.731] [Render thread/WARN] [dev.architectury.registry.registries.forge.RegistrarManagerImpl/]: Registry entry listened Registry Entry [minecraft:item / miapi:modular_elytra] was not realized!
[03Apr2026 19:03:52.731] [Render thread/WARN] [dev.architectury.registry.registries.forge.RegistrarManagerImpl/]: Registry entry listened Registry Entry [minecraft:item / miapi:modular_handheld] was not realized!
[03Apr2026 19:03:52.731] [Render thread/WARN] [dev.architectury.registry.registries.forge.RegistrarManagerImpl/]: Registry entry listened Registry Entry [minecraft:item / miapi:modular_helmet] was not realized!
[03Apr2026 19:03:52.731] [Render thread/WARN] [dev.architectury.registry.registries.forge.RegistrarManagerImpl/]: Registry entry listened Registry Entry [minecraft:item / miapi:modular_pickaxe] was not realized!
[03Apr2026 19:03:52.731] [Render thread/WARN] [dev.architectury.registry.registries.forge.RegistrarManagerImpl/]: Registry entry listened Registry Entry [minecraft:item / miapi:modular_katana] was not realized!
[03Apr2026 19:03:52.731] [Render thread/WARN] [dev.architectury.registry.registries.forge.RegistrarManagerImpl/]: Registry entry listened Registry Entry [minecraft:item / miapi:modular_naginata] was not realized!
[03Apr2026 19:03:52.731] [Render thread/WARN] [dev.architectury.registry.registries.forge.RegistrarManagerImpl/]: Registry entry listened Registry Entry [minecraft:item / miapi:modular_tonfa] was not realized!
[03Apr2026 19:03:52.731] [Render thread/WARN] [dev.architectury.registry.registries.forge.RegistrarManagerImpl/]: Registry entry listened Registry Entry [minecraft:item / miapi:modular_part] was not realized!
[03Apr2026 19:03:52.731] [Render thread/WARN] [dev.architectury.registry.registries.forge.RegistrarManagerImpl/]: Registry entry listened Registry Entry [minecraft:item / miapi:modular_sickle] was not realized!
[03Apr2026 19:03:52.731] [Render thread/WARN] [dev.architectury.registry.registries.forge.RegistrarManagerImpl/]: Registry entry listened Registry Entry [minecraft:item / miapi:modular_hoe] was not realized!
[03Apr2026 19:03:52.731] [Render thread/WARN] [dev.architectury.registry.registries.forge.RegistrarManagerImpl/]: Registry entry listened Registry Entry [minecraft:item / miapi:modular_chestplate] was not realized!
[03Apr2026 19:03:52.731] [Render thread/WARN] [dev.architectury.registry.registries.forge.RegistrarManagerImpl/]: Registry entry listened Registry Entry [minecraft:item / miapi:modular_greatsword] was not realized!
[03Apr2026 19:03:52.731] [Render thread/WARN] [dev.architectury.registry.registries.forge.RegistrarManagerImpl/]: Registry entry listened Registry Entry [minecraft:item / miapi:modular_bow] was not realized!
[03Apr2026 19:03:52.731] [Render thread/WARN] [dev.architectury.registry.registries.forge.RegistrarManagerImpl/]: Registry entry listened Registry Entry [minecraft:item / miapi:modular_scythe] was not realized!
[03Apr2026 19:03:52.731] [Render thread/WARN] [dev.architectury.registry.registries.forge.RegistrarManagerImpl/]: Registry entry listened Registry Entry [minecraft:item / miapi:modular_throwing_knife] was not realized!
[03Apr2026 19:03:52.731] [Render thread/WARN] [dev.architectury.registry.registries.forge.RegistrarManagerImpl/]: Registry entry listened Registry Entry [minecraft:item / miapi:modular_crossbow] was not realized!
[03Apr2026 19:03:52.731] [Render thread/WARN] [dev.architectury.registry.registries.forge.RegistrarManagerImpl/]: Registry entry listened Registry Entry [minecraft:item / miapi:modular_item] was not realized!
[03Apr2026 19:03:52.731] [Render thread/WARN] [dev.architectury.registry.registries.forge.RegistrarManagerImpl/]: Registry entry listened Registry Entry [minecraft:item / miapi:modular_trident] was not realized!
[03Apr2026 19:03:52.731] [Render thread/WARN] [dev.architectury.registry.registries.forge.RegistrarManagerImpl/]: Registry entry listened Registry Entry [minecraft:item / miapi:modular_sword] was not realized!
[03Apr2026 19:03:52.731] [Render thread/WARN] [dev.architectury.registry.registries.forge.RegistrarManagerImpl/]: Registry entry listened Registry Entry [minecraft:item / miapi:modular_longsword] was not realized!
[03Apr2026 19:03:52.940] [Render thread/WARN] [dev.architectury.registry.registries.forge.RegistrarManagerImpl/]: Registry entry listened Registry Entry [minecraft:item / miapi:modular_medium_shield] was not realized!
[03Apr2026 19:03:52.940] [Render thread/WARN] [dev.architectury.registry.registries.forge.RegistrarManagerImpl/]: Registry entry listened Registry Entry [minecraft:item / miapi:twin_blade] was not realized!
[03Apr2026 19:03:52.940] [Render thread/WARN] [dev.architectury.registry.registries.forge.RegistrarManagerImpl/]: Registry entry listened Registry Entry [minecraft:item / miapi:modular_gauntlets] was not realized!
[03Apr2026 19:03:52.940] [Render thread/WARN] [dev.architectury.registry.registries.forge.RegistrarManagerImpl/]: Registry entry listened Registry Entry [minecraft:item / miapi:modular_dagger] was not realized!
[03Apr2026 19:03:52.940] [Render thread/WARN] [dev.architectury.registry.registries.forge.RegistrarManagerImpl/]: Registry entry listened Registry Entry [minecraft:item / miapi:modular_arrow] was not realized!
[03Apr2026 19:03:52.940] [Render thread/WARN] [dev.architectury.registry.registries.forge.RegistrarManagerImpl/]: Registry entry listened Registry Entry [minecraft:item / miapi:modular_small_bow] was not realized!
[03Apr2026 19:03:52.940] [Render thread/WARN] [dev.architectury.registry.registries.forge.RegistrarManagerImpl/]: Registry entry listened Registry Entry [minecraft:item / miapi:modular_large_crossbow] was not realized!
[03Apr2026 19:03:52.940] [Render thread/WARN] [dev.architectury.registry.registries.forge.RegistrarManagerImpl/]: Registry entry listened Registry Entry [minecraft:item / miapi:modular_broken_item] was not realized!
[03Apr2026 19:03:52.940] [Render thread/WARN] [dev.architectury.registry.registries.forge.RegistrarManagerImpl/]: Registry entry listened Registry Entry [minecraft:item / miapi:modular_mattock] was not realized!
[03Apr2026 19:03:52.940] [Render thread/WARN] [dev.architectury.registry.registries.forge.RegistrarManagerImpl/]: Registry entry listened Registry Entry [minecraft:item / miapi:modular_crossbow_part] was not realized!
[03Apr2026 19:03:52.941] [Render thread/WARN] [dev.architectury.registry.registries.forge.RegistrarManagerImpl/]: Registry entry listened Registry Entry [minecraft:item / miapi:modular_spear] was not realized!
[03Apr2026 19:03:52.941] [Render thread/WARN] [dev.architectury.registry.registries.forge.RegistrarManagerImpl/]: Registry entry listened Registry Entry [minecraft:item / miapi:modular_hammer] was not realized!
[03Apr2026 19:03:52.941] [Render thread/WARN] [dev.architectury.registry.registries.forge.RegistrarManagerImpl/]: Registry entry listened Registry Entry [minecraft:item / miapi:modular_leggings] was not realized!
[03Apr2026 19:03:52.941] [Render thread/WARN] [dev.architectury.registry.registries.forge.RegistrarManagerImpl/]: Registry entry listened Registry Entry [minecraft:item / miapi:modular_light_shield] was not realized!
[03Apr2026 19:03:52.941] [Render thread/WARN] [dev.architectury.registry.registries.forge.RegistrarManagerImpl/]: Registry entry listened Registry Entry [minecraft:item / miapi:modular_rapier] was not realized!
[03Apr2026 19:03:52.941] [Render thread/WARN] [dev.architectury.registry.registries.forge.RegistrarManagerImpl/]: Registry entry listened Registry Entry [minecraft:item / miapi:modular_shovel] was not realized!
[03Apr2026 19:03:52.941] [Render thread/WARN] [dev.architectury.registry.registries.forge.RegistrarManagerImpl/]: Registry entry listened Registry Entry [minecraft:item / miapi:modular_axe] was not realized!
[03Apr2026 19:03:52.941] [Render thread/WARN] [dev.architectury.registry.registries.forge.RegistrarManagerImpl/]: Registry entry listened Registry Entry [minecraft:item / miapi:modular_arrow_part] was not realized!
[03Apr2026 19:03:52.941] [Render thread/WARN] [dev.architectury.registry.registries.forge.RegistrarManagerImpl/]: Registry entry listened Registry Entry [minecraft:item / miapi:modular_bow_part] was not realized!
[03Apr2026 19:03:52.941] [Render thread/WARN] [dev.architectury.registry.registries.forge.RegistrarManagerImpl/]: Registry entry listened Registry Entry [minecraft:item / miapi:modular_large_bow] was not realized!
[03Apr2026 19:03:52.941] [Render thread/WARN] [dev.architectury.registry.registries.forge.RegistrarManagerImpl/]: Registry entry listened Registry Entry [minecraft:item / miapi:modular_knuckles] was not realized!
[03Apr2026 19:03:52.941] [Render thread/WARN] [dev.architectury.registry.registries.forge.RegistrarManagerImpl/]: Registry entry listened Registry Entry [minecraft:item / miapi:modular_small_crossbow] was not realized!
[03Apr2026 19:03:52.941] [Render thread/WARN] [dev.architectury.registry.registries.forge.RegistrarManagerImpl/]: Registry entry listened Registry Entry [minecraft:item / miapi:modular_handle] was not realized!
[03Apr2026 19:03:52.941] [Render thread/WARN] [dev.architectury.registry.registries.forge.RegistrarManagerImpl/]: Registry entry listened Registry Entry [minecraft:item / miapi:modular_katars] was not realized!
[03Apr2026 19:03:52.941] [Render thread/WARN] [dev.architectury.registry.registries.forge.RegistrarManagerImpl/]: Registry entry listened Registry Entry [minecraft:item / miapi:modular_heavy_shield] was not realized!
[03Apr2026 19:03:52.941] [Render thread/WARN] [dev.architectury.registry.registries.forge.RegistrarManagerImpl/]: Registry entry listened Registry Entry [minecraft:item / miapi:modular_boots] was not realized!
[03Apr2026 19:03:52.941] [Render thread/WARN] [dev.architectury.registry.registries.forge.RegistrarManagerImpl/]: Registry entry listened Registry Entry [minecraft:item / miapi:modular_elytra] was not realized!
[03Apr2026 19:03:52.941] [Render thread/WARN] [dev.architectury.registry.registries.forge.RegistrarManagerImpl/]: Registry entry listened Registry Entry [minecraft:item / miapi:modular_handheld] was not realized!
[03Apr2026 19:03:52.941] [Render thread/WARN] [dev.architectury.registry.registries.forge.RegistrarManagerImpl/]: Registry entry listened Registry Entry [minecraft:item / miapi:modular_helmet] was not realized!
[03Apr2026 19:03:52.941] [Render thread/WARN] [dev.architectury.registry.registries.forge.RegistrarManagerImpl/]: Registry entry listened Registry Entry [minecraft:item / miapi:modular_pickaxe] was not realized!
[03Apr2026 19:03:52.941] [Render thread/WARN] [dev.architectury.registry.registries.forge.RegistrarManagerImpl/]: Registry entry listened Registry Entry [minecraft:item / miapi:modular_katana] was not realized!
[03Apr2026 19:03:52.941] [Render thread/WARN] [dev.architectury.registry.registries.forge.RegistrarManagerImpl/]: Registry entry listened Registry Entry [minecraft:item / miapi:modular_naginata] was not realized!
[03Apr2026 19:03:52.941] [Render thread/WARN] [dev.architectury.registry.registries.forge.RegistrarManagerImpl/]: Registry entry listened Registry Entry [minecraft:item / miapi:modular_tonfa] was not realized!
[03Apr2026 19:03:52.941] [Render thread/WARN] [dev.architectury.registry.registries.forge.RegistrarManagerImpl/]: Registry entry listened Registry Entry [minecraft:item / miapi:modular_part] was not realized!
[03Apr2026 19:03:52.941] [Render thread/WARN] [dev.architectury.registry.registries.forge.RegistrarManagerImpl/]: Registry entry listened Registry Entry [minecraft:item / miapi:modular_sickle] was not realized!
[03Apr2026 19:03:52.941] [Render thread/WARN] [dev.architectury.registry.registries.forge.RegistrarManagerImpl/]: Registry entry listened Registry Entry [minecraft:item / miapi:modular_hoe] was not realized!
[03Apr2026 19:03:52.941] [Render thread/WARN] [dev.architectury.registry.registries.forge.RegistrarManagerImpl/]: Registry entry listened Registry Entry [minecraft:item / miapi:modular_chestplate] was not realized!
[03Apr2026 19:03:52.941] [Render thread/WARN] [dev.architectury.registry.registries.forge.RegistrarManagerImpl/]: Registry entry listened Registry Entry [minecraft:item / miapi:modular_greatsword] was not realized!
[03Apr2026 19:03:52.941] [Render thread/WARN] [dev.architectury.registry.registries.forge.RegistrarManagerImpl/]: Registry entry listened Registry Entry [minecraft:item / miapi:modular_bow] was not realized!
[03Apr2026 19:03:52.941] [Render thread/WARN] [dev.architectury.registry.registries.forge.RegistrarManagerImpl/]: Registry entry listened Registry Entry [minecraft:item / miapi:modular_scythe] was not realized!
[03Apr2026 19:03:52.941] [Render thread/WARN] [dev.architectury.registry.registries.forge.RegistrarManagerImpl/]: Registry entry listened Registry Entry [minecraft:item / miapi:modular_throwing_knife] was not realized!
[03Apr2026 19:03:52.941] [Render thread/WARN] [dev.architectury.registry.registries.forge.RegistrarManagerImpl/]: Registry entry listened Registry Entry [minecraft:item / miapi:modular_crossbow] was not realized!
[03Apr2026 19:03:52.941] [Render thread/WARN] [dev.architectury.registry.registries.forge.RegistrarManagerImpl/]: Registry entry listened Registry Entry [minecraft:item / miapi:modular_item] was not realized!
[03Apr2026 19:03:52.941] [Render thread/WARN] [dev.architectury.registry.registries.forge.RegistrarManagerImpl/]: Registry entry listened Registry Entry [minecraft:item / miapi:modular_trident] was not realized!
[03Apr2026 19:03:52.941] [Render thread/WARN] [dev.architectury.registry.registries.forge.RegistrarManagerImpl/]: Registry entry listened Registry Entry [minecraft:item / miapi:modular_sword] was not realized!
[03Apr2026 19:03:52.941] [Render thread/WARN] [dev.architectury.registry.registries.forge.RegistrarManagerImpl/]: Registry entry listened Registry Entry [minecraft:item / miapi:modular_longsword] was not realized!
[03Apr2026 19:03:52.963] [Render thread/WARN] [dev.architectury.registry.registries.forge.RegistrarManagerImpl/]: Registry entry listened Registry Entry [minecraft:item / miapi:modular_medium_shield] was not realized!
[03Apr2026 19:03:52.963] [Render thread/WARN] [dev.architectury.registry.registries.forge.RegistrarManagerImpl/]: Registry entry listened Registry Entry [minecraft:item / miapi:twin_blade] was not realized!
[03Apr2026 19:03:52.963] [Render thread/WARN] [dev.architectury.registry.registries.forge.RegistrarManagerImpl/]: Registry entry listened Registry Entry [minecraft:item / miapi:modular_gauntlets] was not realized!
[03Apr2026 19:03:52.963] [Render thread/WARN] [dev.architectury.registry.registries.forge.RegistrarManagerImpl/]: Registry entry listened Registry Entry [minecraft:item / miapi:modular_dagger] was not realized!
[03Apr2026 19:03:52.963] [Render thread/WARN] [dev.architectury.registry.registries.forge.RegistrarManagerImpl/]: Registry entry listened Registry Entry [minecraft:item / miapi:modular_arrow] was not realized!
[03Apr2026 19:03:52.963] [Render thread/WARN] [dev.architectury.registry.registries.forge.RegistrarManagerImpl/]: Registry entry listened Registry Entry [minecraft:item / miapi:modular_small_bow] was not realized!
[03Apr2026 19:03:52.963] [Render thread/WARN] [dev.architectury.registry.registries.forge.RegistrarManagerImpl/]: Registry entry listened Registry Entry [minecraft:item / miapi:modular_large_crossbow] was not realized!
[03Apr2026 19:03:52.963] [Render thread/WARN] [dev.architectury.registry.registries.forge.RegistrarManagerImpl/]: Registry entry listened Registry Entry [minecraft:item / miapi:modular_broken_item] was not realized!
[03Apr2026 19:03:52.963] [Render thread/WARN] [dev.architectury.registry.registries.forge.RegistrarManagerImpl/]: Registry entry listened Registry Entry [minecraft:item / miapi:modular_mattock] was not realized!
[03Apr2026 19:03:52.963] [Render thread/WARN] [dev.architectury.registry.registries.forge.RegistrarManagerImpl/]: Registry entry listened Registry Entry [minecraft:item / miapi:modular_crossbow_part] was not realized!
[03Apr2026 19:03:52.963] [Render thread/WARN] [dev.architectury.registry.registries.forge.RegistrarManagerImpl/]: Registry entry listened Registry Entry [minecraft:item / miapi:modular_spear] was not realized!
[03Apr2026 19:03:52.963] [Render thread/WARN] [dev.architectury.registry.registries.forge.RegistrarManagerImpl/]: Registry entry listened Registry Entry [minecraft:item / miapi:modular_hammer] was not realized!
[03Apr2026 19:03:52.963] [Render thread/WARN] [dev.architectury.registry.registries.forge.RegistrarManagerImpl/]: Registry entry listened Registry Entry [minecraft:item / miapi:modular_leggings] was not realized!
[03Apr2026 19:03:52.963] [Render thread/WARN] [dev.architectury.registry.registries.forge.RegistrarManagerImpl/]: Registry entry listened Registry Entry [minecraft:item / miapi:modular_light_shield] was not realized!
[03Apr2026 19:03:52.963] [Render thread/WARN] [dev.architectury.registry.registries.forge.RegistrarManagerImpl/]: Registry entry listened Registry Entry [minecraft:item / miapi:modular_rapier] was not realized!
[03Apr2026 19:03:52.963] [Render thread/WARN] [dev.architectury.registry.registries.forge.RegistrarManagerImpl/]: Registry entry listened Registry Entry [minecraft:item / miapi:modular_shovel] was not realized!
[03Apr2026 19:03:52.963] [Render thread/WARN] [dev.architectury.registry.registries.forge.RegistrarManagerImpl/]: Registry entry listened Registry Entry [minecraft:item / miapi:modular_axe] was not realized!
[03Apr2026 19:03:52.963] [Render thread/WARN] [dev.architectury.registry.registries.forge.RegistrarManagerImpl/]: Registry entry listened Registry Entry [minecraft:item / miapi:modular_arrow_part] was not realized!
[03Apr2026 19:03:52.963] [Render thread/WARN] [dev.architectury.registry.registries.forge.RegistrarManagerImpl/]: Registry entry listened Registry Entry [minecraft:item / miapi:modular_bow_part] was not realized!
[03Apr2026 19:03:52.963] [Render thread/WARN] [dev.architectury.registry.registries.forge.RegistrarManagerImpl/]: Registry entry listened Registry Entry [minecraft:item / miapi:modular_large_bow] was not realized!
[03Apr2026 19:03:52.963] [Render thread/WARN] [dev.architectury.registry.registries.forge.RegistrarManagerImpl/]: Registry entry listened Registry Entry [minecraft:item / miapi:modular_knuckles] was not realized!
[03Apr2026 19:03:52.963] [Render thread/WARN] [dev.architectury.registry.registries.forge.RegistrarManagerImpl/]: Registry entry listened Registry Entry [minecraft:item / miapi:modular_small_crossbow] was not realized!
[03Apr2026 19:03:52.963] [Render thread/WARN] [dev.architectury.registry.registries.forge.RegistrarManagerImpl/]: Registry entry listened Registry Entry [minecraft:item / miapi:modular_handle] was not realized!
[03Apr2026 19:03:52.963] [Render thread/WARN] [dev.architectury.registry.registries.forge.RegistrarManagerImpl/]: Registry entry listened Registry Entry [minecraft:item / miapi:modular_katars] was not realized!
[03Apr2026 19:03:52.963] [Render thread/WARN] [dev.architectury.registry.registries.forge.RegistrarManagerImpl/]: Registry entry listened Registry Entry [minecraft:item / miapi:modular_heavy_shield] was not realized!
[03Apr2026 19:03:52.963] [Render thread/WARN] [dev.architectury.registry.registries.forge.RegistrarManagerImpl/]: Registry entry listened Registry Entry [minecraft:item / miapi:modular_boots] was not realized!
[03Apr2026 19:03:52.963] [Render thread/WARN] [dev.architectury.registry.registries.forge.RegistrarManagerImpl/]: Registry entry listened Registry Entry [minecraft:item / miapi:modular_elytra] was not realized!
[03Apr2026 19:03:52.963] [Render thread/WARN] [dev.architectury.registry.registries.forge.RegistrarManagerImpl/]: Registry entry listened Registry Entry [minecraft:item / miapi:modular_handheld] was not realized!
[03Apr2026 19:03:52.963] [Render thread/WARN] [dev.architectury.registry.registries.forge.RegistrarManagerImpl/]: Registry entry listened Registry Entry [minecraft:item / miapi:modular_helmet] was not realized!
[03Apr2026 19:03:52.963] [Render thread/WARN] [dev.architectury.registry.registries.forge.RegistrarManagerImpl/]: Registry entry listened Registry Entry [minecraft:item / miapi:modular_pickaxe] was not realized!
[03Apr2026 19:03:52.963] [Render thread/WARN] [dev.architectury.registry.registries.forge.RegistrarManagerImpl/]: Registry entry listened Registry Entry [minecraft:item / miapi:modular_katana] was not realized!
[03Apr2026 19:03:52.963] [Render thread/WARN] [dev.architectury.registry.registries.forge.RegistrarManagerImpl/]: Registry entry listened Registry Entry [minecraft:item / miapi:modular_naginata] was not realized!
[03Apr2026 19:03:52.963] [Render thread/WARN] [dev.architectury.registry.registries.forge.RegistrarManagerImpl/]: Registry entry listened Registry Entry [minecraft:item / miapi:modular_tonfa] was not realized!
[03Apr2026 19:03:52.963] [Render thread/WARN] [dev.architectury.registry.registries.forge.RegistrarManagerImpl/]: Registry entry listened Registry Entry [minecraft:item / miapi:modular_part] was not realized!
[03Apr2026 19:03:52.963] [Render thread/WARN] [dev.architectury.registry.registries.forge.RegistrarManagerImpl/]: Registry entry listened Registry Entry [minecraft:item / miapi:modular_sickle] was not realized!
[03Apr2026 19:03:52.963] [Render thread/WARN] [dev.architectury.registry.registries.forge.RegistrarManagerImpl/]: Registry entry listened Registry Entry [minecraft:item / miapi:modular_hoe] was not realized!
[03Apr2026 19:03:52.963] [Render thread/WARN] [dev.architectury.registry.registries.forge.RegistrarManagerImpl/]: Registry entry listened Registry Entry [minecraft:item / miapi:modular_chestplate] was not realized!
[03Apr2026 19:03:52.963] [Render thread/WARN] [dev.architectury.registry.registries.forge.RegistrarManagerImpl/]: Registry entry listened Registry Entry [minecraft:item / miapi:modular_greatsword] was not realized!
[03Apr2026 19:03:52.963] [Render thread/WARN] [dev.architectury.registry.registries.forge.RegistrarManagerImpl/]: Registry entry listened Registry Entry [minecraft:item / miapi:modular_bow] was not realized!
[03Apr2026 19:03:52.963] [Render thread/WARN] [dev.architectury.registry.registries.forge.RegistrarManagerImpl/]: Registry entry listened Registry Entry [minecraft:item / miapi:modular_scythe] was not realized!
[03Apr2026 19:03:52.963] [Render thread/WARN] [dev.architectury.registry.registries.forge.RegistrarManagerImpl/]: Registry entry listened Registry Entry [minecraft:item / miapi:modular_throwing_knife] was not realized!
[03Apr2026 19:03:52.963] [Render thread/WARN] [dev.architectury.registry.registries.forge.RegistrarManagerImpl/]: Registry entry listened Registry Entry [minecraft:item / miapi:modular_crossbow] was not realized!
[03Apr2026 19:03:52.963] [Render thread/WARN] [dev.architectury.registry.registries.forge.RegistrarManagerImpl/]: Registry entry listened Registry Entry [minecraft:item / miapi:modular_item] was not realized!
[03Apr2026 19:03:52.963] [Render thread/WARN] [dev.architectury.registry.registries.forge.RegistrarManagerImpl/]: Registry entry listened Registry Entry [minecraft:item / miapi:modular_trident] was not realized!
[03Apr2026 19:03:52.963] [Render thread/WARN] [dev.architectury.registry.registries.forge.RegistrarManagerImpl/]: Registry entry listened Registry Entry [minecraft:item / miapi:modular_sword] was not realized!
[03Apr2026 19:03:52.963] [Render thread/WARN] [dev.architectury.registry.registries.forge.RegistrarManagerImpl/]: Registry entry listened Registry Entry [minecraft:item / miapi:modular_longsword] was not realized!
[03Apr2026 19:03:52.964] [Render thread/WARN] [dev.architectury.registry.registries.forge.RegistrarManagerImpl/]: Registry entry listened Registry Entry [minecraft:item / miapi:modular_medium_shield] was not realized!
[03Apr2026 19:03:52.964] [Render thread/WARN] [dev.architectury.registry.registries.forge.RegistrarManagerImpl/]: Registry entry listened Registry Entry [minecraft:item / miapi:twin_blade] was not realized!
[03Apr2026 19:03:52.964] [Render thread/WARN] [dev.architectury.registry.registries.forge.RegistrarManagerImpl/]: Registry entry listened Registry Entry [minecraft:item / miapi:modular_gauntlets] was not realized!
[03Apr2026 19:03:52.964] [Render thread/WARN] [dev.architectury.registry.registries.forge.RegistrarManagerImpl/]: Registry entry listened Registry Entry [minecraft:item / miapi:modular_dagger] was not realized!
[03Apr2026 19:03:52.964] [Render thread/WARN] [dev.architectury.registry.registries.forge.RegistrarManagerImpl/]: Registry entry listened Registry Entry [minecraft:item / miapi:modular_arrow] was not realized!
[03Apr2026 19:03:52.964] [Render thread/WARN] [dev.architectury.registry.registries.forge.RegistrarManagerImpl/]: Registry entry listened Registry Entry [minecraft:item / miapi:modular_small_bow] was not realized!
[03Apr2026 19:03:52.964] [Render thread/WARN] [dev.architectury.registry.registries.forge.RegistrarManagerImpl/]: Registry entry listened Registry Entry [minecraft:item / miapi:modular_large_crossbow] was not realized!
[03Apr2026 19:03:52.964] [Render thread/WARN] [dev.architectury.registry.registries.forge.RegistrarManagerImpl/]: Registry entry listened Registry Entry [minecraft:item / miapi:modular_broken_item] was not realized!
[03Apr2026 19:03:52.964] [Render thread/WARN] [dev.architectury.registry.registries.forge.RegistrarManagerImpl/]: Registry entry listened Registry Entry [minecraft:item / miapi:modular_mattock] was not realized!
[03Apr2026 19:03:52.964] [Render thread/WARN] [dev.architectury.registry.registries.forge.RegistrarManagerImpl/]: Registry entry listened Registry Entry [minecraft:item / miapi:modular_crossbow_part] was not realized!
[03Apr2026 19:03:52.964] [Render thread/WARN] [dev.architectury.registry.registries.forge.RegistrarManagerImpl/]: Registry entry listened Registry Entry [minecraft:item / miapi:modular_spear] was not realized!
[03Apr2026 19:03:52.964] [Render thread/WARN] [dev.architectury.registry.registries.forge.RegistrarManagerImpl/]: Registry entry listened Registry Entry [minecraft:item / miapi:modular_hammer] was not realized!
[03Apr2026 19:03:52.964] [Render thread/WARN] [dev.architectury.registry.registries.forge.RegistrarManagerImpl/]: Registry entry listened Registry Entry [minecraft:item / miapi:modular_leggings] was not realized!
[03Apr2026 19:03:52.964] [Render thread/WARN] [dev.architectury.registry.registries.forge.RegistrarManagerImpl/]: Registry entry listened Registry Entry [minecraft:item / miapi:modular_light_shield] was not realized!
[03Apr2026 19:03:52.964] [Render thread/WARN] [dev.architectury.registry.registries.forge.RegistrarManagerImpl/]: Registry entry listened Registry Entry [minecraft:item / miapi:modular_rapier] was not realized!
[03Apr2026 19:03:52.964] [Render thread/WARN] [dev.architectury.registry.registries.forge.RegistrarManagerImpl/]: Registry entry listened Registry Entry [minecraft:item / miapi:modular_shovel] was not realized!
[03Apr2026 19:03:52.964] [Render thread/WARN] [dev.architectury.registry.registries.forge.RegistrarManagerImpl/]: Registry entry listened Registry Entry [minecraft:item / miapi:modular_axe] was not realized!
[03Apr2026 19:03:52.964] [Render thread/WARN] [dev.architectury.registry.registries.forge.RegistrarManagerImpl/]: Registry entry listened Registry Entry [minecraft:item / miapi:modular_arrow_part] was not realized!
[03Apr2026 19:03:52.964] [Render thread/WARN] [dev.architectury.registry.registries.forge.RegistrarManagerImpl/]: Registry entry listened Registry Entry [minecraft:item / miapi:modular_bow_part] was not realized!
[03Apr2026 19:03:52.964] [Render thread/WARN] [dev.architectury.registry.registries.forge.RegistrarManagerImpl/]: Registry entry listened Registry Entry [minecraft:item / miapi:modular_large_bow] was not realized!
[03Apr2026 19:03:52.964] [Render thread/WARN] [dev.architectury.registry.registries.forge.RegistrarManagerImpl/]: Registry entry listened Registry Entry [minecraft:item / miapi:modular_knuckles] was not realized!
[03Apr2026 19:03:52.964] [Render thread/WARN] [dev.architectury.registry.registries.forge.RegistrarManagerImpl/]: Registry entry listened Registry Entry [minecraft:item / miapi:modular_small_crossbow] was not realized!
[03Apr2026 19:03:52.964] [Render thread/WARN] [dev.architectury.registry.registries.forge.RegistrarManagerImpl/]: Registry entry listened Registry Entry [minecraft:item / miapi:modular_handle] was not realized!
[03Apr2026 19:03:52.964] [Render thread/WARN] [dev.architectury.registry.registries.forge.RegistrarManagerImpl/]: Registry entry listened Registry Entry [minecraft:item / miapi:modular_katars] was not realized!
[03Apr2026 19:03:52.964] [Render thread/WARN] [dev.architectury.registry.registries.forge.RegistrarManagerImpl/]: Registry entry listened Registry Entry [minecraft:item / miapi:modular_heavy_shield] was not realized!
[03Apr2026 19:03:52.964] [Render thread/WARN] [dev.architectury.registry.registries.forge.RegistrarManagerImpl/]: Registry entry listened Registry Entry [minecraft:item / miapi:modular_boots] was not realized!
[03Apr2026 19:03:52.964] [Render thread/WARN] [dev.architectury.registry.registries.forge.RegistrarManagerImpl/]: Registry entry listened Registry Entry [minecraft:item / miapi:modular_elytra] was not realized!
[03Apr2026 19:03:52.964] [Render thread/WARN] [dev.architectury.registry.registries.forge.RegistrarManagerImpl/]: Registry entry listened Registry Entry [minecraft:item / miapi:modular_handheld] was not realized!
[03Apr2026 19:03:52.964] [Render thread/WARN] [dev.architectury.registry.registries.forge.RegistrarManagerImpl/]: Registry entry listened Registry Entry [minecraft:item / miapi:modular_helmet] was not realized!
[03Apr2026 19:03:52.964] [Render thread/WARN] [dev.architectury.registry.registries.forge.RegistrarManagerImpl/]: Registry entry listened Registry Entry [minecraft:item / miapi:modular_pickaxe] was not realized!
[03Apr2026 19:03:52.964] [Render thread/WARN] [dev.architectury.registry.registries.forge.RegistrarManagerImpl/]: Registry entry listened Registry Entry [minecraft:item / miapi:modular_katana] was not realized!
[03Apr2026 19:03:52.964] [Render thread/WARN] [dev.architectury.registry.registries.forge.RegistrarManagerImpl/]: Registry entry listened Registry Entry [minecraft:item / miapi:modular_naginata] was not realized!
[03Apr2026 19:03:52.964] [Render thread/WARN] [dev.architectury.registry.registries.forge.RegistrarManagerImpl/]: Registry entry listened Registry Entry [minecraft:item / miapi:modular_tonfa] was not realized!
[03Apr2026 19:03:52.964] [Render thread/WARN] [dev.architectury.registry.registries.forge.RegistrarManagerImpl/]: Registry entry listened Registry Entry [minecraft:item / miapi:modular_part] was not realized!
[03Apr2026 19:03:52.964] [Render thread/WARN] [dev.architectury.registry.registries.forge.RegistrarManagerImpl/]: Registry entry listened Registry Entry [minecraft:item / miapi:modular_sickle] was not realized!
[03Apr2026 19:03:52.964] [Render thread/WARN] [dev.architectury.registry.registries.forge.RegistrarManagerImpl/]: Registry entry listened Registry Entry [minecraft:item / miapi:modular_hoe] was not realized!
[03Apr2026 19:03:52.964] [Render thread/WARN] [dev.architectury.registry.registries.forge.RegistrarManagerImpl/]: Registry entry listened Registry Entry [minecraft:item / miapi:modular_chestplate] was not realized!
[03Apr2026 19:03:52.964] [Render thread/WARN] [dev.architectury.registry.registries.forge.RegistrarManagerImpl/]: Registry entry listened Registry Entry [minecraft:item / miapi:modular_greatsword] was not realized!
[03Apr2026 19:03:52.964] [Render thread/WARN] [dev.architectury.registry.registries.forge.RegistrarManagerImpl/]: Registry entry listened Registry Entry [minecraft:item / miapi:modular_bow] was not realized!
[03Apr2026 19:03:52.964] [Render thread/WARN] [dev.architectury.registry.registries.forge.RegistrarManagerImpl/]: Registry entry listened Registry Entry [minecraft:item / miapi:modular_scythe] was not realized!
[03Apr2026 19:03:52.964] [Render thread/WARN] [dev.architectury.registry.registries.forge.RegistrarManagerImpl/]: Registry entry listened Registry Entry [minecraft:item / miapi:modular_throwing_knife] was not realized!
[03Apr2026 19:03:52.964] [Render thread/WARN] [dev.architectury.registry.registries.forge.RegistrarManagerImpl/]: Registry entry listened Registry Entry [minecraft:item / miapi:modular_crossbow] was not realized!
[03Apr2026 19:03:52.964] [Render thread/WARN] [dev.architectury.registry.registries.forge.RegistrarManagerImpl/]: Registry entry listened Registry Entry [minecraft:item / miapi:modular_item] was not realized!
[03Apr2026 19:03:52.964] [Render thread/WARN] [dev.architectury.registry.registries.forge.RegistrarManagerImpl/]: Registry entry listened Registry Entry [minecraft:item / miapi:modular_trident] was not realized!
[03Apr2026 19:03:52.964] [Render thread/WARN] [dev.architectury.registry.registries.forge.RegistrarManagerImpl/]: Registry entry listened Registry Entry [minecraft:item / miapi:modular_sword] was not realized!
[03Apr2026 19:03:52.964] [Render thread/WARN] [dev.architectury.registry.registries.forge.RegistrarManagerImpl/]: Registry entry listened Registry Entry [minecraft:item / miapi:modular_longsword] was not realized!
[03Apr2026 19:03:53.615] [Render thread/WARN] [dev.architectury.registry.registries.forge.RegistrarManagerImpl/]: Registry entry listened Registry Entry [minecraft:entity_type / mca:female_zombie_villager] was not realized!
[03Apr2026 19:03:53.615] [Render thread/WARN] [dev.architectury.registry.registries.forge.RegistrarManagerImpl/]: Registry entry listened Registry Entry [minecraft:entity_type / mca:male_zombie_villager] was not realized!
[03Apr2026 19:03:53.615] [Render thread/WARN] [dev.architectury.registry.registries.forge.RegistrarManagerImpl/]: Registry entry listened Registry Entry [minecraft:entity_type / mca:grim_reaper] was not realized!
[03Apr2026 19:03:53.615] [Render thread/WARN] [dev.architectury.registry.registries.forge.RegistrarManagerImpl/]: Registry entry listened Registry Entry [minecraft:entity_type / miapi:thrown_item] was not realized!
[03Apr2026 19:03:53.615] [Render thread/WARN] [dev.architectury.registry.registries.forge.RegistrarManagerImpl/]: Registry entry listened Registry Entry [minecraft:entity_type / mca:female_villager] was not realized!
[03Apr2026 19:03:53.615] [Render thread/WARN] [dev.architectury.registry.registries.forge.RegistrarManagerImpl/]: Registry entry listened Registry Entry [minecraft:entity_type / mca:male_villager] was not realized!
[03Apr2026 19:03:53.715] [Render thread/WARN] [dev.architectury.registry.registries.forge.RegistrarManagerImpl/]: Registry entry listened Registry Entry [minecraft:entity_type / mca:female_zombie_villager] was not realized!
[03Apr2026 19:03:53.715] [Render thread/WARN] [dev.architectury.registry.registries.forge.RegistrarManagerImpl/]: Registry entry listened Registry Entry [minecraft:entity_type / mca:male_zombie_villager] was not realized!
[03Apr2026 19:03:53.715] [Render thread/WARN] [dev.architectury.registry.registries.forge.RegistrarManagerImpl/]: Registry entry listened Registry Entry [minecraft:entity_type / mca:grim_reaper] was not realized!
[03Apr2026 19:03:53.715] [Render thread/WARN] [dev.architectury.registry.registries.forge.RegistrarManagerImpl/]: Registry entry listened Registry Entry [minecraft:entity_type / miapi:thrown_item] was not realized!
[03Apr2026 19:03:53.715] [Render thread/WARN] [dev.architectury.registry.registries.forge.RegistrarManagerImpl/]: Registry entry listened Registry Entry [minecraft:entity_type / mca:female_villager] was not realized!
[03Apr2026 19:03:53.715] [Render thread/WARN] [dev.architectury.registry.registries.forge.RegistrarManagerImpl/]: Registry entry listened Registry Entry [minecraft:entity_type / mca:male_villager] was not realized!
[03Apr2026 19:03:54.202] [Render thread/WARN] [dev.architectury.registry.registries.forge.RegistrarManagerImpl/]: Registry entry listened Registry Entry [minecraft:entity_type / mca:female_zombie_villager] was not realized!
[03Apr2026 19:03:54.202] [Render thread/WARN] [dev.architectury.registry.registries.forge.RegistrarManagerImpl/]: Registry entry listened Registry Entry [minecraft:entity_type / mca:male_zombie_villager] was not realized!
[03Apr2026 19:03:54.202] [Render thread/WARN] [dev.architectury.registry.registries.forge.RegistrarManagerImpl/]: Registry entry listened Registry Entry [minecraft:entity_type / mca:grim_reaper] was not realized!
[03Apr2026 19:03:54.202] [Render thread/WARN] [dev.architectury.registry.registries.forge.RegistrarManagerImpl/]: Registry entry listened Registry Entry [minecraft:entity_type / miapi:thrown_item] was not realized!
[03Apr2026 19:03:54.202] [Render thread/WARN] [dev.architectury.registry.registries.forge.RegistrarManagerImpl/]: Registry entry listened Registry Entry [minecraft:entity_type / mca:female_villager] was not realized!
[03Apr2026 19:03:54.202] [Render thread/WARN] [dev.architectury.registry.registries.forge.RegistrarManagerImpl/]: Registry entry listened Registry Entry [minecraft:entity_type / mca:male_villager] was not realized!
[03Apr2026 19:03:54.221] [Render thread/WARN] [dev.architectury.registry.registries.forge.RegistrarManagerImpl/]: Registry entry listened Registry Entry [minecraft:entity_type / mca:female_zombie_villager] was not realized!
[03Apr2026 19:03:54.221] [Render thread/WARN] [dev.architectury.registry.registries.forge.RegistrarManagerImpl/]: Registry entry listened Registry Entry [minecraft:entity_type / mca:male_zombie_villager] was not realized!
[03Apr2026 19:03:54.221] [Render thread/WARN] [dev.architectury.registry.registries.forge.RegistrarManagerImpl/]: Registry entry listened Registry Entry [minecraft:entity_type / mca:grim_reaper] was not realized!
[03Apr2026 19:03:54.221] [Render thread/WARN] [dev.architectury.registry.registries.forge.RegistrarManagerImpl/]: Registry entry listened Registry Entry [minecraft:entity_type / miapi:thrown_item] was not realized!
[03Apr2026 19:03:54.221] [Render thread/WARN] [dev.architectury.registry.registries.forge.RegistrarManagerImpl/]: Registry entry listened Registry Entry [minecraft:entity_type / mca:female_villager] was not realized!
[03Apr2026 19:03:54.221] [Render thread/WARN] [dev.architectury.registry.registries.forge.RegistrarManagerImpl/]: Registry entry listened Registry Entry [minecraft:entity_type / mca:male_villager] was not realized!
[03Apr2026 19:03:54.221] [Render thread/WARN] [dev.architectury.registry.registries.forge.RegistrarManagerImpl/]: Registry entry listened Registry Entry [minecraft:entity_type / mca:female_zombie_villager] was not realized!
[03Apr2026 19:03:54.221] [Render thread/WARN] [dev.architectury.registry.registries.forge.RegistrarManagerImpl/]: Registry entry listened Registry Entry [minecraft:entity_type / mca:male_zombie_villager] was not realized!
[03Apr2026 19:03:54.221] [Render thread/WARN] [dev.architectury.registry.registries.forge.RegistrarManagerImpl/]: Registry entry listened Registry Entry [minecraft:entity_type / mca:grim_reaper] was not realized!
[03Apr2026 19:03:54.221] [Render thread/WARN] [dev.architectury.registry.registries.forge.RegistrarManagerImpl/]: Registry entry listened Registry Entry [minecraft:entity_type / miapi:thrown_item] was not realized!
[03Apr2026 19:03:54.221] [Render thread/WARN] [dev.architectury.registry.registries.forge.RegistrarManagerImpl/]: Registry entry listened Registry Entry [minecraft:entity_type / mca:female_villager] was not realized!
[03Apr2026 19:03:54.221] [Render thread/WARN] [dev.architectury.registry.registries.forge.RegistrarManagerImpl/]: Registry entry listened Registry Entry [minecraft:entity_type / mca:male_villager] was not realized!
[03Apr2026 19:03:54.223] [Render thread/WARN] [dev.architectury.registry.registries.forge.RegistrarManagerImpl/]: Registry entry listened Registry Entry [minecraft:entity_type / mca:female_zombie_villager] was not realized!
[03Apr2026 19:03:54.223] [Render thread/WARN] [dev.architectury.registry.registries.forge.RegistrarManagerImpl/]: Registry entry listened Registry Entry [minecraft:entity_type / mca:male_zombie_villager] was not realized!
[03Apr2026 19:03:54.223] [Render thread/WARN] [dev.architectury.registry.registries.forge.RegistrarManagerImpl/]: Registry entry listened Registry Entry [minecraft:entity_type / mca:grim_reaper] was not realized!
[03Apr2026 19:03:54.223] [Render thread/WARN] [dev.architectury.registry.registries.forge.RegistrarManagerImpl/]: Registry entry listened Registry Entry [minecraft:entity_type / mca:female_villager] was not realized!
[03Apr2026 19:03:54.223] [Render thread/WARN] [dev.architectury.registry.registries.forge.RegistrarManagerImpl/]: Registry entry listened Registry Entry [minecraft:entity_type / mca:male_villager] was not realized!
[03Apr2026 19:03:54.223] [Render thread/WARN] [dev.architectury.registry.registries.forge.RegistrarManagerImpl/]: Registry entry listened Registry Entry [minecraft:entity_type / mca:female_zombie_villager] was not realized!
[03Apr2026 19:03:54.223] [Render thread/WARN] [dev.architectury.registry.registries.forge.RegistrarManagerImpl/]: Registry entry listened Registry Entry [minecraft:entity_type / mca:male_zombie_villager] was not realized!
[03Apr2026 19:03:54.223] [Render thread/WARN] [dev.architectury.registry.registries.forge.RegistrarManagerImpl/]: Registry entry listened Registry Entry [minecraft:entity_type / mca:grim_reaper] was not realized!
[03Apr2026 19:03:54.223] [Render thread/WARN] [dev.architectury.registry.registries.forge.RegistrarManagerImpl/]: Registry entry listened Registry Entry [minecraft:entity_type / mca:female_villager] was not realized!
[03Apr2026 19:03:54.223] [Render thread/WARN] [dev.architectury.registry.registries.forge.RegistrarManagerImpl/]: Registry entry listened Registry Entry [minecraft:entity_type / mca:male_villager] was not realized!
[03Apr2026 19:03:54.285] [Render thread/INFO] [Moonlight/]: Initialized block sets in 31ms
[03Apr2026 19:03:54.325] [Render thread/WARN] [dev.architectury.registry.registries.forge.RegistrarManagerImpl/]: Registry entry listened Registry Entry [minecraft:game_event / miapi:stat_provider_added] was not realized!
[03Apr2026 19:03:54.325] [Render thread/WARN] [dev.architectury.registry.registries.forge.RegistrarManagerImpl/]: Registry entry listened Registry Entry [minecraft:game_event / miapi:stat_provider_removed] was not realized!
[03Apr2026 19:03:54.326] [Render thread/WARN] [dev.architectury.registry.registries.forge.RegistrarManagerImpl/]: Registry entry listened Registry Entry [minecraft:game_event / miapi:stat_provider_added] was not realized!
[03Apr2026 19:03:54.326] [Render thread/WARN] [dev.architectury.registry.registries.forge.RegistrarManagerImpl/]: Registry entry listened Registry Entry [minecraft:game_event / miapi:stat_provider_removed] was not realized!
[03Apr2026 19:03:54.326] [Render thread/WARN] [dev.architectury.registry.registries.forge.RegistrarManagerImpl/]: Registry entry listened Registry Entry [minecraft:game_event / miapi:stat_provider_added] was not realized!
[03Apr2026 19:03:54.326] [Render thread/WARN] [dev.architectury.registry.registries.forge.RegistrarManagerImpl/]: Registry entry listened Registry Entry [minecraft:game_event / miapi:stat_provider_removed] was not realized!
[03Apr2026 19:03:54.326] [Render thread/WARN] [dev.architectury.registry.registries.forge.RegistrarManagerImpl/]: Registry entry listened Registry Entry [minecraft:game_event / miapi:stat_provider_added] was not realized!
[03Apr2026 19:03:54.326] [Render thread/WARN] [dev.architectury.registry.registries.forge.RegistrarManagerImpl/]: Registry entry listened Registry Entry [minecraft:game_event / miapi:stat_provider_removed] was not realized!
[03Apr2026 19:03:54.326] [Render thread/WARN] [dev.architectury.registry.registries.forge.RegistrarManagerImpl/]: Registry entry listened Registry Entry [minecraft:game_event / miapi:stat_provider_added] was not realized!
[03Apr2026 19:03:54.326] [Render thread/WARN] [dev.architectury.registry.registries.forge.RegistrarManagerImpl/]: Registry entry listened Registry Entry [minecraft:game_event / miapi:stat_provider_removed] was not realized!
[03Apr2026 19:03:54.414] [Render thread/WARN] [dev.architectury.registry.registries.forge.RegistrarManagerImpl/]: Registry entry listened Registry Entry [minecraft:block_entity_type / miapi:modular_work_bench] was not realized!
[03Apr2026 19:03:54.450] [Render thread/WARN] [dev.architectury.registry.registries.forge.RegistrarManagerImpl/]: Registry entry listened Registry Entry [minecraft:block_entity_type / miapi:modular_work_bench] was not realized!
[03Apr2026 19:03:54.478] [Render thread/WARN] [dev.architectury.registry.registries.forge.RegistrarManagerImpl/]: Registry entry listened Registry Entry [minecraft:block_entity_type / miapi:modular_work_bench] was not realized!
[03Apr2026 19:03:54.478] [Render thread/WARN] [dev.architectury.registry.registries.forge.RegistrarManagerImpl/]: Registry entry listened Registry Entry [minecraft:block_entity_type / miapi:modular_work_bench] was not realized!
[03Apr2026 19:03:54.479] [Render thread/WARN] [dev.architectury.registry.registries.forge.RegistrarManagerImpl/]: Registry entry listened Registry Entry [minecraft:block_entity_type / miapi:modular_work_bench] was not realized!
[03Apr2026 19:03:54.519] [Render thread/INFO] [Railways/MultiRegistryCallback/]: Running callback for create:flywheel and railways:locometal_flywheel
[03Apr2026 19:03:54.519] [Render thread/INFO] [Railways/MultiRegistryCallback/]: Running callback for create:flywheel and railways:brown_locometal_flywheel
[03Apr2026 19:03:54.519] [Render thread/INFO] [Railways/MultiRegistryCallback/]: Running callback for create:flywheel and railways:maroon_locometal_flywheel
[03Apr2026 19:03:54.519] [Render thread/INFO] [Railways/MultiRegistryCallback/]: Running callback for create:flywheel and railways:red_locometal_flywheel
[03Apr2026 19:03:54.519] [Render thread/INFO] [Railways/MultiRegistryCallback/]: Running callback for create:flywheel and railways:vermilion_locometal_flywheel
[03Apr2026 19:03:54.519] [Render thread/INFO] [Railways/MultiRegistryCallback/]: Running callback for create:flywheel and railways:orange_locometal_flywheel
[03Apr2026 19:03:54.519] [Render thread/INFO] [Railways/MultiRegistryCallback/]: Running callback for create:flywheel and railways:granite_locometal_flywheel
[03Apr2026 19:03:54.519] [Render thread/INFO] [Railways/MultiRegistryCallback/]: Running callback for create:flywheel and railways:dripstone_locometal_flywheel
[03Apr2026 19:03:54.519] [Render thread/INFO] [Railways/MultiRegistryCallback/]: Running callback for create:flywheel and railways:ochrum_locometal_flywheel
[03Apr2026 19:03:54.519] [Render thread/INFO] [Railways/MultiRegistryCallback/]: Running callback for create:flywheel and railways:yellow_locometal_flywheel
[03Apr2026 19:03:54.519] [Render thread/INFO] [Railways/MultiRegistryCallback/]: Running callback for create:flywheel and railways:chartreuse_locometal_flywheel
[03Apr2026 19:03:54.519] [Render thread/INFO] [Railways/MultiRegistryCallback/]: Running callback for create:flywheel and railways:olive_green_locometal_flywheel
[03Apr2026 19:03:54.519] [Render thread/INFO] [Railways/MultiRegistryCallback/]: Running callback for create:flywheel and railways:lime_locometal_flywheel
[03Apr2026 19:03:54.519] [Render thread/INFO] [Railways/MultiRegistryCallback/]: Running callback for create:flywheel and railways:green_locometal_flywheel
[03Apr2026 19:03:54.519] [Render thread/INFO] [Railways/MultiRegistryCallback/]: Running callback for create:flywheel and railways:pine_green_locometal_flywheel
[03Apr2026 19:03:54.519] [Render thread/INFO] [Railways/MultiRegistryCallback/]: Running callback for create:flywheel and railways:cyan_locometal_flywheel
[03Apr2026 19:03:54.519] [Render thread/INFO] [Railways/MultiRegistryCallback/]: Running callback for create:flywheel and railways:sea_green_locometal_flywheel
[03Apr2026 19:03:54.519] [Render thread/INFO] [Railways/MultiRegistryCallback/]: Running callback for create:flywheel and railways:turquoise_locometal_flywheel
[03Apr2026 19:03:54.519] [Render thread/INFO] [Railways/MultiRegistryCallback/]: Running callback for create:flywheel and railways:light_blue_locometal_flywheel
[03Apr2026 19:03:54.519] [Render thread/INFO] [Railways/MultiRegistryCallback/]: Running callback for create:flywheel and railways:blue_locometal_flywheel
[03Apr2026 19:03:54.519] [Render thread/INFO] [Railways/MultiRegistryCallback/]: Running callback for create:flywheel and railways:royal_blue_locometal_flywheel
[03Apr2026 19:03:54.519] [Render thread/INFO] [Railways/MultiRegistryCallback/]: Running callback for create:flywheel and railways:purple_locometal_flywheel
[03Apr2026 19:03:54.519] [Render thread/INFO] [Railways/MultiRegistryCallback/]: Running callback for create:flywheel and railways:magenta_locometal_flywheel
[03Apr2026 19:03:54.519] [Render thread/INFO] [Railways/MultiRegistryCallback/]: Running callback for create:flywheel and railways:pink_locometal_flywheel
[03Apr2026 19:03:54.519] [Render thread/INFO] [Railways/MultiRegistryCallback/]: Running callback for create:flywheel and railways:white_locometal_flywheel
[03Apr2026 19:03:54.519] [Render thread/INFO] [Railways/MultiRegistryCallback/]: Running callback for create:flywheel and railways:diorite_locometal_flywheel
[03Apr2026 19:03:54.519] [Render thread/INFO] [Railways/MultiRegistryCallback/]: Running callback for create:flywheel and railways:limestone_locometal_flywheel
[03Apr2026 19:03:54.519] [Render thread/INFO] [Railways/MultiRegistryCallback/]: Running callback for create:flywheel and railways:light_gray_locometal_flywheel
[03Apr2026 19:03:54.519] [Render thread/INFO] [Railways/MultiRegistryCallback/]: Running callback for create:flywheel and railways:tuff_locometal_flywheel
[03Apr2026 19:03:54.519] [Render thread/INFO] [Railways/MultiRegistryCallback/]: Running callback for create:flywheel and railways:gray_locometal_flywheel
[03Apr2026 19:03:54.519] [Render thread/INFO] [Railways/MultiRegistryCallback/]: Running callback for create:flywheel and railways:scorchia_locometal_flywheel
[03Apr2026 19:03:54.519] [Render thread/INFO] [Railways/MultiRegistryCallback/]: Running callback for create:flywheel and railways:black_locometal_flywheel
[03Apr2026 19:03:54.519] [Render thread/INFO] [Railways/MultiRegistryCallback/]: Running callback for create:sliding_door and railways:sliding_locometal_door
[03Apr2026 19:03:54.519] [Render thread/INFO] [Railways/MultiRegistryCallback/]: Running callback for create:sliding_door and railways:folding_locometal_door
[03Apr2026 19:03:54.519] [Render thread/INFO] [Railways/MultiRegistryCallback/]: Running callback for create:sliding_door and railways:brown_sliding_locometal_door
[03Apr2026 19:03:54.519] [Render thread/INFO] [Railways/MultiRegistryCallback/]: Running callback for create:sliding_door and railways:brown_folding_locometal_door
[03Apr2026 19:03:54.519] [Render thread/INFO] [Railways/MultiRegistryCallback/]: Running callback for create:sliding_door and railways:maroon_sliding_locometal_door
[03Apr2026 19:03:54.520] [Render thread/INFO] [Railways/MultiRegistryCallback/]: Running callback for create:sliding_door and railways:maroon_folding_locometal_door
[03Apr2026 19:03:54.520] [Render thread/INFO] [Railways/MultiRegistryCallback/]: Running callback for create:sliding_door and railways:red_sliding_locometal_door
[03Apr2026 19:03:54.520] [Render thread/INFO] [Railways/MultiRegistryCallback/]: Running callback for create:sliding_door and railways:red_folding_locometal_door
[03Apr2026 19:03:54.520] [Render thread/INFO] [Railways/MultiRegistryCallback/]: Running callback for create:sliding_door and railways:vermilion_sliding_locometal_door
[03Apr2026 19:03:54.520] [Render thread/INFO] [Railways/MultiRegistryCallback/]: Running callback for create:sliding_door and railways:vermilion_folding_locometal_door
[03Apr2026 19:03:54.520] [Render thread/INFO] [Railways/MultiRegistryCallback/]: Running callback for create:sliding_door and railways:orange_sliding_locometal_door
[03Apr2026 19:03:54.520] [Render thread/INFO] [Railways/MultiRegistryCallback/]: Running callback for create:sliding_door and railways:orange_folding_locometal_door
[03Apr2026 19:03:54.520] [Render thread/INFO] [Railways/MultiRegistryCallback/]: Running callback for create:sliding_door and railways:granite_sliding_locometal_door
[03Apr2026 19:03:54.520] [Render thread/INFO] [Railways/MultiRegistryCallback/]: Running callback for create:sliding_door and railways:granite_folding_locometal_door
[03Apr2026 19:03:54.520] [Render thread/INFO] [Railways/MultiRegistryCallback/]: Running callback for create:sliding_door and railways:dripstone_sliding_locometal_door
[03Apr2026 19:03:54.520] [Render thread/INFO] [Railways/MultiRegistryCallback/]: Running callback for create:sliding_door and railways:dripstone_folding_locometal_door
[03Apr2026 19:03:54.520] [Render thread/INFO] [Railways/MultiRegistryCallback/]: Running callback for create:sliding_door and railways:ochrum_sliding_locometal_door
[03Apr2026 19:03:54.520] [Render thread/INFO] [Railways/MultiRegistryCallback/]: Running callback for create:sliding_door and railways:ochrum_folding_locometal_door
[03Apr2026 19:03:54.520] [Render thread/INFO] [Railways/MultiRegistryCallback/]: Running callback for create:sliding_door and railways:yellow_sliding_locometal_door
[03Apr2026 19:03:54.520] [Render thread/INFO] [Railways/MultiRegistryCallback/]: Running callback for create:sliding_door and railways:yellow_folding_locometal_door
[03Apr2026 19:03:54.520] [Render thread/INFO] [Railways/MultiRegistryCallback/]: Running callback for create:sliding_door and railways:chartreuse_sliding_locometal_door
[03Apr2026 19:03:54.520] [Render thread/INFO] [Railways/MultiRegistryCallback/]: Running callback for create:sliding_door and railways:chartreuse_folding_locometal_door
[03Apr2026 19:03:54.520] [Render thread/INFO] [Railways/MultiRegistryCallback/]: Running callback for create:sliding_door and railways:olive_green_sliding_locometal_door
[03Apr2026 19:03:54.520] [Render thread/INFO] [Railways/MultiRegistryCallback/]: Running callback for create:sliding_door and railways:olive_green_folding_locometal_door
[03Apr2026 19:03:54.520] [Render thread/INFO] [Railways/MultiRegistryCallback/]: Running callback for create:sliding_door and railways:lime_sliding_locometal_door
[03Apr2026 19:03:54.520] [Render thread/INFO] [Railways/MultiRegistryCallback/]: Running callback for create:sliding_door and railways:lime_folding_locometal_door
[03Apr2026 19:03:54.520] [Render thread/INFO] [Railways/MultiRegistryCallback/]: Running callback for create:sliding_door and railways:green_sliding_locometal_door
[03Apr2026 19:03:54.520] [Render thread/INFO] [Railways/MultiRegistryCallback/]: Running callback for create:sliding_door and railways:green_folding_locometal_door
[03Apr2026 19:03:54.520] [Render thread/INFO] [Railways/MultiRegistryCallback/]: Running callback for create:sliding_door and railways:pine_green_sliding_locometal_door
[03Apr2026 19:03:54.520] [Render thread/INFO] [Railways/MultiRegistryCallback/]: Running callback for create:sliding_door and railways:pine_green_folding_locometal_door
[03Apr2026 19:03:54.520] [Render thread/INFO] [Railways/MultiRegistryCallback/]: Running callback for create:sliding_door and railways:cyan_sliding_locometal_door
[03Apr2026 19:03:54.520] [Render thread/INFO] [Railways/MultiRegistryCallback/]: Running callback for create:sliding_door and railways:cyan_folding_locometal_door
[03Apr2026 19:03:54.520] [Render thread/INFO] [Railways/MultiRegistryCallback/]: Running callback for create:sliding_door and railways:sea_green_sliding_locometal_door
[03Apr2026 19:03:54.520] [Render thread/INFO] [Railways/MultiRegistryCallback/]: Running callback for create:sliding_door and railways:sea_green_folding_locometal_door
[03Apr2026 19:03:54.520] [Render thread/INFO] [Railways/MultiRegistryCallback/]: Running callback for create:sliding_door and railways:turquoise_sliding_locometal_door
[03Apr2026 19:03:54.520] [Render thread/INFO] [Railways/MultiRegistryCallback/]: Running callback for create:sliding_door and railways:turquoise_folding_locometal_door
[03Apr2026 19:03:54.520] [Render thread/INFO] [Railways/MultiRegistryCallback/]: Running callback for create:sliding_door and railways:light_blue_sliding_locometal_door
[03Apr2026 19:03:54.520] [Render thread/INFO] [Railways/MultiRegistryCallback/]: Running callback for create:sliding_door and railways:light_blue_folding_locometal_door
[03Apr2026 19:03:54.520] [Render thread/INFO] [Railways/MultiRegistryCallback/]: Running callback for create:sliding_door and railways:blue_sliding_locometal_door
[03Apr2026 19:03:54.520] [Render thread/INFO] [Railways/MultiRegistryCallback/]: Running callback for create:sliding_door and railways:blue_folding_locometal_door
[03Apr2026 19:03:54.520] [Render thread/INFO] [Railways/MultiRegistryCallback/]: Running callback for create:sliding_door and railways:royal_blue_sliding_locometal_door
[03Apr2026 19:03:54.520] [Render thread/INFO] [Railways/MultiRegistryCallback/]: Running callback for create:sliding_door and railways:royal_blue_folding_locometal_door
[03Apr2026 19:03:54.520] [Render thread/INFO] [Railways/MultiRegistryCallback/]: Running callback for create:sliding_door and railways:purple_sliding_locometal_door
[03Apr2026 19:03:54.520] [Render thread/INFO] [Railways/MultiRegistryCallback/]: Running callback for create:sliding_door and railways:purple_folding_locometal_door
[03Apr2026 19:03:54.520] [Render thread/INFO] [Railways/MultiRegistryCallback/]: Running callback for create:sliding_door and railways:magenta_sliding_locometal_door
[03Apr2026 19:03:54.520] [Render thread/INFO] [Railways/MultiRegistryCallback/]: Running callback for create:sliding_door and railways:magenta_folding_locometal_door
[03Apr2026 19:03:54.520] [Render thread/INFO] [Railways/MultiRegistryCallback/]: Running callback for create:sliding_door and railways:pink_sliding_locometal_door
[03Apr2026 19:03:54.520] [Render thread/INFO] [Railways/MultiRegistryCallback/]: Running callback for create:sliding_door and railways:pink_folding_locometal_door
[03Apr2026 19:03:54.520] [Render thread/INFO] [Railways/MultiRegistryCallback/]: Running callback for create:sliding_door and railways:white_sliding_locometal_door
[03Apr2026 19:03:54.520] [Render thread/INFO] [Railways/MultiRegistryCallback/]: Running callback for create:sliding_door and railways:white_folding_locometal_door
[03Apr2026 19:03:54.520] [Render thread/INFO] [Railways/MultiRegistryCallback/]: Running callback for create:sliding_door and railways:diorite_sliding_locometal_door
[03Apr2026 19:03:54.520] [Render thread/INFO] [Railways/MultiRegistryCallback/]: Running callback for create:sliding_door and railways:diorite_folding_locometal_door
[03Apr2026 19:03:54.520] [Render thread/INFO] [Railways/MultiRegistryCallback/]: Running callback for create:sliding_door and railways:limestone_sliding_locometal_door
[03Apr2026 19:03:54.520] [Render thread/INFO] [Railways/MultiRegistryCallback/]: Running callback for create:sliding_door and railways:limestone_folding_locometal_door
[03Apr2026 19:03:54.520] [Render thread/INFO] [Railways/MultiRegistryCallback/]: Running callback for create:sliding_door and railways:light_gray_sliding_locometal_door
[03Apr2026 19:03:54.520] [Render thread/INFO] [Railways/MultiRegistryCallback/]: Running callback for create:sliding_door and railways:light_gray_folding_locometal_door
[03Apr2026 19:03:54.520] [Render thread/INFO] [Railways/MultiRegistryCallback/]: Running callback for create:sliding_door and railways:tuff_sliding_locometal_door
[03Apr2026 19:03:54.520] [Render thread/INFO] [Railways/MultiRegistryCallback/]: Running callback for create:sliding_door and railways:tuff_folding_locometal_door
[03Apr2026 19:03:54.520] [Render thread/INFO] [Railways/MultiRegistryCallback/]: Running callback for create:sliding_door and railways:gray_sliding_locometal_door
[03Apr2026 19:03:54.520] [Render thread/INFO] [Railways/MultiRegistryCallback/]: Running callback for create:sliding_door and railways:gray_folding_locometal_door
[03Apr2026 19:03:54.520] [Render thread/INFO] [Railways/MultiRegistryCallback/]: Running callback for create:sliding_door and railways:scorchia_sliding_locometal_door
[03Apr2026 19:03:54.520] [Render thread/INFO] [Railways/MultiRegistryCallback/]: Running callback for create:sliding_door and railways:scorchia_folding_locometal_door
[03Apr2026 19:03:54.520] [Render thread/INFO] [Railways/MultiRegistryCallback/]: Running callback for create:sliding_door and railways:black_sliding_locometal_door
[03Apr2026 19:03:54.520] [Render thread/INFO] [Railways/MultiRegistryCallback/]: Running callback for create:sliding_door and railways:black_folding_locometal_door
[03Apr2026 19:03:54.520] [Render thread/INFO] [Railways/MultiRegistryCallback/]: Running callback for create:copycat and railways:conductor_vent
[03Apr2026 19:03:54.687] [Render thread/WARN] [dev.architectury.registry.registries.forge.RegistrarManagerImpl/]: Registry entry listened Registry Entry [minecraft:menu / miapi:default_crafting] was not realized!
[03Apr2026 19:03:54.797] [Render thread/WARN] [dev.architectury.registry.registries.forge.RegistrarManagerImpl/]: Registry entry listened Registry Entry [minecraft:menu / miapi:default_crafting] was not realized!
[03Apr2026 19:03:54.811] [Render thread/WARN] [dev.architectury.registry.registries.forge.RegistrarManagerImpl/]: Registry entry listened Registry Entry [minecraft:menu / miapi:default_crafting] was not realized!
[03Apr2026 19:03:54.811] [Render thread/WARN] [dev.architectury.registry.registries.forge.RegistrarManagerImpl/]: Registry entry listened Registry Entry [minecraft:menu / miapi:default_crafting] was not realized!
[03Apr2026 19:03:54.811] [Render thread/WARN] [dev.architectury.registry.registries.forge.RegistrarManagerImpl/]: Registry entry listened Registry Entry [minecraft:menu / miapi:default_crafting] was not realized!
[03Apr2026 19:03:54.917] [Render thread/WARN] [dev.architectury.registry.registries.forge.RegistrarManagerImpl/]: Registry entry listened Registry Entry [minecraft:recipe_serializer / miapi:smithing] was not realized!
[03Apr2026 19:03:54.951] [Render thread/WARN] [dev.architectury.registry.registries.forge.RegistrarManagerImpl/]: Registry entry listened Registry Entry [minecraft:recipe_serializer / miapi:smithing] was not realized!
[03Apr2026 19:03:54.970] [Render thread/WARN] [dev.architectury.registry.registries.forge.RegistrarManagerImpl/]: Registry entry listened Registry Entry [minecraft:recipe_serializer / miapi:smithing] was not realized!
[03Apr2026 19:03:54.971] [Render thread/WARN] [dev.architectury.registry.registries.forge.RegistrarManagerImpl/]: Registry entry listened Registry Entry [minecraft:recipe_serializer / miapi:smithing] was not realized!
[03Apr2026 19:03:54.971] [Render thread/WARN] [dev.architectury.registry.registries.forge.RegistrarManagerImpl/]: Registry entry listened Registry Entry [minecraft:recipe_serializer / miapi:smithing] was not realized!
[03Apr2026 19:03:55.623] [Render thread/INFO] [top.theillusivec4.champions.Champions/]: Affix added to registry: ResourceKey[champions:affix / champions:adaptable]
[03Apr2026 19:03:55.623] [Render thread/INFO] [top.theillusivec4.champions.Champions/]: Affix added to registry: ResourceKey[champions:affix / champions:arctic]
[03Apr2026 19:03:55.623] [Render thread/INFO] [top.theillusivec4.champions.Champions/]: Affix added to registry: ResourceKey[champions:affix / champions:dampening]
[03Apr2026 19:03:55.623] [Render thread/INFO] [top.theillusivec4.champions.Champions/]: Affix added to registry: ResourceKey[champions:affix / champions:desecrating]
[03Apr2026 19:03:55.623] [Render thread/INFO] [top.theillusivec4.champions.Champions/]: Affix added to registry: ResourceKey[champions:affix / champions:enkindling]
[03Apr2026 19:03:55.623] [Render thread/INFO] [top.theillusivec4.champions.Champions/]: Affix added to registry: ResourceKey[champions:affix / champions:hasty]
[03Apr2026 19:03:55.623] [Render thread/INFO] [top.theillusivec4.champions.Champions/]: Affix added to registry: ResourceKey[champions:affix / champions:infested]
[03Apr2026 19:03:55.623] [Render thread/INFO] [top.theillusivec4.champions.Champions/]: Affix added to registry: ResourceKey[champions:affix / champions:knocking]
[03Apr2026 19:03:55.623] [Render thread/INFO] [top.theillusivec4.champions.Champions/]: Affix added to registry: ResourceKey[champions:affix / champions:lively]
[03Apr2026 19:03:55.623] [Render thread/INFO] [top.theillusivec4.champions.Champions/]: Affix added to registry: ResourceKey[champions:affix / champions:magnetic]
[03Apr2026 19:03:55.623] [Render thread/INFO] [top.theillusivec4.champions.Champions/]: Affix added to registry: ResourceKey[champions:affix / champions:molten]
[03Apr2026 19:03:55.623] [Render thread/INFO] [top.theillusivec4.champions.Champions/]: Affix added to registry: ResourceKey[champions:affix / champions:paralyzing]
[03Apr2026 19:03:55.623] [Render thread/INFO] [top.theillusivec4.champions.Champions/]: Affix added to registry: ResourceKey[champions:affix / champions:plagued]
[03Apr2026 19:03:55.625] [Render thread/INFO] [top.theillusivec4.champions.Champions/]: Affix added to registry: ResourceKey[champions:affix / champions:reflective]
[03Apr2026 19:03:55.625] [Render thread/INFO] [top.theillusivec4.champions.Champions/]: Affix added to registry: ResourceKey[champions:affix / champions:shielding]
[03Apr2026 19:03:55.625] [Render thread/INFO] [top.theillusivec4.champions.Champions/]: Affix added to registry: ResourceKey[champions:affix / champions:wounding]
[03Apr2026 19:03:55.642] [Render thread/INFO] [Railways/MultiRegistryCallback/]: Running callback for create:track_signal and railways:track_signal_source
[03Apr2026 19:03:55.642] [Render thread/INFO] [Railways/MultiRegistryCallback/]: Running finalizers
[03Apr2026 19:03:55.679] [Render thread/INFO] [mixin/]: Mixing client.MixinJoinMultiplayerScreen from mixins/common/nochatreports.mixins.json into net.minecraft.client.gui.screens.multiplayer.JoinMultiplayerScreen
[03Apr2026 19:03:55.679] [Render thread/INFO] [mixin/]: Renaming synthetic method lambda$onInit$2()Lnet/minecraft/network/chat/Component; to mdea2b0a$nochatreports$lambda$onInit$2$0 in mixins/common/nochatreports.mixins.json:client.MixinJoinMultiplayerScreen from mod nochatreports
[03Apr2026 19:03:55.679] [Render thread/INFO] [mixin/]: Renaming synthetic method lambda$onInit$1(Lnet/minecraft/client/gui/components/Button;)V to mdea2b0a$nochatreports$lambda$onInit$1$1 in mixins/common/nochatreports.mixins.json:client.MixinJoinMultiplayerScreen from mod nochatreports
[03Apr2026 19:03:55.679] [Render thread/INFO] [mixin/]: Renaming synthetic method lambda$onInit$0(Lnet/minecraft/client/gui/components/Button;)V to mdea2b0a$nochatreports$lambda$onInit$0$2 in mixins/common/nochatreports.mixins.json:client.MixinJoinMultiplayerScreen from mod nochatreports
[03Apr2026 19:03:55.711] [Render thread/INFO] [ModdingLegacy/StructureGel/]: [structure_gel] Registering data for structure_gel:loot_table_alias
[03Apr2026 19:03:55.719] [Render thread/INFO] [ModdingLegacy/StructureGel/]: [structure_gel] Registering data for structure_gel:data_handler_type
[03Apr2026 19:03:55.720] [Render thread/INFO] [ModdingLegacy/StructureGel/]: [structure_gel] Registering data for structure_gel:dynamic_spawner
[03Apr2026 19:03:55.722] [Render thread/INFO] [ModdingLegacy/StructureGel/]: [structure_gel] Registering data for structure_gel:jigsaw_type
[03Apr2026 19:03:56.349] [FTB Backups Config Watcher 0/INFO] [net.creeperhost.ftbbackups.FTBBackups/]: Config at C:\Users\Silvaria Zemaitis\AppData\Roaming\PrismLauncher\instances\IridescentCraft\minecraft\config\ftbbackups2.json has changed, reloaded!
[03Apr2026 19:03:56.477] [Render thread/WARN] [net.minecraft.network.syncher.SynchedEntityData/]: defineId called for: class com.klikli_dev.occultism.common.entity.spirit.DjinniEntity from class com.klikli_dev.occultism.common.entity.spirit.FoliotEntity
[03Apr2026 19:03:56.558] [Render thread/WARN] [net.minecraft.network.syncher.SynchedEntityData/]: defineId called for: class forge.net.mca.entity.VillagerEntityMCA from class forge.net.mca.util.network.datasync.CDataParameter
[03Apr2026 19:03:56.558] [Render thread/WARN] [net.minecraft.network.syncher.SynchedEntityData/]: defineId called for: class forge.net.mca.entity.VillagerEntityMCA from class forge.net.mca.util.network.datasync.CDataParameter
[03Apr2026 19:03:56.558] [Render thread/WARN] [net.minecraft.network.syncher.SynchedEntityData/]: defineId called for: class forge.net.mca.entity.VillagerEntityMCA from class forge.net.mca.util.network.datasync.CDataParameter
[03Apr2026 19:03:56.558] [Render thread/WARN] [net.minecraft.network.syncher.SynchedEntityData/]: defineId called for: class forge.net.mca.entity.VillagerEntityMCA from class forge.net.mca.util.network.datasync.CDataParameter
[03Apr2026 19:03:56.558] [Render thread/WARN] [net.minecraft.network.syncher.SynchedEntityData/]: defineId called for: class forge.net.mca.entity.VillagerEntityMCA from class forge.net.mca.util.network.datasync.CDataParameter
[03Apr2026 19:03:56.559] [Render thread/WARN] [net.minecraft.network.syncher.SynchedEntityData/]: defineId called for: class forge.net.mca.entity.VillagerEntityMCA from class forge.net.mca.util.network.datasync.CDataParameter
[03Apr2026 19:03:56.559] [Render thread/WARN] [net.minecraft.network.syncher.SynchedEntityData/]: defineId called for: class forge.net.mca.entity.VillagerEntityMCA from class forge.net.mca.util.network.datasync.CDataParameter
[03Apr2026 19:03:56.559] [Render thread/WARN] [net.minecraft.network.syncher.SynchedEntityData/]: defineId called for: class forge.net.mca.entity.VillagerEntityMCA from class forge.net.mca.util.network.datasync.CEnumParameter
[03Apr2026 19:03:56.560] [Render thread/WARN] [net.minecraft.network.syncher.SynchedEntityData/]: defineId called for: class forge.net.mca.entity.VillagerEntityMCA from class forge.net.mca.util.network.datasync.CDataParameter
[03Apr2026 19:03:56.560] [Render thread/WARN] [net.minecraft.network.syncher.SynchedEntityData/]: defineId called for: class forge.net.mca.entity.VillagerEntityMCA from class forge.net.mca.util.network.datasync.CDataParameter
[03Apr2026 19:03:56.560] [Render thread/WARN] [net.minecraft.network.syncher.SynchedEntityData/]: defineId called for: class forge.net.mca.entity.VillagerEntityMCA from class forge.net.mca.util.network.datasync.CDataParameter
[03Apr2026 19:03:56.560] [Render thread/WARN] [net.minecraft.network.syncher.SynchedEntityData/]: defineId called for: class forge.net.mca.entity.VillagerEntityMCA from class forge.net.mca.util.network.datasync.CDataParameter
[03Apr2026 19:03:56.560] [Render thread/WARN] [net.minecraft.network.syncher.SynchedEntityData/]: defineId called for: class forge.net.mca.entity.VillagerEntityMCA from class forge.net.mca.util.network.datasync.CDataParameter
[03Apr2026 19:03:56.560] [Render thread/WARN] [net.minecraft.network.syncher.SynchedEntityData/]: defineId called for: class forge.net.mca.entity.VillagerEntityMCA from class forge.net.mca.util.network.datasync.CDataParameter
[03Apr2026 19:03:56.560] [Render thread/WARN] [net.minecraft.network.syncher.SynchedEntityData/]: defineId called for: class forge.net.mca.entity.VillagerEntityMCA from class forge.net.mca.util.network.datasync.CDataParameter
[03Apr2026 19:03:56.560] [Render thread/WARN] [net.minecraft.network.syncher.SynchedEntityData/]: defineId called for: class forge.net.mca.entity.VillagerEntityMCA from class forge.net.mca.util.network.datasync.CDataParameter
[03Apr2026 19:03:56.560] [Render thread/WARN] [net.minecraft.network.syncher.SynchedEntityData/]: defineId called for: class forge.net.mca.entity.VillagerEntityMCA from class forge.net.mca.util.network.datasync.CDataParameter
[03Apr2026 19:03:56.560] [Render thread/WARN] [net.minecraft.network.syncher.SynchedEntityData/]: defineId called for: class forge.net.mca.entity.VillagerEntityMCA from class forge.net.mca.util.network.datasync.CDataParameter
[03Apr2026 19:03:56.561] [Render thread/WARN] [net.minecraft.network.syncher.SynchedEntityData/]: defineId called for: class forge.net.mca.entity.VillagerEntityMCA from class forge.net.mca.util.network.datasync.CDataParameter
[03Apr2026 19:03:56.561] [Render thread/WARN] [net.minecraft.network.syncher.SynchedEntityData/]: defineId called for: class forge.net.mca.entity.VillagerEntityMCA from class forge.net.mca.util.network.datasync.CEnumParameter
[03Apr2026 19:03:56.561] [Render thread/WARN] [net.minecraft.network.syncher.SynchedEntityData/]: defineId called for: class forge.net.mca.entity.VillagerEntityMCA from class forge.net.mca.util.network.datasync.CDataParameter
[03Apr2026 19:03:56.563] [Render thread/WARN] [net.minecraft.network.syncher.SynchedEntityData/]: defineId called for: class forge.net.mca.entity.VillagerEntityMCA from class forge.net.mca.util.network.datasync.CDataParameter
[03Apr2026 19:03:56.563] [Render thread/WARN] [net.minecraft.network.syncher.SynchedEntityData/]: defineId called for: class forge.net.mca.entity.VillagerEntityMCA from class forge.net.mca.util.network.datasync.CEnumParameter
[03Apr2026 19:03:56.563] [Render thread/WARN] [net.minecraft.network.syncher.SynchedEntityData/]: defineId called for: class forge.net.mca.entity.VillagerEntityMCA from class forge.net.mca.util.network.datasync.CDataParameter
[03Apr2026 19:03:56.563] [Render thread/WARN] [net.minecraft.network.syncher.SynchedEntityData/]: defineId called for: class forge.net.mca.entity.VillagerEntityMCA from class forge.net.mca.util.network.datasync.CEnumParameter
[03Apr2026 19:03:56.563] [Render thread/WARN] [net.minecraft.network.syncher.SynchedEntityData/]: defineId called for: class forge.net.mca.entity.VillagerEntityMCA from class forge.net.mca.util.network.datasync.CEnumParameter
[03Apr2026 19:03:56.563] [Render thread/WARN] [net.minecraft.network.syncher.SynchedEntityData/]: defineId called for: class forge.net.mca.entity.VillagerEntityMCA from class forge.net.mca.util.network.datasync.CDataParameter
[03Apr2026 19:03:56.563] [Render thread/WARN] [net.minecraft.network.syncher.SynchedEntityData/]: defineId called for: class forge.net.mca.entity.VillagerEntityMCA from class forge.net.mca.util.network.datasync.CDataParameter
[03Apr2026 19:03:56.563] [Render thread/WARN] [net.minecraft.network.syncher.SynchedEntityData/]: defineId called for: class forge.net.mca.entity.VillagerEntityMCA from class forge.net.mca.util.network.datasync.CDataParameter
[03Apr2026 19:03:56.563] [Render thread/WARN] [net.minecraft.network.syncher.SynchedEntityData/]: defineId called for: class forge.net.mca.entity.VillagerEntityMCA from class forge.net.mca.util.network.datasync.CDataParameter
[03Apr2026 19:03:56.563] [Render thread/WARN] [net.minecraft.network.syncher.SynchedEntityData/]: defineId called for: class forge.net.mca.entity.VillagerEntityMCA from class forge.net.mca.util.network.datasync.CDataParameter
[03Apr2026 19:03:56.565] [Render thread/WARN] [net.minecraft.network.syncher.SynchedEntityData/]: defineId called for: class forge.net.mca.entity.VillagerEntityMCA from class forge.net.mca.util.network.datasync.CDataParameter
[03Apr2026 19:03:56.569] [Render thread/WARN] [net.minecraft.network.syncher.SynchedEntityData/]: defineId called for: class forge.net.mca.entity.VillagerEntityMCA from class forge.net.mca.util.network.datasync.CDataParameter
[03Apr2026 19:03:56.569] [Render thread/WARN] [net.minecraft.network.syncher.SynchedEntityData/]: defineId called for: class forge.net.mca.entity.VillagerEntityMCA from class forge.net.mca.util.network.datasync.CDataParameter
[03Apr2026 19:03:56.569] [Render thread/WARN] [net.minecraft.network.syncher.SynchedEntityData/]: defineId called for: class forge.net.mca.entity.VillagerEntityMCA from class forge.net.mca.util.network.datasync.CDataParameter
[03Apr2026 19:03:56.569] [Render thread/WARN] [net.minecraft.network.syncher.SynchedEntityData/]: defineId called for: class forge.net.mca.entity.VillagerEntityMCA from class forge.net.mca.util.network.datasync.CDataParameter
[03Apr2026 19:03:56.569] [Render thread/WARN] [net.minecraft.network.syncher.SynchedEntityData/]: defineId called for: class forge.net.mca.entity.VillagerEntityMCA from class forge.net.mca.util.network.datasync.CDataParameter
[03Apr2026 19:03:56.570] [Render thread/WARN] [net.minecraft.network.syncher.SynchedEntityData/]: defineId called for: class forge.net.mca.entity.GrimReaperEntity from class forge.net.mca.util.network.datasync.CEnumParameter
[03Apr2026 19:03:56.695] [Render thread/INFO] [ModernFix/]: Replacing search trees with 'JEI' provider
[03Apr2026 19:03:56.995] [Render thread/INFO] [com.klikli_dev.occultism.Occultism/]: Block color registration complete.
[03Apr2026 19:03:56.996] [Render thread/INFO] [Embeddium/]: Block minecraft:water_cauldron had its color provider replaced and will not use per-vertex coloring
[03Apr2026 19:03:56.996] [Render thread/INFO] [Embeddium/]: Block undergarden:gloomgourd_stem had its color provider replaced and will not use per-vertex coloring
[03Apr2026 19:03:56.996] [Render thread/INFO] [Embeddium/]: Block undergarden:gloomgourd_stem_attached had its color provider replaced and will not use per-vertex coloring
[03Apr2026 19:03:56.999] [Render thread/INFO] [Embeddium/]: Block minecraft:birch_leaves had its color provider replaced and will not use per-vertex coloring
[03Apr2026 19:03:57.000] [Render thread/INFO] [Embeddium/]: Block minecraft:large_fern had its color provider replaced and will not use per-vertex coloring
[03Apr2026 19:03:57.001] [Render thread/INFO] [Embeddium/]: Block minecraft:tall_grass had its color provider replaced and will not use per-vertex coloring
[03Apr2026 19:03:57.001] [Render thread/INFO] [Embeddium/]: Block minecraft:grass had its color provider replaced and will not use per-vertex coloring
[03Apr2026 19:03:57.001] [Render thread/INFO] [Embeddium/]: Block minecraft:fern had its color provider replaced and will not use per-vertex coloring
[03Apr2026 19:03:57.001] [Render thread/INFO] [com.github.alexthe666.alexsmobs.AlexsMobs/]: loaded in block colorizer
[03Apr2026 19:03:57.010] [Render thread/INFO] [mod.chiselsandbits.client.reloading.ClientResourceReloadingManager/]: Setting up client reloading resource manager.
[03Apr2026 19:03:57.023] [Render thread/INFO] [com.klikli_dev.occultism.Occultism/]: Item color registration complete.
[03Apr2026 19:03:57.039] [Render thread/INFO] [com.github.alexthe666.alexsmobs.AlexsMobs/]: loaded in item colorizer
[03Apr2026 19:03:57.250] [Render thread/INFO] [Oculus/]: Hardware information:
[03Apr2026 19:03:57.250] [Render thread/INFO] [Oculus/]: CPU: 8x AMD Ryzen 9 9950X3D 16-Core Processor 
[03Apr2026 19:03:57.250] [Render thread/INFO] [Oculus/]: GPU: NVIDIA GeForce RTX 5070 Ti/PCIe/SSE2 (Supports OpenGL 4.6.0 NVIDIA 591.86)
[03Apr2026 19:03:57.250] [Render thread/INFO] [Oculus/]: OS: Windows 10 (10.0)
[03Apr2026 19:03:57.271] [Render thread/WARN] [Embeddium-MixinTaintDetector/]: Mod(s) [oculus] are modifying Embeddium class me.jellysquid.mods.sodium.client.render.vertex.VertexFormatDescriptionImpl, which may cause instability.
[03Apr2026 19:03:57.274] [Render thread/WARN] [Embeddium-MixinTaintDetector/]: Mod(s) [entity_texture_features, oculus] are modifying Embeddium class me.jellysquid.mods.sodium.client.render.vertex.buffer.SodiumBufferBuilder, which may cause instability.
[03Apr2026 19:03:57.288] [Render thread/WARN] [Embeddium-MixinTaintDetector/]: Mod(s) [oculus] are modifying Embeddium class me.jellysquid.mods.sodium.client.render.SodiumWorldRenderer, which may cause instability.
[03Apr2026 19:03:57.340] [Render thread/INFO] [com.klikli_dev.occultism.Occultism/]: Registered Particle Factories
[03Apr2026 19:03:57.615] [Finalizer/WARN] [ModernFix/]: One or more BufferBuilders have been leaked, ModernFix will attempt to correct this.
[03Apr2026 19:03:57.877] [Render thread/INFO] [quark/]: Registering model layer quark:crab#main
[03Apr2026 19:03:57.877] [Render thread/INFO] [quark/]: Registering model layer quark:shiba#main
[03Apr2026 19:03:57.877] [Render thread/INFO] [quark/]: Registering model layer quark:quark_boat_chest#main
[03Apr2026 19:03:57.877] [Render thread/INFO] [quark/]: Registering model layer quark:wraith#main
[03Apr2026 19:03:57.877] [Render thread/INFO] [quark/]: Registering model layer quark:forgotten_hat#main
[03Apr2026 19:03:57.877] [Render thread/INFO] [quark/]: Registering model layer quark:stoneling#main
[03Apr2026 19:03:57.877] [Render thread/INFO] [quark/]: Registering model layer quark:toretoise#main
[03Apr2026 19:03:57.877] [Render thread/INFO] [quark/]: Registering model layer quark:quark_boat#main
[03Apr2026 19:03:57.877] [Render thread/INFO] [quark/]: Registering model layer quark:foxhound#main
[03Apr2026 19:03:57.877] [Render thread/INFO] [quark/]: Registering model layer quark:backpack#main
[03Apr2026 19:03:58.416] [Render thread/INFO] [journeymap/]: Registering Keybinds
[03Apr2026 19:03:58.626] [Render thread/INFO] [net.minecraft.server.packs.resources.ReloadableResourceManager/]: Reloading ResourceManager: mod_resources, vanilla, KubeJS Resource Pack [assets], pridepack8.0.1.zip, fabric, aether-1.20.1-1.5.2-neoforge.jar:packs/ctm_fix, Moonlight Mods Dynamic Assets, Melodys Cute Villagers v1.10.0.zip, Transcendence_0.7.4.zip
[03Apr2026 19:03:58.652] [ForkJoinPool.commonPool-worker-1/INFO] [Moonlight/]: Starting runtime resource generation for pack type CLIENT_RESOURCES with generators from mods [moonlight, supplementaries, supplementaries]: [net.mehvahdjukaar.moonlight.core.MoonlightClient$MLDynamicClientResources@55c1405b, net.mehvahdjukaar.supplementaries.dynamicpack.ClientDynamicResourcesGenerator@72531eee]
[03Apr2026 19:03:58.653] [ForkJoinPool.commonPool-worker-1/INFO] [Moonlight/]: Generating runtime assets for pack Moonlight Mods Dynamic Assets (moonlight)
[03Apr2026 19:03:58.654] [Render thread/INFO] [com.cerbon.beb.util.BEBConstants/]: Forge only mixins are working for Beautiful Enchanted Books!
[03Apr2026 19:03:58.926] [ForkJoinPool.commonPool-worker-1/INFO] [Moonlight/]: Generated runtime CLIENT_RESOURCES for pack Moonlight Mods Dynamic Assets (moonlight) in: 273 ms (multithreaded)
[03Apr2026 19:03:58.926] [ForkJoinPool.commonPool-worker-1/INFO] [Moonlight/]: Generating runtime assets for pack Moonlight Mods Dynamic Assets (supplementaries)
[03Apr2026 19:03:58.930] [Render thread/INFO] [KubeJS Client/]: Client resource reload complete!
[03Apr2026 19:03:59.053] [Render thread/INFO] [top.theillusivec4.champions.Champions/]: Affix added to registry: ResourceKey[champions:affix / champions:adaptable]
[03Apr2026 19:03:59.054] [Render thread/INFO] [top.theillusivec4.champions.Champions/]: Affix added to registry: ResourceKey[champions:affix / champions:arctic]
[03Apr2026 19:03:59.054] [Render thread/INFO] [top.theillusivec4.champions.Champions/]: Affix added to registry: ResourceKey[champions:affix / champions:dampening]
[03Apr2026 19:03:59.054] [Render thread/INFO] [top.theillusivec4.champions.Champions/]: Affix added to registry: ResourceKey[champions:affix / champions:desecrating]
[03Apr2026 19:03:59.054] [Render thread/INFO] [top.theillusivec4.champions.Champions/]: Affix added to registry: ResourceKey[champions:affix / champions:enkindling]
[03Apr2026 19:03:59.054] [Render thread/INFO] [top.theillusivec4.champions.Champions/]: Affix added to registry: ResourceKey[champions:affix / champions:hasty]
[03Apr2026 19:03:59.054] [Render thread/INFO] [top.theillusivec4.champions.Champions/]: Affix added to registry: ResourceKey[champions:affix / champions:infested]
[03Apr2026 19:03:59.054] [Render thread/INFO] [top.theillusivec4.champions.Champions/]: Affix added to registry: ResourceKey[champions:affix / champions:knocking]
[03Apr2026 19:03:59.054] [Render thread/INFO] [top.theillusivec4.champions.Champions/]: Affix added to registry: ResourceKey[champions:affix / champions:lively]
[03Apr2026 19:03:59.054] [Render thread/INFO] [top.theillusivec4.champions.Champions/]: Affix added to registry: ResourceKey[champions:affix / champions:magnetic]
[03Apr2026 19:03:59.054] [Render thread/INFO] [top.theillusivec4.champions.Champions/]: Affix added to registry: ResourceKey[champions:affix / champions:molten]
[03Apr2026 19:03:59.054] [Render thread/INFO] [top.theillusivec4.champions.Champions/]: Affix added to registry: ResourceKey[champions:affix / champions:paralyzing]
[03Apr2026 19:03:59.054] [Render thread/INFO] [top.theillusivec4.champions.Champions/]: Affix added to registry: ResourceKey[champions:affix / champions:plagued]
[03Apr2026 19:03:59.054] [Render thread/INFO] [top.theillusivec4.champions.Champions/]: Affix added to registry: ResourceKey[champions:affix / champions:reflective]
[03Apr2026 19:03:59.054] [Render thread/INFO] [top.theillusivec4.champions.Champions/]: Affix added to registry: ResourceKey[champions:affix / champions:shielding]
[03Apr2026 19:03:59.054] [Render thread/INFO] [top.theillusivec4.champions.Champions/]: Affix added to registry: ResourceKey[champions:affix / champions:wounding]
[03Apr2026 19:04:00.055] [ForkJoinPool.commonPool-worker-1/INFO] [Supplementaries/]: Generated runtime CLIENT_RESOURCES for pack Moonlight Mods Dynamic Assets (supplementaries) in: 1128 ms (multithreaded)
[03Apr2026 19:04:00.055] [ForkJoinPool.commonPool-worker-1/INFO] [Moonlight/]: Finished runtime resources generation for 3 packs in a total of 1402 ms
[03Apr2026 19:04:00.094] [Render thread/INFO] [com.teamabnormals.blueprint.core.Blueprint/]: Successfully loaded 0 assets remolders!
[03Apr2026 19:04:00.115] [modloading-worker-0/INFO] [Puzzles Lib/]: Loading client config for visualworkbench
[03Apr2026 19:04:00.141] [modloading-worker-0/INFO] [quickstack/]: [quickstack]: Configuration changed.
[03Apr2026 19:04:00.142] [modloading-worker-0/INFO] [Puzzles Lib/]: Loading client config for easymagic
[03Apr2026 19:04:00.172] [modloading-worker-0/INFO] [Puzzles Lib/]: Loading client config for overflowingbars
[03Apr2026 19:04:00.172] [modloading-worker-0/INFO] [Puzzles Lib/]: Loading client config for easyanvils
[03Apr2026 19:04:00.183] [modloading-worker-0/INFO] [Puzzles Lib/]: Loading client config for betteranimationscollection
[03Apr2026 19:04:00.203] [modloading-worker-0/INFO] [Puzzles Lib/]: Loading client config for cutthrough
[03Apr2026 19:04:00.234] [modloading-worker-0/INFO] [PluginManager/]: Executing phase CONFIG_LOAD for plugin class PatchouliPlugin
[03Apr2026 19:04:00.235] [modloading-worker-0/INFO] [PluginManager/]: Executing phase CONFIG_LOAD for plugin class CuriosPlugin
[03Apr2026 19:04:00.237] [modloading-worker-0/INFO] [PluginManager/]: Executing phase CONFIG_LOAD for plugin class PatchouliPlugin
[03Apr2026 19:04:00.237] [modloading-worker-0/INFO] [PluginManager/]: Executing phase CONFIG_LOAD for plugin class CuriosPlugin
[03Apr2026 19:04:00.237] [modloading-worker-0/INFO] [PluginManager/]: Executing phase CONFIG_LOAD for plugin class PatchouliPlugin
[03Apr2026 19:04:00.237] [modloading-worker-0/INFO] [PluginManager/]: Executing phase CONFIG_LOAD for plugin class CuriosPlugin
[03Apr2026 19:04:00.238] [modloading-worker-0/INFO] [PluginManager/]: Executing phase CONFIG_LOAD for plugin class PatchouliPlugin
[03Apr2026 19:04:00.238] [modloading-worker-0/INFO] [PluginManager/]: Executing phase CONFIG_LOAD for plugin class CuriosPlugin
[03Apr2026 19:04:00.239] [modloading-worker-0/INFO] [PluginManager/]: Executing phase CONFIG_LOAD for plugin class PatchouliPlugin
[03Apr2026 19:04:00.239] [modloading-worker-0/INFO] [PluginManager/]: Executing phase CONFIG_LOAD for plugin class CuriosPlugin
[03Apr2026 19:04:00.265] [modloading-worker-0/INFO] [Puzzles Lib/]: Loading common config for mutantmonsters
[03Apr2026 19:04:00.368] [ForkJoinPool.commonPool-worker-3/WARN] [net.minecraft.client.gui.font.FontManager/]: Unable to load font 'minecraft:default' in fonts.json in resourcepack: 'mod_resources'
com.google.gson.JsonParseException: Unknown element name:legacy_unicode
	at net.minecraft.Util.m_260975_(Util.java:816) ~[client-1.20.1-20230612.114412-srg.jar%231076!/:?]
	at net.minecraft.client.gui.font.FontManager.m_284270_(FontManager.java:269) ~[client-1.20.1-20230612.114412-srg.jar%231076!/:?]
	at net.minecraft.client.gui.font.FontManager.m_283963_(FontManager.java:158) ~[client-1.20.1-20230612.114412-srg.jar%231076!/:?]
	at java.util.concurrent.CompletableFuture$AsyncSupply.run(CompletableFuture.java:1768) ~[?:?]
	at java.util.concurrent.CompletableFuture$AsyncSupply.exec(CompletableFuture.java:1760) ~[?:?]
	at java.util.concurrent.ForkJoinTask.doExec(ForkJoinTask.java:373) ~[?:?]
	at java.util.concurrent.ForkJoinPool$WorkQueue.topLevelExec(ForkJoinPool.java:1182) ~[?:?]
	at java.util.concurrent.ForkJoinPool.scan(ForkJoinPool.java:1655) ~[?:?]
	at java.util.concurrent.ForkJoinPool.runWorker(ForkJoinPool.java:1622) ~[?:?]
	at java.util.concurrent.ForkJoinWorkerThread.run(ForkJoinWorkerThread.java:165) ~[?:?]
[03Apr2026 19:04:00.373] [ForkJoinPool.commonPool-worker-7/INFO] [net.minecraft.client.gui.font.providers.UnihexProvider/]: Found unifont_all_no_pua-15.0.06.hex, loading
[03Apr2026 19:04:00.399] [Render thread/WARN] [net.minecraft.server.packs.FilePackResources/]: Invalid path in datapack: minecraft:textures/misc/enchanted_glint_item(2).png, ignoring
[03Apr2026 19:04:00.424] [ForkJoinPool.commonPool-worker-5/WARN] [net.minecraft.client.sounds.SoundManager/]: File supplementaries:sounds/item/awning_bounce_1.ogg does not exist, cannot add it to event supplementaries:block.awning.bounce
[03Apr2026 19:04:00.424] [ForkJoinPool.commonPool-worker-5/WARN] [net.minecraft.client.sounds.SoundManager/]: File supplementaries:sounds/item/awning_bounce_2.ogg does not exist, cannot add it to event supplementaries:block.awning.bounce
[03Apr2026 19:04:00.424] [ForkJoinPool.commonPool-worker-5/WARN] [net.minecraft.client.sounds.SoundManager/]: File supplementaries:sounds/item/awning_bounce_3.ogg does not exist, cannot add it to event supplementaries:block.awning.bounce
[03Apr2026 19:04:00.488] [ForkJoinPool.commonPool-worker-5/WARN] [net.minecraft.client.sounds.SoundManager/]: File undead_revamp2:sounds/wheezerhurt2_2.ogg does not exist, cannot add it to event undead_revamp2:wheezehurt
[03Apr2026 19:04:00.488] [ForkJoinPool.commonPool-worker-5/WARN] [net.minecraft.client.sounds.SoundManager/]: File undead_revamp2:sounds/lecheryambt2.ogg does not exist, cannot add it to event undead_revamp2:lechery_ambt
[03Apr2026 19:04:00.492] [ForkJoinPool.commonPool-worker-5/WARN] [net.minecraft.client.sounds.SoundManager/]: File minecraft:sounds/music/sound2.ogg does not exist, cannot add it to event minecraft:music.sound2
[03Apr2026 19:04:00.492] [ForkJoinPool.commonPool-worker-5/WARN] [net.minecraft.client.sounds.SoundManager/]: File minecraft:sounds/music/sound3.ogg does not exist, cannot add it to event minecraft:music.sound3
[03Apr2026 19:04:00.492] [ForkJoinPool.commonPool-worker-5/WARN] [net.minecraft.client.sounds.SoundManager/]: File minecraft:sounds/music/sound4.ogg does not exist, cannot add it to event minecraft:music.sound4
[03Apr2026 19:04:00.493] [ForkJoinPool.commonPool-worker-5/WARN] [net.minecraft.client.sounds.SoundManager/]: File minecraft:sounds/music/sound5.ogg does not exist, cannot add it to event minecraft:music.sound5
[03Apr2026 19:04:00.493] [ForkJoinPool.commonPool-worker-5/WARN] [net.minecraft.client.sounds.SoundManager/]: File minecraft:sounds/music/sound6.ogg does not exist, cannot add it to event minecraft:music.sound6
[03Apr2026 19:04:00.493] [ForkJoinPool.commonPool-worker-5/WARN] [net.minecraft.client.sounds.SoundManager/]: File minecraft:sounds/music/sound7.ogg does not exist, cannot add it to event minecraft:music.sound7
[03Apr2026 19:04:00.493] [ForkJoinPool.commonPool-worker-5/WARN] [net.minecraft.client.sounds.SoundManager/]: File minecraft:sounds/music/sound8.ogg does not exist, cannot add it to event minecraft:music.sound8
[03Apr2026 19:04:00.493] [ForkJoinPool.commonPool-worker-5/WARN] [net.minecraft.client.sounds.SoundManager/]: File minecraft:sounds/music/sound9.ogg does not exist, cannot add it to event minecraft:music.sound9
[03Apr2026 19:04:00.493] [ForkJoinPool.commonPool-worker-5/WARN] [net.minecraft.client.sounds.SoundManager/]: File minecraft:sounds/music/sound10.ogg does not exist, cannot add it to event minecraft:music.sound10
[03Apr2026 19:04:00.493] [ForkJoinPool.commonPool-worker-5/WARN] [net.minecraft.client.sounds.SoundManager/]: File minecraft:sounds/music/sound11.ogg does not exist, cannot add it to event minecraft:music.sound11
[03Apr2026 19:04:00.493] [ForkJoinPool.commonPool-worker-5/WARN] [net.minecraft.client.sounds.SoundManager/]: File minecraft:sounds/music/sound12.ogg does not exist, cannot add it to event minecraft:music.sound12
[03Apr2026 19:04:00.493] [ForkJoinPool.commonPool-worker-5/WARN] [net.minecraft.client.sounds.SoundManager/]: File minecraft:sounds/music/sound13.ogg does not exist, cannot add it to event minecraft:music.sound13
[03Apr2026 19:04:00.493] [ForkJoinPool.commonPool-worker-5/WARN] [net.minecraft.client.sounds.SoundManager/]: File minecraft:sounds/music/sound14.ogg does not exist, cannot add it to event minecraft:music.sound14
[03Apr2026 19:04:00.493] [ForkJoinPool.commonPool-worker-5/WARN] [net.minecraft.client.sounds.SoundManager/]: File minecraft:sounds/music/sound15.ogg does not exist, cannot add it to event minecraft:music.sound15
[03Apr2026 19:04:00.493] [ForkJoinPool.commonPool-worker-5/WARN] [net.minecraft.client.sounds.SoundManager/]: File minecraft:sounds/music/sound16.ogg does not exist, cannot add it to event minecraft:music.sound16
[03Apr2026 19:04:00.493] [ForkJoinPool.commonPool-worker-5/WARN] [net.minecraft.client.sounds.SoundManager/]: File minecraft:sounds/music/sound17.ogg does not exist, cannot add it to event minecraft:music.sound17
[03Apr2026 19:04:00.493] [ForkJoinPool.commonPool-worker-5/WARN] [net.minecraft.client.sounds.SoundManager/]: File minecraft:sounds/music/sound18.ogg does not exist, cannot add it to event minecraft:music.sound18
[03Apr2026 19:04:00.493] [ForkJoinPool.commonPool-worker-5/WARN] [net.minecraft.client.sounds.SoundManager/]: File minecraft:sounds/music/sound19.ogg does not exist, cannot add it to event minecraft:music.sound19
[03Apr2026 19:04:00.493] [ForkJoinPool.commonPool-worker-5/WARN] [net.minecraft.client.sounds.SoundManager/]: File minecraft:sounds/music/sound20.ogg does not exist, cannot add it to event minecraft:music.sound20
[03Apr2026 19:04:00.493] [ForkJoinPool.commonPool-worker-5/WARN] [net.minecraft.client.sounds.SoundManager/]: File minecraft:sounds/music/sound21.ogg does not exist, cannot add it to event minecraft:music.sound21
[03Apr2026 19:04:00.493] [ForkJoinPool.commonPool-worker-5/WARN] [net.minecraft.client.sounds.SoundManager/]: File minecraft:sounds/music/sound22.ogg does not exist, cannot add it to event minecraft:music.sound22
[03Apr2026 19:04:00.493] [ForkJoinPool.commonPool-worker-5/WARN] [net.minecraft.client.sounds.SoundManager/]: File minecraft:sounds/music/sound23.ogg does not exist, cannot add it to event minecraft:music.sound23
[03Apr2026 19:04:00.493] [ForkJoinPool.commonPool-worker-5/WARN] [net.minecraft.client.sounds.SoundManager/]: File minecraft:sounds/music/sound24.ogg does not exist, cannot add it to event minecraft:music.sound24
[03Apr2026 19:04:00.493] [ForkJoinPool.commonPool-worker-5/WARN] [net.minecraft.client.sounds.SoundManager/]: File minecraft:sounds/music/sound25.ogg does not exist, cannot add it to event minecraft:music.sound25
[03Apr2026 19:04:00.493] [ForkJoinPool.commonPool-worker-5/WARN] [net.minecraft.client.sounds.SoundManager/]: File minecraft:sounds/music/sound26.ogg does not exist, cannot add it to event minecraft:music.sound26
[03Apr2026 19:04:00.493] [ForkJoinPool.commonPool-worker-5/WARN] [net.minecraft.client.sounds.SoundManager/]: File minecraft:sounds/music/sound27.ogg does not exist, cannot add it to event minecraft:music.sound27
[03Apr2026 19:04:00.493] [ForkJoinPool.commonPool-worker-5/WARN] [net.minecraft.client.sounds.SoundManager/]: File minecraft:sounds/music/sound28.ogg does not exist, cannot add it to event minecraft:music.sound28
[03Apr2026 19:04:00.493] [ForkJoinPool.commonPool-worker-5/WARN] [net.minecraft.client.sounds.SoundManager/]: File minecraft:sounds/music/sound29.ogg does not exist, cannot add it to event minecraft:music.sound29
[03Apr2026 19:04:00.493] [ForkJoinPool.commonPool-worker-5/WARN] [net.minecraft.client.sounds.SoundManager/]: File minecraft:sounds/music/sound30.ogg does not exist, cannot add it to event minecraft:music.sound30
[03Apr2026 19:04:00.493] [ForkJoinPool.commonPool-worker-5/WARN] [net.minecraft.client.sounds.SoundManager/]: File minecraft:sounds/music/sound31.ogg does not exist, cannot add it to event minecraft:music.sound31
[03Apr2026 19:04:00.659] [ForkJoinPool.commonPool-worker-5/WARN] [net.minecraft.client.sounds.SoundManager/]: File naturalist:sounds/mob/giraffe/idle.ogg does not exist, cannot add it to event naturalist:entity.giraffe.ambient
[03Apr2026 19:04:01.075] [modloading-worker-0/INFO] [com.tom.createores.CreateOreExcavation/]: Loaded Create Ore Excavation config file createoreexcavation-common.toml
[03Apr2026 19:04:01.601] [ForkJoinPool.commonPool-worker-1/ERROR] [net.minecraft.server.packs.resources.SimpleJsonResourceReloadListener/]: Couldn't parse data file terramity:terramity_guidebook/es_419/entries/overview/credits from terramity:patchouli_books/terramity_guidebook/es_419/entries/overview/credits.json
com.google.gson.JsonParseException: com.google.gson.stream.MalformedJsonException: Unterminated array at line 18 column 3 path $.pages[2]
	at net.minecraft.util.GsonHelper.m_13780_(GsonHelper.java:526) ~[client-1.20.1-20230612.114412-srg.jar%231076!/:?]
	at net.minecraft.util.GsonHelper.m_263475_(GsonHelper.java:531) ~[client-1.20.1-20230612.114412-srg.jar%231076!/:?]
	at net.minecraft.util.GsonHelper.m_13776_(GsonHelper.java:581) ~[client-1.20.1-20230612.114412-srg.jar%231076!/:?]
	at net.minecraft.server.packs.resources.SimpleJsonResourceReloadListener.m_278771_(SimpleJsonResourceReloadListener.java:41) ~[client-1.20.1-20230612.114412-srg.jar%231076!/:?]
	at net.minecraft.server.packs.resources.SimpleJsonResourceReloadListener.m_5944_(SimpleJsonResourceReloadListener.java:29) ~[client-1.20.1-20230612.114412-srg.jar%231076!/:?]
	at net.minecraft.server.packs.resources.SimpleJsonResourceReloadListener.m_5944_(SimpleJsonResourceReloadListener.java:17) ~[client-1.20.1-20230612.114412-srg.jar%231076!/:?]
	at net.minecraft.server.packs.resources.SimplePreparableReloadListener.m_10786_(SimplePreparableReloadListener.java:11) ~[client-1.20.1-20230612.114412-srg.jar%231076!/:?]
	at java.util.concurrent.CompletableFuture$AsyncSupply.run(CompletableFuture.java:1768) ~[?:?]
	at java.util.concurrent.CompletableFuture$AsyncSupply.exec(CompletableFuture.java:1760) ~[?:?]
	at java.util.concurrent.ForkJoinTask.doExec(ForkJoinTask.java:373) ~[?:?]
	at java.util.concurrent.ForkJoinPool$WorkQueue.topLevelExec(ForkJoinPool.java:1182) ~[?:?]
	at java.util.concurrent.ForkJoinPool.scan(ForkJoinPool.java:1655) ~[?:?]
	at java.util.concurrent.ForkJoinPool.runWorker(ForkJoinPool.java:1622) ~[?:?]
	at java.util.concurrent.ForkJoinWorkerThread.run(ForkJoinWorkerThread.java:165) ~[?:?]
Caused by: com.google.gson.stream.MalformedJsonException: Unterminated array at line 18 column 3 path $.pages[2]
	at com.google.gson.stream.JsonReader.syntaxError(JsonReader.java:1657) ~[gson-2.10.jar%23100!/:?]
	at com.google.gson.stream.JsonReader.doPeek(JsonReader.java:485) ~[gson-2.10.jar%23100!/:?]
	at com.google.gson.stream.JsonReader.hasNext(JsonReader.java:422) ~[gson-2.10.jar%23100!/:?]
	at com.google.gson.internal.bind.TypeAdapters$28.read(TypeAdapters.java:779) ~[gson-2.10.jar%23100!/:?]
	at com.google.gson.internal.bind.TypeAdapters$28.read(TypeAdapters.java:725) ~[gson-2.10.jar%23100!/:?]
	at com.google.gson.internal.bind.TypeAdapters$34$1.read(TypeAdapters.java:1007) ~[gson-2.10.jar%23100!/:?]
	at net.minecraft.util.GsonHelper.m_13780_(GsonHelper.java:524) ~[client-1.20.1-20230612.114412-srg.jar%231076!/:?]
	... 13 more
[03Apr2026 19:04:01.609] [ForkJoinPool.commonPool-worker-1/ERROR] [net.minecraft.server.packs.resources.SimpleJsonResourceReloadListener/]: Couldn't parse data file terramity:terramity_guidebook/ru_ru/entries/overview/credits from terramity:patchouli_books/terramity_guidebook/ru_ru/entries/overview/credits.json
com.google.gson.JsonParseException: com.google.gson.stream.MalformedJsonException: Expected name at line 21 column 6 path $.pages[2].text
	at net.minecraft.util.GsonHelper.m_13780_(GsonHelper.java:526) ~[client-1.20.1-20230612.114412-srg.jar%231076!/:?]
	at net.minecraft.util.GsonHelper.m_263475_(GsonHelper.java:531) ~[client-1.20.1-20230612.114412-srg.jar%231076!/:?]
	at net.minecraft.util.GsonHelper.m_13776_(GsonHelper.java:581) ~[client-1.20.1-20230612.114412-srg.jar%231076!/:?]
	at net.minecraft.server.packs.resources.SimpleJsonResourceReloadListener.m_278771_(SimpleJsonResourceReloadListener.java:41) ~[client-1.20.1-20230612.114412-srg.jar%231076!/:?]
	at net.minecraft.server.packs.resources.SimpleJsonResourceReloadListener.m_5944_(SimpleJsonResourceReloadListener.java:29) ~[client-1.20.1-20230612.114412-srg.jar%231076!/:?]
	at net.minecraft.server.packs.resources.SimpleJsonResourceReloadListener.m_5944_(SimpleJsonResourceReloadListener.java:17) ~[client-1.20.1-20230612.114412-srg.jar%231076!/:?]
	at net.minecraft.server.packs.resources.SimplePreparableReloadListener.m_10786_(SimplePreparableReloadListener.java:11) ~[client-1.20.1-20230612.114412-srg.jar%231076!/:?]
	at java.util.concurrent.CompletableFuture$AsyncSupply.run(CompletableFuture.java:1768) ~[?:?]
	at java.util.concurrent.CompletableFuture$AsyncSupply.exec(CompletableFuture.java:1760) ~[?:?]
	at java.util.concurrent.ForkJoinTask.doExec(ForkJoinTask.java:373) ~[?:?]
	at java.util.concurrent.ForkJoinPool$WorkQueue.topLevelExec(ForkJoinPool.java:1182) ~[?:?]
	at java.util.concurrent.ForkJoinPool.scan(ForkJoinPool.java:1655) ~[?:?]
	at java.util.concurrent.ForkJoinPool.runWorker(ForkJoinPool.java:1622) ~[?:?]
	at java.util.concurrent.ForkJoinWorkerThread.run(ForkJoinWorkerThread.java:165) ~[?:?]
Caused by: com.google.gson.stream.MalformedJsonException: Expected name at line 21 column 6 path $.pages[2].text
	at com.google.gson.stream.JsonReader.syntaxError(JsonReader.java:1657) ~[gson-2.10.jar%23100!/:?]
	at com.google.gson.stream.JsonReader.doPeek(JsonReader.java:514) ~[gson-2.10.jar%23100!/:?]
	at com.google.gson.stream.JsonReader.hasNext(JsonReader.java:422) ~[gson-2.10.jar%23100!/:?]
	at com.google.gson.internal.bind.TypeAdapters$28.read(TypeAdapters.java:779) ~[gson-2.10.jar%23100!/:?]
	at com.google.gson.internal.bind.TypeAdapters$28.read(TypeAdapters.java:725) ~[gson-2.10.jar%23100!/:?]
	at com.google.gson.internal.bind.TypeAdapters$34$1.read(TypeAdapters.java:1007) ~[gson-2.10.jar%23100!/:?]
	at net.minecraft.util.GsonHelper.m_13780_(GsonHelper.java:524) ~[client-1.20.1-20230612.114412-srg.jar%231076!/:?]
	... 13 more
[03Apr2026 19:04:01.619] [ForkJoinPool.commonPool-worker-7/WARN] [Apotheosis : Enchantment/]: Enchantment minecraft:protection has min/max power 232/200 at level 9, making this level unobtainable.
[03Apr2026 19:04:01.619] [ForkJoinPool.commonPool-worker-7/WARN] [Apotheosis : Enchantment/]: Enchantment minecraft:protection has min/max power 287/200 at level 10, making this level unobtainable.
[03Apr2026 19:04:01.619] [ForkJoinPool.commonPool-worker-7/WARN] [Apotheosis : Enchantment/]: Enchantment minecraft:fire_protection has min/max power 218/200 at level 10, making this level unobtainable.
[03Apr2026 19:04:01.619] [ForkJoinPool.commonPool-worker-7/WARN] [Apotheosis : Enchantment/]: Enchantment minecraft:blast_protection has min/max power 213/200 at level 10, making this level unobtainable.
[03Apr2026 19:04:01.619] [ForkJoinPool.commonPool-worker-7/WARN] [Apotheosis : Enchantment/]: Enchantment minecraft:respiration has min/max power 210/200 at level 8, making this level unobtainable.
[03Apr2026 19:04:01.619] [ForkJoinPool.commonPool-worker-7/WARN] [Apotheosis : Enchantment/]: Enchantment minecraft:respiration has min/max power 260/200 at level 9, making this level unobtainable.
[03Apr2026 19:04:01.619] [ForkJoinPool.commonPool-worker-7/WARN] [Apotheosis : Enchantment/]: Enchantment minecraft:respiration has min/max power 320/200 at level 10, making this level unobtainable.
[03Apr2026 19:04:01.619] [ForkJoinPool.commonPool-worker-7/WARN] [Apotheosis : Enchantment/]: Enchantment minecraft:depth_strider has min/max power 210/200 at level 8, making this level unobtainable.
[03Apr2026 19:04:01.619] [ForkJoinPool.commonPool-worker-7/WARN] [Apotheosis : Enchantment/]: Enchantment minecraft:depth_strider has min/max power 260/200 at level 9, making this level unobtainable.
[03Apr2026 19:04:01.619] [ForkJoinPool.commonPool-worker-7/WARN] [Apotheosis : Enchantment/]: Enchantment minecraft:depth_strider has min/max power 320/200 at level 10, making this level unobtainable.
[03Apr2026 19:04:01.619] [ForkJoinPool.commonPool-worker-7/WARN] [Apotheosis : Enchantment/]: Enchantment minecraft:frost_walker has min/max power 250/200 at level 8, making this level unobtainable.
[03Apr2026 19:04:01.619] [ForkJoinPool.commonPool-worker-7/WARN] [Apotheosis : Enchantment/]: Enchantment minecraft:frost_walker has min/max power 310/200 at level 9, making this level unobtainable.
[03Apr2026 19:04:01.619] [ForkJoinPool.commonPool-worker-7/WARN] [Apotheosis : Enchantment/]: Enchantment minecraft:frost_walker has min/max power 370/200 at level 10, making this level unobtainable.
[03Apr2026 19:04:01.619] [ForkJoinPool.commonPool-worker-7/WARN] [Apotheosis : Enchantment/]: Enchantment minecraft:soul_speed has min/max power 210/200 at level 8, making this level unobtainable.
[03Apr2026 19:04:01.619] [ForkJoinPool.commonPool-worker-7/WARN] [Apotheosis : Enchantment/]: Enchantment minecraft:soul_speed has min/max power 260/200 at level 9, making this level unobtainable.
[03Apr2026 19:04:01.619] [ForkJoinPool.commonPool-worker-7/WARN] [Apotheosis : Enchantment/]: Enchantment minecraft:soul_speed has min/max power 320/200 at level 10, making this level unobtainable.
[03Apr2026 19:04:01.619] [ForkJoinPool.commonPool-worker-7/WARN] [Apotheosis : Enchantment/]: Enchantment minecraft:sharpness has min/max power 243/200 at level 10, making this level unobtainable.
[03Apr2026 19:04:01.619] [ForkJoinPool.commonPool-worker-7/WARN] [Apotheosis : Enchantment/]: Enchantment minecraft:looting has min/max power 240/200 at level 9, making this level unobtainable.
[03Apr2026 19:04:01.619] [ForkJoinPool.commonPool-worker-7/WARN] [Apotheosis : Enchantment/]: Enchantment minecraft:looting has min/max power 294/200 at level 10, making this level unobtainable.
[03Apr2026 19:04:01.619] [ForkJoinPool.commonPool-worker-7/WARN] [Apotheosis : Enchantment/]: Enchantment minecraft:efficiency has min/max power 221/200 at level 10, making this level unobtainable.
[03Apr2026 19:04:01.619] [ForkJoinPool.commonPool-worker-7/WARN] [Apotheosis : Enchantment/]: Enchantment minecraft:unbreaking has min/max power 205/200 at level 9, making this level unobtainable.
[03Apr2026 19:04:01.619] [ForkJoinPool.commonPool-worker-7/WARN] [Apotheosis : Enchantment/]: Enchantment minecraft:unbreaking has min/max power 253/200 at level 10, making this level unobtainable.
[03Apr2026 19:04:01.619] [ForkJoinPool.commonPool-worker-7/WARN] [Apotheosis : Enchantment/]: Enchantment minecraft:power has min/max power 221/200 at level 10, making this level unobtainable.
[03Apr2026 19:04:01.756] [ForkJoinPool.commonPool-worker-2/ERROR] [net.minecraft.client.resources.model.ModelManager/]: Failed to load model mahoutsukai:models/item/proximity_projection_keys2.json
com.google.gson.JsonParseException: Composite model requires a "children" element with at least one element.
	at net.minecraftforge.client.model.CompositeModel$Loader.read(CompositeModel.java:420) ~[forge-1.20.1-47.4.6-universal.jar%231081!/:?]
	at net.minecraftforge.client.model.CompositeModel$Loader.read(CompositeModel.java:403) ~[forge-1.20.1-47.4.6-universal.jar%231081!/:?]
	at net.minecraftforge.client.model.ExtendedBlockModelDeserializer.deserializeGeometry(ExtendedBlockModelDeserializer.java:105) ~[forge-1.20.1-47.4.6-universal.jar%231081!/:?]
	at net.minecraftforge.client.model.ExtendedBlockModelDeserializer.deserialize(ExtendedBlockModelDeserializer.java:55) ~[forge-1.20.1-47.4.6-universal.jar%231081!/:?]
	at net.minecraftforge.client.model.ExtendedBlockModelDeserializer.deserialize(ExtendedBlockModelDeserializer.java:38) ~[forge-1.20.1-47.4.6-universal.jar%231081!/:?]
	at com.google.gson.internal.bind.TreeTypeAdapter.read(TreeTypeAdapter.java:76) ~[gson-2.10.jar%23100!/:?]
	at net.minecraft.util.GsonHelper.m_13780_(GsonHelper.java:524) ~[client-1.20.1-20230612.114412-srg.jar%231076!/:?]
	at net.minecraft.util.GsonHelper.m_263475_(GsonHelper.java:531) ~[client-1.20.1-20230612.114412-srg.jar%231076!/:?]
	at net.minecraft.util.GsonHelper.m_13776_(GsonHelper.java:581) ~[client-1.20.1-20230612.114412-srg.jar%231076!/:?]
	at net.minecraft.client.renderer.block.model.BlockModel.m_111461_(BlockModel.java:74) ~[client-1.20.1-20230612.114412-srg.jar%231076!/:?]
	at net.minecraft.client.resources.model.ModelManager.m_246478_(ModelManager.java:110) ~[client-1.20.1-20230612.114412-srg.jar%231076!/:?]
	at java.util.concurrent.CompletableFuture$AsyncSupply.run(CompletableFuture.java:1768) ~[?:?]
	at java.util.concurrent.CompletableFuture$AsyncSupply.exec(CompletableFuture.java:1760) ~[?:?]
	at java.util.concurrent.ForkJoinTask.doExec(ForkJoinTask.java:373) ~[?:?]
	at java.util.concurrent.ForkJoinPool$WorkQueue.topLevelExec(ForkJoinPool.java:1182) ~[?:?]
	at java.util.concurrent.ForkJoinPool.scan(ForkJoinPool.java:1655) ~[?:?]
	at java.util.concurrent.ForkJoinPool.runWorker(ForkJoinPool.java:1622) ~[?:?]
	at java.util.concurrent.ForkJoinWorkerThread.run(ForkJoinWorkerThread.java:165) ~[?:?]
[03Apr2026 19:04:01.766] [ForkJoinPool.commonPool-worker-7/INFO] [PluginManager/]: Executing phase COMMON_SETUP for plugin class PatchouliPlugin
[03Apr2026 19:04:01.766] [ForkJoinPool.commonPool-worker-7/INFO] [PluginManager/]: Executing phase COMMON_SETUP for plugin class CuriosPlugin
[03Apr2026 19:04:01.768] [ForkJoinPool.commonPool-worker-7/INFO] [Better Compatibility Checker/]: Better Compatibility Checker setup
[03Apr2026 19:04:01.775] [ForkJoinPool.commonPool-worker-6/INFO] [necronomicon/]: File exists, reading config for elocindev.bossultimatum.config.entries.UltimatumConfig.
[03Apr2026 19:04:01.775] [ForkJoinPool.commonPool-worker-6/INFO] [necronomicon/]: Config for elocindev.bossultimatum.config.entries.UltimatumConfig read successfully.
[03Apr2026 19:04:01.781] [ForkJoinPool.commonPool-worker-1/INFO] [voicechat/]: [voicechat] Compatibility version 20
[03Apr2026 19:04:01.843] [ForkJoinPool.commonPool-worker-4/INFO] [com.klikli_dev.occultism.Occultism/]: Common setup complete.
[03Apr2026 19:04:01.855] [ForkJoinPool.commonPool-worker-6/INFO] [com.jaquadro.minecraft.storagedrawers.ModServices/]: New compacting rule 4 clay_ball = 1 clay
[03Apr2026 19:04:01.855] [ForkJoinPool.commonPool-worker-6/INFO] [com.jaquadro.minecraft.storagedrawers.ModServices/]: New compacting rule 4 snowball = 1 snow_block
[03Apr2026 19:04:01.855] [ForkJoinPool.commonPool-worker-6/INFO] [com.jaquadro.minecraft.storagedrawers.ModServices/]: New compacting rule 4 glowstone_dust = 1 glowstone
[03Apr2026 19:04:01.855] [ForkJoinPool.commonPool-worker-6/INFO] [com.jaquadro.minecraft.storagedrawers.ModServices/]: New compacting rule 4 brick = 1 bricks
[03Apr2026 19:04:01.856] [ForkJoinPool.commonPool-worker-6/INFO] [com.jaquadro.minecraft.storagedrawers.ModServices/]: New compacting rule 4 nether_brick = 1 nether_bricks
[03Apr2026 19:04:01.856] [ForkJoinPool.commonPool-worker-6/INFO] [com.jaquadro.minecraft.storagedrawers.ModServices/]: New compacting rule 9 nether_wart = 1 nether_wart_block
[03Apr2026 19:04:01.856] [ForkJoinPool.commonPool-worker-6/INFO] [com.jaquadro.minecraft.storagedrawers.ModServices/]: New compacting rule 4 quartz = 1 quartz_block
[03Apr2026 19:04:01.856] [ForkJoinPool.commonPool-worker-6/INFO] [com.jaquadro.minecraft.storagedrawers.ModServices/]: New compacting rule 9 melon_slice = 1 melon
[03Apr2026 19:04:01.856] [ForkJoinPool.commonPool-worker-6/INFO] [com.jaquadro.minecraft.storagedrawers.ModServices/]: New compacting rule 9 bamboo = 1 bamboo_block
[03Apr2026 19:04:01.857] [ForkJoinPool.commonPool-worker-6/INFO] [com.jaquadro.minecraft.storagedrawers.ModServices/]: New compacting rule 4 clay_ball = 1 clay
[03Apr2026 19:04:01.858] [ForkJoinPool.commonPool-worker-6/INFO] [com.jaquadro.minecraft.storagedrawers.ModServices/]: New denied storage item creative_vending_upgrade
[03Apr2026 19:04:01.860] [ForkJoinPool.commonPool-worker-6/INFO] [com.jaquadro.minecraft.storagedrawers.ModServices/]: Adding ore conversions for types: forge:storage_blocks, forge:ingots, forge:nuggets
[03Apr2026 19:04:01.860] [ForkJoinPool.commonPool-worker-6/INFO] [com.jaquadro.minecraft.storagedrawers.ModServices/]: Adding ore conversions for materials: aluminum, constantan, steel, uranium, invar, tin, lead, silver, platinum, nickel, osmium, bronze, electrum
[03Apr2026 19:04:01.865] [ForkJoinPool.commonPool-worker-1/INFO] [voicechat/]: [voicechat] Loading plugins
[03Apr2026 19:04:01.866] [ForkJoinPool.commonPool-worker-4/INFO] [CorgiLib/]: Initializing network...
[03Apr2026 19:04:01.867] [ForkJoinPool.commonPool-worker-4/INFO] [CorgiLib/]: Initialized network!
[03Apr2026 19:04:01.874] [ForkJoinPool.commonPool-worker-7/INFO] [net.uknownymous.overhauledstructures.OverhauledStructures/]: Epic!
[03Apr2026 19:04:01.874] [ForkJoinPool.commonPool-worker-1/INFO] [voicechat/]: [voicechat] Loaded 1 plugin(s)
[03Apr2026 19:04:01.875] [ForkJoinPool.commonPool-worker-1/INFO] [voicechat/]: [voicechat] Initializing plugins
[03Apr2026 19:04:01.883] [ForkJoinPool.commonPool-worker-2/ERROR] [net.minecraft.client.resources.model.ModelManager/]: Failed to load model terramity:models/item/nyxium_greatsword_oversized.json
com.google.gson.JsonSyntaxException: com.google.gson.stream.MalformedJsonException: Unterminated object at line 64 column 3 path $.perspectives.gui
	at com.google.gson.internal.Streams.parse(Streams.java:61) ~[gson-2.10.jar%23100!/:?]
	at com.google.gson.internal.bind.TreeTypeAdapter.read(TreeTypeAdapter.java:72) ~[gson-2.10.jar%23100!/:?]
	at net.minecraft.util.GsonHelper.m_13780_(GsonHelper.java:524) ~[client-1.20.1-20230612.114412-srg.jar%231076!/:?]
	at net.minecraft.util.GsonHelper.m_263475_(GsonHelper.java:531) ~[client-1.20.1-20230612.114412-srg.jar%231076!/:?]
	at net.minecraft.util.GsonHelper.m_13776_(GsonHelper.java:581) ~[client-1.20.1-20230612.114412-srg.jar%231076!/:?]
	at net.minecraft.client.renderer.block.model.BlockModel.m_111461_(BlockModel.java:74) ~[client-1.20.1-20230612.114412-srg.jar%231076!/:?]
	at net.minecraft.client.resources.model.ModelManager.m_246478_(ModelManager.java:110) ~[client-1.20.1-20230612.114412-srg.jar%231076!/:?]
	at java.util.concurrent.CompletableFuture$AsyncSupply.run(CompletableFuture.java:1768) ~[?:?]
	at java.util.concurrent.CompletableFuture$AsyncSupply.exec(CompletableFuture.java:1760) ~[?:?]
	at java.util.concurrent.ForkJoinTask.doExec(ForkJoinTask.java:373) ~[?:?]
	at java.util.concurrent.ForkJoinPool$WorkQueue.topLevelExec(ForkJoinPool.java:1182) ~[?:?]
	at java.util.concurrent.ForkJoinPool.scan(ForkJoinPool.java:1655) ~[?:?]
	at java.util.concurrent.ForkJoinPool.runWorker(ForkJoinPool.java:1622) ~[?:?]
	at java.util.concurrent.ForkJoinWorkerThread.run(ForkJoinWorkerThread.java:165) ~[?:?]
Caused by: com.google.gson.stream.MalformedJsonException: Unterminated object at line 64 column 3 path $.perspectives.gui
	at com.google.gson.stream.JsonReader.syntaxError(JsonReader.java:1657) ~[gson-2.10.jar%23100!/:?]
	at com.google.gson.stream.JsonReader.doPeek(JsonReader.java:500) ~[gson-2.10.jar%23100!/:?]
	at com.google.gson.stream.JsonReader.hasNext(JsonReader.java:422) ~[gson-2.10.jar%23100!/:?]
	at com.google.gson.internal.bind.TypeAdapters$28.read(TypeAdapters.java:779) ~[gson-2.10.jar%23100!/:?]
	at com.google.gson.internal.bind.TypeAdapters$28.read(TypeAdapters.java:725) ~[gson-2.10.jar%23100!/:?]
	at com.google.gson.internal.Streams.parse(Streams.java:49) ~[gson-2.10.jar%23100!/:?]
	... 13 more
[03Apr2026 19:04:01.897] [ForkJoinPool.commonPool-worker-1/INFO] [Sound Physics - General/]: Initializing Simple Voice Chat integration
[03Apr2026 19:04:01.897] [ForkJoinPool.commonPool-worker-1/INFO] [voicechat/]: [voicechat] Initialized 1 plugin(s)
[03Apr2026 19:04:01.900] [ForkJoinPool.commonPool-worker-1/INFO] [voicechat/]: [voicechat] Registering events for 'sound_physics_remastered'
[03Apr2026 19:04:01.925] [ForkJoinPool.commonPool-worker-6/INFO] [mekanism.common.Mekanism/]: Version 10.4.16 initializing...
[03Apr2026 19:04:01.931] [ForkJoinPool.commonPool-worker-7/INFO] [mekanism.common.Mekanism/]: Loaded 'Mekanism: Generators' module.
[03Apr2026 19:04:01.943] [Forge Version Check/INFO] [net.minecraftforge.fml.VersionChecker/]: [forgeendertech] Starting version check at https://forge.curseupdate.com/244844/forgeendertech
[03Apr2026 19:04:01.953] [ForkJoinPool.commonPool-worker-7/INFO] [com.tom.createores.CreateOreExcavation/]: Create Ore Excavation starting
[03Apr2026 19:04:01.960] [ForkJoinPool.commonPool-worker-4/INFO] [com.biomemusic.BiomeMusic/]: biomemusic mod initialized
[03Apr2026 19:04:01.960] [ForkJoinPool.commonPool-worker-7/INFO] [com.tom.createores.CreateOreExcavation/]: Initilaized Network Handler
[03Apr2026 19:04:01.975] [ForkJoinPool.commonPool-worker-6/INFO] [mekanism.common.Mekanism/]: Fake player readout: UUID = 46e82cd0-d480-3d48-800a-77431ede078e, name = [Mekanism]
[03Apr2026 19:04:01.975] [ForkJoinPool.commonPool-worker-6/INFO] [mekanism.common.Mekanism/]: Mod loaded.
[03Apr2026 19:04:01.991] [ForkJoinPool.commonPool-worker-1/INFO] [STDOUT/]: [teamrazor.aeroblender.Aeroblender:commonSetup:41]: THE_AETHER
[03Apr2026 19:04:01.992] [ForkJoinPool.commonPool-worker-1/INFO] [STDOUT/]: [teamrazor.aeroblender.Aeroblender:commonSetup:42]: [OVERWORLD, NETHER, THE_AETHER]
[03Apr2026 19:04:01.992] [ForkJoinPool.commonPool-worker-1/INFO] [STDOUT/]: [teamrazor.aeroblender.Aeroblender:commonSetup:43]: THE_AETHER
[03Apr2026 19:04:01.992] [ForkJoinPool.commonPool-worker-1/INFO] [STDOUT/]: [teamrazor.aeroblender.Aeroblender:commonSetup:45]: THE_AETHER
[03Apr2026 19:04:01.992] [ForkJoinPool.commonPool-worker-1/INFO] [STDOUT/]: [teamrazor.aeroblender.Aeroblender:commonSetup:46]: [OVERWORLD, NETHER, THE_AETHER]
[03Apr2026 19:04:01.992] [ForkJoinPool.commonPool-worker-1/INFO] [STDOUT/]: [teamrazor.aeroblender.Aeroblender:commonSetup:47]: THE_AETHER
[03Apr2026 19:04:01.992] [ForkJoinPool.commonPool-worker-1/INFO] [com.connectivity.Connectivity/]: Connectivity initialized
[03Apr2026 19:04:02.043] [ForkJoinPool.commonPool-worker-6/INFO] [journeymap/]: Found @Ljourneymap/client/api/ClientPlugin;: com.tom.createores.jm.JMPlugin
[03Apr2026 19:04:02.043] [ForkJoinPool.commonPool-worker-6/INFO] [journeymap/]: Found @Ljourneymap/client/api/ClientPlugin;: me.frankv.jmi.JMIJourneyMapPlugin
[03Apr2026 19:04:02.045] [ForkJoinPool.commonPool-worker-7/INFO] [Dungeon Crawl/]: Common Setup
[03Apr2026 19:04:02.045] [ForkJoinPool.commonPool-worker-6/INFO] [journeymap/]: Found @Ljourneymap/client/api/ClientPlugin;: net.blay09.mods.waystones.compat.JourneyMapIntegration
[03Apr2026 19:04:02.062] [Forge Version Check/INFO] [net.minecraftforge.fml.VersionChecker/]: [forgeendertech] Found status: UP_TO_DATE Current: 11.1.10.0 Target: null
[03Apr2026 19:04:02.062] [Forge Version Check/INFO] [net.minecraftforge.fml.VersionChecker/]: [structure_gel] Starting version check at http://changelogs.moddinglegacy.com/structure-gel.json
[03Apr2026 19:04:02.069] [ForkJoinPool.commonPool-worker-6/INFO] [mcjtylib/]: RFTools Storage Detected XNet: enabling support
[03Apr2026 19:04:02.109] [ForkJoinPool.commonPool-worker-7/INFO] [com.azukaar.difficultyoverhaul.DifficultyOverhaul/]: Initializing AFDO
[03Apr2026 19:04:02.113] [ForkJoinPool.commonPool-worker-7/INFO] [com.elbaronjack.BetterFarmersCombat/]: HELLO FROM PREINIT
[03Apr2026 19:04:02.141] [ForkJoinPool.commonPool-worker-6/INFO] [com.brutalbosses.BrutalBosses/]: brutalbosses mod initialized
[03Apr2026 19:04:02.168] [ForkJoinPool.commonPool-worker-6/WARN] [net.minecraft.client.renderer.texture.SpriteContents/]: Unused frames in sprite refinedstorage:block/destructor/cutouts/connected: [20, 21, 22, 23]
[03Apr2026 19:04:02.231] [ForkJoinPool.commonPool-worker-4/INFO] [ModularItem API/]: Registered Truly Modulars Property resolvers:
[03Apr2026 19:04:02.231] [ForkJoinPool.commonPool-worker-4/INFO] [ModularItem API/]: registered resolver: miapi:module
[03Apr2026 19:04:02.231] [ForkJoinPool.commonPool-worker-4/INFO] [ModularItem API/]: registered resolver: miapi:module_data
[03Apr2026 19:04:02.231] [ForkJoinPool.commonPool-worker-4/INFO] [ModularItem API/]: registered resolver: miapi:skin
[03Apr2026 19:04:02.231] [ForkJoinPool.commonPool-worker-4/INFO] [ModularItem API/]: registered resolver: miapi:synergies
[03Apr2026 19:04:02.231] [ForkJoinPool.commonPool-worker-4/INFO] [ModularItem API/]: registered resolver: miapi:material_property
[03Apr2026 19:04:02.231] [ForkJoinPool.commonPool-worker-4/INFO] [ModularItem API/]: registered resolver: miapi:blueprint
[03Apr2026 19:04:02.307] [Forge Version Check/INFO] [net.minecraftforge.fml.VersionChecker/]: [structure_gel] Found status: BETA Current: 2.16.2 Target: null
[03Apr2026 19:04:02.307] [Forge Version Check/INFO] [net.minecraftforge.fml.VersionChecker/]: [corpse] Starting version check at https://update.maxhenkel.de/forge/corpse
[03Apr2026 19:04:02.340] [Render thread/INFO] [com.klikli_dev.occultism.Occultism/]: Registered compostable Items
[03Apr2026 19:04:02.401] [ForkJoinPool.commonPool-worker-7/WARN] [net.minecraft.client.renderer.texture.SpriteContents/]: Unused frames in sprite apotheosis:items/gems/blood_lord: [9]
[03Apr2026 19:04:02.517] [Render thread/INFO] [terrablender/]: Registered region minecraft:overworld to index 0 for type OVERWORLD
[03Apr2026 19:04:02.517] [Render thread/INFO] [terrablender/]: Registered region minecraft:nether to index 0 for type NETHER
[03Apr2026 19:04:02.517] [Render thread/INFO] [terrablender/]: Registered region aether:the_aether to index 0 for type THE_AETHER
[03Apr2026 19:04:02.517] [Render thread/INFO] [terrablender/]: Registered region biomesoplenty:overworld_primary to index 1 for type OVERWORLD
[03Apr2026 19:04:02.517] [Render thread/INFO] [terrablender/]: Registered region biomesoplenty:overworld_secondary to index 2 for type OVERWORLD
[03Apr2026 19:04:02.517] [Render thread/INFO] [terrablender/]: Registered region biomesoplenty:overworld_rare to index 3 for type OVERWORLD
[03Apr2026 19:04:02.517] [Render thread/INFO] [terrablender/]: Registered region biomesoplenty:nether_common to index 1 for type NETHER
[03Apr2026 19:04:02.517] [Render thread/INFO] [terrablender/]: Registered region biomesoplenty:nether_rare to index 2 for type NETHER
[03Apr2026 19:04:02.524] [Render thread/INFO] [zeta/]: Common setup: Performing initial refresh of zeta's config on thread 'Render thread'
[03Apr2026 19:04:02.525] [Render thread/INFO] [zeta/]: 'zeta' is enabling Zeta's piston structure resolver.
[03Apr2026 19:04:02.526] [Render thread/INFO] [zeta/]: zeta's config is now ready to accept filewatcher changes
[03Apr2026 19:04:02.542] [Render thread/INFO] [terrablender/]: Registered region deep_aether:deep_aether to index 1 for type THE_AETHER
[03Apr2026 19:04:02.542] [Render thread/INFO] [terrablender/]: Registered region deep_aether:rare to index 2 for type THE_AETHER
[03Apr2026 19:04:02.562] [ForkJoinPool.commonPool-worker-1/WARN] [net.minecraft.client.renderer.texture.SpriteContents/]: Invalid frame index on sprite tetra:item/module/double/head/shockwave_hammer/shockwave_hammer_left frame 5: 6
[03Apr2026 19:04:02.562] [ForkJoinPool.commonPool-worker-1/WARN] [net.minecraft.client.renderer.texture.SpriteContents/]: Unused frames in sprite tetra:item/module/double/head/shockwave_hammer/shockwave_hammer_left: [5]
[03Apr2026 19:04:02.574] [Render thread/INFO] [terrablender/]: Registered region ars_nouveau:overworld to index 4 for type OVERWORLD
[03Apr2026 19:04:02.578] [Render thread/INFO] [crust/configs/]: First-time loading config file config\Crust\default_game_rules.toml
[03Apr2026 19:04:02.579] [Render thread/ERROR] [crust/configs/]: Failed first-time loading of config file config\Crust\default_game_rules.toml - this is bad!
com.electronwill.nightconfig.core.io.ParsingException: Invalid character ':' after key [misc, decorative_blocks]
	at com.electronwill.nightconfig.toml.TableParser.parseDottedKey(TableParser.java:152) ~[toml-3.6.4.jar%23144!/:?]
	at com.electronwill.nightconfig.toml.TableParser.parseNormal(TableParser.java:55) ~[toml-3.6.4.jar%23144!/:?]
	at com.electronwill.nightconfig.toml.TomlParser.parse(TomlParser.java:44) ~[toml-3.6.4.jar%23144!/:?]
	at com.electronwill.nightconfig.toml.TomlParser.parse(TomlParser.java:37) ~[toml-3.6.4.jar%23144!/:?]
	at fathertoast.crust.api.config.common.file.CrustTomlParser.parse(CrustTomlParser.java:54) ~[crust-1.20.1-3.6.13.jar%23734!/:3.6.13]
	at com.electronwill.nightconfig.core.io.ConfigParser.parse(ConfigParser.java:113) ~[core-3.6.4.jar%23143!/:?]
	at com.electronwill.nightconfig.core.io.ConfigParser.parse(ConfigParser.java:219) ~[core-3.6.4.jar%23143!/:?]
	at com.electronwill.nightconfig.core.io.ConfigParser.parse(ConfigParser.java:202) ~[core-3.6.4.jar%23143!/:?]
	at com.electronwill.nightconfig.core.file.WriteSyncFileConfig.load(WriteSyncFileConfig.java:73) ~[core-3.6.4.jar%23143!/:?]
	at fathertoast.crust.api.config.common.file.CrustConfigSpec.initialize(CrustConfigSpec.java:59) ~[crust-1.20.1-3.6.13.jar%23734!/:3.6.13]
	at fathertoast.crust.common.config.CrustConfig.initialize(CrustConfig.java:31) ~[crust-1.20.1-3.6.13.jar%23734!/:3.6.13]
	at fathertoast.crust.common.core.Crust.lambda$onCommonSetup$0(Crust.java:133) ~[crust-1.20.1-3.6.13.jar%23734!/:3.6.13]
	at java.util.concurrent.CompletableFuture$AsyncRun.run(CompletableFuture.java:1804) ~[?:?]
	at net.minecraftforge.fml.DeferredWorkQueue.lambda$makeRunnable$2(DeferredWorkQueue.java:81) ~[fmlcore-1.20.1-47.4.6.jar%231077!/:?]
	at net.minecraftforge.fml.DeferredWorkQueue.makeRunnable(DeferredWorkQueue.java:76) ~[fmlcore-1.20.1-47.4.6.jar%231077!/:?]
	at net.minecraftforge.fml.DeferredWorkQueue.lambda$runTasks$0(DeferredWorkQueue.java:60) ~[fmlcore-1.20.1-47.4.6.jar%231077!/:?]
	at java.util.concurrent.ConcurrentLinkedDeque.forEach(ConcurrentLinkedDeque.java:1650) ~[?:?]
	at net.minecraftforge.fml.DeferredWorkQueue.runTasks(DeferredWorkQueue.java:60) ~[fmlcore-1.20.1-47.4.6.jar%231077!/:?]
	at net.minecraftforge.fml.core.ParallelTransition.lambda$finalActivityGenerator$2(ParallelTransition.java:35) ~[forge-1.20.1-47.4.6-universal.jar%231081!/:?]
	at java.util.concurrent.CompletableFuture$UniApply.tryFire(CompletableFuture.java:646) ~[?:?]
	at java.util.concurrent.CompletableFuture$Completion.run(CompletableFuture.java:482) ~[?:?]
	at net.minecraft.server.packs.resources.SimpleReloadInstance.m_143940_(SimpleReloadInstance.java:69) ~[client-1.20.1-20230612.114412-srg.jar%231076!/:?]
	at net.minecraft.util.thread.BlockableEventLoop.m_6367_(BlockableEventLoop.java:156) ~[client-1.20.1-20230612.114412-srg.jar%231076!/:?]
	at net.minecraft.util.thread.ReentrantBlockableEventLoop.m_6367_(ReentrantBlockableEventLoop.java:23) ~[client-1.20.1-20230612.114412-srg.jar%231076!/:?]
	at net.minecraft.util.thread.BlockableEventLoop.m_7245_(BlockableEventLoop.java:130) ~[client-1.20.1-20230612.114412-srg.jar%231076!/:?]
	at net.minecraft.util.thread.BlockableEventLoop.m_18699_(BlockableEventLoop.java:115) ~[client-1.20.1-20230612.114412-srg.jar%231076!/:?]
	at net.minecraft.client.Minecraft.m_91383_(Minecraft.java:1106) ~[client-1.20.1-20230612.114412-srg.jar%231076!/:?]
	at net.minecraft.client.Minecraft.m_91374_(Minecraft.java:718) ~[client-1.20.1-20230612.114412-srg.jar%231076!/:?]
	at net.minecraft.client.main.Main.main(Main.java:218) ~[minecraft-1.20.1-client.jar:?]
	at jdk.internal.reflect.NativeMethodAccessorImpl.invoke0(Native Method) ~[?:?]
	at jdk.internal.reflect.NativeMethodAccessorImpl.invoke(NativeMethodAccessorImpl.java:77) ~[?:?]
	at jdk.internal.reflect.DelegatingMethodAccessorImpl.invoke(DelegatingMethodAccessorImpl.java:43) ~[?:?]
	at java.lang.reflect.Method.invoke(Method.java:568) ~[?:?]
	at net.minecraftforge.fml.loading.targets.CommonLaunchHandler.runTarget(CommonLaunchHandler.java:111) ~[fmlloader-1.20.1-47.4.6.jar:?]
	at net.minecraftforge.fml.loading.targets.CommonLaunchHandler.clientService(CommonLaunchHandler.java:99) ~[fmlloader-1.20.1-47.4.6.jar:?]
	at net.minecraftforge.fml.loading.targets.CommonClientLaunchHandler.lambda$makeService$0(CommonClientLaunchHandler.java:25) ~[fmlloader-1.20.1-47.4.6.jar:?]
	at cpw.mods.modlauncher.LaunchServiceHandlerDecorator.launch(LaunchServiceHandlerDecorator.java:30) ~[modlauncher-10.0.9.jar:?]
	at cpw.mods.modlauncher.LaunchServiceHandler.launch(LaunchServiceHandler.java:53) ~[modlauncher-10.0.9.jar:?]
	at cpw.mods.modlauncher.LaunchServiceHandler.launch(LaunchServiceHandler.java:71) ~[modlauncher-10.0.9.jar:?]
	at cpw.mods.modlauncher.Launcher.run(Launcher.java:108) ~[modlauncher-10.0.9.jar:?]
	at cpw.mods.modlauncher.Launcher.main(Launcher.java:78) ~[modlauncher-10.0.9.jar:?]
	at cpw.mods.modlauncher.BootstrapLaunchConsumer.accept(BootstrapLaunchConsumer.java:26) ~[modlauncher-10.0.9.jar:?]
	at cpw.mods.modlauncher.BootstrapLaunchConsumer.accept(BootstrapLaunchConsumer.java:23) ~[modlauncher-10.0.9.jar:?]
	at cpw.mods.bootstraplauncher.BootstrapLauncher.main(BootstrapLauncher.java:141) ~[bootstraplauncher-1.1.2.jar:?]
	at jdk.internal.reflect.NativeMethodAccessorImpl.invoke0(Native Method) ~[?:?]
	at jdk.internal.reflect.NativeMethodAccessorImpl.invoke(NativeMethodAccessorImpl.java:77) ~[?:?]
	at jdk.internal.reflect.DelegatingMethodAccessorImpl.invoke(DelegatingMethodAccessorImpl.java:43) ~[?:?]
	at java.lang.reflect.Method.invoke(Method.java:568) ~[?:?]
	at io.github.zekerzhayard.forgewrapper.installer.Main.main(Main.java:67) ~[?:?]
	at org.prismlauncher.launcher.impl.StandardLauncher.launch(StandardLauncher.java:115) ~[?:?]
	at org.prismlauncher.EntryPoint.listen(EntryPoint.java:129) ~[?:?]
	at org.prismlauncher.EntryPoint.main(EntryPoint.java:70) ~[?:?]
[03Apr2026 19:04:02.581] [Render thread/INFO] [crust/configs/]: Started watching config file config\Crust\default_game_rules.toml for updates
[03Apr2026 19:04:02.581] [Render thread/INFO] [crust/configs/]: First-time loading config file config\Crust\modes.toml
[03Apr2026 19:04:02.583] [Render thread/INFO] [crust/configs/]: Started watching config file config\Crust\modes.toml for updates
[03Apr2026 19:04:02.586] [Render thread/INFO] [crust/]: Found Crust plugin at fathertoast.crust.common.api.impl.InternalCrustPlugin with plugin ID: crust:builtin_plugin
[03Apr2026 19:04:02.629] [Render thread/INFO] [journeymap/]: Initializing Packet Registries
[03Apr2026 19:04:02.727] [Render thread/INFO] [Moonlight/]: Initialized color sets in 65ms
[03Apr2026 19:04:02.729] [Render thread/ERROR] [Moonlight/]: Fabric API detected! This is not a Fabric mod, so please dont report related issues to MoonlightLib or its dependant. This can usually happen with connector or when having a mod that does NOT have a proper Forge native implementation. This can easily lead to poor compatibility and issues. Proceed ar your own risk. 
 Mods that bundled Fabric API: [net.minecraftforge.fml.loading.moddiscovery.ModInfo@14b9df65]
[03Apr2026 19:04:02.730] [Render thread/INFO] [terrablender/]: Registered region quark:biome_provider to index 5 for type OVERWORLD
[03Apr2026 19:04:02.730] [Render thread/INFO] [quark-zeta/]: Common setup: Performing initial refresh of quark's config on thread 'Render thread'
[03Apr2026 19:04:02.731] [ForkJoinPool.commonPool-worker-5/WARN] [net.minecraft.client.renderer.texture.SpriteContents/]: Unused frames in sprite irons_spellbooks:item/energized_core_energy: [11]
[03Apr2026 19:04:02.763] [Forge Version Check/INFO] [net.minecraftforge.fml.VersionChecker/]: [corpse] Found status: AHEAD Current: 1.20.1-1.0.23 Target: null
[03Apr2026 19:04:02.763] [Forge Version Check/INFO] [net.minecraftforge.fml.VersionChecker/]: [mr_no_morenethergoldore] Starting version check at https://api.modrinth.com/updates/k7JZ7nRF/forge_updates.json
[03Apr2026 19:04:02.765] [Render thread/INFO] [quark-zeta/]: quark's config is now ready to accept filewatcher changes
[03Apr2026 19:04:02.794] [Render thread/INFO] [Supplementaries/]: Finished mod setup in: [1, 2, 0, 0, 0, 0, 8, 0] ms
[03Apr2026 19:04:02.885] [Forge Version Check/INFO] [net.minecraftforge.fml.VersionChecker/]: [mr_no_morenethergoldore] Found status: OUTDATED Current: 1.0.1 Target: 1.0.1+mod
[03Apr2026 19:04:02.885] [Forge Version Check/INFO] [net.minecraftforge.fml.VersionChecker/]: [dungeons_plus] Starting version check at http://changelogs.moddinglegacy.com/dungeons-plus.json
[03Apr2026 19:04:02.974] [ForkJoinPool.commonPool-worker-1/INFO] [Embeddium-CCL/]: Retrieving block renderers
[03Apr2026 19:04:02.975] [ForkJoinPool.commonPool-worker-1/INFO] [Embeddium-CCL/]: Retrieving fluid renderers
[03Apr2026 19:04:02.975] [ForkJoinPool.commonPool-worker-1/INFO] [Embeddium-CCL/]: Retrieving global renderers
[03Apr2026 19:04:02.977] [ForkJoinPool.commonPool-worker-1/INFO] [PluginManager/]: Executing phase CLIENT_SETUP for plugin class PatchouliPlugin
[03Apr2026 19:04:02.977] [ForkJoinPool.commonPool-worker-1/INFO] [PluginManager/]: Executing phase CLIENT_SETUP for plugin class CuriosPlugin
[03Apr2026 19:04:02.987] [ForkJoinPool.commonPool-worker-3/WARN] [net.minecraft.client.renderer.texture.SpriteContents/]: Unused frames in sprite irons_spellbooks:item/upgrade_orb_ender: [1, 5, 6, 7]
[03Apr2026 19:04:02.992] [ForkJoinPool.commonPool-worker-2/WARN] [net.minecraft.client.renderer.texture.SpriteContents/]: Invalid frame index on sprite tetra:item/module/double/head/shockwave_hammer/shockwave_hammer_glow_left frame 5: 6
[03Apr2026 19:04:02.993] [ForkJoinPool.commonPool-worker-2/WARN] [net.minecraft.client.renderer.texture.SpriteContents/]: Unused frames in sprite tetra:item/module/double/head/shockwave_hammer/shockwave_hammer_glow_left: [5]
[03Apr2026 19:04:03.034] [Forge Version Check/INFO] [net.minecraftforge.fml.VersionChecker/]: [dungeons_plus] Found status: BETA Current: 1.5.0 Target: null
[03Apr2026 19:04:03.034] [Forge Version Check/INFO] [net.minecraftforge.fml.VersionChecker/]: [highlighter] Starting version check at https://mc-update-check.anthonyhilyard.com/521590
[03Apr2026 19:04:03.103] [ForkJoinPool.commonPool-worker-7/INFO] [com.klikli_dev.occultism.Occultism/]: Client setup complete.
[03Apr2026 19:04:03.116] [ForkJoinPool.commonPool-worker-5/INFO] [voicechat/]: [voicechat] Using Cloth Config GUI
[03Apr2026 19:04:03.119] [ForkJoinPool.commonPool-worker-3/WARN] [net.minecraft.client.renderer.texture.SpriteLoader/]: Texture delightful:block/coaster/upgrade_aquatic/cooked_pike with size 40x40 limits mip level from 4 to 3
[03Apr2026 19:04:03.119] [ForkJoinPool.commonPool-worker-3/WARN] [net.minecraft.client.renderer.texture.SpriteLoader/]: Texture terramity:block/duskrok_greatsword with size 64x34 limits mip level from 3 to 1
[03Apr2026 19:04:03.120] [ForkJoinPool.commonPool-worker-3/WARN] [net.minecraft.client.renderer.texture.SpriteLoader/]: Texture keepdurable:item/oo with size 11x11 limits mip level from 1 to 0
[03Apr2026 19:04:03.123] [Placebo Patreon Trail Loader/INFO] [placebo/]: Loading patreon trails data...
[03Apr2026 19:04:03.123] [Placebo Patreon Wing Loader/INFO] [placebo/]: Loading patreon wing data...
[03Apr2026 19:04:03.132] [ForkJoinPool.commonPool-worker-5/INFO] [voicechat/]: [voicechat] Initializing Opus
[03Apr2026 19:04:03.142] [ForkJoinPool.commonPool-worker-7/INFO] [Estrogen/]: initializing estrogen client
[03Apr2026 19:04:03.145] [Placebo Patreon Trail Loader/INFO] [placebo/]: Loaded 49 patreon trails.
[03Apr2026 19:04:03.153] [ForkJoinPool.commonPool-worker-5/INFO] [voicechat/]: [voicechat] Successfully initialized Opus
[03Apr2026 19:04:03.153] [ForkJoinPool.commonPool-worker-5/INFO] [voicechat/]: [voicechat] Initializing RNNoise
[03Apr2026 19:04:03.191] [ForkJoinPool.commonPool-worker-5/INFO] [voicechat/]: [voicechat] Successfully initialized RNNoise
[03Apr2026 19:04:03.193] [ForkJoinPool.commonPool-worker-5/INFO] [voicechat/]: [voicechat] Initializing Speex
[03Apr2026 19:04:03.195] [ForkJoinPool.commonPool-worker-7/INFO] [net.uknownymous.overhauledstructures.OverhauledStructures/]: Hey!
[03Apr2026 19:04:03.199] [Placebo Patreon Wing Loader/INFO] [placebo/]: Loaded 42 patreon wings.
[03Apr2026 19:04:03.219] [ForkJoinPool.commonPool-worker-7/INFO] [Sound Physics - General/]: Reloading reverb parameters
[03Apr2026 19:04:03.226] [ForkJoinPool.commonPool-worker-5/INFO] [voicechat/]: [voicechat] Successfully initialized Speex
[03Apr2026 19:04:03.227] [ForkJoinPool.commonPool-worker-5/INFO] [voicechat/]: [voicechat] Initializing LAME
[03Apr2026 19:04:03.241] [ForkJoinPool.commonPool-worker-5/INFO] [voicechat/]: [voicechat] Successfully initialized LAME
[03Apr2026 19:04:03.242] [ForkJoinPool.commonPool-worker-7/INFO] [Sound Physics - General/]: Unknown sound in sound rate config: alexscaves:abyssal_chasm_ambience
[03Apr2026 19:04:03.242] [ForkJoinPool.commonPool-worker-7/INFO] [Sound Physics - General/]: Unknown sound in sound rate config: alexscaves:abyssal_chasm_ambience_additions
[03Apr2026 19:04:03.242] [ForkJoinPool.commonPool-worker-7/INFO] [Sound Physics - General/]: Unknown sound in sound rate config: alexscaves:abyssal_chasm_ambience_mood
[03Apr2026 19:04:03.242] [ForkJoinPool.commonPool-worker-7/INFO] [Sound Physics - General/]: Unknown sound in sound rate config: alexscaves:abyssal_chasm_music
[03Apr2026 19:04:03.242] [ForkJoinPool.commonPool-worker-7/INFO] [Sound Physics - General/]: Unknown sound in sound rate config: alexscaves:abyssmarine_glow_off
[03Apr2026 19:04:03.242] [ForkJoinPool.commonPool-worker-7/INFO] [Sound Physics - General/]: Unknown sound in sound rate config: alexscaves:abyssmarine_glow_on
[03Apr2026 19:04:03.242] [ForkJoinPool.commonPool-worker-7/INFO] [Sound Physics - General/]: Unknown sound in sound rate config: alexscaves:acid_burn
[03Apr2026 19:04:03.242] [ForkJoinPool.commonPool-worker-7/INFO] [Sound Physics - General/]: Unknown sound in sound rate config: alexscaves:acid_corrosion
[03Apr2026 19:04:03.242] [ForkJoinPool.commonPool-worker-7/INFO] [Sound Physics - General/]: Unknown sound in sound rate config: alexscaves:acid_idle
[03Apr2026 19:04:03.242] [ForkJoinPool.commonPool-worker-7/INFO] [Sound Physics - General/]: Unknown sound in sound rate config: alexscaves:acid_submerge
[03Apr2026 19:04:03.242] [ForkJoinPool.commonPool-worker-7/INFO] [Sound Physics - General/]: Unknown sound in sound rate config: alexscaves:acid_swim
[03Apr2026 19:04:03.242] [ForkJoinPool.commonPool-worker-7/INFO] [Sound Physics - General/]: Unknown sound in sound rate config: alexscaves:acid_unsubmerge
[03Apr2026 19:04:03.242] [ForkJoinPool.commonPool-worker-7/INFO] [Sound Physics - General/]: Unknown sound in sound rate config: dangers_in_the_darkness:actual
[03Apr2026 19:04:03.242] [ForkJoinPool.commonPool-worker-7/INFO] [Sound Physics - General/]: Unknown sound in sound rate config: alexscaves:amber_break
[03Apr2026 19:04:03.242] [ForkJoinPool.commonPool-worker-7/INFO] [Sound Physics - General/]: Unknown sound in sound rate config: alexscaves:amber_breaking
[03Apr2026 19:04:03.242] [ForkJoinPool.commonPool-worker-7/INFO] [Sound Physics - General/]: Unknown sound in sound rate config: alexscaves:amber_monolith_place
[03Apr2026 19:04:03.242] [ForkJoinPool.commonPool-worker-7/INFO] [Sound Physics - General/]: Unknown sound in sound rate config: alexscaves:amber_monolith_summon
[03Apr2026 19:04:03.242] [ForkJoinPool.commonPool-worker-7/INFO] [Sound Physics - General/]: Unknown sound in sound rate config: alexscaves:amber_place
[03Apr2026 19:04:03.242] [ForkJoinPool.commonPool-worker-7/INFO] [Sound Physics - General/]: Unknown sound in sound rate config: alexscaves:amber_step
[03Apr2026 19:04:03.242] [ForkJoinPool.commonPool-worker-7/INFO] [Sound Physics - General/]: Unknown sound in sound rate config: dangers_in_the_darkness:armsbreathing
[03Apr2026 19:04:03.242] [ForkJoinPool.commonPool-worker-7/INFO] [Sound Physics - General/]: Unknown sound in sound rate config: dangers_in_the_darkness:armscream
[03Apr2026 19:04:03.242] [ForkJoinPool.commonPool-worker-7/INFO] [Sound Physics - General/]: Unknown sound in sound rate config: dangers_in_the_darkness:armsdeath
[03Apr2026 19:04:03.242] [ForkJoinPool.commonPool-worker-7/INFO] [Sound Physics - General/]: Unknown sound in sound rate config: dangers_in_the_darkness:armshurt
[03Apr2026 19:04:03.242] [ForkJoinPool.commonPool-worker-7/INFO] [Sound Physics - General/]: Unknown sound in sound rate config: dangers_in_the_darkness:armsstep
[03Apr2026 19:04:03.242] [ForkJoinPool.commonPool-worker-7/INFO] [Sound Physics - General/]: Unknown sound in sound rate config: alexscaves:atlatitan_death
[03Apr2026 19:04:03.242] [ForkJoinPool.commonPool-worker-7/INFO] [Sound Physics - General/]: Unknown sound in sound rate config: alexscaves:atlatitan_hurt
[03Apr2026 19:04:03.242] [ForkJoinPool.commonPool-worker-7/INFO] [Sound Physics - General/]: Unknown sound in sound rate config: alexscaves:atlatitan_idle
[03Apr2026 19:04:03.242] [ForkJoinPool.commonPool-worker-7/INFO] [Sound Physics - General/]: Unknown sound in sound rate config: alexscaves:atlatitan_kick
[03Apr2026 19:04:03.242] [ForkJoinPool.commonPool-worker-7/INFO] [Sound Physics - General/]: Unknown sound in sound rate config: alexscaves:atlatitan_step
[03Apr2026 19:04:03.242] [ForkJoinPool.commonPool-worker-7/INFO] [Sound Physics - General/]: Unknown sound in sound rate config: alexscaves:atlatitan_stomp
[03Apr2026 19:04:03.242] [ForkJoinPool.commonPool-worker-7/INFO] [Sound Physics - General/]: Unknown sound in sound rate config: alexscaves:atlatitan_tail
[03Apr2026 19:04:03.242] [ForkJoinPool.commonPool-worker-7/INFO] [Sound Physics - General/]: Unknown sound in sound rate config: alexscaves:azure_neodymium_push_loop
[03Apr2026 19:04:03.243] [ForkJoinPool.commonPool-worker-7/INFO] [Sound Physics - General/]: Unknown sound in sound rate config: alexscaves:beholder_break
[03Apr2026 19:04:03.243] [ForkJoinPool.commonPool-worker-7/INFO] [Sound Physics - General/]: Unknown sound in sound rate config: alexscaves:beholder_breaking
[03Apr2026 19:04:03.243] [ForkJoinPool.commonPool-worker-7/INFO] [Sound Physics - General/]: Unknown sound in sound rate config: alexscaves:beholder_enter
[03Apr2026 19:04:03.243] [ForkJoinPool.commonPool-worker-7/INFO] [Sound Physics - General/]: Unknown sound in sound rate config: alexscaves:beholder_exit
[03Apr2026 19:04:03.243] [ForkJoinPool.commonPool-worker-7/INFO] [Sound Physics - General/]: Unknown sound in sound rate config: alexscaves:beholder_idle
[03Apr2026 19:04:03.243] [ForkJoinPool.commonPool-worker-7/INFO] [Sound Physics - General/]: Unknown sound in sound rate config: alexscaves:beholder_place
[03Apr2026 19:04:03.243] [ForkJoinPool.commonPool-worker-7/INFO] [Sound Physics - General/]: Unknown sound in sound rate config: alexscaves:beholder_step
[03Apr2026 19:04:03.243] [ForkJoinPool.commonPool-worker-7/INFO] [Sound Physics - General/]: Unknown sound in sound rate config: alexscaves:beholder_view_idle
[03Apr2026 19:04:03.243] [ForkJoinPool.commonPool-worker-7/INFO] [Sound Physics - General/]: Unknown sound in sound rate config: dangers_in_the_darkness:bite
[03Apr2026 19:04:03.243] [ForkJoinPool.commonPool-worker-7/INFO] [Sound Physics - General/]: Unknown sound in sound rate config: forbidden_arcanus:block.clibano.fire_crackle
[03Apr2026 19:04:03.243] [ForkJoinPool.commonPool-worker-7/INFO] [Sound Physics - General/]: Unknown sound in sound rate config: forbidden_arcanus:block.clibano.soul_fire_crackle
[03Apr2026 19:04:03.243] [ForkJoinPool.commonPool-worker-7/INFO] [Sound Physics - General/]: Unknown sound in sound rate config: cataclysm:block.decorated_pot.break
[03Apr2026 19:04:03.243] [ForkJoinPool.commonPool-worker-7/INFO] [Sound Physics - General/]: Unknown sound in sound rate config: cataclysm:block.decorated_pot.fall
[03Apr2026 19:04:03.243] [ForkJoinPool.commonPool-worker-7/INFO] [Sound Physics - General/]: Unknown sound in sound rate config: cataclysm:block.decorated_pot.hit
[03Apr2026 19:04:03.243] [ForkJoinPool.commonPool-worker-7/INFO] [Sound Physics - General/]: Unknown sound in sound rate config: cataclysm:block.decorated_pot.insert
[03Apr2026 19:04:03.243] [ForkJoinPool.commonPool-worker-7/INFO] [Sound Physics - General/]: Unknown sound in sound rate config: cataclysm:block.decorated_pot.insert_fail
[03Apr2026 19:04:03.243] [ForkJoinPool.commonPool-worker-7/INFO] [Sound Physics - General/]: Unknown sound in sound rate config: cataclysm:block.decorated_pot.place
[03Apr2026 19:04:03.243] [ForkJoinPool.commonPool-worker-7/INFO] [Sound Physics - General/]: Unknown sound in sound rate config: cataclysm:block.decorated_pot.shatter
[03Apr2026 19:04:03.243] [ForkJoinPool.commonPool-worker-7/INFO] [Sound Physics - General/]: Unknown sound in sound rate config: cataclysm:block.decorated_pot.step
[03Apr2026 19:04:03.243] [ForkJoinPool.commonPool-worker-7/INFO] [Sound Physics - General/]: Unknown sound in sound rate config: apocalypse:block.dynamic_trap.activate
[03Apr2026 19:04:03.243] [ForkJoinPool.commonPool-worker-7/INFO] [Sound Physics - General/]: Unknown sound in sound rate config: cataclysm:block.suspicious_gravel.break
[03Apr2026 19:04:03.243] [ForkJoinPool.commonPool-worker-7/INFO] [Sound Physics - General/]: Unknown sound in sound rate config: cataclysm:block.suspicious_gravel.fall
[03Apr2026 19:04:03.243] [ForkJoinPool.commonPool-worker-7/INFO] [Sound Physics - General/]: Unknown sound in sound rate config: cataclysm:block.suspicious_gravel.hit
[03Apr2026 19:04:03.243] [ForkJoinPool.commonPool-worker-7/INFO] [Sound Physics - General/]: Unknown sound in sound rate config: cataclysm:block.suspicious_gravel.place
[03Apr2026 19:04:03.243] [ForkJoinPool.commonPool-worker-7/INFO] [Sound Physics - General/]: Unknown sound in sound rate config: cataclysm:block.suspicious_gravel.step
[03Apr2026 19:04:03.243] [ForkJoinPool.commonPool-worker-7/INFO] [Sound Physics - General/]: Unknown sound in sound rate config: cataclysm:block.suspicious_sand.break
[03Apr2026 19:04:03.243] [ForkJoinPool.commonPool-worker-7/INFO] [Sound Physics - General/]: Unknown sound in sound rate config: cataclysm:block.suspicious_sand.fall
[03Apr2026 19:04:03.243] [ForkJoinPool.commonPool-worker-7/INFO] [Sound Physics - General/]: Unknown sound in sound rate config: cataclysm:block.suspicious_sand.hit
[03Apr2026 19:04:03.243] [ForkJoinPool.commonPool-worker-7/INFO] [Sound Physics - General/]: Unknown sound in sound rate config: cataclysm:block.suspicious_sand.place
[03Apr2026 19:04:03.243] [ForkJoinPool.commonPool-worker-7/INFO] [Sound Physics - General/]: Unknown sound in sound rate config: cataclysm:block.suspicious_sand.step
[03Apr2026 19:04:03.243] [ForkJoinPool.commonPool-worker-7/INFO] [Sound Physics - General/]: Unknown sound in sound rate config: irons_spellbooks:block.trial_spawner.about_to_spawn_item
[03Apr2026 19:04:03.243] [ForkJoinPool.commonPool-worker-7/INFO] [Sound Physics - General/]: Unknown sound in sound rate config: irons_spellbooks:block.trial_spawner.hit
[03Apr2026 19:04:03.243] [ForkJoinPool.commonPool-worker-7/INFO] [Sound Physics - General/]: Unknown sound in sound rate config: irons_spellbooks:block.trial_spawner.ominous_activate
[03Apr2026 19:04:03.243] [ForkJoinPool.commonPool-worker-7/INFO] [Sound Physics - General/]: Unknown sound in sound rate config: irons_spellbooks:block.trial_spawner.spawn_item
[03Apr2026 19:04:03.243] [ForkJoinPool.commonPool-worker-7/INFO] [Sound Physics - General/]: Unknown sound in sound rate config: irons_spellbooks:block.trial_spawner.spawn_item_begin
[03Apr2026 19:04:03.243] [ForkJoinPool.commonPool-worker-7/INFO] [Sound Physics - General/]: Unknown sound in sound rate config: twilightforest:block.twilightforest.ghast_trap.active
[03Apr2026 19:04:03.243] [ForkJoinPool.commonPool-worker-7/INFO] [Sound Physics - General/]: Unknown sound in sound rate config: twilightforest:block.twilightforest.pedestal.activate
[03Apr2026 19:04:03.243] [ForkJoinPool.commonPool-worker-7/INFO] [Sound Physics - General/]: Unknown sound in sound rate config: twilightforest:block.twilightforest.portal.woosh
[03Apr2026 19:04:03.243] [ForkJoinPool.commonPool-worker-7/INFO] [Sound Physics - General/]: Unknown sound in sound rate config: twilightforest:block.twilightforest.reappear.reappear
[03Apr2026 19:04:03.243] [ForkJoinPool.commonPool-worker-7/INFO] [Sound Physics - General/]: Unknown sound in sound rate config: twilightforest:block.twilightforest.reappear.vanish
[03Apr2026 19:04:03.243] [ForkJoinPool.commonPool-worker-7/INFO] [Sound Physics - General/]: Unknown sound in sound rate config: twilightforest:block.twilightforest.slider
[03Apr2026 19:04:03.243] [ForkJoinPool.commonPool-worker-7/INFO] [Sound Physics - General/]: Unknown sound in sound rate config: irons_spellbooks:block.vault.hit
[03Apr2026 19:04:03.244] [ForkJoinPool.commonPool-worker-7/INFO] [Sound Physics - General/]: Unknown sound in sound rate config: theabyss:blue_forest_ambience
[03Apr2026 19:04:03.244] [ForkJoinPool.commonPool-worker-7/INFO] [Sound Physics - General/]: Unknown sound in sound rate config: cataclysm:bolt_strike
[03Apr2026 19:04:03.244] [ForkJoinPool.commonPool-worker-7/INFO] [Sound Physics - General/]: Unknown sound in sound rate config: alexscaves:boundroid_chain_loop
[03Apr2026 19:04:03.244] [ForkJoinPool.commonPool-worker-7/INFO] [Sound Physics - General/]: Unknown sound in sound rate config: alexscaves:boundroid_dazed
[03Apr2026 19:04:03.244] [ForkJoinPool.commonPool-worker-7/INFO] [Sound Physics - General/]: Unknown sound in sound rate config: alexscaves:boundroid_death
[03Apr2026 19:04:03.244] [ForkJoinPool.commonPool-worker-7/INFO] [Sound Physics - General/]: Unknown sound in sound rate config: alexscaves:boundroid_hurt
[03Apr2026 19:04:03.244] [ForkJoinPool.commonPool-worker-7/INFO] [Sound Physics - General/]: Unknown sound in sound rate config: alexscaves:boundroid_idle
[03Apr2026 19:04:03.244] [ForkJoinPool.commonPool-worker-7/INFO] [Sound Physics - General/]: Unknown sound in sound rate config: alexscaves:boundroid_slam
[03Apr2026 19:04:03.244] [ForkJoinPool.commonPool-worker-7/INFO] [Sound Physics - General/]: Unknown sound in sound rate config: alexscaves:brainiac_attack
[03Apr2026 19:04:03.244] [ForkJoinPool.commonPool-worker-7/INFO] [Sound Physics - General/]: Unknown sound in sound rate config: alexscaves:brainiac_death
[03Apr2026 19:04:03.244] [ForkJoinPool.commonPool-worker-7/INFO] [Sound Physics - General/]: Unknown sound in sound rate config: alexscaves:brainiac_hurt
[03Apr2026 19:04:03.244] [ForkJoinPool.commonPool-worker-7/INFO] [Sound Physics - General/]: Unknown sound in sound rate config: alexscaves:brainiac_idle
[03Apr2026 19:04:03.244] [ForkJoinPool.commonPool-worker-7/INFO] [Sound Physics - General/]: Unknown sound in sound rate config: alexscaves:brainiac_lick
[03Apr2026 19:04:03.244] [ForkJoinPool.commonPool-worker-7/INFO] [Sound Physics - General/]: Unknown sound in sound rate config: alexscaves:brainiac_step
[03Apr2026 19:04:03.244] [ForkJoinPool.commonPool-worker-7/INFO] [Sound Physics - General/]: Unknown sound in sound rate config: alexscaves:brainiac_throw
[03Apr2026 19:04:03.244] [ForkJoinPool.commonPool-worker-7/INFO] [Sound Physics - General/]: Unknown sound in sound rate config: alloyed:bronze_bell
[03Apr2026 19:04:03.244] [ForkJoinPool.commonPool-worker-7/INFO] [Sound Physics - General/]: Unknown sound in sound rate config: alexscaves:candicorn_charge_loop
[03Apr2026 19:04:03.244] [ForkJoinPool.commonPool-worker-7/INFO] [Sound Physics - General/]: Unknown sound in sound rate config: alexscaves:candicorn_charge_start
[03Apr2026 19:04:03.244] [ForkJoinPool.commonPool-worker-7/INFO] [Sound Physics - General/]: Unknown sound in sound rate config: alexscaves:candicorn_death
[03Apr2026 19:04:03.244] [ForkJoinPool.commonPool-worker-7/INFO] [Sound Physics - General/]: Unknown sound in sound rate config: alexscaves:candicorn_gallop
[03Apr2026 19:04:03.244] [ForkJoinPool.commonPool-worker-7/INFO] [Sound Physics - General/]: Unknown sound in sound rate config: alexscaves:candicorn_hurt
[03Apr2026 19:04:03.244] [ForkJoinPool.commonPool-worker-7/INFO] [Sound Physics - General/]: Unknown sound in sound rate config: alexscaves:candicorn_idle
[03Apr2026 19:04:03.244] [ForkJoinPool.commonPool-worker-7/INFO] [Sound Physics - General/]: Unknown sound in sound rate config: alexscaves:candicorn_step
[03Apr2026 19:04:03.244] [ForkJoinPool.commonPool-worker-7/INFO] [Sound Physics - General/]: Unknown sound in sound rate config: alexscaves:candy_cane_hook_launch
[03Apr2026 19:04:03.244] [ForkJoinPool.commonPool-worker-7/INFO] [Sound Physics - General/]: Unknown sound in sound rate config: alexscaves:candy_cane_hook_reel
[03Apr2026 19:04:03.244] [ForkJoinPool.commonPool-worker-7/INFO] [Sound Physics - General/]: Unknown sound in sound rate config: alexscaves:candy_cavity_ambience
[03Apr2026 19:04:03.244] [ForkJoinPool.commonPool-worker-7/INFO] [Sound Physics - General/]: Unknown sound in sound rate config: alexscaves:candy_cavity_ambience_additions
[03Apr2026 19:04:03.244] [ForkJoinPool.commonPool-worker-7/INFO] [Sound Physics - General/]: Unknown sound in sound rate config: alexscaves:candy_cavity_ambience_mood
[03Apr2026 19:04:03.244] [ForkJoinPool.commonPool-worker-7/INFO] [Sound Physics - General/]: Unknown sound in sound rate config: alexscaves:candy_cavity_music
[03Apr2026 19:04:03.244] [ForkJoinPool.commonPool-worker-7/INFO] [Sound Physics - General/]: Unknown sound in sound rate config: alexscaves:caniac_attack
[03Apr2026 19:04:03.244] [ForkJoinPool.commonPool-worker-7/INFO] [Sound Physics - General/]: Unknown sound in sound rate config: alexscaves:caniac_death
[03Apr2026 19:04:03.244] [ForkJoinPool.commonPool-worker-7/INFO] [Sound Physics - General/]: Unknown sound in sound rate config: alexscaves:caniac_hurt
[03Apr2026 19:04:03.244] [ForkJoinPool.commonPool-worker-7/INFO] [Sound Physics - General/]: Unknown sound in sound rate config: alexscaves:caniac_idle
[03Apr2026 19:04:03.244] [ForkJoinPool.commonPool-worker-7/INFO] [Sound Physics - General/]: Unknown sound in sound rate config: alexscaves:caniac_swing
[03Apr2026 19:04:03.244] [ForkJoinPool.commonPool-worker-7/INFO] [Sound Physics - General/]: Unknown sound in sound rate config: arcalis_bosses:captaindeadbonetheme
[03Apr2026 19:04:03.244] [ForkJoinPool.commonPool-worker-7/INFO] [Sound Physics - General/]: Unknown sound in sound rate config: alexscaves:caramel_cube_attack
[03Apr2026 19:04:03.244] [ForkJoinPool.commonPool-worker-7/INFO] [Sound Physics - General/]: Unknown sound in sound rate config: alexscaves:caramel_cube_big
[03Apr2026 19:04:03.244] [ForkJoinPool.commonPool-worker-7/INFO] [Sound Physics - General/]: Unknown sound in sound rate config: alexscaves:caramel_cube_small
[03Apr2026 19:04:03.244] [ForkJoinPool.commonPool-worker-7/INFO] [Sound Physics - General/]: Unknown sound in sound rate config: alexscaves:cave_book_close
[03Apr2026 19:04:03.244] [ForkJoinPool.commonPool-worker-7/INFO] [Sound Physics - General/]: Unknown sound in sound rate config: alexscaves:cave_book_open
[03Apr2026 19:04:03.244] [ForkJoinPool.commonPool-worker-7/INFO] [Sound Physics - General/]: Unknown sound in sound rate config: alexscaves:cave_book_turn
[03Apr2026 19:04:03.244] [ForkJoinPool.commonPool-worker-7/INFO] [Sound Physics - General/]: Unknown sound in sound rate config: boss_checklist:checkmark_added
[03Apr2026 19:04:03.244] [ForkJoinPool.commonPool-worker-7/INFO] [Sound Physics - General/]: Unknown sound in sound rate config: boss_checklist:checkmark_deleted
[03Apr2026 19:04:03.244] [ForkJoinPool.commonPool-worker-7/INFO] [Sound Physics - General/]: Unknown sound in sound rate config: alexscaves:cinder_block_break
[03Apr2026 19:04:03.244] [ForkJoinPool.commonPool-worker-7/INFO] [Sound Physics - General/]: Unknown sound in sound rate config: alexscaves:cinder_block_breaking
[03Apr2026 19:04:03.244] [ForkJoinPool.commonPool-worker-7/INFO] [Sound Physics - General/]: Unknown sound in sound rate config: alexscaves:cinder_block_place
[03Apr2026 19:04:03.244] [ForkJoinPool.commonPool-worker-7/INFO] [Sound Physics - General/]: Unknown sound in sound rate config: alexscaves:cinder_block_step
[03Apr2026 19:04:03.244] [ForkJoinPool.commonPool-worker-7/INFO] [Sound Physics - General/]: Unknown sound in sound rate config: alexscaves:conversion_crucible_activate
[03Apr2026 19:04:03.244] [ForkJoinPool.commonPool-worker-7/INFO] [Sound Physics - General/]: Unknown sound in sound rate config: alexscaves:conversion_crucible_add
[03Apr2026 19:04:03.244] [ForkJoinPool.commonPool-worker-7/INFO] [Sound Physics - General/]: Unknown sound in sound rate config: alexscaves:conversion_crucible_convert
[03Apr2026 19:04:03.244] [ForkJoinPool.commonPool-worker-7/INFO] [Sound Physics - General/]: Unknown sound in sound rate config: alexscaves:copper_valve_creak_off
[03Apr2026 19:04:03.244] [ForkJoinPool.commonPool-worker-7/INFO] [Sound Physics - General/]: Unknown sound in sound rate config: alexscaves:copper_valve_creak_on
[03Apr2026 19:04:03.244] [ForkJoinPool.commonPool-worker-7/INFO] [Sound Physics - General/]: Unknown sound in sound rate config: alexscaves:corrodent_attack
[03Apr2026 19:04:03.244] [ForkJoinPool.commonPool-worker-7/INFO] [Sound Physics - General/]: Unknown sound in sound rate config: alexscaves:corrodent_death
[03Apr2026 19:04:03.244] [ForkJoinPool.commonPool-worker-7/INFO] [Sound Physics - General/]: Unknown sound in sound rate config: alexscaves:corrodent_dig_loop
[03Apr2026 19:04:03.244] [ForkJoinPool.commonPool-worker-7/INFO] [Sound Physics - General/]: Unknown sound in sound rate config: alexscaves:corrodent_dig_stop
[03Apr2026 19:04:03.244] [ForkJoinPool.commonPool-worker-7/INFO] [Sound Physics - General/]: Unknown sound in sound rate config: alexscaves:corrodent_hurt
[03Apr2026 19:04:03.244] [ForkJoinPool.commonPool-worker-7/INFO] [Sound Physics - General/]: Unknown sound in sound rate config: alexscaves:corrodent_idle
[03Apr2026 19:04:03.244] [ForkJoinPool.commonPool-worker-7/INFO] [Sound Physics - General/]: Unknown sound in sound rate config: alexscaves:corrodent_teeth
[03Apr2026 19:04:03.244] [ForkJoinPool.commonPool-worker-7/INFO] [Sound Physics - General/]: Unknown sound in sound rate config: scalinghealth:cursed_heart_use
[03Apr2026 19:04:03.244] [ForkJoinPool.commonPool-worker-7/INFO] [Sound Physics - General/]: Unknown sound in sound rate config: alexscaves:dark_cloud_appear
[03Apr2026 19:04:03.244] [ForkJoinPool.commonPool-worker-7/INFO] [Sound Physics - General/]: Unknown sound in sound rate config: alexscaves:dark_cloud_disappear
[03Apr2026 19:04:03.244] [ForkJoinPool.commonPool-worker-7/INFO] [Sound Physics - General/]: Unknown sound in sound rate config: alexscaves:dark_cloud_idle
[03Apr2026 19:04:03.244] [ForkJoinPool.commonPool-worker-7/INFO] [Sound Physics - General/]: Unknown sound in sound rate config: alexscaves:darkness_incarnate_enter
[03Apr2026 19:04:03.244] [ForkJoinPool.commonPool-worker-7/INFO] [Sound Physics - General/]: Unknown sound in sound rate config: alexscaves:darkness_incarnate_exit
[03Apr2026 19:04:03.244] [ForkJoinPool.commonPool-worker-7/INFO] [Sound Physics - General/]: Unknown sound in sound rate config: alexscaves:darkness_incarnate_idle
[03Apr2026 19:04:03.244] [ForkJoinPool.commonPool-worker-7/INFO] [Sound Physics - General/]: Unknown sound in sound rate config: dangers_in_the_darkness:dauntbite
[03Apr2026 19:04:03.244] [ForkJoinPool.commonPool-worker-7/INFO] [Sound Physics - General/]: Unknown sound in sound rate config: dangers_in_the_darkness:daunthurt
[03Apr2026 19:04:03.244] [ForkJoinPool.commonPool-worker-7/INFO] [Sound Physics - General/]: Unknown sound in sound rate config: dangers_in_the_darkness:dauntidle1
[03Apr2026 19:04:03.244] [ForkJoinPool.commonPool-worker-7/INFO] [Sound Physics - General/]: Unknown sound in sound rate config: dangers_in_the_darkness:dauntidle2
[03Apr2026 19:04:03.244] [ForkJoinPool.commonPool-worker-7/INFO] [Sound Physics - General/]: Unknown sound in sound rate config: dangers_in_the_darkness:death
[03Apr2026 19:04:03.244] [ForkJoinPool.commonPool-worker-7/INFO] [Sound Physics - General/]: Unknown sound in sound rate config: arcalis_bosses:deathbringertheme
[03Apr2026 19:04:03.244] [ForkJoinPool.commonPool-worker-7/INFO] [Sound Physics - General/]: Unknown sound in sound rate config: alexscaves:deep_one_admire
[03Apr2026 19:04:03.244] [ForkJoinPool.commonPool-worker-7/INFO] [Sound Physics - General/]: Unknown sound in sound rate config: alexscaves:deep_one_attack
[03Apr2026 19:04:03.244] [ForkJoinPool.commonPool-worker-7/INFO] [Sound Physics - General/]: Unknown sound in sound rate config: alexscaves:deep_one_death
[03Apr2026 19:04:03.244] [ForkJoinPool.commonPool-worker-7/INFO] [Sound Physics - General/]: Unknown sound in sound rate config: alexscaves:deep_one_hostile
[03Apr2026 19:04:03.244] [ForkJoinPool.commonPool-worker-7/INFO] [Sound Physics - General/]: Unknown sound in sound rate config: alexscaves:deep_one_hurt
[03Apr2026 19:04:03.244] [ForkJoinPool.commonPool-worker-7/INFO] [Sound Physics - General/]: Unknown sound in sound rate config: alexscaves:deep_one_idle
[03Apr2026 19:04:03.244] [ForkJoinPool.commonPool-worker-7/INFO] [Sound Physics - General/]: Unknown sound in sound rate config: alexscaves:deep_one_knight_admire
[03Apr2026 19:04:03.244] [ForkJoinPool.commonPool-worker-7/INFO] [Sound Physics - General/]: Unknown sound in sound rate config: alexscaves:deep_one_knight_attack
[03Apr2026 19:04:03.244] [ForkJoinPool.commonPool-worker-7/INFO] [Sound Physics - General/]: Unknown sound in sound rate config: alexscaves:deep_one_knight_death
[03Apr2026 19:04:03.244] [ForkJoinPool.commonPool-worker-7/INFO] [Sound Physics - General/]: Unknown sound in sound rate config: alexscaves:deep_one_knight_hostile
[03Apr2026 19:04:03.244] [ForkJoinPool.commonPool-worker-7/INFO] [Sound Physics - General/]: Unknown sound in sound rate config: alexscaves:deep_one_knight_hurt
[03Apr2026 19:04:03.244] [ForkJoinPool.commonPool-worker-7/INFO] [Sound Physics - General/]: Unknown sound in sound rate config: alexscaves:deep_one_knight_idle
[03Apr2026 19:04:03.244] [ForkJoinPool.commonPool-worker-7/INFO] [Sound Physics - General/]: Unknown sound in sound rate config: alexscaves:deep_one_mage_admire
[03Apr2026 19:04:03.244] [ForkJoinPool.commonPool-worker-7/INFO] [Sound Physics - General/]: Unknown sound in sound rate config: alexscaves:deep_one_mage_attack
[03Apr2026 19:04:03.244] [ForkJoinPool.commonPool-worker-7/INFO] [Sound Physics - General/]: Unknown sound in sound rate config: alexscaves:deep_one_mage_death
[03Apr2026 19:04:03.244] [ForkJoinPool.commonPool-worker-7/INFO] [Sound Physics - General/]: Unknown sound in sound rate config: alexscaves:deep_one_mage_hostile
[03Apr2026 19:04:03.244] [ForkJoinPool.commonPool-worker-7/INFO] [Sound Physics - General/]: Unknown sound in sound rate config: alexscaves:deep_one_mage_hurt
[03Apr2026 19:04:03.244] [ForkJoinPool.commonPool-worker-7/INFO] [Sound Physics - General/]: Unknown sound in sound rate config: alexscaves:deep_one_mage_idle
[03Apr2026 19:04:03.244] [ForkJoinPool.commonPool-worker-7/INFO] [Sound Physics - General/]: Unknown sound in sound rate config: alexscaves:dense_candy_break
[03Apr2026 19:04:03.244] [ForkJoinPool.commonPool-worker-7/INFO] [Sound Physics - General/]: Unknown sound in sound rate config: alexscaves:dense_candy_breaking
[03Apr2026 19:04:03.244] [ForkJoinPool.commonPool-worker-7/INFO] [Sound Physics - General/]: Unknown sound in sound rate config: alexscaves:dense_candy_place
[03Apr2026 19:04:03.244] [ForkJoinPool.commonPool-worker-7/INFO] [Sound Physics - General/]: Unknown sound in sound rate config: alexscaves:dense_candy_step
[03Apr2026 19:04:03.244] [ForkJoinPool.commonPool-worker-7/INFO] [Sound Physics - General/]: Unknown sound in sound rate config: alexscaves:desolate_dagger_hit
[03Apr2026 19:04:03.244] [ForkJoinPool.commonPool-worker-7/INFO] [Sound Physics - General/]: Unknown sound in sound rate config: alexscaves:desolate_dagger_summon
[03Apr2026 19:04:03.245] [ForkJoinPool.commonPool-worker-7/INFO] [Sound Physics - General/]: Unknown sound in sound rate config: alexscaves:disappointment
[03Apr2026 19:04:03.245] [ForkJoinPool.commonPool-worker-7/INFO] [Sound Physics - General/]: Unknown sound in sound rate config: apotheosis:dodge
[03Apr2026 19:04:03.245] [ForkJoinPool.commonPool-worker-7/INFO] [Sound Physics - General/]: Unknown sound in sound rate config: dangers_in_the_darkness:dracohurt
[03Apr2026 19:04:03.245] [ForkJoinPool.commonPool-worker-7/INFO] [Sound Physics - General/]: Unknown sound in sound rate config: dangers_in_the_darkness:dracoidle
[03Apr2026 19:04:03.245] [ForkJoinPool.commonPool-worker-7/INFO] [Sound Physics - General/]: Unknown sound in sound rate config: dangers_in_the_darkness:dracoroar
[03Apr2026 19:04:03.245] [ForkJoinPool.commonPool-worker-7/INFO] [Sound Physics - General/]: Unknown sound in sound rate config: dangers_in_the_darkness:dracotear
[03Apr2026 19:04:03.245] [ForkJoinPool.commonPool-worker-7/INFO] [Sound Physics - General/]: Unknown sound in sound rate config: alexscaves:drain_start
[03Apr2026 19:04:03.245] [ForkJoinPool.commonPool-worker-7/INFO] [Sound Physics - General/]: Unknown sound in sound rate config: alexscaves:drain_stop
[03Apr2026 19:04:03.245] [ForkJoinPool.commonPool-worker-7/INFO] [Sound Physics - General/]: Unknown sound in sound rate config: alexscaves:dreadbow_rain
[03Apr2026 19:04:03.245] [ForkJoinPool.commonPool-worker-7/INFO] [Sound Physics - General/]: Unknown sound in sound rate config: alexscaves:dreadbow_release
[03Apr2026 19:04:03.245] [ForkJoinPool.commonPool-worker-7/INFO] [Sound Physics - General/]: Unknown sound in sound rate config: scalinghealth:enchanted_heart_use
[03Apr2026 19:04:03.245] [ForkJoinPool.commonPool-worker-7/INFO] [Sound Physics - General/]: Unknown sound in sound rate config: cataclysm:enderguardian_music
[03Apr2026 19:04:03.245] [ForkJoinPool.commonPool-worker-7/INFO] [Sound Physics - General/]: Unknown sound in sound rate config: naturalist:entity.alligator.ambient
[03Apr2026 19:04:03.245] [ForkJoinPool.commonPool-worker-7/INFO] [Sound Physics - General/]: Unknown sound in sound rate config: naturalist:entity.alligator.ambient_baby
[03Apr2026 19:04:03.245] [ForkJoinPool.commonPool-worker-7/INFO] [Sound Physics - General/]: Unknown sound in sound rate config: naturalist:entity.alligator.death
[03Apr2026 19:04:03.245] [ForkJoinPool.commonPool-worker-7/INFO] [Sound Physics - General/]: Unknown sound in sound rate config: naturalist:entity.alligator.egg_break
[03Apr2026 19:04:03.245] [ForkJoinPool.commonPool-worker-7/INFO] [Sound Physics - General/]: Unknown sound in sound rate config: naturalist:entity.alligator.egg_crack
[03Apr2026 19:04:03.245] [ForkJoinPool.commonPool-worker-7/INFO] [Sound Physics - General/]: Unknown sound in sound rate config: naturalist:entity.alligator.egg_hatch
[03Apr2026 19:04:03.245] [ForkJoinPool.commonPool-worker-7/INFO] [Sound Physics - General/]: Unknown sound in sound rate config: naturalist:entity.alligator.hurt
[03Apr2026 19:04:03.245] [ForkJoinPool.commonPool-worker-7/INFO] [Sound Physics - General/]: Unknown sound in sound rate config: naturalist:entity.bass.flop
[03Apr2026 19:04:03.245] [ForkJoinPool.commonPool-worker-7/INFO] [Sound Physics - General/]: Unknown sound in sound rate config: naturalist:entity.bear.ambient
[03Apr2026 19:04:03.245] [ForkJoinPool.commonPool-worker-7/INFO] [Sound Physics - General/]: Unknown sound in sound rate config: naturalist:entity.bear.ambient_baby
[03Apr2026 19:04:03.245] [ForkJoinPool.commonPool-worker-7/INFO] [Sound Physics - General/]: Unknown sound in sound rate config: naturalist:entity.bear.death
[03Apr2026 19:04:03.245] [ForkJoinPool.commonPool-worker-7/INFO] [Sound Physics - General/]: Unknown sound in sound rate config: naturalist:entity.bear.eat
[03Apr2026 19:04:03.245] [ForkJoinPool.commonPool-worker-7/INFO] [Sound Physics - General/]: Unknown sound in sound rate config: naturalist:entity.bear.hurt
[03Apr2026 19:04:03.245] [ForkJoinPool.commonPool-worker-7/INFO] [Sound Physics - General/]: Unknown sound in sound rate config: naturalist:entity.bear.hurt_baby
[03Apr2026 19:04:03.245] [ForkJoinPool.commonPool-worker-7/INFO] [Sound Physics - General/]: Unknown sound in sound rate config: naturalist:entity.bear.sleep
[03Apr2026 19:04:03.245] [ForkJoinPool.commonPool-worker-7/INFO] [Sound Physics - General/]: Unknown sound in sound rate config: naturalist:entity.bear.sniff
[03Apr2026 19:04:03.245] [ForkJoinPool.commonPool-worker-7/INFO] [Sound Physics - General/]: Unknown sound in sound rate config: naturalist:entity.bear.spit
[03Apr2026 19:04:03.245] [ForkJoinPool.commonPool-worker-7/INFO] [Sound Physics - General/]: Unknown sound in sound rate config: naturalist:entity.bird.ambient_bluejay
[03Apr2026 19:04:03.245] [ForkJoinPool.commonPool-worker-7/INFO] [Sound Physics - General/]: Unknown sound in sound rate config: naturalist:entity.bird.ambient_canary
[03Apr2026 19:04:03.245] [ForkJoinPool.commonPool-worker-7/INFO] [Sound Physics - General/]: Unknown sound in sound rate config: naturalist:entity.bird.ambient_cardinal
[03Apr2026 19:04:03.245] [ForkJoinPool.commonPool-worker-7/INFO] [Sound Physics - General/]: Unknown sound in sound rate config: naturalist:entity.bird.ambient_finch
[03Apr2026 19:04:03.245] [ForkJoinPool.commonPool-worker-7/INFO] [Sound Physics - General/]: Unknown sound in sound rate config: naturalist:entity.bird.ambient_robin
[03Apr2026 19:04:03.245] [ForkJoinPool.commonPool-worker-7/INFO] [Sound Physics - General/]: Unknown sound in sound rate config: naturalist:entity.bird.ambient_sparrow
[03Apr2026 19:04:03.245] [ForkJoinPool.commonPool-worker-7/INFO] [Sound Physics - General/]: Unknown sound in sound rate config: naturalist:entity.bird.death
[03Apr2026 19:04:03.245] [ForkJoinPool.commonPool-worker-7/INFO] [Sound Physics - General/]: Unknown sound in sound rate config: naturalist:entity.bird.eat
[03Apr2026 19:04:03.245] [ForkJoinPool.commonPool-worker-7/INFO] [Sound Physics - General/]: Unknown sound in sound rate config: naturalist:entity.bird.fly
[03Apr2026 19:04:03.245] [ForkJoinPool.commonPool-worker-7/INFO] [Sound Physics - General/]: Unknown sound in sound rate config: naturalist:entity.bird.hurt
[03Apr2026 19:04:03.245] [ForkJoinPool.commonPool-worker-7/INFO] [Sound Physics - General/]: Unknown sound in sound rate config: naturalist:entity.boar.ambient
[03Apr2026 19:04:03.245] [ForkJoinPool.commonPool-worker-7/INFO] [Sound Physics - General/]: Unknown sound in sound rate config: naturalist:entity.boar.death
[03Apr2026 19:04:03.245] [ForkJoinPool.commonPool-worker-7/INFO] [Sound Physics - General/]: Unknown sound in sound rate config: naturalist:entity.boar.hurt
[03Apr2026 19:04:03.245] [ForkJoinPool.commonPool-worker-7/INFO] [Sound Physics - General/]: Unknown sound in sound rate config: apocalypse:entity.breecher.death
[03Apr2026 19:04:03.245] [ForkJoinPool.commonPool-worker-7/INFO] [Sound Physics - General/]: Unknown sound in sound rate config: apocalypse:entity.breecher.hurt
[03Apr2026 19:04:03.245] [ForkJoinPool.commonPool-worker-7/INFO] [Sound Physics - General/]: Unknown sound in sound rate config: naturalist:entity.catfish.flop
[03Apr2026 19:04:03.245] [ForkJoinPool.commonPool-worker-7/INFO] [Sound Physics - General/]: Unknown sound in sound rate config: naturalist:entity.deer.ambient
[03Apr2026 19:04:03.245] [ForkJoinPool.commonPool-worker-7/INFO] [Sound Physics - General/]: Unknown sound in sound rate config: naturalist:entity.deer.ambient_baby
[03Apr2026 19:04:03.245] [ForkJoinPool.commonPool-worker-7/INFO] [Sound Physics - General/]: Unknown sound in sound rate config: naturalist:entity.deer.hurt
[03Apr2026 19:04:03.245] [ForkJoinPool.commonPool-worker-7/INFO] [Sound Physics - General/]: Unknown sound in sound rate config: naturalist:entity.deer.hurt_baby
[03Apr2026 19:04:03.245] [ForkJoinPool.commonPool-worker-7/INFO] [Sound Physics - General/]: Unknown sound in sound rate config: apocalypse:entity.destroyer.death
[03Apr2026 19:04:03.245] [ForkJoinPool.commonPool-worker-7/INFO] [Sound Physics - General/]: Unknown sound in sound rate config: apocalypse:entity.destroyer.hurt
[03Apr2026 19:04:03.245] [ForkJoinPool.commonPool-worker-7/INFO] [Sound Physics - General/]: Unknown sound in sound rate config: apocalypse:entity.destroyer.shoot
[03Apr2026 19:04:03.245] [ForkJoinPool.commonPool-worker-7/INFO] [Sound Physics - General/]: Unknown sound in sound rate config: apocalypse:entity.destroyer.warn
[03Apr2026 19:04:03.245] [ForkJoinPool.commonPool-worker-7/INFO] [Sound Physics - General/]: Unknown sound in sound rate config: apocalypse:entity.destroyer_fireball.deflect
[03Apr2026 19:04:03.245] [ForkJoinPool.commonPool-worker-7/INFO] [Sound Physics - General/]: Unknown sound in sound rate config: naturalist:entity.dragonfly.loop
[03Apr2026 19:04:03.245] [ForkJoinPool.commonPool-worker-7/INFO] [Sound Physics - General/]: Unknown sound in sound rate config: naturalist:entity.duck.ambient
[03Apr2026 19:04:03.245] [ForkJoinPool.commonPool-worker-7/INFO] [Sound Physics - General/]: Unknown sound in sound rate config: naturalist:entity.duck.death
[03Apr2026 19:04:03.245] [ForkJoinPool.commonPool-worker-7/INFO] [Sound Physics - General/]: Unknown sound in sound rate config: naturalist:entity.duck.hurt
[03Apr2026 19:04:03.245] [ForkJoinPool.commonPool-worker-7/INFO] [Sound Physics - General/]: Unknown sound in sound rate config: naturalist:entity.duck.step
[03Apr2026 19:04:03.245] [ForkJoinPool.commonPool-worker-7/INFO] [Sound Physics - General/]: Unknown sound in sound rate config: naturalist:entity.elephant.ambient
[03Apr2026 19:04:03.245] [ForkJoinPool.commonPool-worker-7/INFO] [Sound Physics - General/]: Unknown sound in sound rate config: naturalist:entity.elephant.hurt
[03Apr2026 19:04:03.245] [ForkJoinPool.commonPool-worker-7/INFO] [Sound Physics - General/]: Unknown sound in sound rate config: forbidden_arcanus:entity.energy_ball.hit
[03Apr2026 19:04:03.245] [ForkJoinPool.commonPool-worker-7/INFO] [Sound Physics - General/]: Unknown sound in sound rate config: forbidden_arcanus:entity.energy_ball.launch
[03Apr2026 19:04:03.246] [ForkJoinPool.commonPool-worker-7/INFO] [Sound Physics - General/]: Unknown sound in sound rate config: apocalypse:entity.fearwolf.death
[03Apr2026 19:04:03.246] [ForkJoinPool.commonPool-worker-7/INFO] [Sound Physics - General/]: Unknown sound in sound rate config: apocalypse:entity.fearwolf.hurt
[03Apr2026 19:04:03.246] [ForkJoinPool.commonPool-worker-7/INFO] [Sound Physics - General/]: Unknown sound in sound rate config: apocalypse:entity.fearwolf.idle
[03Apr2026 19:04:03.246] [ForkJoinPool.commonPool-worker-7/INFO] [Sound Physics - General/]: Unknown sound in sound rate config: apocalypse:entity.fearwolf.step
[03Apr2026 19:04:03.246] [ForkJoinPool.commonPool-worker-7/INFO] [Sound Physics - General/]: Unknown sound in sound rate config: naturalist:entity.firefly.death
[03Apr2026 19:04:03.246] [ForkJoinPool.commonPool-worker-7/INFO] [Sound Physics - General/]: Unknown sound in sound rate config: naturalist:entity.firefly.hide
[03Apr2026 19:04:03.246] [ForkJoinPool.commonPool-worker-7/INFO] [Sound Physics - General/]: Unknown sound in sound rate config: naturalist:entity.firefly.hurt
[03Apr2026 19:04:03.246] [ForkJoinPool.commonPool-worker-7/INFO] [Sound Physics - General/]: Unknown sound in sound rate config: apocalypse:entity.ghost.death
[03Apr2026 19:04:03.246] [ForkJoinPool.commonPool-worker-7/INFO] [Sound Physics - General/]: Unknown sound in sound rate config: apocalypse:entity.ghost.freeze
[03Apr2026 19:04:03.246] [ForkJoinPool.commonPool-worker-7/INFO] [Sound Physics - General/]: Unknown sound in sound rate config: apocalypse:entity.ghost.ghost_freeze
[03Apr2026 19:04:03.246] [ForkJoinPool.commonPool-worker-7/INFO] [Sound Physics - General/]: Unknown sound in sound rate config: apocalypse:entity.ghost.hurt
[03Apr2026 19:04:03.246] [ForkJoinPool.commonPool-worker-7/INFO] [Sound Physics - General/]: Unknown sound in sound rate config: apocalypse:entity.ghost.idle
[03Apr2026 19:04:03.246] [ForkJoinPool.commonPool-worker-7/INFO] [Sound Physics - General/]: Unknown sound in sound rate config: naturalist:entity.giraffe.ambient
[03Apr2026 19:04:03.246] [ForkJoinPool.commonPool-worker-7/INFO] [Sound Physics - General/]: Unknown sound in sound rate config: apocalypse:entity.grump.death
[03Apr2026 19:04:03.246] [ForkJoinPool.commonPool-worker-7/INFO] [Sound Physics - General/]: Unknown sound in sound rate config: apocalypse:entity.grump.eat
[03Apr2026 19:04:03.246] [ForkJoinPool.commonPool-worker-7/INFO] [Sound Physics - General/]: Unknown sound in sound rate config: apocalypse:entity.grump.equip_saddle
[03Apr2026 19:04:03.246] [ForkJoinPool.commonPool-worker-7/INFO] [Sound Physics - General/]: Unknown sound in sound rate config: apocalypse:entity.grump.hurt
[03Apr2026 19:04:03.246] [ForkJoinPool.commonPool-worker-7/INFO] [Sound Physics - General/]: Unknown sound in sound rate config: apocalypse:entity.grump.launch_hook
[03Apr2026 19:04:03.246] [ForkJoinPool.commonPool-worker-7/INFO] [Sound Physics - General/]: Unknown sound in sound rate config: apocalypse:entity.grump.rage
[03Apr2026 19:04:03.246] [ForkJoinPool.commonPool-worker-7/INFO] [Sound Physics - General/]: Unknown sound in sound rate config: naturalist:entity.hippo.ambient
[03Apr2026 19:04:03.246] [ForkJoinPool.commonPool-worker-7/INFO] [Sound Physics - General/]: Unknown sound in sound rate config: naturalist:entity.hippo.hurt
[03Apr2026 19:04:03.246] [ForkJoinPool.commonPool-worker-7/INFO] [Sound Physics - General/]: Unknown sound in sound rate config: naturalist:entity.lion.ambient
[03Apr2026 19:04:03.246] [ForkJoinPool.commonPool-worker-7/INFO] [Sound Physics - General/]: Unknown sound in sound rate config: naturalist:entity.lion.hurt
[03Apr2026 19:04:03.246] [ForkJoinPool.commonPool-worker-7/INFO] [Sound Physics - General/]: Unknown sound in sound rate config: naturalist:entity.lion.roar
[03Apr2026 19:04:03.246] [ForkJoinPool.commonPool-worker-7/INFO] [Sound Physics - General/]: Unknown sound in sound rate config: apocalypse:entity.monster_fish_hook.retrieve
[03Apr2026 19:04:03.246] [ForkJoinPool.commonPool-worker-7/INFO] [Sound Physics - General/]: Unknown sound in sound rate config: naturalist:entity.rhino.ambient
[03Apr2026 19:04:03.246] [ForkJoinPool.commonPool-worker-7/INFO] [Sound Physics - General/]: Unknown sound in sound rate config: naturalist:entity.rhino.ambient_baby
[03Apr2026 19:04:03.246] [ForkJoinPool.commonPool-worker-7/INFO] [Sound Physics - General/]: Unknown sound in sound rate config: naturalist:entity.rhino.scrape
[03Apr2026 19:04:03.246] [ForkJoinPool.commonPool-worker-7/INFO] [Sound Physics - General/]: Unknown sound in sound rate config: naturalist:entity.rubber_ducky.ambient
[03Apr2026 19:04:03.246] [ForkJoinPool.commonPool-worker-7/INFO] [Sound Physics - General/]: Unknown sound in sound rate config: naturalist:entity.rubber_ducky.death
[03Apr2026 19:04:03.246] [ForkJoinPool.commonPool-worker-7/INFO] [Sound Physics - General/]: Unknown sound in sound rate config: naturalist:entity.rubber_ducky.hurt
[03Apr2026 19:04:03.246] [ForkJoinPool.commonPool-worker-7/INFO] [Sound Physics - General/]: Unknown sound in sound rate config: apocalypse:entity.seeker.alert_mobs
[03Apr2026 19:04:03.246] [ForkJoinPool.commonPool-worker-7/INFO] [Sound Physics - General/]: Unknown sound in sound rate config: apocalypse:entity.seeker.death
[03Apr2026 19:04:03.246] [ForkJoinPool.commonPool-worker-7/INFO] [Sound Physics - General/]: Unknown sound in sound rate config: apocalypse:entity.seeker.hurt
[03Apr2026 19:04:03.246] [ForkJoinPool.commonPool-worker-7/INFO] [Sound Physics - General/]: Unknown sound in sound rate config: apocalypse:entity.seeker.shoot
[03Apr2026 19:04:03.246] [ForkJoinPool.commonPool-worker-7/INFO] [Sound Physics - General/]: Unknown sound in sound rate config: apocalypse:entity.seeker.warn
[03Apr2026 19:04:03.246] [ForkJoinPool.commonPool-worker-7/INFO] [Sound Physics - General/]: Unknown sound in sound rate config: apocalypse:entity.seeker_fireball.ignite
[03Apr2026 19:04:03.246] [ForkJoinPool.commonPool-worker-7/INFO] [Sound Physics - General/]: Unknown sound in sound rate config: apocalypse:entity.shadefiend.bite
[03Apr2026 19:04:03.246] [ForkJoinPool.commonPool-worker-7/INFO] [Sound Physics - General/]: Unknown sound in sound rate config: apocalypse:entity.shadefiend.death
[03Apr2026 19:04:03.246] [ForkJoinPool.commonPool-worker-7/INFO] [Sound Physics - General/]: Unknown sound in sound rate config: apocalypse:entity.shadefiend.flap
[03Apr2026 19:04:03.246] [ForkJoinPool.commonPool-worker-7/INFO] [Sound Physics - General/]: Unknown sound in sound rate config: apocalypse:entity.shadefiend.hurt
[03Apr2026 19:04:03.246] [ForkJoinPool.commonPool-worker-7/INFO] [Sound Physics - General/]: Unknown sound in sound rate config: apocalypse:entity.shadefiend.idle
[03Apr2026 19:04:03.246] [ForkJoinPool.commonPool-worker-7/INFO] [Sound Physics - General/]: Unknown sound in sound rate config: naturalist:entity.snail.back
[03Apr2026 19:04:03.246] [ForkJoinPool.commonPool-worker-7/INFO] [Sound Physics - General/]: Unknown sound in sound rate config: naturalist:entity.snail.crush
[03Apr2026 19:04:03.246] [ForkJoinPool.commonPool-worker-7/INFO] [Sound Physics - General/]: Unknown sound in sound rate config: naturalist:entity.snail.forward
[03Apr2026 19:04:03.246] [ForkJoinPool.commonPool-worker-7/INFO] [Sound Physics - General/]: Unknown sound in sound rate config: naturalist:entity.snake.hiss
[03Apr2026 19:04:03.246] [ForkJoinPool.commonPool-worker-7/INFO] [Sound Physics - General/]: Unknown sound in sound rate config: naturalist:entity.snake.hurt
[03Apr2026 19:04:03.246] [ForkJoinPool.commonPool-worker-7/INFO] [Sound Physics - General/]: Unknown sound in sound rate config: naturalist:entity.snake.rattle
[03Apr2026 19:04:03.246] [ForkJoinPool.commonPool-worker-7/INFO] [Sound Physics - General/]: Unknown sound in sound rate config: naturalist:entity.tortoise.death
[03Apr2026 19:04:03.246] [ForkJoinPool.commonPool-worker-7/INFO] [Sound Physics - General/]: Unknown sound in sound rate config: naturalist:entity.tortoise.egg_break
[03Apr2026 19:04:03.246] [ForkJoinPool.commonPool-worker-7/INFO] [Sound Physics - General/]: Unknown sound in sound rate config: naturalist:entity.tortoise.egg_crack
[03Apr2026 19:04:03.246] [ForkJoinPool.commonPool-worker-7/INFO] [Sound Physics - General/]: Unknown sound in sound rate config: naturalist:entity.tortoise.egg_hatch
[03Apr2026 19:04:03.246] [ForkJoinPool.commonPool-worker-7/INFO] [Sound Physics - General/]: Unknown sound in sound rate config: naturalist:entity.tortoise.hide
[03Apr2026 19:04:03.246] [ForkJoinPool.commonPool-worker-7/INFO] [Sound Physics - General/]: Unknown sound in sound rate config: naturalist:entity.tortoise.hurt
[03Apr2026 19:04:03.246] [ForkJoinPool.commonPool-worker-7/INFO] [Sound Physics - General/]: Unknown sound in sound rate config: naturalist:entity.tortoise.thud
[03Apr2026 19:04:03.246] [ForkJoinPool.commonPool-worker-7/INFO] [Sound Physics - General/]: Unknown sound in sound rate config: twilightforest:entity.twilightforest.acid_rain
[03Apr2026 19:04:03.246] [ForkJoinPool.commonPool-worker-7/INFO] [Sound Physics - General/]: Unknown sound in sound rate config: twilightforest:entity.twilightforest.alphayeti.alert
[03Apr2026 19:04:03.246] [ForkJoinPool.commonPool-worker-7/INFO] [Sound Physics - General/]: Unknown sound in sound rate config: twilightforest:entity.twilightforest.alphayeti.death
[03Apr2026 19:04:03.246] [ForkJoinPool.commonPool-worker-7/INFO] [Sound Physics - General/]: Unknown sound in sound rate config: twilightforest:entity.twilightforest.alphayeti.grab
[03Apr2026 19:04:03.246] [ForkJoinPool.commonPool-worker-7/INFO] [Sound Physics - General/]: Unknown sound in sound rate config: twilightforest:entity.twilightforest.alphayeti.growl
[03Apr2026 19:04:03.246] [ForkJoinPool.commonPool-worker-7/INFO] [Sound Physics - General/]: Unknown sound in sound rate config: twilightforest:entity.twilightforest.alphayeti.hurt
[03Apr2026 19:04:03.246] [ForkJoinPool.commonPool-worker-7/INFO] [Sound Physics - General/]: Unknown sound in sound rate config: twilightforest:entity.twilightforest.alphayeti.ice
[03Apr2026 19:04:03.247] [ForkJoinPool.commonPool-worker-7/INFO] [Sound Physics - General/]: Unknown sound in sound rate config: twilightforest:entity.twilightforest.alphayeti.pant
[03Apr2026 19:04:03.247] [ForkJoinPool.commonPool-worker-7/INFO] [Sound Physics - General/]: Unknown sound in sound rate config: twilightforest:entity.twilightforest.alphayeti.parrot
[03Apr2026 19:04:03.247] [ForkJoinPool.commonPool-worker-7/INFO] [Sound Physics - General/]: Unknown sound in sound rate config: twilightforest:entity.twilightforest.alphayeti.roar
[03Apr2026 19:04:03.247] [ForkJoinPool.commonPool-worker-7/INFO] [Sound Physics - General/]: Unknown sound in sound rate config: twilightforest:entity.twilightforest.alphayeti.throw
[03Apr2026 19:04:03.247] [ForkJoinPool.commonPool-worker-7/INFO] [Sound Physics - General/]: Unknown sound in sound rate config: twilightforest:entity.twilightforest.bighorn.ambient
[03Apr2026 19:04:03.247] [ForkJoinPool.commonPool-worker-7/INFO] [Sound Physics - General/]: Unknown sound in sound rate config: twilightforest:entity.twilightforest.bighorn.death
[03Apr2026 19:04:03.247] [ForkJoinPool.commonPool-worker-7/INFO] [Sound Physics - General/]: Unknown sound in sound rate config: twilightforest:entity.twilightforest.bighorn.hurt
[03Apr2026 19:04:03.247] [ForkJoinPool.commonPool-worker-7/INFO] [Sound Physics - General/]: Unknown sound in sound rate config: twilightforest:entity.twilightforest.bighorn.step
[03Apr2026 19:04:03.247] [ForkJoinPool.commonPool-worker-7/INFO] [Sound Physics - General/]: Unknown sound in sound rate config: twilightforest:entity.twilightforest.blockchain.ambient
[03Apr2026 19:04:03.247] [ForkJoinPool.commonPool-worker-7/INFO] [Sound Physics - General/]: Unknown sound in sound rate config: twilightforest:entity.twilightforest.blockchain.death
[03Apr2026 19:04:03.247] [ForkJoinPool.commonPool-worker-7/INFO] [Sound Physics - General/]: Unknown sound in sound rate config: twilightforest:entity.twilightforest.blockchain.hurt
[03Apr2026 19:04:03.247] [ForkJoinPool.commonPool-worker-7/INFO] [Sound Physics - General/]: Unknown sound in sound rate config: twilightforest:entity.twilightforest.broodling.ambient
[03Apr2026 19:04:03.247] [ForkJoinPool.commonPool-worker-7/INFO] [Sound Physics - General/]: Unknown sound in sound rate config: twilightforest:entity.twilightforest.broodling.death
[03Apr2026 19:04:03.247] [ForkJoinPool.commonPool-worker-7/INFO] [Sound Physics - General/]: Unknown sound in sound rate config: twilightforest:entity.twilightforest.broodling.hurt
[03Apr2026 19:04:03.247] [ForkJoinPool.commonPool-worker-7/INFO] [Sound Physics - General/]: Unknown sound in sound rate config: twilightforest:entity.twilightforest.broodling.step
[03Apr2026 19:04:03.247] [ForkJoinPool.commonPool-worker-7/INFO] [Sound Physics - General/]: Unknown sound in sound rate config: twilightforest:entity.twilightforest.carminitegolem.attack
[03Apr2026 19:04:03.247] [ForkJoinPool.commonPool-worker-7/INFO] [Sound Physics - General/]: Unknown sound in sound rate config: twilightforest:entity.twilightforest.carminitegolem.death
[03Apr2026 19:04:03.247] [ForkJoinPool.commonPool-worker-7/INFO] [Sound Physics - General/]: Unknown sound in sound rate config: twilightforest:entity.twilightforest.carminitegolem.hurt
[03Apr2026 19:04:03.247] [ForkJoinPool.commonPool-worker-7/INFO] [Sound Physics - General/]: Unknown sound in sound rate config: twilightforest:entity.twilightforest.carminitegolem.parrot
[03Apr2026 19:04:03.247] [ForkJoinPool.commonPool-worker-7/INFO] [Sound Physics - General/]: Unknown sound in sound rate config: twilightforest:entity.twilightforest.carminitegolem.step
[03Apr2026 19:04:03.247] [ForkJoinPool.commonPool-worker-7/INFO] [Sound Physics - General/]: Unknown sound in sound rate config: twilightforest:entity.twilightforest.cicada
[03Apr2026 19:04:03.247] [ForkJoinPool.commonPool-worker-7/INFO] [Sound Physics - General/]: Unknown sound in sound rate config: twilightforest:entity.twilightforest.druid.ambient
[03Apr2026 19:04:03.247] [ForkJoinPool.commonPool-worker-7/INFO] [Sound Physics - General/]: Unknown sound in sound rate config: twilightforest:entity.twilightforest.druid.death
[03Apr2026 19:04:03.247] [ForkJoinPool.commonPool-worker-7/INFO] [Sound Physics - General/]: Unknown sound in sound rate config: twilightforest:entity.twilightforest.druid.hurt
[03Apr2026 19:04:03.247] [ForkJoinPool.commonPool-worker-7/INFO] [Sound Physics - General/]: Unknown sound in sound rate config: twilightforest:entity.twilightforest.druid.shoot
[03Apr2026 19:04:03.247] [ForkJoinPool.commonPool-worker-7/INFO] [Sound Physics - General/]: Unknown sound in sound rate config: twilightforest:entity.twilightforest.druid.step
[03Apr2026 19:04:03.247] [ForkJoinPool.commonPool-worker-7/INFO] [Sound Physics - General/]: Unknown sound in sound rate config: twilightforest:entity.twilightforest.firebeetle.death
[03Apr2026 19:04:03.247] [ForkJoinPool.commonPool-worker-7/INFO] [Sound Physics - General/]: Unknown sound in sound rate config: twilightforest:entity.twilightforest.firebeetle.hurt
[03Apr2026 19:04:03.247] [ForkJoinPool.commonPool-worker-7/INFO] [Sound Physics - General/]: Unknown sound in sound rate config: twilightforest:entity.twilightforest.firebeetle.shoot
[03Apr2026 19:04:03.247] [ForkJoinPool.commonPool-worker-7/INFO] [Sound Physics - General/]: Unknown sound in sound rate config: twilightforest:entity.twilightforest.firebeetle.step
[03Apr2026 19:04:03.247] [ForkJoinPool.commonPool-worker-7/INFO] [Sound Physics - General/]: Unknown sound in sound rate config: twilightforest:entity.twilightforest.ghastguard.ambient
[03Apr2026 19:04:03.247] [ForkJoinPool.commonPool-worker-7/INFO] [Sound Physics - General/]: Unknown sound in sound rate config: twilightforest:entity.twilightforest.ghastguard.death
[03Apr2026 19:04:03.247] [ForkJoinPool.commonPool-worker-7/INFO] [Sound Physics - General/]: Unknown sound in sound rate config: twilightforest:entity.twilightforest.ghastguard.hurt
[03Apr2026 19:04:03.247] [ForkJoinPool.commonPool-worker-7/INFO] [Sound Physics - General/]: Unknown sound in sound rate config: twilightforest:entity.twilightforest.ghastguard.shoot
[03Apr2026 19:04:03.247] [ForkJoinPool.commonPool-worker-7/INFO] [Sound Physics - General/]: Unknown sound in sound rate config: twilightforest:entity.twilightforest.ghastguard.warn
[03Apr2026 19:04:03.247] [ForkJoinPool.commonPool-worker-7/INFO] [Sound Physics - General/]: Unknown sound in sound rate config: twilightforest:entity.twilightforest.ghastling.ambient
[03Apr2026 19:04:03.247] [ForkJoinPool.commonPool-worker-7/INFO] [Sound Physics - General/]: Unknown sound in sound rate config: twilightforest:entity.twilightforest.ghastling.death
[03Apr2026 19:04:03.247] [ForkJoinPool.commonPool-worker-7/INFO] [Sound Physics - General/]: Unknown sound in sound rate config: twilightforest:entity.twilightforest.ghastling.hurt
[03Apr2026 19:04:03.247] [ForkJoinPool.commonPool-worker-7/INFO] [Sound Physics - General/]: Unknown sound in sound rate config: twilightforest:entity.twilightforest.ghastling.shoot
[03Apr2026 19:04:03.247] [ForkJoinPool.commonPool-worker-7/INFO] [Sound Physics - General/]: Unknown sound in sound rate config: twilightforest:entity.twilightforest.ghastling.warn
[03Apr2026 19:04:03.247] [ForkJoinPool.commonPool-worker-7/INFO] [Sound Physics - General/]: Unknown sound in sound rate config: twilightforest:entity.twilightforest.goblinknight.ambient
[03Apr2026 19:04:03.247] [ForkJoinPool.commonPool-worker-7/INFO] [Sound Physics - General/]: Unknown sound in sound rate config: twilightforest:entity.twilightforest.goblinknight.death
[03Apr2026 19:04:03.247] [ForkJoinPool.commonPool-worker-7/INFO] [Sound Physics - General/]: Unknown sound in sound rate config: twilightforest:entity.twilightforest.goblinknight.hurt
[03Apr2026 19:04:03.247] [ForkJoinPool.commonPool-worker-7/INFO] [Sound Physics - General/]: Unknown sound in sound rate config: twilightforest:entity.twilightforest.goblinknight.muffled.ambient
[03Apr2026 19:04:03.247] [ForkJoinPool.commonPool-worker-7/INFO] [Sound Physics - General/]: Unknown sound in sound rate config: twilightforest:entity.twilightforest.goblinknight.muffled.death
[03Apr2026 19:04:03.247] [ForkJoinPool.commonPool-worker-7/INFO] [Sound Physics - General/]: Unknown sound in sound rate config: twilightforest:entity.twilightforest.goblinknight.muffled.hurt
[03Apr2026 19:04:03.247] [ForkJoinPool.commonPool-worker-7/INFO] [Sound Physics - General/]: Unknown sound in sound rate config: twilightforest:entity.twilightforest.hedgespider.ambient
[03Apr2026 19:04:03.247] [ForkJoinPool.commonPool-worker-7/INFO] [Sound Physics - General/]: Unknown sound in sound rate config: twilightforest:entity.twilightforest.hedgespider.death
[03Apr2026 19:04:03.247] [ForkJoinPool.commonPool-worker-7/INFO] [Sound Physics - General/]: Unknown sound in sound rate config: twilightforest:entity.twilightforest.hedgespider.hurt
[03Apr2026 19:04:03.247] [ForkJoinPool.commonPool-worker-7/INFO] [Sound Physics - General/]: Unknown sound in sound rate config: twilightforest:entity.twilightforest.hedgespider.step
[03Apr2026 19:04:03.247] [ForkJoinPool.commonPool-worker-7/INFO] [Sound Physics - General/]: Unknown sound in sound rate config: twilightforest:entity.twilightforest.helmetcrab.death
[03Apr2026 19:04:03.247] [ForkJoinPool.commonPool-worker-7/INFO] [Sound Physics - General/]: Unknown sound in sound rate config: twilightforest:entity.twilightforest.helmetcrab.hurt
[03Apr2026 19:04:03.247] [ForkJoinPool.commonPool-worker-7/INFO] [Sound Physics - General/]: Unknown sound in sound rate config: twilightforest:entity.twilightforest.helmetcrab.step
[03Apr2026 19:04:03.247] [ForkJoinPool.commonPool-worker-7/INFO] [Sound Physics - General/]: Unknown sound in sound rate config: twilightforest:entity.twilightforest.hostilewolf.ambient
[03Apr2026 19:04:03.247] [ForkJoinPool.commonPool-worker-7/INFO] [Sound Physics - General/]: Unknown sound in sound rate config: twilightforest:entity.twilightforest.hostilewolf.death
[03Apr2026 19:04:03.247] [ForkJoinPool.commonPool-worker-7/INFO] [Sound Physics - General/]: Unknown sound in sound rate config: twilightforest:entity.twilightforest.hostilewolf.hurt
[03Apr2026 19:04:03.247] [ForkJoinPool.commonPool-worker-7/INFO] [Sound Physics - General/]: Unknown sound in sound rate config: twilightforest:entity.twilightforest.hostilewolf.parrot
[03Apr2026 19:04:03.247] [ForkJoinPool.commonPool-worker-7/INFO] [Sound Physics - General/]: Unknown sound in sound rate config: twilightforest:entity.twilightforest.hostilewolf.target
[03Apr2026 19:04:03.247] [ForkJoinPool.commonPool-worker-7/INFO] [Sound Physics - General/]: Unknown sound in sound rate config: twilightforest:entity.twilightforest.hydra.parrot
[03Apr2026 19:04:03.247] [ForkJoinPool.commonPool-worker-7/INFO] [Sound Physics - General/]: Unknown sound in sound rate config: twilightforest:entity.twilightforest.ice.noise
[03Apr2026 19:04:03.247] [ForkJoinPool.commonPool-worker-7/INFO] [Sound Physics - General/]: Unknown sound in sound rate config: twilightforest:entity.twilightforest.icecore.parrot
[03Apr2026 19:04:03.247] [ForkJoinPool.commonPool-worker-7/INFO] [Sound Physics - General/]: Unknown sound in sound rate config: twilightforest:entity.twilightforest.iceguardian.ambient
[03Apr2026 19:04:03.247] [ForkJoinPool.commonPool-worker-7/INFO] [Sound Physics - General/]: Unknown sound in sound rate config: twilightforest:entity.twilightforest.iceguardian.death
[03Apr2026 19:04:03.247] [ForkJoinPool.commonPool-worker-7/INFO] [Sound Physics - General/]: Unknown sound in sound rate config: twilightforest:entity.twilightforest.iceguardian.hurt
[03Apr2026 19:04:03.247] [ForkJoinPool.commonPool-worker-7/INFO] [Sound Physics - General/]: Unknown sound in sound rate config: twilightforest:entity.twilightforest.kingspider.ambient
[03Apr2026 19:04:03.247] [ForkJoinPool.commonPool-worker-7/INFO] [Sound Physics - General/]: Unknown sound in sound rate config: twilightforest:entity.twilightforest.kingspider.death
[03Apr2026 19:04:03.247] [ForkJoinPool.commonPool-worker-7/INFO] [Sound Physics - General/]: Unknown sound in sound rate config: twilightforest:entity.twilightforest.kingspider.hurt
[03Apr2026 19:04:03.247] [ForkJoinPool.commonPool-worker-7/INFO] [Sound Physics - General/]: Unknown sound in sound rate config: twilightforest:entity.twilightforest.kingspider.step
[03Apr2026 19:04:03.247] [ForkJoinPool.commonPool-worker-7/INFO] [Sound Physics - General/]: Unknown sound in sound rate config: twilightforest:entity.twilightforest.kobold.parrot
[03Apr2026 19:04:03.247] [ForkJoinPool.commonPool-worker-7/INFO] [Sound Physics - General/]: Unknown sound in sound rate config: twilightforest:entity.twilightforest.lichclone.hurt
[03Apr2026 19:04:03.247] [ForkJoinPool.commonPool-worker-7/INFO] [Sound Physics - General/]: Unknown sound in sound rate config: twilightforest:entity.twilightforest.loyalzombie.ambient
[03Apr2026 19:04:03.247] [ForkJoinPool.commonPool-worker-7/INFO] [Sound Physics - General/]: Unknown sound in sound rate config: twilightforest:entity.twilightforest.loyalzombie.death
[03Apr2026 19:04:03.247] [ForkJoinPool.commonPool-worker-7/INFO] [Sound Physics - General/]: Unknown sound in sound rate config: twilightforest:entity.twilightforest.loyalzombie.hurt
[03Apr2026 19:04:03.247] [ForkJoinPool.commonPool-worker-7/INFO] [Sound Physics - General/]: Unknown sound in sound rate config: twilightforest:entity.twilightforest.loyalzombie.step
[03Apr2026 19:04:03.247] [ForkJoinPool.commonPool-worker-7/INFO] [Sound Physics - General/]: Unknown sound in sound rate config: twilightforest:entity.twilightforest.loyalzombie.summon
[03Apr2026 19:04:03.247] [ForkJoinPool.commonPool-worker-7/INFO] [Sound Physics - General/]: Unknown sound in sound rate config: twilightforest:entity.twilightforest.mazeslime.death
[03Apr2026 19:04:03.247] [ForkJoinPool.commonPool-worker-7/INFO] [Sound Physics - General/]: Unknown sound in sound rate config: twilightforest:entity.twilightforest.mazeslime.hurt
[03Apr2026 19:04:03.247] [ForkJoinPool.commonPool-worker-7/INFO] [Sound Physics - General/]: Unknown sound in sound rate config: twilightforest:entity.twilightforest.mazeslime.squish
[03Apr2026 19:04:03.247] [ForkJoinPool.commonPool-worker-7/INFO] [Sound Physics - General/]: Unknown sound in sound rate config: twilightforest:entity.twilightforest.mazeslimesmall.death
[03Apr2026 19:04:03.247] [ForkJoinPool.commonPool-worker-7/INFO] [Sound Physics - General/]: Unknown sound in sound rate config: twilightforest:entity.twilightforest.mazeslimesmall.hurt
[03Apr2026 19:04:03.247] [ForkJoinPool.commonPool-worker-7/INFO] [Sound Physics - General/]: Unknown sound in sound rate config: twilightforest:entity.twilightforest.mazeslimesmall.squish
[03Apr2026 19:04:03.247] [ForkJoinPool.commonPool-worker-7/INFO] [Sound Physics - General/]: Unknown sound in sound rate config: twilightforest:entity.twilightforest.minotaur.parrot
[03Apr2026 19:04:03.247] [ForkJoinPool.commonPool-worker-7/INFO] [Sound Physics - General/]: Unknown sound in sound rate config: twilightforest:entity.twilightforest.mistwolf.ambient
[03Apr2026 19:04:03.247] [ForkJoinPool.commonPool-worker-7/INFO] [Sound Physics - General/]: Unknown sound in sound rate config: twilightforest:entity.twilightforest.mistwolf.death
[03Apr2026 19:04:03.247] [ForkJoinPool.commonPool-worker-7/INFO] [Sound Physics - General/]: Unknown sound in sound rate config: twilightforest:entity.twilightforest.mistwolf.hurt
[03Apr2026 19:04:03.247] [ForkJoinPool.commonPool-worker-7/INFO] [Sound Physics - General/]: Unknown sound in sound rate config: twilightforest:entity.twilightforest.mistwolf.target
[03Apr2026 19:04:03.247] [ForkJoinPool.commonPool-worker-7/INFO] [Sound Physics - General/]: Unknown sound in sound rate config: twilightforest:entity.twilightforest.mosquito.parrot
[03Apr2026 19:04:03.247] [ForkJoinPool.commonPool-worker-7/INFO] [Sound Physics - General/]: Unknown sound in sound rate config: twilightforest:entity.twilightforest.naga.parrot
[03Apr2026 19:04:03.247] [ForkJoinPool.commonPool-worker-7/INFO] [Sound Physics - General/]: Unknown sound in sound rate config: twilightforest:entity.twilightforest.phantom.ambient
[03Apr2026 19:04:03.247] [ForkJoinPool.commonPool-worker-7/INFO] [Sound Physics - General/]: Unknown sound in sound rate config: twilightforest:entity.twilightforest.phantom.axe
[03Apr2026 19:04:03.247] [ForkJoinPool.commonPool-worker-7/INFO] [Sound Physics - General/]: Unknown sound in sound rate config: twilightforest:entity.twilightforest.phantom.death
[03Apr2026 19:04:03.247] [ForkJoinPool.commonPool-worker-7/INFO] [Sound Physics - General/]: Unknown sound in sound rate config: twilightforest:entity.twilightforest.phantom.hurt
[03Apr2026 19:04:03.247] [ForkJoinPool.commonPool-worker-7/INFO] [Sound Physics - General/]: Unknown sound in sound rate config: twilightforest:entity.twilightforest.phantom.pick
[03Apr2026 19:04:03.247] [ForkJoinPool.commonPool-worker-7/INFO] [Sound Physics - General/]: Unknown sound in sound rate config: twilightforest:entity.twilightforest.pinchbeetle.death
[03Apr2026 19:04:03.247] [ForkJoinPool.commonPool-worker-7/INFO] [Sound Physics - General/]: Unknown sound in sound rate config: twilightforest:entity.twilightforest.pinchbeetle.hurt
[03Apr2026 19:04:03.247] [ForkJoinPool.commonPool-worker-7/INFO] [Sound Physics - General/]: Unknown sound in sound rate config: twilightforest:entity.twilightforest.pinchbeetle.step
[03Apr2026 19:04:03.247] [ForkJoinPool.commonPool-worker-7/INFO] [Sound Physics - General/]: Unknown sound in sound rate config: twilightforest:entity.twilightforest.quest.ambient
[03Apr2026 19:04:03.247] [ForkJoinPool.commonPool-worker-7/INFO] [Sound Physics - General/]: Unknown sound in sound rate config: twilightforest:entity.twilightforest.quest.death
[03Apr2026 19:04:03.247] [ForkJoinPool.commonPool-worker-7/INFO] [Sound Physics - General/]: Unknown sound in sound rate config: twilightforest:entity.twilightforest.quest.hurt
[03Apr2026 19:04:03.248] [ForkJoinPool.commonPool-worker-7/INFO] [Sound Physics - General/]: Unknown sound in sound rate config: twilightforest:entity.twilightforest.quest.step
[03Apr2026 19:04:03.248] [ForkJoinPool.commonPool-worker-7/INFO] [Sound Physics - General/]: Unknown sound in sound rate config: twilightforest:entity.twilightforest.redcap.parrot
[03Apr2026 19:04:03.248] [ForkJoinPool.commonPool-worker-7/INFO] [Sound Physics - General/]: Unknown sound in sound rate config: twilightforest:entity.twilightforest.slimebeetle.death
[03Apr2026 19:04:03.248] [ForkJoinPool.commonPool-worker-7/INFO] [Sound Physics - General/]: Unknown sound in sound rate config: twilightforest:entity.twilightforest.slimebeetle.hurt
[03Apr2026 19:04:03.248] [ForkJoinPool.commonPool-worker-7/INFO] [Sound Physics - General/]: Unknown sound in sound rate config: twilightforest:entity.twilightforest.slimebeetle.squish
[03Apr2026 19:04:03.248] [ForkJoinPool.commonPool-worker-7/INFO] [Sound Physics - General/]: Unknown sound in sound rate config: twilightforest:entity.twilightforest.slimebeetle.step
[03Apr2026 19:04:03.248] [ForkJoinPool.commonPool-worker-7/INFO] [Sound Physics - General/]: Unknown sound in sound rate config: twilightforest:entity.twilightforest.snowqueen.ambient
[03Apr2026 19:04:03.248] [ForkJoinPool.commonPool-worker-7/INFO] [Sound Physics - General/]: Unknown sound in sound rate config: twilightforest:entity.twilightforest.snowqueen.attack
[03Apr2026 19:04:03.248] [ForkJoinPool.commonPool-worker-7/INFO] [Sound Physics - General/]: Unknown sound in sound rate config: twilightforest:entity.twilightforest.snowqueen.break
[03Apr2026 19:04:03.248] [ForkJoinPool.commonPool-worker-7/INFO] [Sound Physics - General/]: Unknown sound in sound rate config: twilightforest:entity.twilightforest.snowqueen.death
[03Apr2026 19:04:03.248] [ForkJoinPool.commonPool-worker-7/INFO] [Sound Physics - General/]: Unknown sound in sound rate config: twilightforest:entity.twilightforest.snowqueen.hurt
[03Apr2026 19:04:03.248] [ForkJoinPool.commonPool-worker-7/INFO] [Sound Physics - General/]: Unknown sound in sound rate config: twilightforest:entity.twilightforest.swarmspider.ambient
[03Apr2026 19:04:03.248] [ForkJoinPool.commonPool-worker-7/INFO] [Sound Physics - General/]: Unknown sound in sound rate config: twilightforest:entity.twilightforest.swarmspider.death
[03Apr2026 19:04:03.248] [ForkJoinPool.commonPool-worker-7/INFO] [Sound Physics - General/]: Unknown sound in sound rate config: twilightforest:entity.twilightforest.swarmspider.hurt
[03Apr2026 19:04:03.248] [ForkJoinPool.commonPool-worker-7/INFO] [Sound Physics - General/]: Unknown sound in sound rate config: twilightforest:entity.twilightforest.swarmspider.step
[03Apr2026 19:04:03.248] [ForkJoinPool.commonPool-worker-7/INFO] [Sound Physics - General/]: Unknown sound in sound rate config: twilightforest:entity.twilightforest.termite.ambient
[03Apr2026 19:04:03.248] [ForkJoinPool.commonPool-worker-7/INFO] [Sound Physics - General/]: Unknown sound in sound rate config: twilightforest:entity.twilightforest.termite.death
[03Apr2026 19:04:03.248] [ForkJoinPool.commonPool-worker-7/INFO] [Sound Physics - General/]: Unknown sound in sound rate config: twilightforest:entity.twilightforest.termite.hurt
[03Apr2026 19:04:03.248] [ForkJoinPool.commonPool-worker-7/INFO] [Sound Physics - General/]: Unknown sound in sound rate config: twilightforest:entity.twilightforest.termite.step
[03Apr2026 19:04:03.248] [ForkJoinPool.commonPool-worker-7/INFO] [Sound Physics - General/]: Unknown sound in sound rate config: twilightforest:entity.twilightforest.tinybird.chirp
[03Apr2026 19:04:03.248] [ForkJoinPool.commonPool-worker-7/INFO] [Sound Physics - General/]: Unknown sound in sound rate config: twilightforest:entity.twilightforest.tinybird.hurt
[03Apr2026 19:04:03.248] [ForkJoinPool.commonPool-worker-7/INFO] [Sound Physics - General/]: Unknown sound in sound rate config: twilightforest:entity.twilightforest.tinybird.song
[03Apr2026 19:04:03.248] [ForkJoinPool.commonPool-worker-7/INFO] [Sound Physics - General/]: Unknown sound in sound rate config: twilightforest:entity.twilightforest.tinybird.takeoff
[03Apr2026 19:04:03.248] [ForkJoinPool.commonPool-worker-7/INFO] [Sound Physics - General/]: Unknown sound in sound rate config: twilightforest:entity.twilightforest.tome.ambient
[03Apr2026 19:04:03.248] [ForkJoinPool.commonPool-worker-7/INFO] [Sound Physics - General/]: Unknown sound in sound rate config: twilightforest:entity.twilightforest.tome.death
[03Apr2026 19:04:03.248] [ForkJoinPool.commonPool-worker-7/INFO] [Sound Physics - General/]: Unknown sound in sound rate config: twilightforest:entity.twilightforest.tome.hurt
[03Apr2026 19:04:03.248] [ForkJoinPool.commonPool-worker-7/INFO] [Sound Physics - General/]: Unknown sound in sound rate config: twilightforest:entity.twilightforest.tome.parrot
[03Apr2026 19:04:03.248] [ForkJoinPool.commonPool-worker-7/INFO] [Sound Physics - General/]: Unknown sound in sound rate config: twilightforest:entity.twilightforest.urghast.ambient
[03Apr2026 19:04:03.248] [ForkJoinPool.commonPool-worker-7/INFO] [Sound Physics - General/]: Unknown sound in sound rate config: twilightforest:entity.twilightforest.urghast.death
[03Apr2026 19:04:03.248] [ForkJoinPool.commonPool-worker-7/INFO] [Sound Physics - General/]: Unknown sound in sound rate config: twilightforest:entity.twilightforest.urghast.hurt
[03Apr2026 19:04:03.248] [ForkJoinPool.commonPool-worker-7/INFO] [Sound Physics - General/]: Unknown sound in sound rate config: twilightforest:entity.twilightforest.urghast.shoot
[03Apr2026 19:04:03.248] [ForkJoinPool.commonPool-worker-7/INFO] [Sound Physics - General/]: Unknown sound in sound rate config: twilightforest:entity.twilightforest.urghast.warn
[03Apr2026 19:04:03.248] [ForkJoinPool.commonPool-worker-7/INFO] [Sound Physics - General/]: Unknown sound in sound rate config: twilightforest:entity.twilightforest.winterwolf.ambient
[03Apr2026 19:04:03.248] [ForkJoinPool.commonPool-worker-7/INFO] [Sound Physics - General/]: Unknown sound in sound rate config: twilightforest:entity.twilightforest.winterwolf.death
[03Apr2026 19:04:03.248] [ForkJoinPool.commonPool-worker-7/INFO] [Sound Physics - General/]: Unknown sound in sound rate config: twilightforest:entity.twilightforest.winterwolf.hurt
[03Apr2026 19:04:03.248] [ForkJoinPool.commonPool-worker-7/INFO] [Sound Physics - General/]: Unknown sound in sound rate config: twilightforest:entity.twilightforest.winterwolf.shoot
[03Apr2026 19:04:03.248] [ForkJoinPool.commonPool-worker-7/INFO] [Sound Physics - General/]: Unknown sound in sound rate config: twilightforest:entity.twilightforest.winterwolf.target
[03Apr2026 19:04:03.248] [ForkJoinPool.commonPool-worker-7/INFO] [Sound Physics - General/]: Unknown sound in sound rate config: twilightforest:entity.twilightforest.wraith.parrot
[03Apr2026 19:04:03.248] [ForkJoinPool.commonPool-worker-7/INFO] [Sound Physics - General/]: Unknown sound in sound rate config: naturalist:entity.vulture.ambient
[03Apr2026 19:04:03.248] [ForkJoinPool.commonPool-worker-7/INFO] [Sound Physics - General/]: Unknown sound in sound rate config: naturalist:entity.vulture.death
[03Apr2026 19:04:03.248] [ForkJoinPool.commonPool-worker-7/INFO] [Sound Physics - General/]: Unknown sound in sound rate config: naturalist:entity.vulture.hurt
[03Apr2026 19:04:03.248] [ForkJoinPool.commonPool-worker-7/INFO] [Sound Physics - General/]: Unknown sound in sound rate config: naturalist:entity.zebra.ambient
[03Apr2026 19:04:03.248] [ForkJoinPool.commonPool-worker-7/INFO] [Sound Physics - General/]: Unknown sound in sound rate config: naturalist:entity.zebra.angry
[03Apr2026 19:04:03.248] [ForkJoinPool.commonPool-worker-7/INFO] [Sound Physics - General/]: Unknown sound in sound rate config: naturalist:entity.zebra.breathe
[03Apr2026 19:04:03.248] [ForkJoinPool.commonPool-worker-7/INFO] [Sound Physics - General/]: Unknown sound in sound rate config: naturalist:entity.zebra.death
[03Apr2026 19:04:03.248] [ForkJoinPool.commonPool-worker-7/INFO] [Sound Physics - General/]: Unknown sound in sound rate config: naturalist:entity.zebra.eat
[03Apr2026 19:04:03.248] [ForkJoinPool.commonPool-worker-7/INFO] [Sound Physics - General/]: Unknown sound in sound rate config: naturalist:entity.zebra.hurt
[03Apr2026 19:04:03.248] [ForkJoinPool.commonPool-worker-7/INFO] [Sound Physics - General/]: Unknown sound in sound rate config: naturalist:entity.zebra.jump
[03Apr2026 19:04:03.248] [ForkJoinPool.commonPool-worker-7/INFO] [Sound Physics - General/]: Unknown sound in sound rate config: worthy_bosses:explosion
[03Apr2026 19:04:03.248] [ForkJoinPool.commonPool-worker-7/INFO] [Sound Physics - General/]: Unknown sound in sound rate config: alexscaves:extinction_spear_hit
[03Apr2026 19:04:03.248] [ForkJoinPool.commonPool-worker-7/INFO] [Sound Physics - General/]: Unknown sound in sound rate config: alexscaves:extinction_spear_summon
[03Apr2026 19:04:03.248] [ForkJoinPool.commonPool-worker-7/INFO] [Sound Physics - General/]: Unknown sound in sound rate config: alexscaves:extinction_spear_throw
[03Apr2026 19:04:03.248] [ForkJoinPool.commonPool-worker-7/INFO] [Sound Physics - General/]: Unknown sound in sound rate config: alexscaves:ferrouslime_combine
[03Apr2026 19:04:03.248] [ForkJoinPool.commonPool-worker-7/INFO] [Sound Physics - General/]: Unknown sound in sound rate config: alexscaves:ferrouslime_death
[03Apr2026 19:04:03.248] [ForkJoinPool.commonPool-worker-7/INFO] [Sound Physics - General/]: Unknown sound in sound rate config: alexscaves:ferrouslime_hurt
[03Apr2026 19:04:03.248] [ForkJoinPool.commonPool-worker-7/INFO] [Sound Physics - General/]: Unknown sound in sound rate config: alexscaves:ferrouslime_move_loop
[03Apr2026 19:04:03.248] [ForkJoinPool.commonPool-worker-7/INFO] [Sound Physics - General/]: Unknown sound in sound rate config: dangers_in_the_darkness:feverchase
[03Apr2026 19:04:03.248] [ForkJoinPool.commonPool-worker-7/INFO] [Sound Physics - General/]: Unknown sound in sound rate config: dangers_in_the_darkness:feverintim
[03Apr2026 19:04:03.248] [ForkJoinPool.commonPool-worker-7/INFO] [Sound Physics - General/]: Unknown sound in sound rate config: dangers_in_the_darkness:feverroar
[03Apr2026 19:04:03.248] [ForkJoinPool.commonPool-worker-7/INFO] [Sound Physics - General/]: Unknown sound in sound rate config: dangers_in_the_darkness:feverspawn
[03Apr2026 19:04:03.248] [ForkJoinPool.commonPool-worker-7/INFO] [Sound Physics - General/]: Unknown sound in sound rate config: dangers_in_the_darkness:feverstartchase
[03Apr2026 19:04:03.248] [ForkJoinPool.commonPool-worker-7/INFO] [Sound Physics - General/]: Unknown sound in sound rate config: alexscaves:flood_basalt_break
[03Apr2026 19:04:03.248] [ForkJoinPool.commonPool-worker-7/INFO] [Sound Physics - General/]: Unknown sound in sound rate config: alexscaves:flood_basalt_breaking
[03Apr2026 19:04:03.248] [ForkJoinPool.commonPool-worker-7/INFO] [Sound Physics - General/]: Unknown sound in sound rate config: alexscaves:flood_basalt_place
[03Apr2026 19:04:03.248] [ForkJoinPool.commonPool-worker-7/INFO] [Sound Physics - General/]: Unknown sound in sound rate config: alexscaves:flood_basalt_step
[03Apr2026 19:04:03.248] [ForkJoinPool.commonPool-worker-7/INFO] [Sound Physics - General/]: Unknown sound in sound rate config: alexscaves:forlorn_hollows_ambience
[03Apr2026 19:04:03.248] [ForkJoinPool.commonPool-worker-7/INFO] [Sound Physics - General/]: Unknown sound in sound rate config: alexscaves:forlorn_hollows_ambience_additions
[03Apr2026 19:04:03.248] [ForkJoinPool.commonPool-worker-7/INFO] [Sound Physics - General/]: Unknown sound in sound rate config: alexscaves:forlorn_hollows_ambience_mood
[03Apr2026 19:04:03.248] [ForkJoinPool.commonPool-worker-7/INFO] [Sound Physics - General/]: Unknown sound in sound rate config: alexscaves:forlorn_hollows_music
[03Apr2026 19:04:03.248] [ForkJoinPool.commonPool-worker-7/INFO] [Sound Physics - General/]: Unknown sound in sound rate config: alexscaves:forsaken_aoe
[03Apr2026 19:04:03.248] [ForkJoinPool.commonPool-worker-7/INFO] [Sound Physics - General/]: Unknown sound in sound rate config: alexscaves:forsaken_bite
[03Apr2026 19:04:03.248] [ForkJoinPool.commonPool-worker-7/INFO] [Sound Physics - General/]: Unknown sound in sound rate config: alexscaves:forsaken_death
[03Apr2026 19:04:03.248] [ForkJoinPool.commonPool-worker-7/INFO] [Sound Physics - General/]: Unknown sound in sound rate config: alexscaves:forsaken_grab
[03Apr2026 19:04:03.248] [ForkJoinPool.commonPool-worker-7/INFO] [Sound Physics - General/]: Unknown sound in sound rate config: alexscaves:forsaken_hurt
[03Apr2026 19:04:03.248] [ForkJoinPool.commonPool-worker-7/INFO] [Sound Physics - General/]: Unknown sound in sound rate config: alexscaves:forsaken_idle
[03Apr2026 19:04:03.248] [ForkJoinPool.commonPool-worker-7/INFO] [Sound Physics - General/]: Unknown sound in sound rate config: alexscaves:forsaken_leap
[03Apr2026 19:04:03.248] [ForkJoinPool.commonPool-worker-7/INFO] [Sound Physics - General/]: Unknown sound in sound rate config: alexscaves:forsaken_screech
[03Apr2026 19:04:03.249] [ForkJoinPool.commonPool-worker-7/INFO] [Sound Physics - General/]: Unknown sound in sound rate config: alexscaves:forsaken_spawn
[03Apr2026 19:04:03.249] [ForkJoinPool.commonPool-worker-7/INFO] [Sound Physics - General/]: Unknown sound in sound rate config: alexscaves:forsaken_step
[03Apr2026 19:04:03.249] [ForkJoinPool.commonPool-worker-7/INFO] [Sound Physics - General/]: Unknown sound in sound rate config: alexscaves:frostmint_spear_hit
[03Apr2026 19:04:03.249] [ForkJoinPool.commonPool-worker-7/INFO] [Sound Physics - General/]: Unknown sound in sound rate config: alexscaves:frostmint_spear_throw
[03Apr2026 19:04:03.249] [ForkJoinPool.commonPool-worker-7/INFO] [Sound Physics - General/]: Unknown sound in sound rate config: alexscaves:fusion_music_disc
[03Apr2026 19:04:03.249] [ForkJoinPool.commonPool-worker-7/INFO] [Sound Physics - General/]: Unknown sound in sound rate config: alexscaves:galena_gauntlet_stop
[03Apr2026 19:04:03.249] [ForkJoinPool.commonPool-worker-7/INFO] [Sound Physics - General/]: Unknown sound in sound rate config: alexscaves:galena_gauntlet_use_loop
[03Apr2026 19:04:03.249] [ForkJoinPool.commonPool-worker-7/INFO] [Sound Physics - General/]: Unknown sound in sound rate config: alexscaves:gammaroach_attack
[03Apr2026 19:04:03.249] [ForkJoinPool.commonPool-worker-7/INFO] [Sound Physics - General/]: Unknown sound in sound rate config: alexscaves:gammaroach_death
[03Apr2026 19:04:03.249] [ForkJoinPool.commonPool-worker-7/INFO] [Sound Physics - General/]: Unknown sound in sound rate config: alexscaves:gammaroach_hurt
[03Apr2026 19:04:03.249] [ForkJoinPool.commonPool-worker-7/INFO] [Sound Physics - General/]: Unknown sound in sound rate config: alexscaves:gammaroach_idle
[03Apr2026 19:04:03.249] [ForkJoinPool.commonPool-worker-7/INFO] [Sound Physics - General/]: Unknown sound in sound rate config: alexscaves:gammaroach_spray
[03Apr2026 19:04:03.249] [ForkJoinPool.commonPool-worker-7/INFO] [Sound Physics - General/]: Unknown sound in sound rate config: alexscaves:gammaroach_step
[03Apr2026 19:04:03.249] [ForkJoinPool.commonPool-worker-7/INFO] [Sound Physics - General/]: Unknown sound in sound rate config: alexscaves:geothermal_vent_bubble
[03Apr2026 19:04:03.249] [ForkJoinPool.commonPool-worker-7/INFO] [Sound Physics - General/]: Unknown sound in sound rate config: alexscaves:geothermal_vent_bubble_underwater
[03Apr2026 19:04:03.249] [ForkJoinPool.commonPool-worker-7/INFO] [Sound Physics - General/]: Unknown sound in sound rate config: dangers_in_the_darkness:giantattack
[03Apr2026 19:04:03.249] [ForkJoinPool.commonPool-worker-7/INFO] [Sound Physics - General/]: Unknown sound in sound rate config: dangers_in_the_darkness:giantdeath
[03Apr2026 19:04:03.249] [ForkJoinPool.commonPool-worker-7/INFO] [Sound Physics - General/]: Unknown sound in sound rate config: dangers_in_the_darkness:gianthurt
[03Apr2026 19:04:03.249] [ForkJoinPool.commonPool-worker-7/INFO] [Sound Physics - General/]: Unknown sound in sound rate config: dangers_in_the_darkness:giantidles
[03Apr2026 19:04:03.249] [ForkJoinPool.commonPool-worker-7/INFO] [Sound Physics - General/]: Unknown sound in sound rate config: dangers_in_the_darkness:giantstep
[03Apr2026 19:04:03.249] [ForkJoinPool.commonPool-worker-7/INFO] [Sound Physics - General/]: Unknown sound in sound rate config: alexscaves:gingerbread_man_attack
[03Apr2026 19:04:03.249] [ForkJoinPool.commonPool-worker-7/INFO] [Sound Physics - General/]: Unknown sound in sound rate config: alexscaves:gingerbread_man_death
[03Apr2026 19:04:03.249] [ForkJoinPool.commonPool-worker-7/INFO] [Sound Physics - General/]: Unknown sound in sound rate config: alexscaves:gingerbread_man_hurt
[03Apr2026 19:04:03.249] [ForkJoinPool.commonPool-worker-7/INFO] [Sound Physics - General/]: Unknown sound in sound rate config: alexscaves:gingerbread_man_idle
[03Apr2026 19:04:03.249] [ForkJoinPool.commonPool-worker-7/INFO] [Sound Physics - General/]: Unknown sound in sound rate config: alexscaves:gingerbread_man_talk
[03Apr2026 19:04:03.249] [ForkJoinPool.commonPool-worker-7/INFO] [Sound Physics - General/]: Unknown sound in sound rate config: alexscaves:gloomoth_death
[03Apr2026 19:04:03.249] [ForkJoinPool.commonPool-worker-7/INFO] [Sound Physics - General/]: Unknown sound in sound rate config: alexscaves:gloomoth_flap
[03Apr2026 19:04:03.249] [ForkJoinPool.commonPool-worker-7/INFO] [Sound Physics - General/]: Unknown sound in sound rate config: alexscaves:gloomoth_hurt
[03Apr2026 19:04:03.249] [ForkJoinPool.commonPool-worker-7/INFO] [Sound Physics - General/]: Unknown sound in sound rate config: alexscaves:gobthumper_thump
[03Apr2026 19:04:03.249] [ForkJoinPool.commonPool-worker-7/INFO] [Sound Physics - General/]: Unknown sound in sound rate config: alexscaves:gossamer_worm_death
[03Apr2026 19:04:03.249] [ForkJoinPool.commonPool-worker-7/INFO] [Sound Physics - General/]: Unknown sound in sound rate config: alexscaves:gossamer_worm_hurt
[03Apr2026 19:04:03.249] [ForkJoinPool.commonPool-worker-7/INFO] [Sound Physics - General/]: Unknown sound in sound rate config: alexscaves:gossamer_worm_idle
[03Apr2026 19:04:03.249] [ForkJoinPool.commonPool-worker-7/INFO] [Sound Physics - General/]: Unknown sound in sound rate config: alexscaves:grottoceratops_attack
[03Apr2026 19:04:03.249] [ForkJoinPool.commonPool-worker-7/INFO] [Sound Physics - General/]: Unknown sound in sound rate config: alexscaves:grottoceratops_call
[03Apr2026 19:04:03.249] [ForkJoinPool.commonPool-worker-7/INFO] [Sound Physics - General/]: Unknown sound in sound rate config: alexscaves:grottoceratops_death
[03Apr2026 19:04:03.249] [ForkJoinPool.commonPool-worker-7/INFO] [Sound Physics - General/]: Unknown sound in sound rate config: alexscaves:grottoceratops_graze
[03Apr2026 19:04:03.249] [ForkJoinPool.commonPool-worker-7/INFO] [Sound Physics - General/]: Unknown sound in sound rate config: alexscaves:grottoceratops_hurt
[03Apr2026 19:04:03.249] [ForkJoinPool.commonPool-worker-7/INFO] [Sound Physics - General/]: Unknown sound in sound rate config: alexscaves:grottoceratops_idle
[03Apr2026 19:04:03.249] [ForkJoinPool.commonPool-worker-7/INFO] [Sound Physics - General/]: Unknown sound in sound rate config: alexscaves:grottoceratops_step
[03Apr2026 19:04:03.249] [ForkJoinPool.commonPool-worker-7/INFO] [Sound Physics - General/]: Unknown sound in sound rate config: alexscaves:gum_worm_attack
[03Apr2026 19:04:03.249] [ForkJoinPool.commonPool-worker-7/INFO] [Sound Physics - General/]: Unknown sound in sound rate config: alexscaves:gum_worm_death
[03Apr2026 19:04:03.249] [ForkJoinPool.commonPool-worker-7/INFO] [Sound Physics - General/]: Unknown sound in sound rate config: alexscaves:gum_worm_dig_loop
[03Apr2026 19:04:03.249] [ForkJoinPool.commonPool-worker-7/INFO] [Sound Physics - General/]: Unknown sound in sound rate config: alexscaves:gum_worm_dig_stop
[03Apr2026 19:04:03.249] [ForkJoinPool.commonPool-worker-7/INFO] [Sound Physics - General/]: Unknown sound in sound rate config: alexscaves:gum_worm_hurt
[03Apr2026 19:04:03.249] [ForkJoinPool.commonPool-worker-7/INFO] [Sound Physics - General/]: Unknown sound in sound rate config: alexscaves:gum_worm_idle
[03Apr2026 19:04:03.249] [ForkJoinPool.commonPool-worker-7/INFO] [Sound Physics - General/]: Unknown sound in sound rate config: alexscaves:gumball_bounce
[03Apr2026 19:04:03.249] [ForkJoinPool.commonPool-worker-7/INFO] [Sound Physics - General/]: Unknown sound in sound rate config: alexscaves:gumball_hit
[03Apr2026 19:04:03.249] [ForkJoinPool.commonPool-worker-7/INFO] [Sound Physics - General/]: Unknown sound in sound rate config: alexscaves:gumball_launch
[03Apr2026 19:04:03.249] [ForkJoinPool.commonPool-worker-7/INFO] [Sound Physics - General/]: Unknown sound in sound rate config: alexscaves:gumbeeper_death
[03Apr2026 19:04:03.249] [ForkJoinPool.commonPool-worker-7/INFO] [Sound Physics - General/]: Unknown sound in sound rate config: alexscaves:gumbeeper_explode
[03Apr2026 19:04:03.249] [ForkJoinPool.commonPool-worker-7/INFO] [Sound Physics - General/]: Unknown sound in sound rate config: alexscaves:gumbeeper_hurt
[03Apr2026 19:04:03.249] [ForkJoinPool.commonPool-worker-7/INFO] [Sound Physics - General/]: Unknown sound in sound rate config: alexscaves:gummy_bear_death
[03Apr2026 19:04:03.249] [ForkJoinPool.commonPool-worker-7/INFO] [Sound Physics - General/]: Unknown sound in sound rate config: alexscaves:gummy_bear_eat
[03Apr2026 19:04:03.249] [ForkJoinPool.commonPool-worker-7/INFO] [Sound Physics - General/]: Unknown sound in sound rate config: alexscaves:gummy_bear_hurt
[03Apr2026 19:04:03.249] [ForkJoinPool.commonPool-worker-7/INFO] [Sound Physics - General/]: Unknown sound in sound rate config: alexscaves:gummy_bear_idle
[03Apr2026 19:04:03.249] [ForkJoinPool.commonPool-worker-7/INFO] [Sound Physics - General/]: Unknown sound in sound rate config: alexscaves:gummy_bear_snore
[03Apr2026 19:04:03.249] [ForkJoinPool.commonPool-worker-7/INFO] [Sound Physics - General/]: Unknown sound in sound rate config: alexscaves:gummy_bear_step
[03Apr2026 19:04:03.249] [ForkJoinPool.commonPool-worker-7/INFO] [Sound Physics - General/]: Unknown sound in sound rate config: alexscaves:hard_candy_break
[03Apr2026 19:04:03.249] [ForkJoinPool.commonPool-worker-7/INFO] [Sound Physics - General/]: Unknown sound in sound rate config: alexscaves:hard_candy_breaking
[03Apr2026 19:04:03.249] [ForkJoinPool.commonPool-worker-7/INFO] [Sound Physics - General/]: Unknown sound in sound rate config: alexscaves:hard_candy_place
[03Apr2026 19:04:03.249] [ForkJoinPool.commonPool-worker-7/INFO] [Sound Physics - General/]: Unknown sound in sound rate config: alexscaves:hard_candy_step
[03Apr2026 19:04:03.249] [ForkJoinPool.commonPool-worker-7/INFO] [Sound Physics - General/]: Unknown sound in sound rate config: alexscaves:hazmat_block_break
[03Apr2026 19:04:03.249] [ForkJoinPool.commonPool-worker-7/INFO] [Sound Physics - General/]: Unknown sound in sound rate config: alexscaves:hazmat_block_breaking
[03Apr2026 19:04:03.249] [ForkJoinPool.commonPool-worker-7/INFO] [Sound Physics - General/]: Unknown sound in sound rate config: alexscaves:hazmat_block_place
[03Apr2026 19:04:03.249] [ForkJoinPool.commonPool-worker-7/INFO] [Sound Physics - General/]: Unknown sound in sound rate config: alexscaves:hazmat_block_step
[03Apr2026 19:04:03.249] [ForkJoinPool.commonPool-worker-7/INFO] [Sound Physics - General/]: Unknown sound in sound rate config: dangers_in_the_darkness:heart
[03Apr2026 19:04:03.249] [ForkJoinPool.commonPool-worker-7/INFO] [Sound Physics - General/]: Unknown sound in sound rate config: scalinghealth:heart_crystal_use
[03Apr2026 19:04:03.249] [ForkJoinPool.commonPool-worker-7/INFO] [Sound Physics - General/]: Unknown sound in sound rate config: alexscaves:hologram_loop
[03Apr2026 19:04:03.249] [ForkJoinPool.commonPool-worker-7/INFO] [Sound Physics - General/]: Unknown sound in sound rate config: alexscaves:hologram_stop
[03Apr2026 19:04:03.249] [ForkJoinPool.commonPool-worker-7/INFO] [Sound Physics - General/]: Unknown sound in sound rate config: dangers_in_the_darkness:horror
[03Apr2026 19:04:03.249] [ForkJoinPool.commonPool-worker-7/INFO] [Sound Physics - General/]: Unknown sound in sound rate config: dangers_in_the_darkness:horrorhit
[03Apr2026 19:04:03.249] [ForkJoinPool.commonPool-worker-7/INFO] [Sound Physics - General/]: Unknown sound in sound rate config: alexscaves:hullbreaker_attack
[03Apr2026 19:04:03.249] [ForkJoinPool.commonPool-worker-7/INFO] [Sound Physics - General/]: Unknown sound in sound rate config: alexscaves:hullbreaker_death
[03Apr2026 19:04:03.249] [ForkJoinPool.commonPool-worker-7/INFO] [Sound Physics - General/]: Unknown sound in sound rate config: alexscaves:hullbreaker_hurt
[03Apr2026 19:04:03.249] [ForkJoinPool.commonPool-worker-7/INFO] [Sound Physics - General/]: Unknown sound in sound rate config: alexscaves:hullbreaker_idle
[03Apr2026 19:04:03.249] [ForkJoinPool.commonPool-worker-7/INFO] [Sound Physics - General/]: Unknown sound in sound rate config: alexscaves:hullbreaker_land_death
[03Apr2026 19:04:03.249] [ForkJoinPool.commonPool-worker-7/INFO] [Sound Physics - General/]: Unknown sound in sound rate config: alexscaves:hullbreaker_land_hurt
[03Apr2026 19:04:03.249] [ForkJoinPool.commonPool-worker-7/INFO] [Sound Physics - General/]: Unknown sound in sound rate config: alexscaves:hullbreaker_land_idle
[03Apr2026 19:04:03.249] [ForkJoinPool.commonPool-worker-7/INFO] [Sound Physics - General/]: Unknown sound in sound rate config: dangers_in_the_darkness:hurt
[03Apr2026 19:04:03.249] [ForkJoinPool.commonPool-worker-7/INFO] [Sound Physics - General/]: Unknown sound in sound rate config: dangers_in_the_darkness:idle
[03Apr2026 19:04:03.249] [ForkJoinPool.commonPool-worker-7/INFO] [Sound Physics - General/]: Unknown sound in sound rate config: cataclysm:ignis_music
[03Apr2026 19:04:03.249] [ForkJoinPool.commonPool-worker-7/INFO] [Sound Physics - General/]: Unknown sound in sound rate config: worthy_bosses:inferno
[03Apr2026 19:04:03.249] [ForkJoinPool.commonPool-worker-7/INFO] [Sound Physics - General/]: Unknown sound in sound rate config: worthy_bosses:infernodeath
[03Apr2026 19:04:03.249] [ForkJoinPool.commonPool-worker-7/INFO] [Sound Physics - General/]: Unknown sound in sound rate config: estrogen:inner_selfrealization
[03Apr2026 19:04:03.249] [ForkJoinPool.commonPool-worker-7/INFO] [Sound Physics - General/]: Unknown sound in sound rate config: apocalypse:item.armor.equip_lunar
[03Apr2026 19:04:03.249] [ForkJoinPool.commonPool-worker-7/INFO] [Sound Physics - General/]: Unknown sound in sound rate config: forbidden_arcanus:item.blacksmith_gavel.ritual_start
[03Apr2026 19:04:03.249] [ForkJoinPool.commonPool-worker-7/INFO] [Sound Physics - General/]: Unknown sound in sound rate config: cataclysm:item.brush.brushing.generic
[03Apr2026 19:04:03.250] [ForkJoinPool.commonPool-worker-7/INFO] [Sound Physics - General/]: Unknown sound in sound rate config: cataclysm:item.brush.brushing.gravel
[03Apr2026 19:04:03.250] [ForkJoinPool.commonPool-worker-7/INFO] [Sound Physics - General/]: Unknown sound in sound rate config: cataclysm:item.brush.brushing.gravel.complete
[03Apr2026 19:04:03.250] [ForkJoinPool.commonPool-worker-7/INFO] [Sound Physics - General/]: Unknown sound in sound rate config: cataclysm:item.brush.brushing.sand
[03Apr2026 19:04:03.250] [ForkJoinPool.commonPool-worker-7/INFO] [Sound Physics - General/]: Unknown sound in sound rate config: cataclysm:item.brush.brushing.sand.complete
[03Apr2026 19:04:03.250] [ForkJoinPool.commonPool-worker-7/INFO] [Sound Physics - General/]: Unknown sound in sound rate config: naturalist:item.bucket.empty_snail
[03Apr2026 19:04:03.250] [ForkJoinPool.commonPool-worker-7/INFO] [Sound Physics - General/]: Unknown sound in sound rate config: naturalist:item.bucket.fill_snail
[03Apr2026 19:04:03.250] [ForkJoinPool.commonPool-worker-7/INFO] [Sound Physics - General/]: Unknown sound in sound rate config: forbidden_arcanus:item.ferrognetic_mixture.apply
[03Apr2026 19:04:03.250] [ForkJoinPool.commonPool-worker-7/INFO] [Sound Physics - General/]: Unknown sound in sound rate config: apocalypse:item.lunar_armor.react
[03Apr2026 19:04:03.250] [ForkJoinPool.commonPool-worker-7/INFO] [Sound Physics - General/]: Unknown sound in sound rate config: forbidden_arcanus:item.mundabitur_dust.use
[03Apr2026 19:04:03.250] [ForkJoinPool.commonPool-worker-7/INFO] [Sound Physics - General/]: Unknown sound in sound rate config: forbidden_arcanus:item.quantum_catcher.pick_up
[03Apr2026 19:04:03.250] [ForkJoinPool.commonPool-worker-7/INFO] [Sound Physics - General/]: Unknown sound in sound rate config: forbidden_arcanus:item.quantum_catcher.release
[03Apr2026 19:04:03.250] [ForkJoinPool.commonPool-worker-7/INFO] [Sound Physics - General/]: Unknown sound in sound rate config: twilightforest:item.twilightforest.armor.equip_knightmetal
[03Apr2026 19:04:03.250] [ForkJoinPool.commonPool-worker-7/INFO] [Sound Physics - General/]: Unknown sound in sound rate config: twilightforest:item.twilightforest.blockchain.collide
[03Apr2026 19:04:03.250] [ForkJoinPool.commonPool-worker-7/INFO] [Sound Physics - General/]: Unknown sound in sound rate config: twilightforest:item.twilightforest.blockchain.fire
[03Apr2026 19:04:03.250] [ForkJoinPool.commonPool-worker-7/INFO] [Sound Physics - General/]: Unknown sound in sound rate config: twilightforest:item.twilightforest.blockchain.hit
[03Apr2026 19:04:03.250] [ForkJoinPool.commonPool-worker-7/INFO] [Sound Physics - General/]: Unknown sound in sound rate config: twilightforest:item.twilightforest.fan.woosh
[03Apr2026 19:04:03.250] [ForkJoinPool.commonPool-worker-7/INFO] [Sound Physics - General/]: Unknown sound in sound rate config: twilightforest:item.twilightforest.glasssword.break
[03Apr2026 19:04:03.250] [ForkJoinPool.commonPool-worker-7/INFO] [Sound Physics - General/]: Unknown sound in sound rate config: twilightforest:item.twilightforest.icebomb.fired
[03Apr2026 19:04:03.250] [ForkJoinPool.commonPool-worker-7/INFO] [Sound Physics - General/]: Unknown sound in sound rate config: twilightforest:item.twilightforest.powder.use
[03Apr2026 19:04:03.250] [ForkJoinPool.commonPool-worker-7/INFO] [Sound Physics - General/]: Unknown sound in sound rate config: twilightforest:item.twilightforest.scepter.use
[03Apr2026 19:04:03.250] [ForkJoinPool.commonPool-worker-7/INFO] [Sound Physics - General/]: Unknown sound in sound rate config: arcalis_bosses:jack.clone
[03Apr2026 19:04:03.250] [ForkJoinPool.commonPool-worker-7/INFO] [Sound Physics - General/]: Unknown sound in sound rate config: arcalis_bosses:jack.disappear
[03Apr2026 19:04:03.250] [ForkJoinPool.commonPool-worker-7/INFO] [Sound Physics - General/]: Unknown sound in sound rate config: arcalis_bosses:jack.hurt
[03Apr2026 19:04:03.250] [ForkJoinPool.commonPool-worker-7/INFO] [Sound Physics - General/]: Unknown sound in sound rate config: arcalis_bosses:jack.stab
[03Apr2026 19:04:03.250] [ForkJoinPool.commonPool-worker-7/INFO] [Sound Physics - General/]: Unknown sound in sound rate config: arcalis_bosses:jackbossfight2
[03Apr2026 19:04:03.250] [ForkJoinPool.commonPool-worker-7/INFO] [Sound Physics - General/]: Unknown sound in sound rate config: arcalis_bosses:jackbossfight3
[03Apr2026 19:04:03.250] [ForkJoinPool.commonPool-worker-7/INFO] [Sound Physics - General/]: Unknown sound in sound rate config: arcalis_bosses:jackfightmusicfinal
[03Apr2026 19:04:03.250] [ForkJoinPool.commonPool-worker-7/INFO] [Sound Physics - General/]: Unknown sound in sound rate config: arcalis_bosses:jackiabox.spawn
[03Apr2026 19:04:03.250] [ForkJoinPool.commonPool-worker-7/INFO] [Sound Physics - General/]: Unknown sound in sound rate config: arcalis_bosses:jackkbossfight
[03Apr2026 19:04:03.250] [ForkJoinPool.commonPool-worker-7/INFO] [Sound Physics - General/]: Unknown sound in sound rate config: worthy_bosses:knighthit
[03Apr2026 19:04:03.250] [ForkJoinPool.commonPool-worker-7/INFO] [Sound Physics - General/]: Unknown sound in sound rate config: worthy_bosses:knightwalk
[03Apr2026 19:04:03.250] [ForkJoinPool.commonPool-worker-7/INFO] [Sound Physics - General/]: Unknown sound in sound rate config: alexscaves:lanternfish_flop
[03Apr2026 19:04:03.250] [ForkJoinPool.commonPool-worker-7/INFO] [Sound Physics - General/]: Unknown sound in sound rate config: alexscaves:lanternfish_hurt
[03Apr2026 19:04:03.250] [ForkJoinPool.commonPool-worker-7/INFO] [Sound Physics - General/]: Unknown sound in sound rate config: alexscaves:large_nuclear_explosion
[03Apr2026 19:04:03.250] [ForkJoinPool.commonPool-worker-7/INFO] [Sound Physics - General/]: Unknown sound in sound rate config: dangers_in_the_darkness:leviagro
[03Apr2026 19:04:03.250] [ForkJoinPool.commonPool-worker-7/INFO] [Sound Physics - General/]: Unknown sound in sound rate config: dangers_in_the_darkness:levidie
[03Apr2026 19:04:03.250] [ForkJoinPool.commonPool-worker-7/INFO] [Sound Physics - General/]: Unknown sound in sound rate config: dangers_in_the_darkness:leviroar
[03Apr2026 19:04:03.250] [ForkJoinPool.commonPool-worker-7/INFO] [Sound Physics - General/]: Unknown sound in sound rate config: alexscaves:licowitch_cast_hex
[03Apr2026 19:04:03.250] [ForkJoinPool.commonPool-worker-7/INFO] [Sound Physics - General/]: Unknown sound in sound rate config: alexscaves:licowitch_cast_peppermint
[03Apr2026 19:04:03.250] [ForkJoinPool.commonPool-worker-7/INFO] [Sound Physics - General/]: Unknown sound in sound rate config: alexscaves:licowitch_cast_summon
[03Apr2026 19:04:03.250] [ForkJoinPool.commonPool-worker-7/INFO] [Sound Physics - General/]: Unknown sound in sound rate config: alexscaves:licowitch_celebrate
[03Apr2026 19:04:03.250] [ForkJoinPool.commonPool-worker-7/INFO] [Sound Physics - General/]: Unknown sound in sound rate config: alexscaves:licowitch_death
[03Apr2026 19:04:03.250] [ForkJoinPool.commonPool-worker-7/INFO] [Sound Physics - General/]: Unknown sound in sound rate config: alexscaves:licowitch_hurt
[03Apr2026 19:04:03.250] [ForkJoinPool.commonPool-worker-7/INFO] [Sound Physics - General/]: Unknown sound in sound rate config: alexscaves:licowitch_idle
[03Apr2026 19:04:03.250] [ForkJoinPool.commonPool-worker-7/INFO] [Sound Physics - General/]: Unknown sound in sound rate config: alexscaves:limestone_spear_hit
[03Apr2026 19:04:03.250] [ForkJoinPool.commonPool-worker-7/INFO] [Sound Physics - General/]: Unknown sound in sound rate config: alexscaves:limestone_spear_throw
[03Apr2026 19:04:03.250] [ForkJoinPool.commonPool-worker-7/INFO] [Sound Physics - General/]: Unknown sound in sound rate config: alexscaves:luxtructosaurus_attack_stomp
[03Apr2026 19:04:03.250] [ForkJoinPool.commonPool-worker-7/INFO] [Sound Physics - General/]: Unknown sound in sound rate config: alexscaves:luxtructosaurus_boss_music
[03Apr2026 19:04:03.250] [ForkJoinPool.commonPool-worker-7/INFO] [Sound Physics - General/]: Unknown sound in sound rate config: alexscaves:luxtructosaurus_breath
[03Apr2026 19:04:03.250] [ForkJoinPool.commonPool-worker-7/INFO] [Sound Physics - General/]: Unknown sound in sound rate config: alexscaves:luxtructosaurus_death
[03Apr2026 19:04:03.250] [ForkJoinPool.commonPool-worker-7/INFO] [Sound Physics - General/]: Unknown sound in sound rate config: alexscaves:luxtructosaurus_hurt
[03Apr2026 19:04:03.250] [ForkJoinPool.commonPool-worker-7/INFO] [Sound Physics - General/]: Unknown sound in sound rate config: alexscaves:luxtructosaurus_idle
[03Apr2026 19:04:03.250] [ForkJoinPool.commonPool-worker-7/INFO] [Sound Physics - General/]: Unknown sound in sound rate config: alexscaves:luxtructosaurus_jump
[03Apr2026 19:04:03.250] [ForkJoinPool.commonPool-worker-7/INFO] [Sound Physics - General/]: Unknown sound in sound rate config: alexscaves:luxtructosaurus_kick
[03Apr2026 19:04:03.250] [ForkJoinPool.commonPool-worker-7/INFO] [Sound Physics - General/]: Unknown sound in sound rate config: alexscaves:luxtructosaurus_roar
[03Apr2026 19:04:03.250] [ForkJoinPool.commonPool-worker-7/INFO] [Sound Physics - General/]: Unknown sound in sound rate config: alexscaves:luxtructosaurus_snort
[03Apr2026 19:04:03.250] [ForkJoinPool.commonPool-worker-7/INFO] [Sound Physics - General/]: Unknown sound in sound rate config: alexscaves:luxtructosaurus_step
[03Apr2026 19:04:03.250] [ForkJoinPool.commonPool-worker-7/INFO] [Sound Physics - General/]: Unknown sound in sound rate config: alexscaves:luxtructosaurus_stomp
[03Apr2026 19:04:03.250] [ForkJoinPool.commonPool-worker-7/INFO] [Sound Physics - General/]: Unknown sound in sound rate config: alexscaves:luxtructosaurus_summon
[03Apr2026 19:04:03.250] [ForkJoinPool.commonPool-worker-7/INFO] [Sound Physics - General/]: Unknown sound in sound rate config: alexscaves:luxtructosaurus_tail
[03Apr2026 19:04:03.250] [ForkJoinPool.commonPool-worker-7/INFO] [Sound Physics - General/]: Unknown sound in sound rate config: alexscaves:magic_conch_cast
[03Apr2026 19:04:03.250] [ForkJoinPool.commonPool-worker-7/INFO] [Sound Physics - General/]: Unknown sound in sound rate config: alexscaves:magic_conch_summon
[03Apr2026 19:04:03.250] [ForkJoinPool.commonPool-worker-7/INFO] [Sound Physics - General/]: Unknown sound in sound rate config: alexscaves:magnetic_caves_ambience
[03Apr2026 19:04:03.250] [ForkJoinPool.commonPool-worker-7/INFO] [Sound Physics - General/]: Unknown sound in sound rate config: alexscaves:magnetic_caves_ambience_additions
[03Apr2026 19:04:03.250] [ForkJoinPool.commonPool-worker-7/INFO] [Sound Physics - General/]: Unknown sound in sound rate config: alexscaves:magnetic_caves_ambience_mood
[03Apr2026 19:04:03.250] [ForkJoinPool.commonPool-worker-7/INFO] [Sound Physics - General/]: Unknown sound in sound rate config: alexscaves:magnetic_caves_music
[03Apr2026 19:04:03.250] [ForkJoinPool.commonPool-worker-7/INFO] [Sound Physics - General/]: Unknown sound in sound rate config: alexscaves:magnetron_assemble
[03Apr2026 19:04:03.250] [ForkJoinPool.commonPool-worker-7/INFO] [Sound Physics - General/]: Unknown sound in sound rate config: alexscaves:magnetron_attack
[03Apr2026 19:04:03.250] [ForkJoinPool.commonPool-worker-7/INFO] [Sound Physics - General/]: Unknown sound in sound rate config: alexscaves:magnetron_death
[03Apr2026 19:04:03.250] [ForkJoinPool.commonPool-worker-7/INFO] [Sound Physics - General/]: Unknown sound in sound rate config: alexscaves:magnetron_hurt
[03Apr2026 19:04:03.250] [ForkJoinPool.commonPool-worker-7/INFO] [Sound Physics - General/]: Unknown sound in sound rate config: alexscaves:magnetron_idle
[03Apr2026 19:04:03.250] [ForkJoinPool.commonPool-worker-7/INFO] [Sound Physics - General/]: Unknown sound in sound rate config: alexscaves:magnetron_roll
[03Apr2026 19:04:03.250] [ForkJoinPool.commonPool-worker-7/INFO] [Sound Physics - General/]: Unknown sound in sound rate config: alexscaves:magnetron_step
[03Apr2026 19:04:03.250] [ForkJoinPool.commonPool-worker-7/INFO] [Sound Physics - General/]: Unknown sound in sound rate config: dangers_in_the_darkness:mantabite
[03Apr2026 19:04:03.250] [ForkJoinPool.commonPool-worker-7/INFO] [Sound Physics - General/]: Unknown sound in sound rate config: dangers_in_the_darkness:mantadeath
[03Apr2026 19:04:03.250] [ForkJoinPool.commonPool-worker-7/INFO] [Sound Physics - General/]: Unknown sound in sound rate config: dangers_in_the_darkness:mantahurt
[03Apr2026 19:04:03.250] [ForkJoinPool.commonPool-worker-7/INFO] [Sound Physics - General/]: Unknown sound in sound rate config: alexscaves:metal_barrel_lid
[03Apr2026 19:04:03.250] [ForkJoinPool.commonPool-worker-7/INFO] [Sound Physics - General/]: Unknown sound in sound rate config: alexscaves:metal_scaffolding_climb
[03Apr2026 19:04:03.250] [ForkJoinPool.commonPool-worker-7/INFO] [Sound Physics - General/]: Unknown sound in sound rate config: alexscaves:metal_swarf_break
[03Apr2026 19:04:03.250] [ForkJoinPool.commonPool-worker-7/INFO] [Sound Physics - General/]: Unknown sound in sound rate config: alexscaves:metal_swarf_breaking
[03Apr2026 19:04:03.250] [ForkJoinPool.commonPool-worker-7/INFO] [Sound Physics - General/]: Unknown sound in sound rate config: alexscaves:metal_swarf_place
[03Apr2026 19:04:03.250] [ForkJoinPool.commonPool-worker-7/INFO] [Sound Physics - General/]: Unknown sound in sound rate config: alexscaves:metal_swarf_step
[03Apr2026 19:04:03.250] [ForkJoinPool.commonPool-worker-7/INFO] [Sound Physics - General/]: Unknown sound in sound rate config: alexscaves:mine_guardian_death
[03Apr2026 19:04:03.250] [ForkJoinPool.commonPool-worker-7/INFO] [Sound Physics - General/]: Unknown sound in sound rate config: alexscaves:mine_guardian_explode
[03Apr2026 19:04:03.250] [ForkJoinPool.commonPool-worker-7/INFO] [Sound Physics - General/]: Unknown sound in sound rate config: alexscaves:mine_guardian_flop
[03Apr2026 19:04:03.250] [ForkJoinPool.commonPool-worker-7/INFO] [Sound Physics - General/]: Unknown sound in sound rate config: alexscaves:mine_guardian_hurt
[03Apr2026 19:04:03.250] [ForkJoinPool.commonPool-worker-7/INFO] [Sound Physics - General/]: Unknown sound in sound rate config: alexscaves:mine_guardian_idle
[03Apr2026 19:04:03.250] [ForkJoinPool.commonPool-worker-7/INFO] [Sound Physics - General/]: Unknown sound in sound rate config: alexscaves:mine_guardian_land_death
[03Apr2026 19:04:03.250] [ForkJoinPool.commonPool-worker-7/INFO] [Sound Physics - General/]: Unknown sound in sound rate config: alexscaves:mine_guardian_land_explode
[03Apr2026 19:04:03.250] [ForkJoinPool.commonPool-worker-7/INFO] [Sound Physics - General/]: Unknown sound in sound rate config: alexscaves:mine_guardian_land_hurt
[03Apr2026 19:04:03.250] [ForkJoinPool.commonPool-worker-7/INFO] [Sound Physics - General/]: Unknown sound in sound rate config: alexscaves:mine_guardian_land_idle
[03Apr2026 19:04:03.250] [ForkJoinPool.commonPool-worker-7/INFO] [Sound Physics - General/]: Unknown sound in sound rate config: alexscaves:mine_guardian_scan
[03Apr2026 19:04:03.250] [ForkJoinPool.commonPool-worker-7/INFO] [Sound Physics - General/]: Unknown sound in sound rate config: dangers_in_the_darkness:monoatta
[03Apr2026 19:04:03.250] [ForkJoinPool.commonPool-worker-7/INFO] [Sound Physics - General/]: Unknown sound in sound rate config: dangers_in_the_darkness:monodeath
[03Apr2026 19:04:03.250] [ForkJoinPool.commonPool-worker-7/INFO] [Sound Physics - General/]: Unknown sound in sound rate config: dangers_in_the_darkness:monohurt
[03Apr2026 19:04:03.250] [ForkJoinPool.commonPool-worker-7/INFO] [Sound Physics - General/]: Unknown sound in sound rate config: dangers_in_the_darkness:monoidle
[03Apr2026 19:04:03.251] [ForkJoinPool.commonPool-worker-7/INFO] [Sound Physics - General/]: Unknown sound in sound rate config: dangers_in_the_darkness:monostep
[03Apr2026 19:04:03.251] [ForkJoinPool.commonPool-worker-7/INFO] [Sound Physics - General/]: Unknown sound in sound rate config: alexscaves:moth_ball_place
[03Apr2026 19:04:03.251] [ForkJoinPool.commonPool-worker-7/INFO] [Sound Physics - General/]: Unknown sound in sound rate config: twilightforest:music.bg
[03Apr2026 19:04:03.251] [ForkJoinPool.commonPool-worker-7/INFO] [Sound Physics - General/]: Unknown sound in sound rate config: minecraft:music.overworld.jungle_and_forest
[03Apr2026 19:04:03.251] [ForkJoinPool.commonPool-worker-7/INFO] [Sound Physics - General/]: Unknown sound in sound rate config: cataclysm:music_disc.relic
[03Apr2026 19:04:03.251] [ForkJoinPool.commonPool-worker-7/INFO] [Sound Physics - General/]: Unknown sound in sound rate config: arcalis_bosses:musiclordbossfight
[03Apr2026 19:04:03.251] [ForkJoinPool.commonPool-worker-7/INFO] [Sound Physics - General/]: Unknown sound in sound rate config: alexscaves:neodymium_break
[03Apr2026 19:04:03.251] [ForkJoinPool.commonPool-worker-7/INFO] [Sound Physics - General/]: Unknown sound in sound rate config: alexscaves:neodymium_breaking
[03Apr2026 19:04:03.251] [ForkJoinPool.commonPool-worker-7/INFO] [Sound Physics - General/]: Unknown sound in sound rate config: alexscaves:neodymium_place
[03Apr2026 19:04:03.251] [ForkJoinPool.commonPool-worker-7/INFO] [Sound Physics - General/]: Unknown sound in sound rate config: alexscaves:neodymium_step
[03Apr2026 19:04:03.251] [ForkJoinPool.commonPool-worker-7/INFO] [Sound Physics - General/]: Unknown sound in sound rate config: alexscaves:notor_death
[03Apr2026 19:04:03.251] [ForkJoinPool.commonPool-worker-7/INFO] [Sound Physics - General/]: Unknown sound in sound rate config: alexscaves:notor_flying
[03Apr2026 19:04:03.251] [ForkJoinPool.commonPool-worker-7/INFO] [Sound Physics - General/]: Unknown sound in sound rate config: alexscaves:notor_hurt
[03Apr2026 19:04:03.251] [ForkJoinPool.commonPool-worker-7/INFO] [Sound Physics - General/]: Unknown sound in sound rate config: alexscaves:notor_idle
[03Apr2026 19:04:03.251] [ForkJoinPool.commonPool-worker-7/INFO] [Sound Physics - General/]: Unknown sound in sound rate config: alexscaves:nuclear_bomb_break
[03Apr2026 19:04:03.251] [ForkJoinPool.commonPool-worker-7/INFO] [Sound Physics - General/]: Unknown sound in sound rate config: alexscaves:nuclear_bomb_breaking
[03Apr2026 19:04:03.251] [ForkJoinPool.commonPool-worker-7/INFO] [Sound Physics - General/]: Unknown sound in sound rate config: alexscaves:nuclear_bomb_defuse
[03Apr2026 19:04:03.251] [ForkJoinPool.commonPool-worker-7/INFO] [Sound Physics - General/]: Unknown sound in sound rate config: alexscaves:nuclear_bomb_place
[03Apr2026 19:04:03.251] [ForkJoinPool.commonPool-worker-7/INFO] [Sound Physics - General/]: Unknown sound in sound rate config: alexscaves:nuclear_bomb_step
[03Apr2026 19:04:03.251] [ForkJoinPool.commonPool-worker-7/INFO] [Sound Physics - General/]: Unknown sound in sound rate config: alexscaves:nuclear_explosion
[03Apr2026 19:04:03.251] [ForkJoinPool.commonPool-worker-7/INFO] [Sound Physics - General/]: Unknown sound in sound rate config: alexscaves:nuclear_explosion_ringing
[03Apr2026 19:04:03.251] [ForkJoinPool.commonPool-worker-7/INFO] [Sound Physics - General/]: Unknown sound in sound rate config: alexscaves:nuclear_explosion_rumble
[03Apr2026 19:04:03.251] [ForkJoinPool.commonPool-worker-7/INFO] [Sound Physics - General/]: Unknown sound in sound rate config: alexscaves:nuclear_furnace_active
[03Apr2026 19:04:03.251] [ForkJoinPool.commonPool-worker-7/INFO] [Sound Physics - General/]: Unknown sound in sound rate config: alexscaves:nuclear_furnace_active_critical
[03Apr2026 19:04:03.251] [ForkJoinPool.commonPool-worker-7/INFO] [Sound Physics - General/]: Unknown sound in sound rate config: alexscaves:nuclear_furnace_active_subcritical
[03Apr2026 19:04:03.251] [ForkJoinPool.commonPool-worker-7/INFO] [Sound Physics - General/]: Unknown sound in sound rate config: alexscaves:nuclear_furnace_active_supercritical
[03Apr2026 19:04:03.251] [ForkJoinPool.commonPool-worker-7/INFO] [Sound Physics - General/]: Unknown sound in sound rate config: alexscaves:nuclear_siren
[03Apr2026 19:04:03.251] [ForkJoinPool.commonPool-worker-7/INFO] [Sound Physics - General/]: Unknown sound in sound rate config: alexscaves:nucleeper_charge
[03Apr2026 19:04:03.251] [ForkJoinPool.commonPool-worker-7/INFO] [Sound Physics - General/]: Unknown sound in sound rate config: alexscaves:nucleeper_death
[03Apr2026 19:04:03.251] [ForkJoinPool.commonPool-worker-7/INFO] [Sound Physics - General/]: Unknown sound in sound rate config: alexscaves:nucleeper_hurt
[03Apr2026 19:04:03.251] [ForkJoinPool.commonPool-worker-7/INFO] [Sound Physics - General/]: Unknown sound in sound rate config: alexscaves:nucleeper_idle
[03Apr2026 19:04:03.251] [ForkJoinPool.commonPool-worker-7/INFO] [Sound Physics - General/]: Unknown sound in sound rate config: alexscaves:nucleeper_step
[03Apr2026 19:04:03.251] [ForkJoinPool.commonPool-worker-7/INFO] [Sound Physics - General/]: Unknown sound in sound rate config: alexscaves:ortholance_wave
[03Apr2026 19:04:03.251] [ForkJoinPool.commonPool-worker-7/INFO] [Sound Physics - General/]: Unknown sound in sound rate config: alexscaves:peering_coprolith_break
[03Apr2026 19:04:03.251] [ForkJoinPool.commonPool-worker-7/INFO] [Sound Physics - General/]: Unknown sound in sound rate config: alexscaves:peering_coprolith_breaking
[03Apr2026 19:04:03.251] [ForkJoinPool.commonPool-worker-7/INFO] [Sound Physics - General/]: Unknown sound in sound rate config: alexscaves:peering_coprolith_place
[03Apr2026 19:04:03.251] [ForkJoinPool.commonPool-worker-7/INFO] [Sound Physics - General/]: Unknown sound in sound rate config: alexscaves:peering_coprolith_step
[03Apr2026 19:04:03.251] [ForkJoinPool.commonPool-worker-7/INFO] [Sound Physics - General/]: Unknown sound in sound rate config: alexscaves:pewen_branch_break
[03Apr2026 19:04:03.251] [ForkJoinPool.commonPool-worker-7/INFO] [Sound Physics - General/]: Unknown sound in sound rate config: scalinghealth:player_died
[03Apr2026 19:04:03.251] [ForkJoinPool.commonPool-worker-7/INFO] [Sound Physics - General/]: Unknown sound in sound rate config: alexscaves:primal_magma_fissure_close
[03Apr2026 19:04:03.251] [ForkJoinPool.commonPool-worker-7/INFO] [Sound Physics - General/]: Unknown sound in sound rate config: alexscaves:primitive_club_hit
[03Apr2026 19:04:03.251] [ForkJoinPool.commonPool-worker-7/INFO] [Sound Physics - General/]: Unknown sound in sound rate config: alexscaves:primitive_club_miss
[03Apr2026 19:04:03.251] [ForkJoinPool.commonPool-worker-7/INFO] [Sound Physics - General/]: Unknown sound in sound rate config: alexscaves:primordial_caves_ambience
[03Apr2026 19:04:03.251] [ForkJoinPool.commonPool-worker-7/INFO] [Sound Physics - General/]: Unknown sound in sound rate config: alexscaves:primordial_caves_ambience_additions
[03Apr2026 19:04:03.251] [ForkJoinPool.commonPool-worker-7/INFO] [Sound Physics - General/]: Unknown sound in sound rate config: alexscaves:primordial_caves_ambience_mood
[03Apr2026 19:04:03.251] [ForkJoinPool.commonPool-worker-7/INFO] [Sound Physics - General/]: Unknown sound in sound rate config: alexscaves:primordial_caves_music
[03Apr2026 19:04:03.251] [ForkJoinPool.commonPool-worker-7/INFO] [Sound Physics - General/]: Unknown sound in sound rate config: alexscaves:purple_soda_idle
[03Apr2026 19:04:03.251] [ForkJoinPool.commonPool-worker-7/INFO] [Sound Physics - General/]: Unknown sound in sound rate config: alexscaves:purple_soda_submerge
[03Apr2026 19:04:03.251] [ForkJoinPool.commonPool-worker-7/INFO] [Sound Physics - General/]: Unknown sound in sound rate config: alexscaves:purple_soda_swim
[03Apr2026 19:04:03.251] [ForkJoinPool.commonPool-worker-7/INFO] [Sound Physics - General/]: Unknown sound in sound rate config: alexscaves:purple_soda_unsubmerge
[03Apr2026 19:04:03.251] [ForkJoinPool.commonPool-worker-7/INFO] [Sound Physics - General/]: Unknown sound in sound rate config: alexscaves:quarry_crush
[03Apr2026 19:04:03.251] [ForkJoinPool.commonPool-worker-7/INFO] [Sound Physics - General/]: Unknown sound in sound rate config: alexscaves:radgill_flop
[03Apr2026 19:04:03.251] [ForkJoinPool.commonPool-worker-7/INFO] [Sound Physics - General/]: Unknown sound in sound rate config: alexscaves:radgill_hurt
[03Apr2026 19:04:03.251] [ForkJoinPool.commonPool-worker-7/INFO] [Sound Physics - General/]: Unknown sound in sound rate config: alexscaves:radrock_break
[03Apr2026 19:04:03.251] [ForkJoinPool.commonPool-worker-7/INFO] [Sound Physics - General/]: Unknown sound in sound rate config: alexscaves:radrock_breaking
[03Apr2026 19:04:03.251] [ForkJoinPool.commonPool-worker-7/INFO] [Sound Physics - General/]: Unknown sound in sound rate config: alexscaves:radrock_place
[03Apr2026 19:04:03.251] [ForkJoinPool.commonPool-worker-7/INFO] [Sound Physics - General/]: Unknown sound in sound rate config: alexscaves:radrock_step
[03Apr2026 19:04:03.251] [ForkJoinPool.commonPool-worker-7/INFO] [Sound Physics - General/]: Unknown sound in sound rate config: alexscaves:rainbounce_boots_bounce
[03Apr2026 19:04:03.251] [ForkJoinPool.commonPool-worker-7/INFO] [Sound Physics - General/]: Unknown sound in sound rate config: alexscaves:raycat_absorb
[03Apr2026 19:04:03.251] [ForkJoinPool.commonPool-worker-7/INFO] [Sound Physics - General/]: Unknown sound in sound rate config: alexscaves:raycat_eat
[03Apr2026 19:04:03.251] [ForkJoinPool.commonPool-worker-7/INFO] [Sound Physics - General/]: Unknown sound in sound rate config: alexscaves:raycat_hurt
[03Apr2026 19:04:03.251] [ForkJoinPool.commonPool-worker-7/INFO] [Sound Physics - General/]: Unknown sound in sound rate config: alexscaves:raycat_idle
[03Apr2026 19:04:03.251] [ForkJoinPool.commonPool-worker-7/INFO] [Sound Physics - General/]: Unknown sound in sound rate config: alexscaves:raycat_tame_idle
[03Apr2026 19:04:03.251] [ForkJoinPool.commonPool-worker-7/INFO] [Sound Physics - General/]: Unknown sound in sound rate config: alexscaves:raygun_empty
[03Apr2026 19:04:03.251] [ForkJoinPool.commonPool-worker-7/INFO] [Sound Physics - General/]: Unknown sound in sound rate config: alexscaves:raygun_loop
[03Apr2026 19:04:03.251] [ForkJoinPool.commonPool-worker-7/INFO] [Sound Physics - General/]: Unknown sound in sound rate config: alexscaves:raygun_reload
[03Apr2026 19:04:03.251] [ForkJoinPool.commonPool-worker-7/INFO] [Sound Physics - General/]: Unknown sound in sound rate config: alexscaves:raygun_start
[03Apr2026 19:04:03.251] [ForkJoinPool.commonPool-worker-7/INFO] [Sound Physics - General/]: Unknown sound in sound rate config: alexscaves:relicheirus_death
[03Apr2026 19:04:03.251] [ForkJoinPool.commonPool-worker-7/INFO] [Sound Physics - General/]: Unknown sound in sound rate config: alexscaves:relicheirus_hurt
[03Apr2026 19:04:03.251] [ForkJoinPool.commonPool-worker-7/INFO] [Sound Physics - General/]: Unknown sound in sound rate config: alexscaves:relicheirus_idle
[03Apr2026 19:04:03.251] [ForkJoinPool.commonPool-worker-7/INFO] [Sound Physics - General/]: Unknown sound in sound rate config: alexscaves:relicheirus_scratch
[03Apr2026 19:04:03.251] [ForkJoinPool.commonPool-worker-7/INFO] [Sound Physics - General/]: Unknown sound in sound rate config: alexscaves:relicheirus_step
[03Apr2026 19:04:03.251] [ForkJoinPool.commonPool-worker-7/INFO] [Sound Physics - General/]: Unknown sound in sound rate config: alexscaves:relicheirus_topple
[03Apr2026 19:04:03.251] [ForkJoinPool.commonPool-worker-7/INFO] [Sound Physics - General/]: Unknown sound in sound rate config: alexscaves:resistor_shield_azure_loop
[03Apr2026 19:04:03.251] [ForkJoinPool.commonPool-worker-7/INFO] [Sound Physics - General/]: Unknown sound in sound rate config: alexscaves:resistor_shield_scarlet_loop
[03Apr2026 19:04:03.251] [ForkJoinPool.commonPool-worker-7/INFO] [Sound Physics - General/]: Unknown sound in sound rate config: alexscaves:resistor_shield_slam
[03Apr2026 19:04:03.251] [ForkJoinPool.commonPool-worker-7/INFO] [Sound Physics - General/]: Unknown sound in sound rate config: alexscaves:resistor_shield_spin
[03Apr2026 19:04:03.251] [ForkJoinPool.commonPool-worker-7/INFO] [Sound Physics - General/]: Unknown sound in sound rate config: alexscaves:scarlet_neodymium_pull_loop
[03Apr2026 19:04:03.251] [ForkJoinPool.commonPool-worker-7/INFO] [Sound Physics - General/]: Unknown sound in sound rate config: alexscaves:scrap_metal_break
[03Apr2026 19:04:03.251] [ForkJoinPool.commonPool-worker-7/INFO] [Sound Physics - General/]: Unknown sound in sound rate config: alexscaves:scrap_metal_breaking
[03Apr2026 19:04:03.251] [ForkJoinPool.commonPool-worker-7/INFO] [Sound Physics - General/]: Unknown sound in sound rate config: alexscaves:scrap_metal_place
[03Apr2026 19:04:03.251] [ForkJoinPool.commonPool-worker-7/INFO] [Sound Physics - General/]: Unknown sound in sound rate config: alexscaves:scrap_metal_step
[03Apr2026 19:04:03.251] [ForkJoinPool.commonPool-worker-7/INFO] [Sound Physics - General/]: Unknown sound in sound rate config: dangers_in_the_darkness:scuddhurt
[03Apr2026 19:04:03.251] [ForkJoinPool.commonPool-worker-7/INFO] [Sound Physics - General/]: Unknown sound in sound rate config: dangers_in_the_darkness:scuddidle
[03Apr2026 19:04:03.251] [ForkJoinPool.commonPool-worker-7/INFO] [Sound Physics - General/]: Unknown sound in sound rate config: alexscaves:sea_pig_death
[03Apr2026 19:04:03.251] [ForkJoinPool.commonPool-worker-7/INFO] [Sound Physics - General/]: Unknown sound in sound rate config: alexscaves:sea_pig_eat
[03Apr2026 19:04:03.251] [ForkJoinPool.commonPool-worker-7/INFO] [Sound Physics - General/]: Unknown sound in sound rate config: alexscaves:sea_pig_hurt
[03Apr2026 19:04:03.251] [ForkJoinPool.commonPool-worker-7/INFO] [Sound Physics - General/]: Unknown sound in sound rate config: alexscaves:sea_pig_idle
[03Apr2026 19:04:03.251] [ForkJoinPool.commonPool-worker-7/INFO] [Sound Physics - General/]: Unknown sound in sound rate config: alexscaves:sea_staff_bubble
[03Apr2026 19:04:03.251] [ForkJoinPool.commonPool-worker-7/INFO] [Sound Physics - General/]: Unknown sound in sound rate config: alexscaves:sea_staff_cast
[03Apr2026 19:04:03.251] [ForkJoinPool.commonPool-worker-7/INFO] [Sound Physics - General/]: Unknown sound in sound rate config: alexscaves:sea_staff_hit
[03Apr2026 19:04:03.251] [ForkJoinPool.commonPool-worker-7/INFO] [Sound Physics - General/]: Unknown sound in sound rate config: alexscaves:sea_staff_woosh
[03Apr2026 19:04:03.251] [ForkJoinPool.commonPool-worker-7/INFO] [Sound Physics - General/]: Unknown sound in sound rate config: alexscaves:seeking_arrow_hit
[03Apr2026 19:04:03.251] [ForkJoinPool.commonPool-worker-7/INFO] [Sound Physics - General/]: Unknown sound in sound rate config: alexscaves:seeking_arrow_lockon
[03Apr2026 19:04:03.252] [ForkJoinPool.commonPool-worker-7/INFO] [Sound Physics - General/]: Unknown sound in sound rate config: alexscaves:shotgum_empty
[03Apr2026 19:04:03.252] [ForkJoinPool.commonPool-worker-7/INFO] [Sound Physics - General/]: Unknown sound in sound rate config: alexscaves:shotgum_reload
[03Apr2026 19:04:03.252] [ForkJoinPool.commonPool-worker-7/INFO] [Sound Physics - General/]: Unknown sound in sound rate config: alexscaves:shotgum_shoot
[03Apr2026 19:04:03.252] [ForkJoinPool.commonPool-worker-7/INFO] [Sound Physics - General/]: Unknown sound in sound rate config: morebossesmobs:skeletonsummons
[03Apr2026 19:04:03.252] [ForkJoinPool.commonPool-worker-7/INFO] [Sound Physics - General/]: Unknown sound in sound rate config: void_worm:slot1
[03Apr2026 19:04:03.252] [ForkJoinPool.commonPool-worker-7/INFO] [Sound Physics - General/]: Unknown sound in sound rate config: void_worm:slot2
[03Apr2026 19:04:03.252] [ForkJoinPool.commonPool-worker-7/INFO] [Sound Physics - General/]: Unknown sound in sound rate config: void_worm:slot3
[03Apr2026 19:04:03.252] [ForkJoinPool.commonPool-worker-7/INFO] [Sound Physics - General/]: Unknown sound in sound rate config: void_worm:slot4
[03Apr2026 19:04:03.252] [ForkJoinPool.commonPool-worker-7/INFO] [Sound Physics - General/]: Unknown sound in sound rate config: void_worm:slot5
[03Apr2026 19:04:03.252] [ForkJoinPool.commonPool-worker-7/INFO] [Sound Physics - General/]: Unknown sound in sound rate config: void_worm:slot6
[03Apr2026 19:04:03.252] [ForkJoinPool.commonPool-worker-7/INFO] [Sound Physics - General/]: Unknown sound in sound rate config: void_worm:slot7
[03Apr2026 19:04:03.252] [ForkJoinPool.commonPool-worker-7/INFO] [Sound Physics - General/]: Unknown sound in sound rate config: void_worm:slot8
[03Apr2026 19:04:03.252] [ForkJoinPool.commonPool-worker-7/INFO] [Sound Physics - General/]: Unknown sound in sound rate config: alexscaves:soft_candy_break
[03Apr2026 19:04:03.252] [ForkJoinPool.commonPool-worker-7/INFO] [Sound Physics - General/]: Unknown sound in sound rate config: alexscaves:soft_candy_breaking
[03Apr2026 19:04:03.252] [ForkJoinPool.commonPool-worker-7/INFO] [Sound Physics - General/]: Unknown sound in sound rate config: alexscaves:soft_candy_place
[03Apr2026 19:04:03.252] [ForkJoinPool.commonPool-worker-7/INFO] [Sound Physics - General/]: Unknown sound in sound rate config: alexscaves:soft_candy_step
[03Apr2026 19:04:03.252] [ForkJoinPool.commonPool-worker-7/INFO] [Sound Physics - General/]: Unknown sound in sound rate config: dangers_in_the_darkness:spawn1
[03Apr2026 19:04:03.252] [ForkJoinPool.commonPool-worker-7/INFO] [Sound Physics - General/]: Unknown sound in sound rate config: alexscaves:spelunkery_table_attempt_fail
[03Apr2026 19:04:03.252] [ForkJoinPool.commonPool-worker-7/INFO] [Sound Physics - General/]: Unknown sound in sound rate config: alexscaves:spelunkery_table_codex_remove
[03Apr2026 19:04:03.252] [ForkJoinPool.commonPool-worker-7/INFO] [Sound Physics - General/]: Unknown sound in sound rate config: alexscaves:spelunkery_table_crack
[03Apr2026 19:04:03.252] [ForkJoinPool.commonPool-worker-7/INFO] [Sound Physics - General/]: Unknown sound in sound rate config: alexscaves:spelunkery_table_fail
[03Apr2026 19:04:03.252] [ForkJoinPool.commonPool-worker-7/INFO] [Sound Physics - General/]: Unknown sound in sound rate config: alexscaves:spelunkery_table_paper_insert
[03Apr2026 19:04:03.252] [ForkJoinPool.commonPool-worker-7/INFO] [Sound Physics - General/]: Unknown sound in sound rate config: alexscaves:spelunkery_table_paper_remove
[03Apr2026 19:04:03.252] [ForkJoinPool.commonPool-worker-7/INFO] [Sound Physics - General/]: Unknown sound in sound rate config: alexscaves:spelunkery_table_success
[03Apr2026 19:04:03.252] [ForkJoinPool.commonPool-worker-7/INFO] [Sound Physics - General/]: Unknown sound in sound rate config: alexscaves:spelunkery_table_success_complete
[03Apr2026 19:04:03.252] [ForkJoinPool.commonPool-worker-7/INFO] [Sound Physics - General/]: Unknown sound in sound rate config: alexscaves:spelunkery_table_tablet_insert
[03Apr2026 19:04:03.252] [ForkJoinPool.commonPool-worker-7/INFO] [Sound Physics - General/]: Unknown sound in sound rate config: alexscaves:spelunkery_table_tablet_remove
[03Apr2026 19:04:03.252] [ForkJoinPool.commonPool-worker-7/INFO] [Sound Physics - General/]: Unknown sound in sound rate config: alexscaves:squishy_candy_break
[03Apr2026 19:04:03.252] [ForkJoinPool.commonPool-worker-7/INFO] [Sound Physics - General/]: Unknown sound in sound rate config: alexscaves:squishy_candy_breaking
[03Apr2026 19:04:03.252] [ForkJoinPool.commonPool-worker-7/INFO] [Sound Physics - General/]: Unknown sound in sound rate config: alexscaves:squishy_candy_place
[03Apr2026 19:04:03.252] [ForkJoinPool.commonPool-worker-7/INFO] [Sound Physics - General/]: Unknown sound in sound rate config: alexscaves:squishy_candy_step
[03Apr2026 19:04:03.252] [ForkJoinPool.commonPool-worker-7/INFO] [Sound Physics - General/]: Unknown sound in sound rate config: cataclysm:strongswingattack
[03Apr2026 19:04:03.252] [ForkJoinPool.commonPool-worker-7/INFO] [Sound Physics - General/]: Unknown sound in sound rate config: alexscaves:submarine_creak
[03Apr2026 19:04:03.252] [ForkJoinPool.commonPool-worker-7/INFO] [Sound Physics - General/]: Unknown sound in sound rate config: alexscaves:submarine_destroy
[03Apr2026 19:04:03.252] [ForkJoinPool.commonPool-worker-7/INFO] [Sound Physics - General/]: Unknown sound in sound rate config: alexscaves:submarine_hit
[03Apr2026 19:04:03.252] [ForkJoinPool.commonPool-worker-7/INFO] [Sound Physics - General/]: Unknown sound in sound rate config: alexscaves:submarine_light_off
[03Apr2026 19:04:03.252] [ForkJoinPool.commonPool-worker-7/INFO] [Sound Physics - General/]: Unknown sound in sound rate config: alexscaves:submarine_light_on
[03Apr2026 19:04:03.252] [ForkJoinPool.commonPool-worker-7/INFO] [Sound Physics - General/]: Unknown sound in sound rate config: alexscaves:submarine_move_loop
[03Apr2026 19:04:03.252] [ForkJoinPool.commonPool-worker-7/INFO] [Sound Physics - General/]: Unknown sound in sound rate config: alexscaves:submarine_place
[03Apr2026 19:04:03.252] [ForkJoinPool.commonPool-worker-7/INFO] [Sound Physics - General/]: Unknown sound in sound rate config: alexscaves:submarine_repair
[03Apr2026 19:04:03.252] [ForkJoinPool.commonPool-worker-7/INFO] [Sound Physics - General/]: Unknown sound in sound rate config: alexscaves:submarine_sonar
[03Apr2026 19:04:03.252] [ForkJoinPool.commonPool-worker-7/INFO] [Sound Physics - General/]: Unknown sound in sound rate config: alexscaves:subterranodon_attack
[03Apr2026 19:04:03.252] [ForkJoinPool.commonPool-worker-7/INFO] [Sound Physics - General/]: Unknown sound in sound rate config: alexscaves:subterranodon_death
[03Apr2026 19:04:03.252] [ForkJoinPool.commonPool-worker-7/INFO] [Sound Physics - General/]: Unknown sound in sound rate config: alexscaves:subterranodon_flap
[03Apr2026 19:04:03.252] [ForkJoinPool.commonPool-worker-7/INFO] [Sound Physics - General/]: Unknown sound in sound rate config: alexscaves:subterranodon_hurt
[03Apr2026 19:04:03.252] [ForkJoinPool.commonPool-worker-7/INFO] [Sound Physics - General/]: Unknown sound in sound rate config: alexscaves:subterranodon_idle
[03Apr2026 19:04:03.252] [ForkJoinPool.commonPool-worker-7/INFO] [Sound Physics - General/]: Unknown sound in sound rate config: alexscaves:sugar_rush_enter
[03Apr2026 19:04:03.252] [ForkJoinPool.commonPool-worker-7/INFO] [Sound Physics - General/]: Unknown sound in sound rate config: alexscaves:sugar_rush_exit
[03Apr2026 19:04:03.252] [ForkJoinPool.commonPool-worker-7/INFO] [Sound Physics - General/]: Unknown sound in sound rate config: alexscaves:sugar_rush_loop
[03Apr2026 19:04:03.252] [ForkJoinPool.commonPool-worker-7/INFO] [Sound Physics - General/]: Unknown sound in sound rate config: alexscaves:sugar_staff_cast_hex
[03Apr2026 19:04:03.252] [ForkJoinPool.commonPool-worker-7/INFO] [Sound Physics - General/]: Unknown sound in sound rate config: alexscaves:sugar_staff_cast_peppermint
[03Apr2026 19:04:03.252] [ForkJoinPool.commonPool-worker-7/INFO] [Sound Physics - General/]: Unknown sound in sound rate config: alexscaves:sulfur_break
[03Apr2026 19:04:03.252] [ForkJoinPool.commonPool-worker-7/INFO] [Sound Physics - General/]: Unknown sound in sound rate config: alexscaves:sulfur_breaking
[03Apr2026 19:04:03.252] [ForkJoinPool.commonPool-worker-7/INFO] [Sound Physics - General/]: Unknown sound in sound rate config: alexscaves:sulfur_place
[03Apr2026 19:04:03.252] [ForkJoinPool.commonPool-worker-7/INFO] [Sound Physics - General/]: Unknown sound in sound rate config: alexscaves:sulfur_step
[03Apr2026 19:04:03.252] [ForkJoinPool.commonPool-worker-7/INFO] [Sound Physics - General/]: Unknown sound in sound rate config: morebossesmobs:summons
[03Apr2026 19:04:03.252] [ForkJoinPool.commonPool-worker-7/INFO] [Sound Physics - General/]: Unknown sound in sound rate config: cataclysm:super_lightning
[03Apr2026 19:04:03.252] [ForkJoinPool.commonPool-worker-7/INFO] [Sound Physics - General/]: Unknown sound in sound rate config: alexscaves:sweetish_fish_flop
[03Apr2026 19:04:03.252] [ForkJoinPool.commonPool-worker-7/INFO] [Sound Physics - General/]: Unknown sound in sound rate config: alexscaves:sweetish_fish_hurt
[03Apr2026 19:04:03.252] [ForkJoinPool.commonPool-worker-7/INFO] [Sound Physics - General/]: Unknown sound in sound rate config: cataclysm:swingattack
[03Apr2026 19:04:03.252] [ForkJoinPool.commonPool-worker-7/INFO] [Sound Physics - General/]: Unknown sound in sound rate config: alexscaves:tasty_music_disc
[03Apr2026 19:04:03.252] [ForkJoinPool.commonPool-worker-7/INFO] [Sound Physics - General/]: Unknown sound in sound rate config: alexscaves:tectonic_shard_transform
[03Apr2026 19:04:03.252] [ForkJoinPool.commonPool-worker-7/INFO] [Sound Physics - General/]: Unknown sound in sound rate config: alexscaves:teletor_death
[03Apr2026 19:04:03.252] [ForkJoinPool.commonPool-worker-7/INFO] [Sound Physics - General/]: Unknown sound in sound rate config: alexscaves:teletor_float
[03Apr2026 19:04:03.252] [ForkJoinPool.commonPool-worker-7/INFO] [Sound Physics - General/]: Unknown sound in sound rate config: alexscaves:teletor_hurt
[03Apr2026 19:04:03.252] [ForkJoinPool.commonPool-worker-7/INFO] [Sound Physics - General/]: Unknown sound in sound rate config: alexscaves:teletor_idle
[03Apr2026 19:04:03.252] [ForkJoinPool.commonPool-worker-7/INFO] [Sound Physics - General/]: Unknown sound in sound rate config: dangers_in_the_darkness:tent2spawn
[03Apr2026 19:04:03.252] [ForkJoinPool.commonPool-worker-7/INFO] [Sound Physics - General/]: Unknown sound in sound rate config: dangers_in_the_darkness:tentattack
[03Apr2026 19:04:03.252] [ForkJoinPool.commonPool-worker-7/INFO] [Sound Physics - General/]: Unknown sound in sound rate config: dangers_in_the_darkness:tentdeath
[03Apr2026 19:04:03.252] [ForkJoinPool.commonPool-worker-7/INFO] [Sound Physics - General/]: Unknown sound in sound rate config: dangers_in_the_darkness:tentexplosion
[03Apr2026 19:04:03.252] [ForkJoinPool.commonPool-worker-7/INFO] [Sound Physics - General/]: Unknown sound in sound rate config: dangers_in_the_darkness:tenthurt
[03Apr2026 19:04:03.252] [ForkJoinPool.commonPool-worker-7/INFO] [Sound Physics - General/]: Unknown sound in sound rate config: dangers_in_the_darkness:tentidle
[03Apr2026 19:04:03.252] [ForkJoinPool.commonPool-worker-7/INFO] [Sound Physics - General/]: Unknown sound in sound rate config: dangers_in_the_darkness:tentspecial
[03Apr2026 19:04:03.252] [ForkJoinPool.commonPool-worker-7/INFO] [Sound Physics - General/]: Unknown sound in sound rate config: alexscaves:tephra_hit
[03Apr2026 19:04:03.252] [ForkJoinPool.commonPool-worker-7/INFO] [Sound Physics - General/]: Unknown sound in sound rate config: alexscaves:tephra_whistle
[03Apr2026 19:04:03.252] [ForkJoinPool.commonPool-worker-7/INFO] [Sound Physics - General/]: Unknown sound in sound rate config: alexscaves:thornwood_branch_break
[03Apr2026 19:04:03.252] [ForkJoinPool.commonPool-worker-7/INFO] [Sound Physics - General/]: Unknown sound in sound rate config: alexscaves:totem_of_possession_use
[03Apr2026 19:04:03.252] [ForkJoinPool.commonPool-worker-7/INFO] [Sound Physics - General/]: Unknown sound in sound rate config: alexscaves:toxic_caves_ambience
[03Apr2026 19:04:03.252] [ForkJoinPool.commonPool-worker-7/INFO] [Sound Physics - General/]: Unknown sound in sound rate config: alexscaves:toxic_caves_ambience_additions
[03Apr2026 19:04:03.252] [ForkJoinPool.commonPool-worker-7/INFO] [Sound Physics - General/]: Unknown sound in sound rate config: alexscaves:toxic_caves_ambience_mood
[03Apr2026 19:04:03.252] [ForkJoinPool.commonPool-worker-7/INFO] [Sound Physics - General/]: Unknown sound in sound rate config: alexscaves:toxic_caves_music
[03Apr2026 19:04:03.252] [ForkJoinPool.commonPool-worker-7/INFO] [Sound Physics - General/]: Unknown sound in sound rate config: alexscaves:tremorsaurus_bite
[03Apr2026 19:04:03.252] [ForkJoinPool.commonPool-worker-7/INFO] [Sound Physics - General/]: Unknown sound in sound rate config: alexscaves:tremorsaurus_death
[03Apr2026 19:04:03.252] [ForkJoinPool.commonPool-worker-7/INFO] [Sound Physics - General/]: Unknown sound in sound rate config: alexscaves:tremorsaurus_hurt
[03Apr2026 19:04:03.252] [ForkJoinPool.commonPool-worker-7/INFO] [Sound Physics - General/]: Unknown sound in sound rate config: alexscaves:tremorsaurus_idle
[03Apr2026 19:04:03.252] [ForkJoinPool.commonPool-worker-7/INFO] [Sound Physics - General/]: Unknown sound in sound rate config: alexscaves:tremorsaurus_roar
[03Apr2026 19:04:03.252] [ForkJoinPool.commonPool-worker-7/INFO] [Sound Physics - General/]: Unknown sound in sound rate config: alexscaves:tremorsaurus_stomp
[03Apr2026 19:04:03.252] [ForkJoinPool.commonPool-worker-7/INFO] [Sound Physics - General/]: Unknown sound in sound rate config: alexscaves:tremorsaurus_throw
[03Apr2026 19:04:03.252] [ForkJoinPool.commonPool-worker-7/INFO] [Sound Physics - General/]: Unknown sound in sound rate config: alexscaves:tremorzilla_beam_end
[03Apr2026 19:04:03.252] [ForkJoinPool.commonPool-worker-7/INFO] [Sound Physics - General/]: Unknown sound in sound rate config: alexscaves:tremorzilla_beam_loop
[03Apr2026 19:04:03.252] [ForkJoinPool.commonPool-worker-7/INFO] [Sound Physics - General/]: Unknown sound in sound rate config: alexscaves:tremorzilla_beam_start
[03Apr2026 19:04:03.252] [ForkJoinPool.commonPool-worker-7/INFO] [Sound Physics - General/]: Unknown sound in sound rate config: alexscaves:tremorzilla_bite
[03Apr2026 19:04:03.252] [ForkJoinPool.commonPool-worker-7/INFO] [Sound Physics - General/]: Unknown sound in sound rate config: alexscaves:tremorzilla_charge_complete
[03Apr2026 19:04:03.252] [ForkJoinPool.commonPool-worker-7/INFO] [Sound Physics - General/]: Unknown sound in sound rate config: alexscaves:tremorzilla_charge_normal
[03Apr2026 19:04:03.252] [ForkJoinPool.commonPool-worker-7/INFO] [Sound Physics - General/]: Unknown sound in sound rate config: alexscaves:tremorzilla_death
[03Apr2026 19:04:03.252] [ForkJoinPool.commonPool-worker-7/INFO] [Sound Physics - General/]: Unknown sound in sound rate config: alexscaves:tremorzilla_eat
[03Apr2026 19:04:03.253] [ForkJoinPool.commonPool-worker-7/INFO] [Sound Physics - General/]: Unknown sound in sound rate config: alexscaves:tremorzilla_hurt
[03Apr2026 19:04:03.253] [ForkJoinPool.commonPool-worker-7/INFO] [Sound Physics - General/]: Unknown sound in sound rate config: alexscaves:tremorzilla_idle
[03Apr2026 19:04:03.253] [ForkJoinPool.commonPool-worker-7/INFO] [Sound Physics - General/]: Unknown sound in sound rate config: alexscaves:tremorzilla_roar
[03Apr2026 19:04:03.253] [ForkJoinPool.commonPool-worker-7/INFO] [Sound Physics - General/]: Unknown sound in sound rate config: alexscaves:tremorzilla_scratch_attack
[03Apr2026 19:04:03.253] [ForkJoinPool.commonPool-worker-7/INFO] [Sound Physics - General/]: Unknown sound in sound rate config: alexscaves:tremorzilla_stomp
[03Apr2026 19:04:03.253] [ForkJoinPool.commonPool-worker-7/INFO] [Sound Physics - General/]: Unknown sound in sound rate config: alexscaves:tremorzilla_stomp_attack
[03Apr2026 19:04:03.253] [ForkJoinPool.commonPool-worker-7/INFO] [Sound Physics - General/]: Unknown sound in sound rate config: alexscaves:tremorzilla_tail_attack
[03Apr2026 19:04:03.253] [ForkJoinPool.commonPool-worker-7/INFO] [Sound Physics - General/]: Unknown sound in sound rate config: alexscaves:trilocaris_death
[03Apr2026 19:04:03.253] [ForkJoinPool.commonPool-worker-7/INFO] [Sound Physics - General/]: Unknown sound in sound rate config: alexscaves:trilocaris_hurt
[03Apr2026 19:04:03.253] [ForkJoinPool.commonPool-worker-7/INFO] [Sound Physics - General/]: Unknown sound in sound rate config: alexscaves:trilocaris_step
[03Apr2026 19:04:03.253] [ForkJoinPool.commonPool-worker-7/INFO] [Sound Physics - General/]: Unknown sound in sound rate config: alexscaves:tripodfish_flop
[03Apr2026 19:04:03.253] [ForkJoinPool.commonPool-worker-7/INFO] [Sound Physics - General/]: Unknown sound in sound rate config: alexscaves:tripodfish_hurt
[03Apr2026 19:04:03.253] [ForkJoinPool.commonPool-worker-7/INFO] [Sound Physics - General/]: Unknown sound in sound rate config: worthy_bosses:troll
[03Apr2026 19:04:03.253] [ForkJoinPool.commonPool-worker-7/INFO] [Sound Physics - General/]: Unknown sound in sound rate config: alexscaves:tube_worm_break
[03Apr2026 19:04:03.253] [ForkJoinPool.commonPool-worker-7/INFO] [Sound Physics - General/]: Unknown sound in sound rate config: alexscaves:tube_worm_breaking
[03Apr2026 19:04:03.253] [ForkJoinPool.commonPool-worker-7/INFO] [Sound Physics - General/]: Unknown sound in sound rate config: alexscaves:tube_worm_place
[03Apr2026 19:04:03.253] [ForkJoinPool.commonPool-worker-7/INFO] [Sound Physics - General/]: Unknown sound in sound rate config: alexscaves:tube_worm_step
[03Apr2026 19:04:03.253] [ForkJoinPool.commonPool-worker-7/INFO] [Sound Physics - General/]: Unknown sound in sound rate config: majruszsdifficulty:undead_army.approaching
[03Apr2026 19:04:03.253] [ForkJoinPool.commonPool-worker-7/INFO] [Sound Physics - General/]: Unknown sound in sound rate config: majruszsdifficulty:undead_army.wave_started
[03Apr2026 19:04:03.253] [ForkJoinPool.commonPool-worker-7/INFO] [Sound Physics - General/]: Unknown sound in sound rate config: alexscaves:underzealot_attack
[03Apr2026 19:04:03.253] [ForkJoinPool.commonPool-worker-7/INFO] [Sound Physics - General/]: Unknown sound in sound rate config: alexscaves:underzealot_chant
[03Apr2026 19:04:03.253] [ForkJoinPool.commonPool-worker-7/INFO] [Sound Physics - General/]: Unknown sound in sound rate config: alexscaves:underzealot_death
[03Apr2026 19:04:03.253] [ForkJoinPool.commonPool-worker-7/INFO] [Sound Physics - General/]: Unknown sound in sound rate config: alexscaves:underzealot_dig
[03Apr2026 19:04:03.253] [ForkJoinPool.commonPool-worker-7/INFO] [Sound Physics - General/]: Unknown sound in sound rate config: alexscaves:underzealot_hurt
[03Apr2026 19:04:03.253] [ForkJoinPool.commonPool-worker-7/INFO] [Sound Physics - General/]: Unknown sound in sound rate config: alexscaves:underzealot_idle
[03Apr2026 19:04:03.253] [ForkJoinPool.commonPool-worker-7/INFO] [Sound Physics - General/]: Unknown sound in sound rate config: alexscaves:underzealot_transformation
[03Apr2026 19:04:03.253] [ForkJoinPool.commonPool-worker-7/INFO] [Sound Physics - General/]: Unknown sound in sound rate config: alexscaves:unrefined_waste_break
[03Apr2026 19:04:03.253] [ForkJoinPool.commonPool-worker-7/INFO] [Sound Physics - General/]: Unknown sound in sound rate config: alexscaves:unrefined_waste_breaking
[03Apr2026 19:04:03.253] [ForkJoinPool.commonPool-worker-7/INFO] [Sound Physics - General/]: Unknown sound in sound rate config: alexscaves:unrefined_waste_place
[03Apr2026 19:04:03.253] [ForkJoinPool.commonPool-worker-7/INFO] [Sound Physics - General/]: Unknown sound in sound rate config: alexscaves:unrefined_waste_step
[03Apr2026 19:04:03.253] [ForkJoinPool.commonPool-worker-7/INFO] [Sound Physics - General/]: Unknown sound in sound rate config: alexscaves:uranium_break
[03Apr2026 19:04:03.253] [ForkJoinPool.commonPool-worker-7/INFO] [Sound Physics - General/]: Unknown sound in sound rate config: alexscaves:uranium_breaking
[03Apr2026 19:04:03.253] [ForkJoinPool.commonPool-worker-7/INFO] [Sound Physics - General/]: Unknown sound in sound rate config: alexscaves:uranium_hum
[03Apr2026 19:04:03.253] [ForkJoinPool.commonPool-worker-7/INFO] [Sound Physics - General/]: Unknown sound in sound rate config: alexscaves:uranium_place
[03Apr2026 19:04:03.253] [ForkJoinPool.commonPool-worker-7/INFO] [Sound Physics - General/]: Unknown sound in sound rate config: alexscaves:uranium_step
[03Apr2026 19:04:03.253] [ForkJoinPool.commonPool-worker-7/INFO] [Sound Physics - General/]: Unknown sound in sound rate config: alexscaves:vallumraptor_attack
[03Apr2026 19:04:03.253] [ForkJoinPool.commonPool-worker-7/INFO] [Sound Physics - General/]: Unknown sound in sound rate config: alexscaves:vallumraptor_call
[03Apr2026 19:04:03.253] [ForkJoinPool.commonPool-worker-7/INFO] [Sound Physics - General/]: Unknown sound in sound rate config: alexscaves:vallumraptor_death
[03Apr2026 19:04:03.253] [ForkJoinPool.commonPool-worker-7/INFO] [Sound Physics - General/]: Unknown sound in sound rate config: alexscaves:vallumraptor_hurt
[03Apr2026 19:04:03.253] [ForkJoinPool.commonPool-worker-7/INFO] [Sound Physics - General/]: Unknown sound in sound rate config: alexscaves:vallumraptor_idle
[03Apr2026 19:04:03.253] [ForkJoinPool.commonPool-worker-7/INFO] [Sound Physics - General/]: Unknown sound in sound rate config: alexscaves:vallumraptor_scratch
[03Apr2026 19:04:03.253] [ForkJoinPool.commonPool-worker-7/INFO] [Sound Physics - General/]: Unknown sound in sound rate config: alexscaves:vallumraptor_sleep
[03Apr2026 19:04:03.253] [ForkJoinPool.commonPool-worker-7/INFO] [Sound Physics - General/]: Unknown sound in sound rate config: alexscaves:vesper_death
[03Apr2026 19:04:03.253] [ForkJoinPool.commonPool-worker-7/INFO] [Sound Physics - General/]: Unknown sound in sound rate config: alexscaves:vesper_flap
[03Apr2026 19:04:03.253] [ForkJoinPool.commonPool-worker-7/INFO] [Sound Physics - General/]: Unknown sound in sound rate config: alexscaves:vesper_hurt
[03Apr2026 19:04:03.253] [ForkJoinPool.commonPool-worker-7/INFO] [Sound Physics - General/]: Unknown sound in sound rate config: alexscaves:vesper_idle
[03Apr2026 19:04:03.253] [ForkJoinPool.commonPool-worker-7/INFO] [Sound Physics - General/]: Unknown sound in sound rate config: alexscaves:vesper_quiet_idle
[03Apr2026 19:04:03.253] [ForkJoinPool.commonPool-worker-7/INFO] [Sound Physics - General/]: Unknown sound in sound rate config: alexscaves:vesper_scream
[03Apr2026 19:04:03.253] [ForkJoinPool.commonPool-worker-7/INFO] [Sound Physics - General/]: Unknown sound in sound rate config: alexscaves:watcher_attack
[03Apr2026 19:04:03.253] [ForkJoinPool.commonPool-worker-7/INFO] [Sound Physics - General/]: Unknown sound in sound rate config: alexscaves:watcher_death
[03Apr2026 19:04:03.253] [ForkJoinPool.commonPool-worker-7/INFO] [Sound Physics - General/]: Unknown sound in sound rate config: alexscaves:watcher_hurt
[03Apr2026 19:04:03.253] [ForkJoinPool.commonPool-worker-7/INFO] [Sound Physics - General/]: Unknown sound in sound rate config: alexscaves:watcher_idle
[03Apr2026 19:04:03.253] [ForkJoinPool.commonPool-worker-7/INFO] [Sound Physics - General/]: Unknown sound in sound rate config: alexscaves:watcher_scare
[03Apr2026 19:04:03.253] [ForkJoinPool.commonPool-worker-7/INFO] [Sound Physics - General/]: Unknown sound in sound rate config: alexscaves:watcher_spawn
[03Apr2026 19:04:03.253] [ForkJoinPool.commonPool-worker-7/INFO] [Sound Physics - General/]: Unknown sound in sound rate config: originsoverhaulmod:water_splash
[03Apr2026 19:04:03.253] [ForkJoinPool.commonPool-worker-7/INFO] [Sound Physics - General/]: Unknown sound in sound rate config: particlerain:weather.sandstorm
[03Apr2026 19:04:03.253] [ForkJoinPool.commonPool-worker-7/INFO] [Sound Physics - General/]: Unknown sound in sound rate config: particlerain:weather.sandstorm.above
[03Apr2026 19:04:03.253] [ForkJoinPool.commonPool-worker-7/INFO] [Sound Physics - General/]: Unknown sound in sound rate config: particlerain:weather.snow
[03Apr2026 19:04:03.253] [ForkJoinPool.commonPool-worker-7/INFO] [Sound Physics - General/]: Unknown sound in sound rate config: particlerain:weather.snow.above
[03Apr2026 19:04:03.253] [ForkJoinPool.commonPool-worker-7/INFO] [Sound Physics - General/]: Unknown sound in sound rate config: dangers_in_the_darkness:whaleidle
[03Apr2026 19:04:03.253] [ForkJoinPool.commonPool-worker-7/INFO] [Sound Physics - General/]: Unknown sound in sound rate config: void_worm:worm_theme
[03Apr2026 19:04:03.253] [ForkJoinPool.commonPool-worker-7/INFO] [Sound Physics - General/]: Unknown sound in sound rate config: dangers_in_the_darkness:yee
[03Apr2026 19:04:03.260] [Forge Version Check/INFO] [net.minecraftforge.fml.VersionChecker/]: [highlighter] Found status: UP_TO_DATE Current: 1.1.9 Target: null
[03Apr2026 19:04:03.260] [Forge Version Check/INFO] [net.minecraftforge.fml.VersionChecker/]: [extrastorage] Starting version check at https://api.modrinth.com/updates/extrastorage/forge_updates.json
[03Apr2026 19:04:03.267] [ForkJoinPool.commonPool-worker-7/INFO] [Sound Physics - General/]: Using Cloth Config GUI
[03Apr2026 19:04:03.331] [Forge Version Check/INFO] [net.minecraftforge.fml.VersionChecker/]: [extrastorage] Found status: UP_TO_DATE Current: 4.0.7 Target: null
[03Apr2026 19:04:03.331] [Forge Version Check/INFO] [net.minecraftforge.fml.VersionChecker/]: [cumulus_menus] Starting version check at https://github.com/The-Aether-Team/Cumulus/raw/1.20.1-develop/update.json
[03Apr2026 19:04:03.374] [ForkJoinPool.commonPool-worker-5/INFO] [SpectreLib/]: Registering config screens for mod comforts with 1 config(s)
[03Apr2026 19:04:03.430] [ForkJoinPool.commonPool-worker-1/INFO] [mekanism.common.Mekanism/]: Initialized HolidayManager.
[03Apr2026 19:04:03.454] [ForkJoinPool.commonPool-worker-1/INFO] [crust/configs/]: First-time loading config file config\Crust\client_config_editor.toml
[03Apr2026 19:04:03.462] [ForkJoinPool.commonPool-worker-1/INFO] [crust/configs/]: Started watching config file config\Crust\client_config_editor.toml for updates
[03Apr2026 19:04:03.462] [ForkJoinPool.commonPool-worker-1/INFO] [crust/configs/]: First-time loading config file config\Crust\client_extra_inv_buttons.toml
[03Apr2026 19:04:03.464] [ForkJoinPool.commonPool-worker-4/INFO] [jmi/]: FTBChunks integration loaded.
[03Apr2026 19:04:03.464] [ForkJoinPool.commonPool-worker-4/INFO] [jmi/]: Waystones integration loaded.
[03Apr2026 19:04:03.474] [ForkJoinPool.commonPool-worker-1/INFO] [crust/configs/]: Started watching config file config\Crust\client_extra_inv_buttons.toml for updates
[03Apr2026 19:04:03.474] [ForkJoinPool.commonPool-worker-1/INFO] [crust/configs/]: First-time loading config file config\Crust\render_settings.toml
[03Apr2026 19:04:03.475] [ForkJoinPool.commonPool-worker-1/INFO] [crust/configs/]: Started watching config file config\Crust\render_settings.toml for updates
[03Apr2026 19:04:03.478] [Forge Version Check/INFO] [net.minecraftforge.fml.VersionChecker/]: [cumulus_menus] Found status: UP_TO_DATE Current: 1.20.1-1.0.1-neoforge Target: null
[03Apr2026 19:04:03.478] [Forge Version Check/INFO] [net.minecraftforge.fml.VersionChecker/]: [mcwroofs] Starting version check at https://raw.githubusercontent.com/sketchmacaw/macawsmods/master/roofs.json
[03Apr2026 19:04:03.506] [Forge Version Check/INFO] [net.minecraftforge.fml.VersionChecker/]: [mcwroofs] Found status: UP_TO_DATE Current: 2.3.2 Target: null
[03Apr2026 19:04:03.506] [Forge Version Check/INFO] [net.minecraftforge.fml.VersionChecker/]: [mutantmonsters] Starting version check at https://raw.githubusercontent.com/Fuzss/modresources/main/update/mutantmonsters.json
[03Apr2026 19:04:03.533] [Forge Version Check/INFO] [net.minecraftforge.fml.VersionChecker/]: [mutantmonsters] Found status: UP_TO_DATE Current: 8.0.8 Target: null
[03Apr2026 19:04:03.533] [Forge Version Check/INFO] [net.minecraftforge.fml.VersionChecker/]: [visualworkbench] Starting version check at https://raw.githubusercontent.com/Fuzss/modresources/main/update/visualworkbench.json
[03Apr2026 19:04:03.562] [Forge Version Check/INFO] [net.minecraftforge.fml.VersionChecker/]: [visualworkbench] Found status: UP_TO_DATE Current: 8.0.1 Target: null
[03Apr2026 19:04:03.562] [Forge Version Check/INFO] [net.minecraftforge.fml.VersionChecker/]: [attributefix] Starting version check at https://updates.blamejared.com/get?n=attributefix&gv=1.20.1
[03Apr2026 19:04:03.994] [Forge Version Check/INFO] [net.minecraftforge.fml.VersionChecker/]: [attributefix] Found status: BETA Current: 21.0.5 Target: 21.0.5
[03Apr2026 19:04:03.994] [Forge Version Check/INFO] [net.minecraftforge.fml.VersionChecker/]: [aether_treasure_reforging] Starting version check at https://github.com/The-Aether-Team/Treasure-Reforging/raw/1.20.1-develop/update.json
[03Apr2026 19:04:04.091] [ForkJoinPool.commonPool-worker-6/WARN] [net.minecraft.client.resources.model.ModelBakery/]: Exception evaluating model definition: 'mcwbiomesoplenty:dead_balcony#'
java.lang.RuntimeException: Unknown property 'north' on 'Block{mcwbiomesoplenty:dead_balcony}'
	at malte0811.ferritecore.impl.KeyValueConditionImpl.getPredicate(KeyValueConditionImpl.java:31) ~[ferritecore-6.0.1-forge.jar%23793!/:6.0.1]
	at net.minecraft.client.renderer.block.model.multipart.KeyValueCondition.m_7289_(KeyValueCondition.java:537) ~[client-1.20.1-20230612.114412-srg.jar%231076!/:?]
	at malte0811.ferritecore.util.PredicateHelper.toCanonicalList(PredicateHelper.java:19) ~[ferritecore-6.0.1-forge.jar%23793!/:6.0.1]
	at net.minecraft.client.renderer.block.model.multipart.AndCondition.m_7289_(AndCondition.java:529) ~[client-1.20.1-20230612.114412-srg.jar%231076!/:?]
	at net.minecraft.client.renderer.block.model.multipart.Selector.m_112021_(Selector.java:43) ~[client-1.20.1-20230612.114412-srg.jar%231076!/:?]
	at net.minecraft.client.resources.model.ModelBakery$ModelGroupKey.m_119390_(ModelBakery.java:521) ~[client-1.20.1-20230612.114412-srg.jar%231076!/:?]
	at java.util.stream.ReferencePipeline$2$1.accept(ReferencePipeline.java:178) ~[?:?]
	at java.util.ArrayList$ArrayListSpliterator.forEachRemaining(ArrayList.java:1625) ~[?:?]
	at java.util.stream.AbstractPipeline.copyInto(AbstractPipeline.java:509) ~[?:?]
	at java.util.stream.AbstractPipeline.wrapAndCopyInto(AbstractPipeline.java:499) ~[?:?]
	at java.util.stream.ReduceOps$ReduceOp.evaluateSequential(ReduceOps.java:921) ~[?:?]
	at java.util.stream.AbstractPipeline.evaluate(AbstractPipeline.java:234) ~[?:?]
	at java.util.stream.ReferencePipeline.collect(ReferencePipeline.java:682) ~[?:?]
	at net.minecraft.client.resources.model.ModelBakery$ModelGroupKey.m_119379_(ModelBakery.java:522) ~[client-1.20.1-20230612.114412-srg.jar%231076!/:?]
	at net.minecraft.client.resources.model.ModelBakery.m_174886_(ModelBakery.java:304) ~[client-1.20.1-20230612.114412-srg.jar%231076!/:?]
	at net.minecraft.client.resources.model.ModelBakery.m_119331_(ModelBakery.java:347) ~[client-1.20.1-20230612.114412-srg.jar%231076!/:?]
	at java.util.HashMap.forEach(HashMap.java:1421) ~[?:?]
	at net.minecraft.client.resources.model.ModelBakery.m_119362_(ModelBakery.java:337) ~[client-1.20.1-20230612.114412-srg.jar%231076!/:?]
	at net.minecraft.client.resources.model.ModelBakery.m_119341_(ModelBakery.java:243) ~[client-1.20.1-20230612.114412-srg.jar%231076!/:?]
	at net.minecraft.client.resources.model.ModelBakery.m_119306_(ModelBakery.java:384) ~[client-1.20.1-20230612.114412-srg.jar%231076!/:?]
	at net.minecraft.client.resources.model.ModelBakery.m_119263_(ModelBakery.java:143) ~[client-1.20.1-20230612.114412-srg.jar%231076!/:?]
	at com.google.common.collect.ImmutableList.forEach(ImmutableList.java:422) ~[guava-31.1-jre.jar%23102!/:?]
	at net.minecraft.client.resources.model.ModelBakery.<init>(ModelBakery.java:142) ~[client-1.20.1-20230612.114412-srg.jar%231076!/:?]
	at net.minecraft.client.resources.model.ModelManager.m_246505_(ModelManager.java:83) ~[client-1.20.1-20230612.114412-srg.jar%231076!/:?]
	at net.minecraft.client.resources.model.ModelManager.mdea2b0a$fabric_model_loading_api_v1$lambda$loadModelPluginData$0$0(ModelManager.java:2569) ~[client-1.20.1-20230612.114412-srg.jar%231076!/:?]
	at java.util.concurrent.CompletableFuture.biApply(CompletableFuture.java:1311) ~[?:?]
	at java.util.concurrent.CompletableFuture$BiApply.tryFire(CompletableFuture.java:1280) ~[?:?]
	at java.util.concurrent.CompletableFuture$Completion.exec(CompletableFuture.java:483) ~[?:?]
	at java.util.concurrent.ForkJoinTask.doExec(ForkJoinTask.java:373) ~[?:?]
	at java.util.concurrent.ForkJoinPool$WorkQueue.topLevelExec(ForkJoinPool.java:1182) ~[?:?]
	at java.util.concurrent.ForkJoinPool.scan(ForkJoinPool.java:1655) ~[?:?]
	at java.util.concurrent.ForkJoinPool.runWorker(ForkJoinPool.java:1622) ~[?:?]
	at java.util.concurrent.ForkJoinWorkerThread.run(ForkJoinWorkerThread.java:165) ~[?:?]
[03Apr2026 19:04:04.092] [ForkJoinPool.commonPool-worker-6/WARN] [net.minecraft.client.resources.model.ModelBakery/]: Exception evaluating model definition: 'mcwbiomesoplenty:fir_balcony#'
java.lang.RuntimeException: Unknown property 'north' on 'Block{mcwbiomesoplenty:fir_balcony}'
	at malte0811.ferritecore.impl.KeyValueConditionImpl.getPredicate(KeyValueConditionImpl.java:31) ~[ferritecore-6.0.1-forge.jar%23793!/:6.0.1]
	at net.minecraft.client.renderer.block.model.multipart.KeyValueCondition.m_7289_(KeyValueCondition.java:537) ~[client-1.20.1-20230612.114412-srg.jar%231076!/:?]
	at malte0811.ferritecore.util.PredicateHelper.toCanonicalList(PredicateHelper.java:19) ~[ferritecore-6.0.1-forge.jar%23793!/:6.0.1]
	at net.minecraft.client.renderer.block.model.multipart.AndCondition.m_7289_(AndCondition.java:529) ~[client-1.20.1-20230612.114412-srg.jar%231076!/:?]
	at net.minecraft.client.renderer.block.model.multipart.Selector.m_112021_(Selector.java:43) ~[client-1.20.1-20230612.114412-srg.jar%231076!/:?]
	at net.minecraft.client.resources.model.ModelBakery$ModelGroupKey.m_119390_(ModelBakery.java:521) ~[client-1.20.1-20230612.114412-srg.jar%231076!/:?]
	at java.util.stream.ReferencePipeline$2$1.accept(ReferencePipeline.java:178) ~[?:?]
	at java.util.ArrayList$ArrayListSpliterator.forEachRemaining(ArrayList.java:1625) ~[?:?]
	at java.util.stream.AbstractPipeline.copyInto(AbstractPipeline.java:509) ~[?:?]
	at java.util.stream.AbstractPipeline.wrapAndCopyInto(AbstractPipeline.java:499) ~[?:?]
	at java.util.stream.ReduceOps$ReduceOp.evaluateSequential(ReduceOps.java:921) ~[?:?]
	at java.util.stream.AbstractPipeline.evaluate(AbstractPipeline.java:234) ~[?:?]
	at java.util.stream.ReferencePipeline.collect(ReferencePipeline.java:682) ~[?:?]
	at net.minecraft.client.resources.model.ModelBakery$ModelGroupKey.m_119379_(ModelBakery.java:522) ~[client-1.20.1-20230612.114412-srg.jar%231076!/:?]
	at net.minecraft.client.resources.model.ModelBakery.m_174886_(ModelBakery.java:304) ~[client-1.20.1-20230612.114412-srg.jar%231076!/:?]
	at net.minecraft.client.resources.model.ModelBakery.m_119331_(ModelBakery.java:347) ~[client-1.20.1-20230612.114412-srg.jar%231076!/:?]
	at java.util.HashMap.forEach(HashMap.java:1421) ~[?:?]
	at net.minecraft.client.resources.model.ModelBakery.m_119362_(ModelBakery.java:337) ~[client-1.20.1-20230612.114412-srg.jar%231076!/:?]
	at net.minecraft.client.resources.model.ModelBakery.m_119341_(ModelBakery.java:243) ~[client-1.20.1-20230612.114412-srg.jar%231076!/:?]
	at net.minecraft.client.resources.model.ModelBakery.m_119306_(ModelBakery.java:384) ~[client-1.20.1-20230612.114412-srg.jar%231076!/:?]
	at net.minecraft.client.resources.model.ModelBakery.m_119263_(ModelBakery.java:143) ~[client-1.20.1-20230612.114412-srg.jar%231076!/:?]
	at com.google.common.collect.ImmutableList.forEach(ImmutableList.java:422) ~[guava-31.1-jre.jar%23102!/:?]
	at net.minecraft.client.resources.model.ModelBakery.<init>(ModelBakery.java:142) ~[client-1.20.1-20230612.114412-srg.jar%231076!/:?]
	at net.minecraft.client.resources.model.ModelManager.m_246505_(ModelManager.java:83) ~[client-1.20.1-20230612.114412-srg.jar%231076!/:?]
	at net.minecraft.client.resources.model.ModelManager.mdea2b0a$fabric_model_loading_api_v1$lambda$loadModelPluginData$0$0(ModelManager.java:2569) ~[client-1.20.1-20230612.114412-srg.jar%231076!/:?]
	at java.util.concurrent.CompletableFuture.biApply(CompletableFuture.java:1311) ~[?:?]
	at java.util.concurrent.CompletableFuture$BiApply.tryFire(CompletableFuture.java:1280) ~[?:?]
	at java.util.concurrent.CompletableFuture$Completion.exec(CompletableFuture.java:483) ~[?:?]
	at java.util.concurrent.ForkJoinTask.doExec(ForkJoinTask.java:373) ~[?:?]
	at java.util.concurrent.ForkJoinPool$WorkQueue.topLevelExec(ForkJoinPool.java:1182) ~[?:?]
	at java.util.concurrent.ForkJoinPool.scan(ForkJoinPool.java:1655) ~[?:?]
	at java.util.concurrent.ForkJoinPool.runWorker(ForkJoinPool.java:1622) ~[?:?]
	at java.util.concurrent.ForkJoinWorkerThread.run(ForkJoinWorkerThread.java:165) ~[?:?]
[03Apr2026 19:04:04.092] [ForkJoinPool.commonPool-worker-6/WARN] [net.minecraft.client.resources.model.ModelBakery/]: Exception evaluating model definition: 'mcwbiomesoplenty:mahogany_balcony#'
java.lang.RuntimeException: Unknown property 'north' on 'Block{mcwbiomesoplenty:mahogany_balcony}'
	at malte0811.ferritecore.impl.KeyValueConditionImpl.getPredicate(KeyValueConditionImpl.java:31) ~[ferritecore-6.0.1-forge.jar%23793!/:6.0.1]
	at net.minecraft.client.renderer.block.model.multipart.KeyValueCondition.m_7289_(KeyValueCondition.java:537) ~[client-1.20.1-20230612.114412-srg.jar%231076!/:?]
	at malte0811.ferritecore.util.PredicateHelper.toCanonicalList(PredicateHelper.java:19) ~[ferritecore-6.0.1-forge.jar%23793!/:6.0.1]
	at net.minecraft.client.renderer.block.model.multipart.AndCondition.m_7289_(AndCondition.java:529) ~[client-1.20.1-20230612.114412-srg.jar%231076!/:?]
	at net.minecraft.client.renderer.block.model.multipart.Selector.m_112021_(Selector.java:43) ~[client-1.20.1-20230612.114412-srg.jar%231076!/:?]
	at net.minecraft.client.resources.model.ModelBakery$ModelGroupKey.m_119390_(ModelBakery.java:521) ~[client-1.20.1-20230612.114412-srg.jar%231076!/:?]
	at java.util.stream.ReferencePipeline$2$1.accept(ReferencePipeline.java:178) ~[?:?]
	at java.util.ArrayList$ArrayListSpliterator.forEachRemaining(ArrayList.java:1625) ~[?:?]
	at java.util.stream.AbstractPipeline.copyInto(AbstractPipeline.java:509) ~[?:?]
	at java.util.stream.AbstractPipeline.wrapAndCopyInto(AbstractPipeline.java:499) ~[?:?]
	at java.util.stream.ReduceOps$ReduceOp.evaluateSequential(ReduceOps.java:921) ~[?:?]
	at java.util.stream.AbstractPipeline.evaluate(AbstractPipeline.java:234) ~[?:?]
	at java.util.stream.ReferencePipeline.collect(ReferencePipeline.java:682) ~[?:?]
	at net.minecraft.client.resources.model.ModelBakery$ModelGroupKey.m_119379_(ModelBakery.java:522) ~[client-1.20.1-20230612.114412-srg.jar%231076!/:?]
	at net.minecraft.client.resources.model.ModelBakery.m_174886_(ModelBakery.java:304) ~[client-1.20.1-20230612.114412-srg.jar%231076!/:?]
	at net.minecraft.client.resources.model.ModelBakery.m_119331_(ModelBakery.java:347) ~[client-1.20.1-20230612.114412-srg.jar%231076!/:?]
	at java.util.HashMap.forEach(HashMap.java:1421) ~[?:?]
	at net.minecraft.client.resources.model.ModelBakery.m_119362_(ModelBakery.java:337) ~[client-1.20.1-20230612.114412-srg.jar%231076!/:?]
	at net.minecraft.client.resources.model.ModelBakery.m_119341_(ModelBakery.java:243) ~[client-1.20.1-20230612.114412-srg.jar%231076!/:?]
	at net.minecraft.client.resources.model.ModelBakery.m_119306_(ModelBakery.java:384) ~[client-1.20.1-20230612.114412-srg.jar%231076!/:?]
	at net.minecraft.client.resources.model.ModelBakery.m_119263_(ModelBakery.java:143) ~[client-1.20.1-20230612.114412-srg.jar%231076!/:?]
	at com.google.common.collect.ImmutableList.forEach(ImmutableList.java:422) ~[guava-31.1-jre.jar%23102!/:?]
	at net.minecraft.client.resources.model.ModelBakery.<init>(ModelBakery.java:142) ~[client-1.20.1-20230612.114412-srg.jar%231076!/:?]
	at net.minecraft.client.resources.model.ModelManager.m_246505_(ModelManager.java:83) ~[client-1.20.1-20230612.114412-srg.jar%231076!/:?]
	at net.minecraft.client.resources.model.ModelManager.mdea2b0a$fabric_model_loading_api_v1$lambda$loadModelPluginData$0$0(ModelManager.java:2569) ~[client-1.20.1-20230612.114412-srg.jar%231076!/:?]
	at java.util.concurrent.CompletableFuture.biApply(CompletableFuture.java:1311) ~[?:?]
	at java.util.concurrent.CompletableFuture$BiApply.tryFire(CompletableFuture.java:1280) ~[?:?]
	at java.util.concurrent.CompletableFuture$Completion.exec(CompletableFuture.java:483) ~[?:?]
	at java.util.concurrent.ForkJoinTask.doExec(ForkJoinTask.java:373) ~[?:?]
	at java.util.concurrent.ForkJoinPool$WorkQueue.topLevelExec(ForkJoinPool.java:1182) ~[?:?]
	at java.util.concurrent.ForkJoinPool.scan(ForkJoinPool.java:1655) ~[?:?]
	at java.util.concurrent.ForkJoinPool.runWorker(ForkJoinPool.java:1622) ~[?:?]
	at java.util.concurrent.ForkJoinWorkerThread.run(ForkJoinWorkerThread.java:165) ~[?:?]
[03Apr2026 19:04:04.093] [ForkJoinPool.commonPool-worker-6/WARN] [net.minecraft.client.resources.model.ModelBakery/]: Exception evaluating model definition: 'mcwbiomesoplenty:palm_balcony#'
java.lang.RuntimeException: Unknown property 'north' on 'Block{mcwbiomesoplenty:palm_balcony}'
	at malte0811.ferritecore.impl.KeyValueConditionImpl.getPredicate(KeyValueConditionImpl.java:31) ~[ferritecore-6.0.1-forge.jar%23793!/:6.0.1]
	at net.minecraft.client.renderer.block.model.multipart.KeyValueCondition.m_7289_(KeyValueCondition.java:537) ~[client-1.20.1-20230612.114412-srg.jar%231076!/:?]
	at malte0811.ferritecore.util.PredicateHelper.toCanonicalList(PredicateHelper.java:19) ~[ferritecore-6.0.1-forge.jar%23793!/:6.0.1]
	at net.minecraft.client.renderer.block.model.multipart.AndCondition.m_7289_(AndCondition.java:529) ~[client-1.20.1-20230612.114412-srg.jar%231076!/:?]
	at net.minecraft.client.renderer.block.model.multipart.Selector.m_112021_(Selector.java:43) ~[client-1.20.1-20230612.114412-srg.jar%231076!/:?]
	at net.minecraft.client.resources.model.ModelBakery$ModelGroupKey.m_119390_(ModelBakery.java:521) ~[client-1.20.1-20230612.114412-srg.jar%231076!/:?]
	at java.util.stream.ReferencePipeline$2$1.accept(ReferencePipeline.java:178) ~[?:?]
	at java.util.ArrayList$ArrayListSpliterator.forEachRemaining(ArrayList.java:1625) ~[?:?]
	at java.util.stream.AbstractPipeline.copyInto(AbstractPipeline.java:509) ~[?:?]
	at java.util.stream.AbstractPipeline.wrapAndCopyInto(AbstractPipeline.java:499) ~[?:?]
	at java.util.stream.ReduceOps$ReduceOp.evaluateSequential(ReduceOps.java:921) ~[?:?]
	at java.util.stream.AbstractPipeline.evaluate(AbstractPipeline.java:234) ~[?:?]
	at java.util.stream.ReferencePipeline.collect(ReferencePipeline.java:682) ~[?:?]
	at net.minecraft.client.resources.model.ModelBakery$ModelGroupKey.m_119379_(ModelBakery.java:522) ~[client-1.20.1-20230612.114412-srg.jar%231076!/:?]
	at net.minecraft.client.resources.model.ModelBakery.m_174886_(ModelBakery.java:304) ~[client-1.20.1-20230612.114412-srg.jar%231076!/:?]
	at net.minecraft.client.resources.model.ModelBakery.m_119331_(ModelBakery.java:347) ~[client-1.20.1-20230612.114412-srg.jar%231076!/:?]
	at java.util.HashMap.forEach(HashMap.java:1421) ~[?:?]
	at net.minecraft.client.resources.model.ModelBakery.m_119362_(ModelBakery.java:337) ~[client-1.20.1-20230612.114412-srg.jar%231076!/:?]
	at net.minecraft.client.resources.model.ModelBakery.m_119341_(ModelBakery.java:243) ~[client-1.20.1-20230612.114412-srg.jar%231076!/:?]
	at net.minecraft.client.resources.model.ModelBakery.m_119306_(ModelBakery.java:384) ~[client-1.20.1-20230612.114412-srg.jar%231076!/:?]
	at net.minecraft.client.resources.model.ModelBakery.m_119263_(ModelBakery.java:143) ~[client-1.20.1-20230612.114412-srg.jar%231076!/:?]
	at com.google.common.collect.ImmutableList.forEach(ImmutableList.java:422) ~[guava-31.1-jre.jar%23102!/:?]
	at net.minecraft.client.resources.model.ModelBakery.<init>(ModelBakery.java:142) ~[client-1.20.1-20230612.114412-srg.jar%231076!/:?]
	at net.minecraft.client.resources.model.ModelManager.m_246505_(ModelManager.java:83) ~[client-1.20.1-20230612.114412-srg.jar%231076!/:?]
	at net.minecraft.client.resources.model.ModelManager.mdea2b0a$fabric_model_loading_api_v1$lambda$loadModelPluginData$0$0(ModelManager.java:2569) ~[client-1.20.1-20230612.114412-srg.jar%231076!/:?]
	at java.util.concurrent.CompletableFuture.biApply(CompletableFuture.java:1311) ~[?:?]
	at java.util.concurrent.CompletableFuture$BiApply.tryFire(CompletableFuture.java:1280) ~[?:?]
	at java.util.concurrent.CompletableFuture$Completion.exec(CompletableFuture.java:483) ~[?:?]
	at java.util.concurrent.ForkJoinTask.doExec(ForkJoinTask.java:373) ~[?:?]
	at java.util.concurrent.ForkJoinPool$WorkQueue.topLevelExec(ForkJoinPool.java:1182) ~[?:?]
	at java.util.concurrent.ForkJoinPool.scan(ForkJoinPool.java:1655) ~[?:?]
	at java.util.concurrent.ForkJoinPool.runWorker(ForkJoinPool.java:1622) ~[?:?]
	at java.util.concurrent.ForkJoinWorkerThread.run(ForkJoinWorkerThread.java:165) ~[?:?]
[03Apr2026 19:04:04.093] [ForkJoinPool.commonPool-worker-6/WARN] [net.minecraft.client.resources.model.ModelBakery/]: Exception evaluating model definition: 'mcwbiomesoplenty:redwood_balcony#'
java.lang.RuntimeException: Unknown property 'north' on 'Block{mcwbiomesoplenty:redwood_balcony}'
	at malte0811.ferritecore.impl.KeyValueConditionImpl.getPredicate(KeyValueConditionImpl.java:31) ~[ferritecore-6.0.1-forge.jar%23793!/:6.0.1]
	at net.minecraft.client.renderer.block.model.multipart.KeyValueCondition.m_7289_(KeyValueCondition.java:537) ~[client-1.20.1-20230612.114412-srg.jar%231076!/:?]
	at malte0811.ferritecore.util.PredicateHelper.toCanonicalList(PredicateHelper.java:19) ~[ferritecore-6.0.1-forge.jar%23793!/:6.0.1]
	at net.minecraft.client.renderer.block.model.multipart.AndCondition.m_7289_(AndCondition.java:529) ~[client-1.20.1-20230612.114412-srg.jar%231076!/:?]
	at net.minecraft.client.renderer.block.model.multipart.Selector.m_112021_(Selector.java:43) ~[client-1.20.1-20230612.114412-srg.jar%231076!/:?]
	at net.minecraft.client.resources.model.ModelBakery$ModelGroupKey.m_119390_(ModelBakery.java:521) ~[client-1.20.1-20230612.114412-srg.jar%231076!/:?]
	at java.util.stream.ReferencePipeline$2$1.accept(ReferencePipeline.java:178) ~[?:?]
	at java.util.ArrayList$ArrayListSpliterator.forEachRemaining(ArrayList.java:1625) ~[?:?]
	at java.util.stream.AbstractPipeline.copyInto(AbstractPipeline.java:509) ~[?:?]
	at java.util.stream.AbstractPipeline.wrapAndCopyInto(AbstractPipeline.java:499) ~[?:?]
	at java.util.stream.ReduceOps$ReduceOp.evaluateSequential(ReduceOps.java:921) ~[?:?]
	at java.util.stream.AbstractPipeline.evaluate(AbstractPipeline.java:234) ~[?:?]
	at java.util.stream.ReferencePipeline.collect(ReferencePipeline.java:682) ~[?:?]
	at net.minecraft.client.resources.model.ModelBakery$ModelGroupKey.m_119379_(ModelBakery.java:522) ~[client-1.20.1-20230612.114412-srg.jar%231076!/:?]
	at net.minecraft.client.resources.model.ModelBakery.m_174886_(ModelBakery.java:304) ~[client-1.20.1-20230612.114412-srg.jar%231076!/:?]
	at net.minecraft.client.resources.model.ModelBakery.m_119331_(ModelBakery.java:347) ~[client-1.20.1-20230612.114412-srg.jar%231076!/:?]
	at java.util.HashMap.forEach(HashMap.java:1421) ~[?:?]
	at net.minecraft.client.resources.model.ModelBakery.m_119362_(ModelBakery.java:337) ~[client-1.20.1-20230612.114412-srg.jar%231076!/:?]
	at net.minecraft.client.resources.model.ModelBakery.m_119341_(ModelBakery.java:243) ~[client-1.20.1-20230612.114412-srg.jar%231076!/:?]
	at net.minecraft.client.resources.model.ModelBakery.m_119306_(ModelBakery.java:384) ~[client-1.20.1-20230612.114412-srg.jar%231076!/:?]
	at net.minecraft.client.resources.model.ModelBakery.m_119263_(ModelBakery.java:143) ~[client-1.20.1-20230612.114412-srg.jar%231076!/:?]
	at com.google.common.collect.ImmutableList.forEach(ImmutableList.java:422) ~[guava-31.1-jre.jar%23102!/:?]
	at net.minecraft.client.resources.model.ModelBakery.<init>(ModelBakery.java:142) ~[client-1.20.1-20230612.114412-srg.jar%231076!/:?]
	at net.minecraft.client.resources.model.ModelManager.m_246505_(ModelManager.java:83) ~[client-1.20.1-20230612.114412-srg.jar%231076!/:?]
	at net.minecraft.client.resources.model.ModelManager.mdea2b0a$fabric_model_loading_api_v1$lambda$loadModelPluginData$0$0(ModelManager.java:2569) ~[client-1.20.1-20230612.114412-srg.jar%231076!/:?]
	at java.util.concurrent.CompletableFuture.biApply(CompletableFuture.java:1311) ~[?:?]
	at java.util.concurrent.CompletableFuture$BiApply.tryFire(CompletableFuture.java:1280) ~[?:?]
	at java.util.concurrent.CompletableFuture$Completion.exec(CompletableFuture.java:483) ~[?:?]
	at java.util.concurrent.ForkJoinTask.doExec(ForkJoinTask.java:373) ~[?:?]
	at java.util.concurrent.ForkJoinPool$WorkQueue.topLevelExec(ForkJoinPool.java:1182) ~[?:?]
	at java.util.concurrent.ForkJoinPool.scan(ForkJoinPool.java:1655) ~[?:?]
	at java.util.concurrent.ForkJoinPool.runWorker(ForkJoinPool.java:1622) ~[?:?]
	at java.util.concurrent.ForkJoinWorkerThread.run(ForkJoinWorkerThread.java:165) ~[?:?]
[03Apr2026 19:04:04.093] [ForkJoinPool.commonPool-worker-6/WARN] [net.minecraft.client.resources.model.ModelBakery/]: Exception evaluating model definition: 'mcwbiomesoplenty:willow_balcony#'
java.lang.RuntimeException: Unknown property 'north' on 'Block{mcwbiomesoplenty:willow_balcony}'
	at malte0811.ferritecore.impl.KeyValueConditionImpl.getPredicate(KeyValueConditionImpl.java:31) ~[ferritecore-6.0.1-forge.jar%23793!/:6.0.1]
	at net.minecraft.client.renderer.block.model.multipart.KeyValueCondition.m_7289_(KeyValueCondition.java:537) ~[client-1.20.1-20230612.114412-srg.jar%231076!/:?]
	at malte0811.ferritecore.util.PredicateHelper.toCanonicalList(PredicateHelper.java:19) ~[ferritecore-6.0.1-forge.jar%23793!/:6.0.1]
	at net.minecraft.client.renderer.block.model.multipart.AndCondition.m_7289_(AndCondition.java:529) ~[client-1.20.1-20230612.114412-srg.jar%231076!/:?]
	at net.minecraft.client.renderer.block.model.multipart.Selector.m_112021_(Selector.java:43) ~[client-1.20.1-20230612.114412-srg.jar%231076!/:?]
	at net.minecraft.client.resources.model.ModelBakery$ModelGroupKey.m_119390_(ModelBakery.java:521) ~[client-1.20.1-20230612.114412-srg.jar%231076!/:?]
	at java.util.stream.ReferencePipeline$2$1.accept(ReferencePipeline.java:178) ~[?:?]
	at java.util.ArrayList$ArrayListSpliterator.forEachRemaining(ArrayList.java:1625) ~[?:?]
	at java.util.stream.AbstractPipeline.copyInto(AbstractPipeline.java:509) ~[?:?]
	at java.util.stream.AbstractPipeline.wrapAndCopyInto(AbstractPipeline.java:499) ~[?:?]
	at java.util.stream.ReduceOps$ReduceOp.evaluateSequential(ReduceOps.java:921) ~[?:?]
	at java.util.stream.AbstractPipeline.evaluate(AbstractPipeline.java:234) ~[?:?]
	at java.util.stream.ReferencePipeline.collect(ReferencePipeline.java:682) ~[?:?]
	at net.minecraft.client.resources.model.ModelBakery$ModelGroupKey.m_119379_(ModelBakery.java:522) ~[client-1.20.1-20230612.114412-srg.jar%231076!/:?]
	at net.minecraft.client.resources.model.ModelBakery.m_174886_(ModelBakery.java:304) ~[client-1.20.1-20230612.114412-srg.jar%231076!/:?]
	at net.minecraft.client.resources.model.ModelBakery.m_119331_(ModelBakery.java:347) ~[client-1.20.1-20230612.114412-srg.jar%231076!/:?]
	at java.util.HashMap.forEach(HashMap.java:1421) ~[?:?]
	at net.minecraft.client.resources.model.ModelBakery.m_119362_(ModelBakery.java:337) ~[client-1.20.1-20230612.114412-srg.jar%231076!/:?]
	at net.minecraft.client.resources.model.ModelBakery.m_119341_(ModelBakery.java:243) ~[client-1.20.1-20230612.114412-srg.jar%231076!/:?]
	at net.minecraft.client.resources.model.ModelBakery.m_119306_(ModelBakery.java:384) ~[client-1.20.1-20230612.114412-srg.jar%231076!/:?]
	at net.minecraft.client.resources.model.ModelBakery.m_119263_(ModelBakery.java:143) ~[client-1.20.1-20230612.114412-srg.jar%231076!/:?]
	at com.google.common.collect.ImmutableList.forEach(ImmutableList.java:422) ~[guava-31.1-jre.jar%23102!/:?]
	at net.minecraft.client.resources.model.ModelBakery.<init>(ModelBakery.java:142) ~[client-1.20.1-20230612.114412-srg.jar%231076!/:?]
	at net.minecraft.client.resources.model.ModelManager.m_246505_(ModelManager.java:83) ~[client-1.20.1-20230612.114412-srg.jar%231076!/:?]
	at net.minecraft.client.resources.model.ModelManager.mdea2b0a$fabric_model_loading_api_v1$lambda$loadModelPluginData$0$0(ModelManager.java:2569) ~[client-1.20.1-20230612.114412-srg.jar%231076!/:?]
	at java.util.concurrent.CompletableFuture.biApply(CompletableFuture.java:1311) ~[?:?]
	at java.util.concurrent.CompletableFuture$BiApply.tryFire(CompletableFuture.java:1280) ~[?:?]
	at java.util.concurrent.CompletableFuture$Completion.exec(CompletableFuture.java:483) ~[?:?]
	at java.util.concurrent.ForkJoinTask.doExec(ForkJoinTask.java:373) ~[?:?]
	at java.util.concurrent.ForkJoinPool$WorkQueue.topLevelExec(ForkJoinPool.java:1182) ~[?:?]
	at java.util.concurrent.ForkJoinPool.scan(ForkJoinPool.java:1655) ~[?:?]
	at java.util.concurrent.ForkJoinPool.runWorker(ForkJoinPool.java:1622) ~[?:?]
	at java.util.concurrent.ForkJoinWorkerThread.run(ForkJoinWorkerThread.java:165) ~[?:?]
[03Apr2026 19:04:04.094] [ForkJoinPool.commonPool-worker-6/WARN] [net.minecraft.client.resources.model.ModelBakery/]: Exception evaluating model definition: 'mcwbiomesoplenty:pine_balcony#'
java.lang.RuntimeException: Unknown property 'north' on 'Block{mcwbiomesoplenty:pine_balcony}'
	at malte0811.ferritecore.impl.KeyValueConditionImpl.getPredicate(KeyValueConditionImpl.java:31) ~[ferritecore-6.0.1-forge.jar%23793!/:6.0.1]
	at net.minecraft.client.renderer.block.model.multipart.KeyValueCondition.m_7289_(KeyValueCondition.java:537) ~[client-1.20.1-20230612.114412-srg.jar%231076!/:?]
	at malte0811.ferritecore.util.PredicateHelper.toCanonicalList(PredicateHelper.java:19) ~[ferritecore-6.0.1-forge.jar%23793!/:6.0.1]
	at net.minecraft.client.renderer.block.model.multipart.AndCondition.m_7289_(AndCondition.java:529) ~[client-1.20.1-20230612.114412-srg.jar%231076!/:?]
	at net.minecraft.client.renderer.block.model.multipart.Selector.m_112021_(Selector.java:43) ~[client-1.20.1-20230612.114412-srg.jar%231076!/:?]
	at net.minecraft.client.resources.model.ModelBakery$ModelGroupKey.m_119390_(ModelBakery.java:521) ~[client-1.20.1-20230612.114412-srg.jar%231076!/:?]
	at java.util.stream.ReferencePipeline$2$1.accept(ReferencePipeline.java:178) ~[?:?]
	at java.util.ArrayList$ArrayListSpliterator.forEachRemaining(ArrayList.java:1625) ~[?:?]
	at java.util.stream.AbstractPipeline.copyInto(AbstractPipeline.java:509) ~[?:?]
	at java.util.stream.AbstractPipeline.wrapAndCopyInto(AbstractPipeline.java:499) ~[?:?]
	at java.util.stream.ReduceOps$ReduceOp.evaluateSequential(ReduceOps.java:921) ~[?:?]
	at java.util.stream.AbstractPipeline.evaluate(AbstractPipeline.java:234) ~[?:?]
	at java.util.stream.ReferencePipeline.collect(ReferencePipeline.java:682) ~[?:?]
	at net.minecraft.client.resources.model.ModelBakery$ModelGroupKey.m_119379_(ModelBakery.java:522) ~[client-1.20.1-20230612.114412-srg.jar%231076!/:?]
	at net.minecraft.client.resources.model.ModelBakery.m_174886_(ModelBakery.java:304) ~[client-1.20.1-20230612.114412-srg.jar%231076!/:?]
	at net.minecraft.client.resources.model.ModelBakery.m_119331_(ModelBakery.java:347) ~[client-1.20.1-20230612.114412-srg.jar%231076!/:?]
	at java.util.HashMap.forEach(HashMap.java:1421) ~[?:?]
	at net.minecraft.client.resources.model.ModelBakery.m_119362_(ModelBakery.java:337) ~[client-1.20.1-20230612.114412-srg.jar%231076!/:?]
	at net.minecraft.client.resources.model.ModelBakery.m_119341_(ModelBakery.java:243) ~[client-1.20.1-20230612.114412-srg.jar%231076!/:?]
	at net.minecraft.client.resources.model.ModelBakery.m_119306_(ModelBakery.java:384) ~[client-1.20.1-20230612.114412-srg.jar%231076!/:?]
	at net.minecraft.client.resources.model.ModelBakery.m_119263_(ModelBakery.java:143) ~[client-1.20.1-20230612.114412-srg.jar%231076!/:?]
	at com.google.common.collect.ImmutableList.forEach(ImmutableList.java:422) ~[guava-31.1-jre.jar%23102!/:?]
	at net.minecraft.client.resources.model.ModelBakery.<init>(ModelBakery.java:142) ~[client-1.20.1-20230612.114412-srg.jar%231076!/:?]
	at net.minecraft.client.resources.model.ModelManager.m_246505_(ModelManager.java:83) ~[client-1.20.1-20230612.114412-srg.jar%231076!/:?]
	at net.minecraft.client.resources.model.ModelManager.mdea2b0a$fabric_model_loading_api_v1$lambda$loadModelPluginData$0$0(ModelManager.java:2569) ~[client-1.20.1-20230612.114412-srg.jar%231076!/:?]
	at java.util.concurrent.CompletableFuture.biApply(CompletableFuture.java:1311) ~[?:?]
	at java.util.concurrent.CompletableFuture$BiApply.tryFire(CompletableFuture.java:1280) ~[?:?]
	at java.util.concurrent.CompletableFuture$Completion.exec(CompletableFuture.java:483) ~[?:?]
	at java.util.concurrent.ForkJoinTask.doExec(ForkJoinTask.java:373) ~[?:?]
	at java.util.concurrent.ForkJoinPool$WorkQueue.topLevelExec(ForkJoinPool.java:1182) ~[?:?]
	at java.util.concurrent.ForkJoinPool.scan(ForkJoinPool.java:1655) ~[?:?]
	at java.util.concurrent.ForkJoinPool.runWorker(ForkJoinPool.java:1622) ~[?:?]
	at java.util.concurrent.ForkJoinWorkerThread.run(ForkJoinWorkerThread.java:165) ~[?:?]
[03Apr2026 19:04:04.125] [ForkJoinPool.commonPool-worker-6/WARN] [net.minecraft.client.resources.model.ModelBakery/]: Exception evaluating model definition: 'mcwbiomesoplenty:dead_log_parapet#'
java.lang.RuntimeException: Unknown property 'facing' on 'Block{mcwbiomesoplenty:dead_log_parapet}'
	at malte0811.ferritecore.impl.KeyValueConditionImpl.getPredicate(KeyValueConditionImpl.java:31) ~[ferritecore-6.0.1-forge.jar%23793!/:6.0.1]
	at net.minecraft.client.renderer.block.model.multipart.KeyValueCondition.m_7289_(KeyValueCondition.java:537) ~[client-1.20.1-20230612.114412-srg.jar%231076!/:?]
	at malte0811.ferritecore.util.PredicateHelper.toCanonicalList(PredicateHelper.java:19) ~[ferritecore-6.0.1-forge.jar%23793!/:6.0.1]
	at net.minecraft.client.renderer.block.model.multipart.AndCondition.m_7289_(AndCondition.java:529) ~[client-1.20.1-20230612.114412-srg.jar%231076!/:?]
	at net.minecraft.client.renderer.block.model.multipart.Selector.m_112021_(Selector.java:43) ~[client-1.20.1-20230612.114412-srg.jar%231076!/:?]
	at net.minecraft.client.resources.model.ModelBakery$ModelGroupKey.m_119390_(ModelBakery.java:521) ~[client-1.20.1-20230612.114412-srg.jar%231076!/:?]
	at java.util.stream.ReferencePipeline$2$1.accept(ReferencePipeline.java:178) ~[?:?]
	at java.util.ArrayList$ArrayListSpliterator.forEachRemaining(ArrayList.java:1625) ~[?:?]
	at java.util.stream.AbstractPipeline.copyInto(AbstractPipeline.java:509) ~[?:?]
	at java.util.stream.AbstractPipeline.wrapAndCopyInto(AbstractPipeline.java:499) ~[?:?]
	at java.util.stream.ReduceOps$ReduceOp.evaluateSequential(ReduceOps.java:921) ~[?:?]
	at java.util.stream.AbstractPipeline.evaluate(AbstractPipeline.java:234) ~[?:?]
	at java.util.stream.ReferencePipeline.collect(ReferencePipeline.java:682) ~[?:?]
	at net.minecraft.client.resources.model.ModelBakery$ModelGroupKey.m_119379_(ModelBakery.java:522) ~[client-1.20.1-20230612.114412-srg.jar%231076!/:?]
	at net.minecraft.client.resources.model.ModelBakery.m_174886_(ModelBakery.java:304) ~[client-1.20.1-20230612.114412-srg.jar%231076!/:?]
	at net.minecraft.client.resources.model.ModelBakery.m_119331_(ModelBakery.java:347) ~[client-1.20.1-20230612.114412-srg.jar%231076!/:?]
	at java.util.HashMap.forEach(HashMap.java:1421) ~[?:?]
	at net.minecraft.client.resources.model.ModelBakery.m_119362_(ModelBakery.java:337) ~[client-1.20.1-20230612.114412-srg.jar%231076!/:?]
	at net.minecraft.client.resources.model.ModelBakery.m_119341_(ModelBakery.java:243) ~[client-1.20.1-20230612.114412-srg.jar%231076!/:?]
	at net.minecraft.client.resources.model.ModelBakery.m_119306_(ModelBakery.java:384) ~[client-1.20.1-20230612.114412-srg.jar%231076!/:?]
	at net.minecraft.client.resources.model.ModelBakery.m_119263_(ModelBakery.java:143) ~[client-1.20.1-20230612.114412-srg.jar%231076!/:?]
	at com.google.common.collect.ImmutableList.forEach(ImmutableList.java:422) ~[guava-31.1-jre.jar%23102!/:?]
	at net.minecraft.client.resources.model.ModelBakery.<init>(ModelBakery.java:142) ~[client-1.20.1-20230612.114412-srg.jar%231076!/:?]
	at net.minecraft.client.resources.model.ModelManager.m_246505_(ModelManager.java:83) ~[client-1.20.1-20230612.114412-srg.jar%231076!/:?]
	at net.minecraft.client.resources.model.ModelManager.mdea2b0a$fabric_model_loading_api_v1$lambda$loadModelPluginData$0$0(ModelManager.java:2569) ~[client-1.20.1-20230612.114412-srg.jar%231076!/:?]
	at java.util.concurrent.CompletableFuture.biApply(CompletableFuture.java:1311) ~[?:?]
	at java.util.concurrent.CompletableFuture$BiApply.tryFire(CompletableFuture.java:1280) ~[?:?]
	at java.util.concurrent.CompletableFuture$Completion.exec(CompletableFuture.java:483) ~[?:?]
	at java.util.concurrent.ForkJoinTask.doExec(ForkJoinTask.java:373) ~[?:?]
	at java.util.concurrent.ForkJoinPool$WorkQueue.topLevelExec(ForkJoinPool.java:1182) ~[?:?]
	at java.util.concurrent.ForkJoinPool.scan(ForkJoinPool.java:1655) ~[?:?]
	at java.util.concurrent.ForkJoinPool.runWorker(ForkJoinPool.java:1622) ~[?:?]
	at java.util.concurrent.ForkJoinWorkerThread.run(ForkJoinWorkerThread.java:165) ~[?:?]
[03Apr2026 19:04:04.125] [ForkJoinPool.commonPool-worker-6/WARN] [net.minecraft.client.resources.model.ModelBakery/]: Exception evaluating model definition: 'mcwbiomesoplenty:dead_plank_parapet#'
java.lang.RuntimeException: Unknown property 'facing' on 'Block{mcwbiomesoplenty:dead_plank_parapet}'
	at malte0811.ferritecore.impl.KeyValueConditionImpl.getPredicate(KeyValueConditionImpl.java:31) ~[ferritecore-6.0.1-forge.jar%23793!/:6.0.1]
	at net.minecraft.client.renderer.block.model.multipart.KeyValueCondition.m_7289_(KeyValueCondition.java:537) ~[client-1.20.1-20230612.114412-srg.jar%231076!/:?]
	at malte0811.ferritecore.util.PredicateHelper.toCanonicalList(PredicateHelper.java:19) ~[ferritecore-6.0.1-forge.jar%23793!/:6.0.1]
	at net.minecraft.client.renderer.block.model.multipart.AndCondition.m_7289_(AndCondition.java:529) ~[client-1.20.1-20230612.114412-srg.jar%231076!/:?]
	at net.minecraft.client.renderer.block.model.multipart.Selector.m_112021_(Selector.java:43) ~[client-1.20.1-20230612.114412-srg.jar%231076!/:?]
	at net.minecraft.client.resources.model.ModelBakery$ModelGroupKey.m_119390_(ModelBakery.java:521) ~[client-1.20.1-20230612.114412-srg.jar%231076!/:?]
	at java.util.stream.ReferencePipeline$2$1.accept(ReferencePipeline.java:178) ~[?:?]
	at java.util.ArrayList$ArrayListSpliterator.forEachRemaining(ArrayList.java:1625) ~[?:?]
	at java.util.stream.AbstractPipeline.copyInto(AbstractPipeline.java:509) ~[?:?]
	at java.util.stream.AbstractPipeline.wrapAndCopyInto(AbstractPipeline.java:499) ~[?:?]
	at java.util.stream.ReduceOps$ReduceOp.evaluateSequential(ReduceOps.java:921) ~[?:?]
	at java.util.stream.AbstractPipeline.evaluate(AbstractPipeline.java:234) ~[?:?]
	at java.util.stream.ReferencePipeline.collect(ReferencePipeline.java:682) ~[?:?]
	at net.minecraft.client.resources.model.ModelBakery$ModelGroupKey.m_119379_(ModelBakery.java:522) ~[client-1.20.1-20230612.114412-srg.jar%231076!/:?]
	at net.minecraft.client.resources.model.ModelBakery.m_174886_(ModelBakery.java:304) ~[client-1.20.1-20230612.114412-srg.jar%231076!/:?]
	at net.minecraft.client.resources.model.ModelBakery.m_119331_(ModelBakery.java:347) ~[client-1.20.1-20230612.114412-srg.jar%231076!/:?]
	at java.util.HashMap.forEach(HashMap.java:1421) ~[?:?]
	at net.minecraft.client.resources.model.ModelBakery.m_119362_(ModelBakery.java:337) ~[client-1.20.1-20230612.114412-srg.jar%231076!/:?]
	at net.minecraft.client.resources.model.ModelBakery.m_119341_(ModelBakery.java:243) ~[client-1.20.1-20230612.114412-srg.jar%231076!/:?]
	at net.minecraft.client.resources.model.ModelBakery.m_119306_(ModelBakery.java:384) ~[client-1.20.1-20230612.114412-srg.jar%231076!/:?]
	at net.minecraft.client.resources.model.ModelBakery.m_119263_(ModelBakery.java:143) ~[client-1.20.1-20230612.114412-srg.jar%231076!/:?]
	at com.google.common.collect.ImmutableList.forEach(ImmutableList.java:422) ~[guava-31.1-jre.jar%23102!/:?]
	at net.minecraft.client.resources.model.ModelBakery.<init>(ModelBakery.java:142) ~[client-1.20.1-20230612.114412-srg.jar%231076!/:?]
	at net.minecraft.client.resources.model.ModelManager.m_246505_(ModelManager.java:83) ~[client-1.20.1-20230612.114412-srg.jar%231076!/:?]
	at net.minecraft.client.resources.model.ModelManager.mdea2b0a$fabric_model_loading_api_v1$lambda$loadModelPluginData$0$0(ModelManager.java:2569) ~[client-1.20.1-20230612.114412-srg.jar%231076!/:?]
	at java.util.concurrent.CompletableFuture.biApply(CompletableFuture.java:1311) ~[?:?]
	at java.util.concurrent.CompletableFuture$BiApply.tryFire(CompletableFuture.java:1280) ~[?:?]
	at java.util.concurrent.CompletableFuture$Completion.exec(CompletableFuture.java:483) ~[?:?]
	at java.util.concurrent.ForkJoinTask.doExec(ForkJoinTask.java:373) ~[?:?]
	at java.util.concurrent.ForkJoinPool$WorkQueue.topLevelExec(ForkJoinPool.java:1182) ~[?:?]
	at java.util.concurrent.ForkJoinPool.scan(ForkJoinPool.java:1655) ~[?:?]
	at java.util.concurrent.ForkJoinPool.runWorker(ForkJoinPool.java:1622) ~[?:?]
	at java.util.concurrent.ForkJoinWorkerThread.run(ForkJoinWorkerThread.java:165) ~[?:?]
[03Apr2026 19:04:04.127] [ForkJoinPool.commonPool-worker-6/WARN] [net.minecraft.client.resources.model.ModelBakery/]: Exception evaluating model definition: 'mcwbiomesoplenty:fir_log_parapet#'
java.lang.RuntimeException: Unknown property 'facing' on 'Block{mcwbiomesoplenty:fir_log_parapet}'
	at malte0811.ferritecore.impl.KeyValueConditionImpl.getPredicate(KeyValueConditionImpl.java:31) ~[ferritecore-6.0.1-forge.jar%23793!/:6.0.1]
	at net.minecraft.client.renderer.block.model.multipart.KeyValueCondition.m_7289_(KeyValueCondition.java:537) ~[client-1.20.1-20230612.114412-srg.jar%231076!/:?]
	at malte0811.ferritecore.util.PredicateHelper.toCanonicalList(PredicateHelper.java:19) ~[ferritecore-6.0.1-forge.jar%23793!/:6.0.1]
	at net.minecraft.client.renderer.block.model.multipart.AndCondition.m_7289_(AndCondition.java:529) ~[client-1.20.1-20230612.114412-srg.jar%231076!/:?]
	at net.minecraft.client.renderer.block.model.multipart.Selector.m_112021_(Selector.java:43) ~[client-1.20.1-20230612.114412-srg.jar%231076!/:?]
	at net.minecraft.client.resources.model.ModelBakery$ModelGroupKey.m_119390_(ModelBakery.java:521) ~[client-1.20.1-20230612.114412-srg.jar%231076!/:?]
	at java.util.stream.ReferencePipeline$2$1.accept(ReferencePipeline.java:178) ~[?:?]
	at java.util.ArrayList$ArrayListSpliterator.forEachRemaining(ArrayList.java:1625) ~[?:?]
	at java.util.stream.AbstractPipeline.copyInto(AbstractPipeline.java:509) ~[?:?]
	at java.util.stream.AbstractPipeline.wrapAndCopyInto(AbstractPipeline.java:499) ~[?:?]
	at java.util.stream.ReduceOps$ReduceOp.evaluateSequential(ReduceOps.java:921) ~[?:?]
	at java.util.stream.AbstractPipeline.evaluate(AbstractPipeline.java:234) ~[?:?]
	at java.util.stream.ReferencePipeline.collect(ReferencePipeline.java:682) ~[?:?]
	at net.minecraft.client.resources.model.ModelBakery$ModelGroupKey.m_119379_(ModelBakery.java:522) ~[client-1.20.1-20230612.114412-srg.jar%231076!/:?]
	at net.minecraft.client.resources.model.ModelBakery.m_174886_(ModelBakery.java:304) ~[client-1.20.1-20230612.114412-srg.jar%231076!/:?]
	at net.minecraft.client.resources.model.ModelBakery.m_119331_(ModelBakery.java:347) ~[client-1.20.1-20230612.114412-srg.jar%231076!/:?]
	at java.util.HashMap.forEach(HashMap.java:1421) ~[?:?]
	at net.minecraft.client.resources.model.ModelBakery.m_119362_(ModelBakery.java:337) ~[client-1.20.1-20230612.114412-srg.jar%231076!/:?]
	at net.minecraft.client.resources.model.ModelBakery.m_119341_(ModelBakery.java:243) ~[client-1.20.1-20230612.114412-srg.jar%231076!/:?]
	at net.minecraft.client.resources.model.ModelBakery.m_119306_(ModelBakery.java:384) ~[client-1.20.1-20230612.114412-srg.jar%231076!/:?]
	at net.minecraft.client.resources.model.ModelBakery.m_119263_(ModelBakery.java:143) ~[client-1.20.1-20230612.114412-srg.jar%231076!/:?]
	at com.google.common.collect.ImmutableList.forEach(ImmutableList.java:422) ~[guava-31.1-jre.jar%23102!/:?]
	at net.minecraft.client.resources.model.ModelBakery.<init>(ModelBakery.java:142) ~[client-1.20.1-20230612.114412-srg.jar%231076!/:?]
	at net.minecraft.client.resources.model.ModelManager.m_246505_(ModelManager.java:83) ~[client-1.20.1-20230612.114412-srg.jar%231076!/:?]
	at net.minecraft.client.resources.model.ModelManager.mdea2b0a$fabric_model_loading_api_v1$lambda$loadModelPluginData$0$0(ModelManager.java:2569) ~[client-1.20.1-20230612.114412-srg.jar%231076!/:?]
	at java.util.concurrent.CompletableFuture.biApply(CompletableFuture.java:1311) ~[?:?]
	at java.util.concurrent.CompletableFuture$BiApply.tryFire(CompletableFuture.java:1280) ~[?:?]
	at java.util.concurrent.CompletableFuture$Completion.exec(CompletableFuture.java:483) ~[?:?]
	at java.util.concurrent.ForkJoinTask.doExec(ForkJoinTask.java:373) ~[?:?]
	at java.util.concurrent.ForkJoinPool$WorkQueue.topLevelExec(ForkJoinPool.java:1182) ~[?:?]
	at java.util.concurrent.ForkJoinPool.scan(ForkJoinPool.java:1655) ~[?:?]
	at java.util.concurrent.ForkJoinPool.runWorker(ForkJoinPool.java:1622) ~[?:?]
	at java.util.concurrent.ForkJoinWorkerThread.run(ForkJoinWorkerThread.java:165) ~[?:?]
[03Apr2026 19:04:04.127] [ForkJoinPool.commonPool-worker-6/WARN] [net.minecraft.client.resources.model.ModelBakery/]: Exception evaluating model definition: 'mcwbiomesoplenty:fir_plank_parapet#'
java.lang.RuntimeException: Unknown property 'facing' on 'Block{mcwbiomesoplenty:fir_plank_parapet}'
	at malte0811.ferritecore.impl.KeyValueConditionImpl.getPredicate(KeyValueConditionImpl.java:31) ~[ferritecore-6.0.1-forge.jar%23793!/:6.0.1]
	at net.minecraft.client.renderer.block.model.multipart.KeyValueCondition.m_7289_(KeyValueCondition.java:537) ~[client-1.20.1-20230612.114412-srg.jar%231076!/:?]
	at malte0811.ferritecore.util.PredicateHelper.toCanonicalList(PredicateHelper.java:19) ~[ferritecore-6.0.1-forge.jar%23793!/:6.0.1]
	at net.minecraft.client.renderer.block.model.multipart.AndCondition.m_7289_(AndCondition.java:529) ~[client-1.20.1-20230612.114412-srg.jar%231076!/:?]
	at net.minecraft.client.renderer.block.model.multipart.Selector.m_112021_(Selector.java:43) ~[client-1.20.1-20230612.114412-srg.jar%231076!/:?]
	at net.minecraft.client.resources.model.ModelBakery$ModelGroupKey.m_119390_(ModelBakery.java:521) ~[client-1.20.1-20230612.114412-srg.jar%231076!/:?]
	at java.util.stream.ReferencePipeline$2$1.accept(ReferencePipeline.java:178) ~[?:?]
	at java.util.ArrayList$ArrayListSpliterator.forEachRemaining(ArrayList.java:1625) ~[?:?]
	at java.util.stream.AbstractPipeline.copyInto(AbstractPipeline.java:509) ~[?:?]
	at java.util.stream.AbstractPipeline.wrapAndCopyInto(AbstractPipeline.java:499) ~[?:?]
	at java.util.stream.ReduceOps$ReduceOp.evaluateSequential(ReduceOps.java:921) ~[?:?]
	at java.util.stream.AbstractPipeline.evaluate(AbstractPipeline.java:234) ~[?:?]
	at java.util.stream.ReferencePipeline.collect(ReferencePipeline.java:682) ~[?:?]
	at net.minecraft.client.resources.model.ModelBakery$ModelGroupKey.m_119379_(ModelBakery.java:522) ~[client-1.20.1-20230612.114412-srg.jar%231076!/:?]
	at net.minecraft.client.resources.model.ModelBakery.m_174886_(ModelBakery.java:304) ~[client-1.20.1-20230612.114412-srg.jar%231076!/:?]
	at net.minecraft.client.resources.model.ModelBakery.m_119331_(ModelBakery.java:347) ~[client-1.20.1-20230612.114412-srg.jar%231076!/:?]
	at java.util.HashMap.forEach(HashMap.java:1421) ~[?:?]
	at net.minecraft.client.resources.model.ModelBakery.m_119362_(ModelBakery.java:337) ~[client-1.20.1-20230612.114412-srg.jar%231076!/:?]
	at net.minecraft.client.resources.model.ModelBakery.m_119341_(ModelBakery.java:243) ~[client-1.20.1-20230612.114412-srg.jar%231076!/:?]
	at net.minecraft.client.resources.model.ModelBakery.m_119306_(ModelBakery.java:384) ~[client-1.20.1-20230612.114412-srg.jar%231076!/:?]
	at net.minecraft.client.resources.model.ModelBakery.m_119263_(ModelBakery.java:143) ~[client-1.20.1-20230612.114412-srg.jar%231076!/:?]
	at com.google.common.collect.ImmutableList.forEach(ImmutableList.java:422) ~[guava-31.1-jre.jar%23102!/:?]
	at net.minecraft.client.resources.model.ModelBakery.<init>(ModelBakery.java:142) ~[client-1.20.1-20230612.114412-srg.jar%231076!/:?]
	at net.minecraft.client.resources.model.ModelManager.m_246505_(ModelManager.java:83) ~[client-1.20.1-20230612.114412-srg.jar%231076!/:?]
	at net.minecraft.client.resources.model.ModelManager.mdea2b0a$fabric_model_loading_api_v1$lambda$loadModelPluginData$0$0(ModelManager.java:2569) ~[client-1.20.1-20230612.114412-srg.jar%231076!/:?]
	at java.util.concurrent.CompletableFuture.biApply(CompletableFuture.java:1311) ~[?:?]
	at java.util.concurrent.CompletableFuture$BiApply.tryFire(CompletableFuture.java:1280) ~[?:?]
	at java.util.concurrent.CompletableFuture$Completion.exec(CompletableFuture.java:483) ~[?:?]
	at java.util.concurrent.ForkJoinTask.doExec(ForkJoinTask.java:373) ~[?:?]
	at java.util.concurrent.ForkJoinPool$WorkQueue.topLevelExec(ForkJoinPool.java:1182) ~[?:?]
	at java.util.concurrent.ForkJoinPool.scan(ForkJoinPool.java:1655) ~[?:?]
	at java.util.concurrent.ForkJoinPool.runWorker(ForkJoinPool.java:1622) ~[?:?]
	at java.util.concurrent.ForkJoinWorkerThread.run(ForkJoinWorkerThread.java:165) ~[?:?]
[03Apr2026 19:04:04.128] [ForkJoinPool.commonPool-worker-6/WARN] [net.minecraft.client.resources.model.ModelBakery/]: Exception evaluating model definition: 'mcwbiomesoplenty:mahogany_log_parapet#'
java.lang.RuntimeException: Unknown property 'facing' on 'Block{mcwbiomesoplenty:mahogany_log_parapet}'
	at malte0811.ferritecore.impl.KeyValueConditionImpl.getPredicate(KeyValueConditionImpl.java:31) ~[ferritecore-6.0.1-forge.jar%23793!/:6.0.1]
	at net.minecraft.client.renderer.block.model.multipart.KeyValueCondition.m_7289_(KeyValueCondition.java:537) ~[client-1.20.1-20230612.114412-srg.jar%231076!/:?]
	at malte0811.ferritecore.util.PredicateHelper.toCanonicalList(PredicateHelper.java:19) ~[ferritecore-6.0.1-forge.jar%23793!/:6.0.1]
	at net.minecraft.client.renderer.block.model.multipart.AndCondition.m_7289_(AndCondition.java:529) ~[client-1.20.1-20230612.114412-srg.jar%231076!/:?]
	at net.minecraft.client.renderer.block.model.multipart.Selector.m_112021_(Selector.java:43) ~[client-1.20.1-20230612.114412-srg.jar%231076!/:?]
	at net.minecraft.client.resources.model.ModelBakery$ModelGroupKey.m_119390_(ModelBakery.java:521) ~[client-1.20.1-20230612.114412-srg.jar%231076!/:?]
	at java.util.stream.ReferencePipeline$2$1.accept(ReferencePipeline.java:178) ~[?:?]
	at java.util.ArrayList$ArrayListSpliterator.forEachRemaining(ArrayList.java:1625) ~[?:?]
	at java.util.stream.AbstractPipeline.copyInto(AbstractPipeline.java:509) ~[?:?]
	at java.util.stream.AbstractPipeline.wrapAndCopyInto(AbstractPipeline.java:499) ~[?:?]
	at java.util.stream.ReduceOps$ReduceOp.evaluateSequential(ReduceOps.java:921) ~[?:?]
	at java.util.stream.AbstractPipeline.evaluate(AbstractPipeline.java:234) ~[?:?]
	at java.util.stream.ReferencePipeline.collect(ReferencePipeline.java:682) ~[?:?]
	at net.minecraft.client.resources.model.ModelBakery$ModelGroupKey.m_119379_(ModelBakery.java:522) ~[client-1.20.1-20230612.114412-srg.jar%231076!/:?]
	at net.minecraft.client.resources.model.ModelBakery.m_174886_(ModelBakery.java:304) ~[client-1.20.1-20230612.114412-srg.jar%231076!/:?]
	at net.minecraft.client.resources.model.ModelBakery.m_119331_(ModelBakery.java:347) ~[client-1.20.1-20230612.114412-srg.jar%231076!/:?]
	at java.util.HashMap.forEach(HashMap.java:1421) ~[?:?]
	at net.minecraft.client.resources.model.ModelBakery.m_119362_(ModelBakery.java:337) ~[client-1.20.1-20230612.114412-srg.jar%231076!/:?]
	at net.minecraft.client.resources.model.ModelBakery.m_119341_(ModelBakery.java:243) ~[client-1.20.1-20230612.114412-srg.jar%231076!/:?]
	at net.minecraft.client.resources.model.ModelBakery.m_119306_(ModelBakery.java:384) ~[client-1.20.1-20230612.114412-srg.jar%231076!/:?]
	at net.minecraft.client.resources.model.ModelBakery.m_119263_(ModelBakery.java:143) ~[client-1.20.1-20230612.114412-srg.jar%231076!/:?]
	at com.google.common.collect.ImmutableList.forEach(ImmutableList.java:422) ~[guava-31.1-jre.jar%23102!/:?]
	at net.minecraft.client.resources.model.ModelBakery.<init>(ModelBakery.java:142) ~[client-1.20.1-20230612.114412-srg.jar%231076!/:?]
	at net.minecraft.client.resources.model.ModelManager.m_246505_(ModelManager.java:83) ~[client-1.20.1-20230612.114412-srg.jar%231076!/:?]
	at net.minecraft.client.resources.model.ModelManager.mdea2b0a$fabric_model_loading_api_v1$lambda$loadModelPluginData$0$0(ModelManager.java:2569) ~[client-1.20.1-20230612.114412-srg.jar%231076!/:?]
	at java.util.concurrent.CompletableFuture.biApply(CompletableFuture.java:1311) ~[?:?]
	at java.util.concurrent.CompletableFuture$BiApply.tryFire(CompletableFuture.java:1280) ~[?:?]
	at java.util.concurrent.CompletableFuture$Completion.exec(CompletableFuture.java:483) ~[?:?]
	at java.util.concurrent.ForkJoinTask.doExec(ForkJoinTask.java:373) ~[?:?]
	at java.util.concurrent.ForkJoinPool$WorkQueue.topLevelExec(ForkJoinPool.java:1182) ~[?:?]
	at java.util.concurrent.ForkJoinPool.scan(ForkJoinPool.java:1655) ~[?:?]
	at java.util.concurrent.ForkJoinPool.runWorker(ForkJoinPool.java:1622) ~[?:?]
	at java.util.concurrent.ForkJoinWorkerThread.run(ForkJoinWorkerThread.java:165) ~[?:?]
[03Apr2026 19:04:04.128] [ForkJoinPool.commonPool-worker-6/WARN] [net.minecraft.client.resources.model.ModelBakery/]: Exception evaluating model definition: 'mcwbiomesoplenty:mahogany_plank_parapet#'
java.lang.RuntimeException: Unknown property 'facing' on 'Block{mcwbiomesoplenty:mahogany_plank_parapet}'
	at malte0811.ferritecore.impl.KeyValueConditionImpl.getPredicate(KeyValueConditionImpl.java:31) ~[ferritecore-6.0.1-forge.jar%23793!/:6.0.1]
	at net.minecraft.client.renderer.block.model.multipart.KeyValueCondition.m_7289_(KeyValueCondition.java:537) ~[client-1.20.1-20230612.114412-srg.jar%231076!/:?]
	at malte0811.ferritecore.util.PredicateHelper.toCanonicalList(PredicateHelper.java:19) ~[ferritecore-6.0.1-forge.jar%23793!/:6.0.1]
	at net.minecraft.client.renderer.block.model.multipart.AndCondition.m_7289_(AndCondition.java:529) ~[client-1.20.1-20230612.114412-srg.jar%231076!/:?]
	at net.minecraft.client.renderer.block.model.multipart.Selector.m_112021_(Selector.java:43) ~[client-1.20.1-20230612.114412-srg.jar%231076!/:?]
	at net.minecraft.client.resources.model.ModelBakery$ModelGroupKey.m_119390_(ModelBakery.java:521) ~[client-1.20.1-20230612.114412-srg.jar%231076!/:?]
	at java.util.stream.ReferencePipeline$2$1.accept(ReferencePipeline.java:178) ~[?:?]
	at java.util.ArrayList$ArrayListSpliterator.forEachRemaining(ArrayList.java:1625) ~[?:?]
	at java.util.stream.AbstractPipeline.copyInto(AbstractPipeline.java:509) ~[?:?]
	at java.util.stream.AbstractPipeline.wrapAndCopyInto(AbstractPipeline.java:499) ~[?:?]
	at java.util.stream.ReduceOps$ReduceOp.evaluateSequential(ReduceOps.java:921) ~[?:?]
	at java.util.stream.AbstractPipeline.evaluate(AbstractPipeline.java:234) ~[?:?]
	at java.util.stream.ReferencePipeline.collect(ReferencePipeline.java:682) ~[?:?]
	at net.minecraft.client.resources.model.ModelBakery$ModelGroupKey.m_119379_(ModelBakery.java:522) ~[client-1.20.1-20230612.114412-srg.jar%231076!/:?]
	at net.minecraft.client.resources.model.ModelBakery.m_174886_(ModelBakery.java:304) ~[client-1.20.1-20230612.114412-srg.jar%231076!/:?]
	at net.minecraft.client.resources.model.ModelBakery.m_119331_(ModelBakery.java:347) ~[client-1.20.1-20230612.114412-srg.jar%231076!/:?]
	at java.util.HashMap.forEach(HashMap.java:1421) ~[?:?]
	at net.minecraft.client.resources.model.ModelBakery.m_119362_(ModelBakery.java:337) ~[client-1.20.1-20230612.114412-srg.jar%231076!/:?]
	at net.minecraft.client.resources.model.ModelBakery.m_119341_(ModelBakery.java:243) ~[client-1.20.1-20230612.114412-srg.jar%231076!/:?]
	at net.minecraft.client.resources.model.ModelBakery.m_119306_(ModelBakery.java:384) ~[client-1.20.1-20230612.114412-srg.jar%231076!/:?]
	at net.minecraft.client.resources.model.ModelBakery.m_119263_(ModelBakery.java:143) ~[client-1.20.1-20230612.114412-srg.jar%231076!/:?]
	at com.google.common.collect.ImmutableList.forEach(ImmutableList.java:422) ~[guava-31.1-jre.jar%23102!/:?]
	at net.minecraft.client.resources.model.ModelBakery.<init>(ModelBakery.java:142) ~[client-1.20.1-20230612.114412-srg.jar%231076!/:?]
	at net.minecraft.client.resources.model.ModelManager.m_246505_(ModelManager.java:83) ~[client-1.20.1-20230612.114412-srg.jar%231076!/:?]
	at net.minecraft.client.resources.model.ModelManager.mdea2b0a$fabric_model_loading_api_v1$lambda$loadModelPluginData$0$0(ModelManager.java:2569) ~[client-1.20.1-20230612.114412-srg.jar%231076!/:?]
	at java.util.concurrent.CompletableFuture.biApply(CompletableFuture.java:1311) ~[?:?]
	at java.util.concurrent.CompletableFuture$BiApply.tryFire(CompletableFuture.java:1280) ~[?:?]
	at java.util.concurrent.CompletableFuture$Completion.exec(CompletableFuture.java:483) ~[?:?]
	at java.util.concurrent.ForkJoinTask.doExec(ForkJoinTask.java:373) ~[?:?]
	at java.util.concurrent.ForkJoinPool$WorkQueue.topLevelExec(ForkJoinPool.java:1182) ~[?:?]
	at java.util.concurrent.ForkJoinPool.scan(ForkJoinPool.java:1655) ~[?:?]
	at java.util.concurrent.ForkJoinPool.runWorker(ForkJoinPool.java:1622) ~[?:?]
	at java.util.concurrent.ForkJoinWorkerThread.run(ForkJoinWorkerThread.java:165) ~[?:?]
[03Apr2026 19:04:04.130] [ForkJoinPool.commonPool-worker-6/WARN] [net.minecraft.client.resources.model.ModelBakery/]: Exception evaluating model definition: 'mcwbiomesoplenty:palm_log_parapet#'
java.lang.RuntimeException: Unknown property 'facing' on 'Block{mcwbiomesoplenty:palm_log_parapet}'
	at malte0811.ferritecore.impl.KeyValueConditionImpl.getPredicate(KeyValueConditionImpl.java:31) ~[ferritecore-6.0.1-forge.jar%23793!/:6.0.1]
	at net.minecraft.client.renderer.block.model.multipart.KeyValueCondition.m_7289_(KeyValueCondition.java:537) ~[client-1.20.1-20230612.114412-srg.jar%231076!/:?]
	at malte0811.ferritecore.util.PredicateHelper.toCanonicalList(PredicateHelper.java:19) ~[ferritecore-6.0.1-forge.jar%23793!/:6.0.1]
	at net.minecraft.client.renderer.block.model.multipart.AndCondition.m_7289_(AndCondition.java:529) ~[client-1.20.1-20230612.114412-srg.jar%231076!/:?]
	at net.minecraft.client.renderer.block.model.multipart.Selector.m_112021_(Selector.java:43) ~[client-1.20.1-20230612.114412-srg.jar%231076!/:?]
	at net.minecraft.client.resources.model.ModelBakery$ModelGroupKey.m_119390_(ModelBakery.java:521) ~[client-1.20.1-20230612.114412-srg.jar%231076!/:?]
	at java.util.stream.ReferencePipeline$2$1.accept(ReferencePipeline.java:178) ~[?:?]
	at java.util.ArrayList$ArrayListSpliterator.forEachRemaining(ArrayList.java:1625) ~[?:?]
	at java.util.stream.AbstractPipeline.copyInto(AbstractPipeline.java:509) ~[?:?]
	at java.util.stream.AbstractPipeline.wrapAndCopyInto(AbstractPipeline.java:499) ~[?:?]
	at java.util.stream.ReduceOps$ReduceOp.evaluateSequential(ReduceOps.java:921) ~[?:?]
	at java.util.stream.AbstractPipeline.evaluate(AbstractPipeline.java:234) ~[?:?]
	at java.util.stream.ReferencePipeline.collect(ReferencePipeline.java:682) ~[?:?]
	at net.minecraft.client.resources.model.ModelBakery$ModelGroupKey.m_119379_(ModelBakery.java:522) ~[client-1.20.1-20230612.114412-srg.jar%231076!/:?]
	at net.minecraft.client.resources.model.ModelBakery.m_174886_(ModelBakery.java:304) ~[client-1.20.1-20230612.114412-srg.jar%231076!/:?]
	at net.minecraft.client.resources.model.ModelBakery.m_119331_(ModelBakery.java:347) ~[client-1.20.1-20230612.114412-srg.jar%231076!/:?]
	at java.util.HashMap.forEach(HashMap.java:1421) ~[?:?]
	at net.minecraft.client.resources.model.ModelBakery.m_119362_(ModelBakery.java:337) ~[client-1.20.1-20230612.114412-srg.jar%231076!/:?]
	at net.minecraft.client.resources.model.ModelBakery.m_119341_(ModelBakery.java:243) ~[client-1.20.1-20230612.114412-srg.jar%231076!/:?]
	at net.minecraft.client.resources.model.ModelBakery.m_119306_(ModelBakery.java:384) ~[client-1.20.1-20230612.114412-srg.jar%231076!/:?]
	at net.minecraft.client.resources.model.ModelBakery.m_119263_(ModelBakery.java:143) ~[client-1.20.1-20230612.114412-srg.jar%231076!/:?]
	at com.google.common.collect.ImmutableList.forEach(ImmutableList.java:422) ~[guava-31.1-jre.jar%23102!/:?]
	at net.minecraft.client.resources.model.ModelBakery.<init>(ModelBakery.java:142) ~[client-1.20.1-20230612.114412-srg.jar%231076!/:?]
	at net.minecraft.client.resources.model.ModelManager.m_246505_(ModelManager.java:83) ~[client-1.20.1-20230612.114412-srg.jar%231076!/:?]
	at net.minecraft.client.resources.model.ModelManager.mdea2b0a$fabric_model_loading_api_v1$lambda$loadModelPluginData$0$0(ModelManager.java:2569) ~[client-1.20.1-20230612.114412-srg.jar%231076!/:?]
	at java.util.concurrent.CompletableFuture.biApply(CompletableFuture.java:1311) ~[?:?]
	at java.util.concurrent.CompletableFuture$BiApply.tryFire(CompletableFuture.java:1280) ~[?:?]
	at java.util.concurrent.CompletableFuture$Completion.exec(CompletableFuture.java:483) ~[?:?]
	at java.util.concurrent.ForkJoinTask.doExec(ForkJoinTask.java:373) ~[?:?]
	at java.util.concurrent.ForkJoinPool$WorkQueue.topLevelExec(ForkJoinPool.java:1182) ~[?:?]
	at java.util.concurrent.ForkJoinPool.scan(ForkJoinPool.java:1655) ~[?:?]
	at java.util.concurrent.ForkJoinPool.runWorker(ForkJoinPool.java:1622) ~[?:?]
	at java.util.concurrent.ForkJoinWorkerThread.run(ForkJoinWorkerThread.java:165) ~[?:?]
[03Apr2026 19:04:04.130] [ForkJoinPool.commonPool-worker-6/WARN] [net.minecraft.client.resources.model.ModelBakery/]: Exception evaluating model definition: 'mcwbiomesoplenty:palm_plank_parapet#'
java.lang.RuntimeException: Unknown property 'facing' on 'Block{mcwbiomesoplenty:palm_plank_parapet}'
	at malte0811.ferritecore.impl.KeyValueConditionImpl.getPredicate(KeyValueConditionImpl.java:31) ~[ferritecore-6.0.1-forge.jar%23793!/:6.0.1]
	at net.minecraft.client.renderer.block.model.multipart.KeyValueCondition.m_7289_(KeyValueCondition.java:537) ~[client-1.20.1-20230612.114412-srg.jar%231076!/:?]
	at malte0811.ferritecore.util.PredicateHelper.toCanonicalList(PredicateHelper.java:19) ~[ferritecore-6.0.1-forge.jar%23793!/:6.0.1]
	at net.minecraft.client.renderer.block.model.multipart.AndCondition.m_7289_(AndCondition.java:529) ~[client-1.20.1-20230612.114412-srg.jar%231076!/:?]
	at net.minecraft.client.renderer.block.model.multipart.Selector.m_112021_(Selector.java:43) ~[client-1.20.1-20230612.114412-srg.jar%231076!/:?]
	at net.minecraft.client.resources.model.ModelBakery$ModelGroupKey.m_119390_(ModelBakery.java:521) ~[client-1.20.1-20230612.114412-srg.jar%231076!/:?]
	at java.util.stream.ReferencePipeline$2$1.accept(ReferencePipeline.java:178) ~[?:?]
	at java.util.ArrayList$ArrayListSpliterator.forEachRemaining(ArrayList.java:1625) ~[?:?]
	at java.util.stream.AbstractPipeline.copyInto(AbstractPipeline.java:509) ~[?:?]
	at java.util.stream.AbstractPipeline.wrapAndCopyInto(AbstractPipeline.java:499) ~[?:?]
	at java.util.stream.ReduceOps$ReduceOp.evaluateSequential(ReduceOps.java:921) ~[?:?]
	at java.util.stream.AbstractPipeline.evaluate(AbstractPipeline.java:234) ~[?:?]
	at java.util.stream.ReferencePipeline.collect(ReferencePipeline.java:682) ~[?:?]
	at net.minecraft.client.resources.model.ModelBakery$ModelGroupKey.m_119379_(ModelBakery.java:522) ~[client-1.20.1-20230612.114412-srg.jar%231076!/:?]
	at net.minecraft.client.resources.model.ModelBakery.m_174886_(ModelBakery.java:304) ~[client-1.20.1-20230612.114412-srg.jar%231076!/:?]
	at net.minecraft.client.resources.model.ModelBakery.m_119331_(ModelBakery.java:347) ~[client-1.20.1-20230612.114412-srg.jar%231076!/:?]
	at java.util.HashMap.forEach(HashMap.java:1421) ~[?:?]
	at net.minecraft.client.resources.model.ModelBakery.m_119362_(ModelBakery.java:337) ~[client-1.20.1-20230612.114412-srg.jar%231076!/:?]
	at net.minecraft.client.resources.model.ModelBakery.m_119341_(ModelBakery.java:243) ~[client-1.20.1-20230612.114412-srg.jar%231076!/:?]
	at net.minecraft.client.resources.model.ModelBakery.m_119306_(ModelBakery.java:384) ~[client-1.20.1-20230612.114412-srg.jar%231076!/:?]
	at net.minecraft.client.resources.model.ModelBakery.m_119263_(ModelBakery.java:143) ~[client-1.20.1-20230612.114412-srg.jar%231076!/:?]
	at com.google.common.collect.ImmutableList.forEach(ImmutableList.java:422) ~[guava-31.1-jre.jar%23102!/:?]
	at net.minecraft.client.resources.model.ModelBakery.<init>(ModelBakery.java:142) ~[client-1.20.1-20230612.114412-srg.jar%231076!/:?]
	at net.minecraft.client.resources.model.ModelManager.m_246505_(ModelManager.java:83) ~[client-1.20.1-20230612.114412-srg.jar%231076!/:?]
	at net.minecraft.client.resources.model.ModelManager.mdea2b0a$fabric_model_loading_api_v1$lambda$loadModelPluginData$0$0(ModelManager.java:2569) ~[client-1.20.1-20230612.114412-srg.jar%231076!/:?]
	at java.util.concurrent.CompletableFuture.biApply(CompletableFuture.java:1311) ~[?:?]
	at java.util.concurrent.CompletableFuture$BiApply.tryFire(CompletableFuture.java:1280) ~[?:?]
	at java.util.concurrent.CompletableFuture$Completion.exec(CompletableFuture.java:483) ~[?:?]
	at java.util.concurrent.ForkJoinTask.doExec(ForkJoinTask.java:373) ~[?:?]
	at java.util.concurrent.ForkJoinPool$WorkQueue.topLevelExec(ForkJoinPool.java:1182) ~[?:?]
	at java.util.concurrent.ForkJoinPool.scan(ForkJoinPool.java:1655) ~[?:?]
	at java.util.concurrent.ForkJoinPool.runWorker(ForkJoinPool.java:1622) ~[?:?]
	at java.util.concurrent.ForkJoinWorkerThread.run(ForkJoinWorkerThread.java:165) ~[?:?]
[03Apr2026 19:04:04.130] [Forge Version Check/INFO] [net.minecraftforge.fml.VersionChecker/]: [aether_treasure_reforging] Found status: UP_TO_DATE Current: 1.20.1-1.0.1-neoforge Target: null
[03Apr2026 19:04:04.130] [Forge Version Check/INFO] [net.minecraftforge.fml.VersionChecker/]: [jeitweaker] Starting version check at https://updates.blamejared.com/get?n=JEITweaker&gv=1.20.1
[03Apr2026 19:04:04.131] [ForkJoinPool.commonPool-worker-6/WARN] [net.minecraft.client.resources.model.ModelBakery/]: Exception evaluating model definition: 'mcwbiomesoplenty:redwood_log_parapet#'
java.lang.RuntimeException: Unknown property 'facing' on 'Block{mcwbiomesoplenty:redwood_log_parapet}'
	at malte0811.ferritecore.impl.KeyValueConditionImpl.getPredicate(KeyValueConditionImpl.java:31) ~[ferritecore-6.0.1-forge.jar%23793!/:6.0.1]
	at net.minecraft.client.renderer.block.model.multipart.KeyValueCondition.m_7289_(KeyValueCondition.java:537) ~[client-1.20.1-20230612.114412-srg.jar%231076!/:?]
	at malte0811.ferritecore.util.PredicateHelper.toCanonicalList(PredicateHelper.java:19) ~[ferritecore-6.0.1-forge.jar%23793!/:6.0.1]
	at net.minecraft.client.renderer.block.model.multipart.AndCondition.m_7289_(AndCondition.java:529) ~[client-1.20.1-20230612.114412-srg.jar%231076!/:?]
	at net.minecraft.client.renderer.block.model.multipart.Selector.m_112021_(Selector.java:43) ~[client-1.20.1-20230612.114412-srg.jar%231076!/:?]
	at net.minecraft.client.resources.model.ModelBakery$ModelGroupKey.m_119390_(ModelBakery.java:521) ~[client-1.20.1-20230612.114412-srg.jar%231076!/:?]
	at java.util.stream.ReferencePipeline$2$1.accept(ReferencePipeline.java:178) ~[?:?]
	at java.util.ArrayList$ArrayListSpliterator.forEachRemaining(ArrayList.java:1625) ~[?:?]
	at java.util.stream.AbstractPipeline.copyInto(AbstractPipeline.java:509) ~[?:?]
	at java.util.stream.AbstractPipeline.wrapAndCopyInto(AbstractPipeline.java:499) ~[?:?]
	at java.util.stream.ReduceOps$ReduceOp.evaluateSequential(ReduceOps.java:921) ~[?:?]
	at java.util.stream.AbstractPipeline.evaluate(AbstractPipeline.java:234) ~[?:?]
	at java.util.stream.ReferencePipeline.collect(ReferencePipeline.java:682) ~[?:?]
	at net.minecraft.client.resources.model.ModelBakery$ModelGroupKey.m_119379_(ModelBakery.java:522) ~[client-1.20.1-20230612.114412-srg.jar%231076!/:?]
	at net.minecraft.client.resources.model.ModelBakery.m_174886_(ModelBakery.java:304) ~[client-1.20.1-20230612.114412-srg.jar%231076!/:?]
	at net.minecraft.client.resources.model.ModelBakery.m_119331_(ModelBakery.java:347) ~[client-1.20.1-20230612.114412-srg.jar%231076!/:?]
	at java.util.HashMap.forEach(HashMap.java:1421) ~[?:?]
	at net.minecraft.client.resources.model.ModelBakery.m_119362_(ModelBakery.java:337) ~[client-1.20.1-20230612.114412-srg.jar%231076!/:?]
	at net.minecraft.client.resources.model.ModelBakery.m_119341_(ModelBakery.java:243) ~[client-1.20.1-20230612.114412-srg.jar%231076!/:?]
	at net.minecraft.client.resources.model.ModelBakery.m_119306_(ModelBakery.java:384) ~[client-1.20.1-20230612.114412-srg.jar%231076!/:?]
	at net.minecraft.client.resources.model.ModelBakery.m_119263_(ModelBakery.java:143) ~[client-1.20.1-20230612.114412-srg.jar%231076!/:?]
	at com.google.common.collect.ImmutableList.forEach(ImmutableList.java:422) ~[guava-31.1-jre.jar%23102!/:?]
	at net.minecraft.client.resources.model.ModelBakery.<init>(ModelBakery.java:142) ~[client-1.20.1-20230612.114412-srg.jar%231076!/:?]
	at net.minecraft.client.resources.model.ModelManager.m_246505_(ModelManager.java:83) ~[client-1.20.1-20230612.114412-srg.jar%231076!/:?]
	at net.minecraft.client.resources.model.ModelManager.mdea2b0a$fabric_model_loading_api_v1$lambda$loadModelPluginData$0$0(ModelManager.java:2569) ~[client-1.20.1-20230612.114412-srg.jar%231076!/:?]
	at java.util.concurrent.CompletableFuture.biApply(CompletableFuture.java:1311) ~[?:?]
	at java.util.concurrent.CompletableFuture$BiApply.tryFire(CompletableFuture.java:1280) ~[?:?]
	at java.util.concurrent.CompletableFuture$Completion.exec(CompletableFuture.java:483) ~[?:?]
	at java.util.concurrent.ForkJoinTask.doExec(ForkJoinTask.java:373) ~[?:?]
	at java.util.concurrent.ForkJoinPool$WorkQueue.topLevelExec(ForkJoinPool.java:1182) ~[?:?]
	at java.util.concurrent.ForkJoinPool.scan(ForkJoinPool.java:1655) ~[?:?]
	at java.util.concurrent.ForkJoinPool.runWorker(ForkJoinPool.java:1622) ~[?:?]
	at java.util.concurrent.ForkJoinWorkerThread.run(ForkJoinWorkerThread.java:165) ~[?:?]
[03Apr2026 19:04:04.131] [ForkJoinPool.commonPool-worker-6/WARN] [net.minecraft.client.resources.model.ModelBakery/]: Exception evaluating model definition: 'mcwbiomesoplenty:redwood_plank_parapet#'
java.lang.RuntimeException: Unknown property 'facing' on 'Block{mcwbiomesoplenty:redwood_plank_parapet}'
	at malte0811.ferritecore.impl.KeyValueConditionImpl.getPredicate(KeyValueConditionImpl.java:31) ~[ferritecore-6.0.1-forge.jar%23793!/:6.0.1]
	at net.minecraft.client.renderer.block.model.multipart.KeyValueCondition.m_7289_(KeyValueCondition.java:537) ~[client-1.20.1-20230612.114412-srg.jar%231076!/:?]
	at malte0811.ferritecore.util.PredicateHelper.toCanonicalList(PredicateHelper.java:19) ~[ferritecore-6.0.1-forge.jar%23793!/:6.0.1]
	at net.minecraft.client.renderer.block.model.multipart.AndCondition.m_7289_(AndCondition.java:529) ~[client-1.20.1-20230612.114412-srg.jar%231076!/:?]
	at net.minecraft.client.renderer.block.model.multipart.Selector.m_112021_(Selector.java:43) ~[client-1.20.1-20230612.114412-srg.jar%231076!/:?]
	at net.minecraft.client.resources.model.ModelBakery$ModelGroupKey.m_119390_(ModelBakery.java:521) ~[client-1.20.1-20230612.114412-srg.jar%231076!/:?]
	at java.util.stream.ReferencePipeline$2$1.accept(ReferencePipeline.java:178) ~[?:?]
	at java.util.ArrayList$ArrayListSpliterator.forEachRemaining(ArrayList.java:1625) ~[?:?]
	at java.util.stream.AbstractPipeline.copyInto(AbstractPipeline.java:509) ~[?:?]
	at java.util.stream.AbstractPipeline.wrapAndCopyInto(AbstractPipeline.java:499) ~[?:?]
	at java.util.stream.ReduceOps$ReduceOp.evaluateSequential(ReduceOps.java:921) ~[?:?]
	at java.util.stream.AbstractPipeline.evaluate(AbstractPipeline.java:234) ~[?:?]
	at java.util.stream.ReferencePipeline.collect(ReferencePipeline.java:682) ~[?:?]
	at net.minecraft.client.resources.model.ModelBakery$ModelGroupKey.m_119379_(ModelBakery.java:522) ~[client-1.20.1-20230612.114412-srg.jar%231076!/:?]
	at net.minecraft.client.resources.model.ModelBakery.m_174886_(ModelBakery.java:304) ~[client-1.20.1-20230612.114412-srg.jar%231076!/:?]
	at net.minecraft.client.resources.model.ModelBakery.m_119331_(ModelBakery.java:347) ~[client-1.20.1-20230612.114412-srg.jar%231076!/:?]
	at java.util.HashMap.forEach(HashMap.java:1421) ~[?:?]
	at net.minecraft.client.resources.model.ModelBakery.m_119362_(ModelBakery.java:337) ~[client-1.20.1-20230612.114412-srg.jar%231076!/:?]
	at net.minecraft.client.resources.model.ModelBakery.m_119341_(ModelBakery.java:243) ~[client-1.20.1-20230612.114412-srg.jar%231076!/:?]
	at net.minecraft.client.resources.model.ModelBakery.m_119306_(ModelBakery.java:384) ~[client-1.20.1-20230612.114412-srg.jar%231076!/:?]
	at net.minecraft.client.resources.model.ModelBakery.m_119263_(ModelBakery.java:143) ~[client-1.20.1-20230612.114412-srg.jar%231076!/:?]
	at com.google.common.collect.ImmutableList.forEach(ImmutableList.java:422) ~[guava-31.1-jre.jar%23102!/:?]
	at net.minecraft.client.resources.model.ModelBakery.<init>(ModelBakery.java:142) ~[client-1.20.1-20230612.114412-srg.jar%231076!/:?]
	at net.minecraft.client.resources.model.ModelManager.m_246505_(ModelManager.java:83) ~[client-1.20.1-20230612.114412-srg.jar%231076!/:?]
	at net.minecraft.client.resources.model.ModelManager.mdea2b0a$fabric_model_loading_api_v1$lambda$loadModelPluginData$0$0(ModelManager.java:2569) ~[client-1.20.1-20230612.114412-srg.jar%231076!/:?]
	at java.util.concurrent.CompletableFuture.biApply(CompletableFuture.java:1311) ~[?:?]
	at java.util.concurrent.CompletableFuture$BiApply.tryFire(CompletableFuture.java:1280) ~[?:?]
	at java.util.concurrent.CompletableFuture$Completion.exec(CompletableFuture.java:483) ~[?:?]
	at java.util.concurrent.ForkJoinTask.doExec(ForkJoinTask.java:373) ~[?:?]
	at java.util.concurrent.ForkJoinPool$WorkQueue.topLevelExec(ForkJoinPool.java:1182) ~[?:?]
	at java.util.concurrent.ForkJoinPool.scan(ForkJoinPool.java:1655) ~[?:?]
	at java.util.concurrent.ForkJoinPool.runWorker(ForkJoinPool.java:1622) ~[?:?]
	at java.util.concurrent.ForkJoinWorkerThread.run(ForkJoinWorkerThread.java:165) ~[?:?]
[03Apr2026 19:04:04.133] [ForkJoinPool.commonPool-worker-6/WARN] [net.minecraft.client.resources.model.ModelBakery/]: Exception evaluating model definition: 'mcwbiomesoplenty:willow_log_parapet#'
java.lang.RuntimeException: Unknown property 'facing' on 'Block{mcwbiomesoplenty:willow_log_parapet}'
	at malte0811.ferritecore.impl.KeyValueConditionImpl.getPredicate(KeyValueConditionImpl.java:31) ~[ferritecore-6.0.1-forge.jar%23793!/:6.0.1]
	at net.minecraft.client.renderer.block.model.multipart.KeyValueCondition.m_7289_(KeyValueCondition.java:537) ~[client-1.20.1-20230612.114412-srg.jar%231076!/:?]
	at malte0811.ferritecore.util.PredicateHelper.toCanonicalList(PredicateHelper.java:19) ~[ferritecore-6.0.1-forge.jar%23793!/:6.0.1]
	at net.minecraft.client.renderer.block.model.multipart.AndCondition.m_7289_(AndCondition.java:529) ~[client-1.20.1-20230612.114412-srg.jar%231076!/:?]
	at net.minecraft.client.renderer.block.model.multipart.Selector.m_112021_(Selector.java:43) ~[client-1.20.1-20230612.114412-srg.jar%231076!/:?]
	at net.minecraft.client.resources.model.ModelBakery$ModelGroupKey.m_119390_(ModelBakery.java:521) ~[client-1.20.1-20230612.114412-srg.jar%231076!/:?]
	at java.util.stream.ReferencePipeline$2$1.accept(ReferencePipeline.java:178) ~[?:?]
	at java.util.ArrayList$ArrayListSpliterator.forEachRemaining(ArrayList.java:1625) ~[?:?]
	at java.util.stream.AbstractPipeline.copyInto(AbstractPipeline.java:509) ~[?:?]
	at java.util.stream.AbstractPipeline.wrapAndCopyInto(AbstractPipeline.java:499) ~[?:?]
	at java.util.stream.ReduceOps$ReduceOp.evaluateSequential(ReduceOps.java:921) ~[?:?]
	at java.util.stream.AbstractPipeline.evaluate(AbstractPipeline.java:234) ~[?:?]
	at java.util.stream.ReferencePipeline.collect(ReferencePipeline.java:682) ~[?:?]
	at net.minecraft.client.resources.model.ModelBakery$ModelGroupKey.m_119379_(ModelBakery.java:522) ~[client-1.20.1-20230612.114412-srg.jar%231076!/:?]
	at net.minecraft.client.resources.model.ModelBakery.m_174886_(ModelBakery.java:304) ~[client-1.20.1-20230612.114412-srg.jar%231076!/:?]
	at net.minecraft.client.resources.model.ModelBakery.m_119331_(ModelBakery.java:347) ~[client-1.20.1-20230612.114412-srg.jar%231076!/:?]
	at java.util.HashMap.forEach(HashMap.java:1421) ~[?:?]
	at net.minecraft.client.resources.model.ModelBakery.m_119362_(ModelBakery.java:337) ~[client-1.20.1-20230612.114412-srg.jar%231076!/:?]
	at net.minecraft.client.resources.model.ModelBakery.m_119341_(ModelBakery.java:243) ~[client-1.20.1-20230612.114412-srg.jar%231076!/:?]
	at net.minecraft.client.resources.model.ModelBakery.m_119306_(ModelBakery.java:384) ~[client-1.20.1-20230612.114412-srg.jar%231076!/:?]
	at net.minecraft.client.resources.model.ModelBakery.m_119263_(ModelBakery.java:143) ~[client-1.20.1-20230612.114412-srg.jar%231076!/:?]
	at com.google.common.collect.ImmutableList.forEach(ImmutableList.java:422) ~[guava-31.1-jre.jar%23102!/:?]
	at net.minecraft.client.resources.model.ModelBakery.<init>(ModelBakery.java:142) ~[client-1.20.1-20230612.114412-srg.jar%231076!/:?]
	at net.minecraft.client.resources.model.ModelManager.m_246505_(ModelManager.java:83) ~[client-1.20.1-20230612.114412-srg.jar%231076!/:?]
	at net.minecraft.client.resources.model.ModelManager.mdea2b0a$fabric_model_loading_api_v1$lambda$loadModelPluginData$0$0(ModelManager.java:2569) ~[client-1.20.1-20230612.114412-srg.jar%231076!/:?]
	at java.util.concurrent.CompletableFuture.biApply(CompletableFuture.java:1311) ~[?:?]
	at java.util.concurrent.CompletableFuture$BiApply.tryFire(CompletableFuture.java:1280) ~[?:?]
	at java.util.concurrent.CompletableFuture$Completion.exec(CompletableFuture.java:483) ~[?:?]
	at java.util.concurrent.ForkJoinTask.doExec(ForkJoinTask.java:373) ~[?:?]
	at java.util.concurrent.ForkJoinPool$WorkQueue.topLevelExec(ForkJoinPool.java:1182) ~[?:?]
	at java.util.concurrent.ForkJoinPool.scan(ForkJoinPool.java:1655) ~[?:?]
	at java.util.concurrent.ForkJoinPool.runWorker(ForkJoinPool.java:1622) ~[?:?]
	at java.util.concurrent.ForkJoinWorkerThread.run(ForkJoinWorkerThread.java:165) ~[?:?]
[03Apr2026 19:04:04.133] [ForkJoinPool.commonPool-worker-6/WARN] [net.minecraft.client.resources.model.ModelBakery/]: Exception evaluating model definition: 'mcwbiomesoplenty:willow_plank_parapet#'
java.lang.RuntimeException: Unknown property 'facing' on 'Block{mcwbiomesoplenty:willow_plank_parapet}'
	at malte0811.ferritecore.impl.KeyValueConditionImpl.getPredicate(KeyValueConditionImpl.java:31) ~[ferritecore-6.0.1-forge.jar%23793!/:6.0.1]
	at net.minecraft.client.renderer.block.model.multipart.KeyValueCondition.m_7289_(KeyValueCondition.java:537) ~[client-1.20.1-20230612.114412-srg.jar%231076!/:?]
	at malte0811.ferritecore.util.PredicateHelper.toCanonicalList(PredicateHelper.java:19) ~[ferritecore-6.0.1-forge.jar%23793!/:6.0.1]
	at net.minecraft.client.renderer.block.model.multipart.AndCondition.m_7289_(AndCondition.java:529) ~[client-1.20.1-20230612.114412-srg.jar%231076!/:?]
	at net.minecraft.client.renderer.block.model.multipart.Selector.m_112021_(Selector.java:43) ~[client-1.20.1-20230612.114412-srg.jar%231076!/:?]
	at net.minecraft.client.resources.model.ModelBakery$ModelGroupKey.m_119390_(ModelBakery.java:521) ~[client-1.20.1-20230612.114412-srg.jar%231076!/:?]
	at java.util.stream.ReferencePipeline$2$1.accept(ReferencePipeline.java:178) ~[?:?]
	at java.util.ArrayList$ArrayListSpliterator.forEachRemaining(ArrayList.java:1625) ~[?:?]
	at java.util.stream.AbstractPipeline.copyInto(AbstractPipeline.java:509) ~[?:?]
	at java.util.stream.AbstractPipeline.wrapAndCopyInto(AbstractPipeline.java:499) ~[?:?]
	at java.util.stream.ReduceOps$ReduceOp.evaluateSequential(ReduceOps.java:921) ~[?:?]
	at java.util.stream.AbstractPipeline.evaluate(AbstractPipeline.java:234) ~[?:?]
	at java.util.stream.ReferencePipeline.collect(ReferencePipeline.java:682) ~[?:?]
	at net.minecraft.client.resources.model.ModelBakery$ModelGroupKey.m_119379_(ModelBakery.java:522) ~[client-1.20.1-20230612.114412-srg.jar%231076!/:?]
	at net.minecraft.client.resources.model.ModelBakery.m_174886_(ModelBakery.java:304) ~[client-1.20.1-20230612.114412-srg.jar%231076!/:?]
	at net.minecraft.client.resources.model.ModelBakery.m_119331_(ModelBakery.java:347) ~[client-1.20.1-20230612.114412-srg.jar%231076!/:?]
	at java.util.HashMap.forEach(HashMap.java:1421) ~[?:?]
	at net.minecraft.client.resources.model.ModelBakery.m_119362_(ModelBakery.java:337) ~[client-1.20.1-20230612.114412-srg.jar%231076!/:?]
	at net.minecraft.client.resources.model.ModelBakery.m_119341_(ModelBakery.java:243) ~[client-1.20.1-20230612.114412-srg.jar%231076!/:?]
	at net.minecraft.client.resources.model.ModelBakery.m_119306_(ModelBakery.java:384) ~[client-1.20.1-20230612.114412-srg.jar%231076!/:?]
	at net.minecraft.client.resources.model.ModelBakery.m_119263_(ModelBakery.java:143) ~[client-1.20.1-20230612.114412-srg.jar%231076!/:?]
	at com.google.common.collect.ImmutableList.forEach(ImmutableList.java:422) ~[guava-31.1-jre.jar%23102!/:?]
	at net.minecraft.client.resources.model.ModelBakery.<init>(ModelBakery.java:142) ~[client-1.20.1-20230612.114412-srg.jar%231076!/:?]
	at net.minecraft.client.resources.model.ModelManager.m_246505_(ModelManager.java:83) ~[client-1.20.1-20230612.114412-srg.jar%231076!/:?]
	at net.minecraft.client.resources.model.ModelManager.mdea2b0a$fabric_model_loading_api_v1$lambda$loadModelPluginData$0$0(ModelManager.java:2569) ~[client-1.20.1-20230612.114412-srg.jar%231076!/:?]
	at java.util.concurrent.CompletableFuture.biApply(CompletableFuture.java:1311) ~[?:?]
	at java.util.concurrent.CompletableFuture$BiApply.tryFire(CompletableFuture.java:1280) ~[?:?]
	at java.util.concurrent.CompletableFuture$Completion.exec(CompletableFuture.java:483) ~[?:?]
	at java.util.concurrent.ForkJoinTask.doExec(ForkJoinTask.java:373) ~[?:?]
	at java.util.concurrent.ForkJoinPool$WorkQueue.topLevelExec(ForkJoinPool.java:1182) ~[?:?]
	at java.util.concurrent.ForkJoinPool.scan(ForkJoinPool.java:1655) ~[?:?]
	at java.util.concurrent.ForkJoinPool.runWorker(ForkJoinPool.java:1622) ~[?:?]
	at java.util.concurrent.ForkJoinWorkerThread.run(ForkJoinWorkerThread.java:165) ~[?:?]
[03Apr2026 19:04:04.135] [ForkJoinPool.commonPool-worker-6/WARN] [net.minecraft.client.resources.model.ModelBakery/]: Exception evaluating model definition: 'mcwbiomesoplenty:pine_log_parapet#'
java.lang.RuntimeException: Unknown property 'facing' on 'Block{mcwbiomesoplenty:pine_log_parapet}'
	at malte0811.ferritecore.impl.KeyValueConditionImpl.getPredicate(KeyValueConditionImpl.java:31) ~[ferritecore-6.0.1-forge.jar%23793!/:6.0.1]
	at net.minecraft.client.renderer.block.model.multipart.KeyValueCondition.m_7289_(KeyValueCondition.java:537) ~[client-1.20.1-20230612.114412-srg.jar%231076!/:?]
	at malte0811.ferritecore.util.PredicateHelper.toCanonicalList(PredicateHelper.java:19) ~[ferritecore-6.0.1-forge.jar%23793!/:6.0.1]
	at net.minecraft.client.renderer.block.model.multipart.AndCondition.m_7289_(AndCondition.java:529) ~[client-1.20.1-20230612.114412-srg.jar%231076!/:?]
	at net.minecraft.client.renderer.block.model.multipart.Selector.m_112021_(Selector.java:43) ~[client-1.20.1-20230612.114412-srg.jar%231076!/:?]
	at net.minecraft.client.resources.model.ModelBakery$ModelGroupKey.m_119390_(ModelBakery.java:521) ~[client-1.20.1-20230612.114412-srg.jar%231076!/:?]
	at java.util.stream.ReferencePipeline$2$1.accept(ReferencePipeline.java:178) ~[?:?]
	at java.util.ArrayList$ArrayListSpliterator.forEachRemaining(ArrayList.java:1625) ~[?:?]
	at java.util.stream.AbstractPipeline.copyInto(AbstractPipeline.java:509) ~[?:?]
	at java.util.stream.AbstractPipeline.wrapAndCopyInto(AbstractPipeline.java:499) ~[?:?]
	at java.util.stream.ReduceOps$ReduceOp.evaluateSequential(ReduceOps.java:921) ~[?:?]
	at java.util.stream.AbstractPipeline.evaluate(AbstractPipeline.java:234) ~[?:?]
	at java.util.stream.ReferencePipeline.collect(ReferencePipeline.java:682) ~[?:?]
	at net.minecraft.client.resources.model.ModelBakery$ModelGroupKey.m_119379_(ModelBakery.java:522) ~[client-1.20.1-20230612.114412-srg.jar%231076!/:?]
	at net.minecraft.client.resources.model.ModelBakery.m_174886_(ModelBakery.java:304) ~[client-1.20.1-20230612.114412-srg.jar%231076!/:?]
	at net.minecraft.client.resources.model.ModelBakery.m_119331_(ModelBakery.java:347) ~[client-1.20.1-20230612.114412-srg.jar%231076!/:?]
	at java.util.HashMap.forEach(HashMap.java:1421) ~[?:?]
	at net.minecraft.client.resources.model.ModelBakery.m_119362_(ModelBakery.java:337) ~[client-1.20.1-20230612.114412-srg.jar%231076!/:?]
	at net.minecraft.client.resources.model.ModelBakery.m_119341_(ModelBakery.java:243) ~[client-1.20.1-20230612.114412-srg.jar%231076!/:?]
	at net.minecraft.client.resources.model.ModelBakery.m_119306_(ModelBakery.java:384) ~[client-1.20.1-20230612.114412-srg.jar%231076!/:?]
	at net.minecraft.client.resources.model.ModelBakery.m_119263_(ModelBakery.java:143) ~[client-1.20.1-20230612.114412-srg.jar%231076!/:?]
	at com.google.common.collect.ImmutableList.forEach(ImmutableList.java:422) ~[guava-31.1-jre.jar%23102!/:?]
	at net.minecraft.client.resources.model.ModelBakery.<init>(ModelBakery.java:142) ~[client-1.20.1-20230612.114412-srg.jar%231076!/:?]
	at net.minecraft.client.resources.model.ModelManager.m_246505_(ModelManager.java:83) ~[client-1.20.1-20230612.114412-srg.jar%231076!/:?]
	at net.minecraft.client.resources.model.ModelManager.mdea2b0a$fabric_model_loading_api_v1$lambda$loadModelPluginData$0$0(ModelManager.java:2569) ~[client-1.20.1-20230612.114412-srg.jar%231076!/:?]
	at java.util.concurrent.CompletableFuture.biApply(CompletableFuture.java:1311) ~[?:?]
	at java.util.concurrent.CompletableFuture$BiApply.tryFire(CompletableFuture.java:1280) ~[?:?]
	at java.util.concurrent.CompletableFuture$Completion.exec(CompletableFuture.java:483) ~[?:?]
	at java.util.concurrent.ForkJoinTask.doExec(ForkJoinTask.java:373) ~[?:?]
	at java.util.concurrent.ForkJoinPool$WorkQueue.topLevelExec(ForkJoinPool.java:1182) ~[?:?]
	at java.util.concurrent.ForkJoinPool.scan(ForkJoinPool.java:1655) ~[?:?]
	at java.util.concurrent.ForkJoinPool.runWorker(ForkJoinPool.java:1622) ~[?:?]
	at java.util.concurrent.ForkJoinWorkerThread.run(ForkJoinWorkerThread.java:165) ~[?:?]
[03Apr2026 19:04:04.135] [ForkJoinPool.commonPool-worker-6/WARN] [net.minecraft.client.resources.model.ModelBakery/]: Exception evaluating model definition: 'mcwbiomesoplenty:pine_plank_parapet#'
java.lang.RuntimeException: Unknown property 'facing' on 'Block{mcwbiomesoplenty:pine_plank_parapet}'
	at malte0811.ferritecore.impl.KeyValueConditionImpl.getPredicate(KeyValueConditionImpl.java:31) ~[ferritecore-6.0.1-forge.jar%23793!/:6.0.1]
	at net.minecraft.client.renderer.block.model.multipart.KeyValueCondition.m_7289_(KeyValueCondition.java:537) ~[client-1.20.1-20230612.114412-srg.jar%231076!/:?]
	at malte0811.ferritecore.util.PredicateHelper.toCanonicalList(PredicateHelper.java:19) ~[ferritecore-6.0.1-forge.jar%23793!/:6.0.1]
	at net.minecraft.client.renderer.block.model.multipart.AndCondition.m_7289_(AndCondition.java:529) ~[client-1.20.1-20230612.114412-srg.jar%231076!/:?]
	at net.minecraft.client.renderer.block.model.multipart.Selector.m_112021_(Selector.java:43) ~[client-1.20.1-20230612.114412-srg.jar%231076!/:?]
	at net.minecraft.client.resources.model.ModelBakery$ModelGroupKey.m_119390_(ModelBakery.java:521) ~[client-1.20.1-20230612.114412-srg.jar%231076!/:?]
	at java.util.stream.ReferencePipeline$2$1.accept(ReferencePipeline.java:178) ~[?:?]
	at java.util.ArrayList$ArrayListSpliterator.forEachRemaining(ArrayList.java:1625) ~[?:?]
	at java.util.stream.AbstractPipeline.copyInto(AbstractPipeline.java:509) ~[?:?]
	at java.util.stream.AbstractPipeline.wrapAndCopyInto(AbstractPipeline.java:499) ~[?:?]
	at java.util.stream.ReduceOps$ReduceOp.evaluateSequential(ReduceOps.java:921) ~[?:?]
	at java.util.stream.AbstractPipeline.evaluate(AbstractPipeline.java:234) ~[?:?]
	at java.util.stream.ReferencePipeline.collect(ReferencePipeline.java:682) ~[?:?]
	at net.minecraft.client.resources.model.ModelBakery$ModelGroupKey.m_119379_(ModelBakery.java:522) ~[client-1.20.1-20230612.114412-srg.jar%231076!/:?]
	at net.minecraft.client.resources.model.ModelBakery.m_174886_(ModelBakery.java:304) ~[client-1.20.1-20230612.114412-srg.jar%231076!/:?]
	at net.minecraft.client.resources.model.ModelBakery.m_119331_(ModelBakery.java:347) ~[client-1.20.1-20230612.114412-srg.jar%231076!/:?]
	at java.util.HashMap.forEach(HashMap.java:1421) ~[?:?]
	at net.minecraft.client.resources.model.ModelBakery.m_119362_(ModelBakery.java:337) ~[client-1.20.1-20230612.114412-srg.jar%231076!/:?]
	at net.minecraft.client.resources.model.ModelBakery.m_119341_(ModelBakery.java:243) ~[client-1.20.1-20230612.114412-srg.jar%231076!/:?]
	at net.minecraft.client.resources.model.ModelBakery.m_119306_(ModelBakery.java:384) ~[client-1.20.1-20230612.114412-srg.jar%231076!/:?]
	at net.minecraft.client.resources.model.ModelBakery.m_119263_(ModelBakery.java:143) ~[client-1.20.1-20230612.114412-srg.jar%231076!/:?]
	at com.google.common.collect.ImmutableList.forEach(ImmutableList.java:422) ~[guava-31.1-jre.jar%23102!/:?]
	at net.minecraft.client.resources.model.ModelBakery.<init>(ModelBakery.java:142) ~[client-1.20.1-20230612.114412-srg.jar%231076!/:?]
	at net.minecraft.client.resources.model.ModelManager.m_246505_(ModelManager.java:83) ~[client-1.20.1-20230612.114412-srg.jar%231076!/:?]
	at net.minecraft.client.resources.model.ModelManager.mdea2b0a$fabric_model_loading_api_v1$lambda$loadModelPluginData$0$0(ModelManager.java:2569) ~[client-1.20.1-20230612.114412-srg.jar%231076!/:?]
	at java.util.concurrent.CompletableFuture.biApply(CompletableFuture.java:1311) ~[?:?]
	at java.util.concurrent.CompletableFuture$BiApply.tryFire(CompletableFuture.java:1280) ~[?:?]
	at java.util.concurrent.CompletableFuture$Completion.exec(CompletableFuture.java:483) ~[?:?]
	at java.util.concurrent.ForkJoinTask.doExec(ForkJoinTask.java:373) ~[?:?]
	at java.util.concurrent.ForkJoinPool$WorkQueue.topLevelExec(ForkJoinPool.java:1182) ~[?:?]
	at java.util.concurrent.ForkJoinPool.scan(ForkJoinPool.java:1655) ~[?:?]
	at java.util.concurrent.ForkJoinPool.runWorker(ForkJoinPool.java:1622) ~[?:?]
	at java.util.concurrent.ForkJoinWorkerThread.run(ForkJoinWorkerThread.java:165) ~[?:?]
[03Apr2026 19:04:04.153] [ForkJoinPool.commonPool-worker-6/WARN] [net.minecraft.client.resources.model.ModelBakery/]: Exception evaluating model definition: 'mcwbiomesoplenty:hellbark_balcony#'
java.lang.RuntimeException: Unknown property 'north' on 'Block{mcwbiomesoplenty:hellbark_balcony}'
	at malte0811.ferritecore.impl.KeyValueConditionImpl.getPredicate(KeyValueConditionImpl.java:31) ~[ferritecore-6.0.1-forge.jar%23793!/:6.0.1]
	at net.minecraft.client.renderer.block.model.multipart.KeyValueCondition.m_7289_(KeyValueCondition.java:537) ~[client-1.20.1-20230612.114412-srg.jar%231076!/:?]
	at malte0811.ferritecore.util.PredicateHelper.toCanonicalList(PredicateHelper.java:19) ~[ferritecore-6.0.1-forge.jar%23793!/:6.0.1]
	at net.minecraft.client.renderer.block.model.multipart.AndCondition.m_7289_(AndCondition.java:529) ~[client-1.20.1-20230612.114412-srg.jar%231076!/:?]
	at net.minecraft.client.renderer.block.model.multipart.Selector.m_112021_(Selector.java:43) ~[client-1.20.1-20230612.114412-srg.jar%231076!/:?]
	at net.minecraft.client.resources.model.ModelBakery$ModelGroupKey.m_119390_(ModelBakery.java:521) ~[client-1.20.1-20230612.114412-srg.jar%231076!/:?]
	at java.util.stream.ReferencePipeline$2$1.accept(ReferencePipeline.java:178) ~[?:?]
	at java.util.ArrayList$ArrayListSpliterator.forEachRemaining(ArrayList.java:1625) ~[?:?]
	at java.util.stream.AbstractPipeline.copyInto(AbstractPipeline.java:509) ~[?:?]
	at java.util.stream.AbstractPipeline.wrapAndCopyInto(AbstractPipeline.java:499) ~[?:?]
	at java.util.stream.ReduceOps$ReduceOp.evaluateSequential(ReduceOps.java:921) ~[?:?]
	at java.util.stream.AbstractPipeline.evaluate(AbstractPipeline.java:234) ~[?:?]
	at java.util.stream.ReferencePipeline.collect(ReferencePipeline.java:682) ~[?:?]
	at net.minecraft.client.resources.model.ModelBakery$ModelGroupKey.m_119379_(ModelBakery.java:522) ~[client-1.20.1-20230612.114412-srg.jar%231076!/:?]
	at net.minecraft.client.resources.model.ModelBakery.m_174886_(ModelBakery.java:304) ~[client-1.20.1-20230612.114412-srg.jar%231076!/:?]
	at net.minecraft.client.resources.model.ModelBakery.m_119331_(ModelBakery.java:347) ~[client-1.20.1-20230612.114412-srg.jar%231076!/:?]
	at java.util.HashMap.forEach(HashMap.java:1421) ~[?:?]
	at net.minecraft.client.resources.model.ModelBakery.m_119362_(ModelBakery.java:337) ~[client-1.20.1-20230612.114412-srg.jar%231076!/:?]
	at net.minecraft.client.resources.model.ModelBakery.m_119341_(ModelBakery.java:243) ~[client-1.20.1-20230612.114412-srg.jar%231076!/:?]
	at net.minecraft.client.resources.model.ModelBakery.m_119306_(ModelBakery.java:384) ~[client-1.20.1-20230612.114412-srg.jar%231076!/:?]
	at net.minecraft.client.resources.model.ModelBakery.m_119263_(ModelBakery.java:143) ~[client-1.20.1-20230612.114412-srg.jar%231076!/:?]
	at com.google.common.collect.ImmutableList.forEach(ImmutableList.java:422) ~[guava-31.1-jre.jar%23102!/:?]
	at net.minecraft.client.resources.model.ModelBakery.<init>(ModelBakery.java:142) ~[client-1.20.1-20230612.114412-srg.jar%231076!/:?]
	at net.minecraft.client.resources.model.ModelManager.m_246505_(ModelManager.java:83) ~[client-1.20.1-20230612.114412-srg.jar%231076!/:?]
	at net.minecraft.client.resources.model.ModelManager.mdea2b0a$fabric_model_loading_api_v1$lambda$loadModelPluginData$0$0(ModelManager.java:2569) ~[client-1.20.1-20230612.114412-srg.jar%231076!/:?]
	at java.util.concurrent.CompletableFuture.biApply(CompletableFuture.java:1311) ~[?:?]
	at java.util.concurrent.CompletableFuture$BiApply.tryFire(CompletableFuture.java:1280) ~[?:?]
	at java.util.concurrent.CompletableFuture$Completion.exec(CompletableFuture.java:483) ~[?:?]
	at java.util.concurrent.ForkJoinTask.doExec(ForkJoinTask.java:373) ~[?:?]
	at java.util.concurrent.ForkJoinPool$WorkQueue.topLevelExec(ForkJoinPool.java:1182) ~[?:?]
	at java.util.concurrent.ForkJoinPool.scan(ForkJoinPool.java:1655) ~[?:?]
	at java.util.concurrent.ForkJoinPool.runWorker(ForkJoinPool.java:1622) ~[?:?]
	at java.util.concurrent.ForkJoinWorkerThread.run(ForkJoinWorkerThread.java:165) ~[?:?]
[03Apr2026 19:04:04.154] [ForkJoinPool.commonPool-worker-6/WARN] [net.minecraft.client.resources.model.ModelBakery/]: Exception evaluating model definition: 'mcwbiomesoplenty:umbran_balcony#'
java.lang.RuntimeException: Unknown property 'north' on 'Block{mcwbiomesoplenty:umbran_balcony}'
	at malte0811.ferritecore.impl.KeyValueConditionImpl.getPredicate(KeyValueConditionImpl.java:31) ~[ferritecore-6.0.1-forge.jar%23793!/:6.0.1]
	at net.minecraft.client.renderer.block.model.multipart.KeyValueCondition.m_7289_(KeyValueCondition.java:537) ~[client-1.20.1-20230612.114412-srg.jar%231076!/:?]
	at malte0811.ferritecore.util.PredicateHelper.toCanonicalList(PredicateHelper.java:19) ~[ferritecore-6.0.1-forge.jar%23793!/:6.0.1]
	at net.minecraft.client.renderer.block.model.multipart.AndCondition.m_7289_(AndCondition.java:529) ~[client-1.20.1-20230612.114412-srg.jar%231076!/:?]
	at net.minecraft.client.renderer.block.model.multipart.Selector.m_112021_(Selector.java:43) ~[client-1.20.1-20230612.114412-srg.jar%231076!/:?]
	at net.minecraft.client.resources.model.ModelBakery$ModelGroupKey.m_119390_(ModelBakery.java:521) ~[client-1.20.1-20230612.114412-srg.jar%231076!/:?]
	at java.util.stream.ReferencePipeline$2$1.accept(ReferencePipeline.java:178) ~[?:?]
	at java.util.ArrayList$ArrayListSpliterator.forEachRemaining(ArrayList.java:1625) ~[?:?]
	at java.util.stream.AbstractPipeline.copyInto(AbstractPipeline.java:509) ~[?:?]
	at java.util.stream.AbstractPipeline.wrapAndCopyInto(AbstractPipeline.java:499) ~[?:?]
	at java.util.stream.ReduceOps$ReduceOp.evaluateSequential(ReduceOps.java:921) ~[?:?]
	at java.util.stream.AbstractPipeline.evaluate(AbstractPipeline.java:234) ~[?:?]
	at java.util.stream.ReferencePipeline.collect(ReferencePipeline.java:682) ~[?:?]
	at net.minecraft.client.resources.model.ModelBakery$ModelGroupKey.m_119379_(ModelBakery.java:522) ~[client-1.20.1-20230612.114412-srg.jar%231076!/:?]
	at net.minecraft.client.resources.model.ModelBakery.m_174886_(ModelBakery.java:304) ~[client-1.20.1-20230612.114412-srg.jar%231076!/:?]
	at net.minecraft.client.resources.model.ModelBakery.m_119331_(ModelBakery.java:347) ~[client-1.20.1-20230612.114412-srg.jar%231076!/:?]
	at java.util.HashMap.forEach(HashMap.java:1421) ~[?:?]
	at net.minecraft.client.resources.model.ModelBakery.m_119362_(ModelBakery.java:337) ~[client-1.20.1-20230612.114412-srg.jar%231076!/:?]
	at net.minecraft.client.resources.model.ModelBakery.m_119341_(ModelBakery.java:243) ~[client-1.20.1-20230612.114412-srg.jar%231076!/:?]
	at net.minecraft.client.resources.model.ModelBakery.m_119306_(ModelBakery.java:384) ~[client-1.20.1-20230612.114412-srg.jar%231076!/:?]
	at net.minecraft.client.resources.model.ModelBakery.m_119263_(ModelBakery.java:143) ~[client-1.20.1-20230612.114412-srg.jar%231076!/:?]
	at com.google.common.collect.ImmutableList.forEach(ImmutableList.java:422) ~[guava-31.1-jre.jar%23102!/:?]
	at net.minecraft.client.resources.model.ModelBakery.<init>(ModelBakery.java:142) ~[client-1.20.1-20230612.114412-srg.jar%231076!/:?]
	at net.minecraft.client.resources.model.ModelManager.m_246505_(ModelManager.java:83) ~[client-1.20.1-20230612.114412-srg.jar%231076!/:?]
	at net.minecraft.client.resources.model.ModelManager.mdea2b0a$fabric_model_loading_api_v1$lambda$loadModelPluginData$0$0(ModelManager.java:2569) ~[client-1.20.1-20230612.114412-srg.jar%231076!/:?]
	at java.util.concurrent.CompletableFuture.biApply(CompletableFuture.java:1311) ~[?:?]
	at java.util.concurrent.CompletableFuture$BiApply.tryFire(CompletableFuture.java:1280) ~[?:?]
	at java.util.concurrent.CompletableFuture$Completion.exec(CompletableFuture.java:483) ~[?:?]
	at java.util.concurrent.ForkJoinTask.doExec(ForkJoinTask.java:373) ~[?:?]
	at java.util.concurrent.ForkJoinPool$WorkQueue.topLevelExec(ForkJoinPool.java:1182) ~[?:?]
	at java.util.concurrent.ForkJoinPool.scan(ForkJoinPool.java:1655) ~[?:?]
	at java.util.concurrent.ForkJoinPool.runWorker(ForkJoinPool.java:1622) ~[?:?]
	at java.util.concurrent.ForkJoinWorkerThread.run(ForkJoinWorkerThread.java:165) ~[?:?]
[03Apr2026 19:04:04.154] [ForkJoinPool.commonPool-worker-6/WARN] [net.minecraft.client.resources.model.ModelBakery/]: Exception evaluating model definition: 'mcwbiomesoplenty:empyreal_balcony#'
java.lang.RuntimeException: Unknown property 'north' on 'Block{mcwbiomesoplenty:empyreal_balcony}'
	at malte0811.ferritecore.impl.KeyValueConditionImpl.getPredicate(KeyValueConditionImpl.java:31) ~[ferritecore-6.0.1-forge.jar%23793!/:6.0.1]
	at net.minecraft.client.renderer.block.model.multipart.KeyValueCondition.m_7289_(KeyValueCondition.java:537) ~[client-1.20.1-20230612.114412-srg.jar%231076!/:?]
	at malte0811.ferritecore.util.PredicateHelper.toCanonicalList(PredicateHelper.java:19) ~[ferritecore-6.0.1-forge.jar%23793!/:6.0.1]
	at net.minecraft.client.renderer.block.model.multipart.AndCondition.m_7289_(AndCondition.java:529) ~[client-1.20.1-20230612.114412-srg.jar%231076!/:?]
	at net.minecraft.client.renderer.block.model.multipart.Selector.m_112021_(Selector.java:43) ~[client-1.20.1-20230612.114412-srg.jar%231076!/:?]
	at net.minecraft.client.resources.model.ModelBakery$ModelGroupKey.m_119390_(ModelBakery.java:521) ~[client-1.20.1-20230612.114412-srg.jar%231076!/:?]
	at java.util.stream.ReferencePipeline$2$1.accept(ReferencePipeline.java:178) ~[?:?]
	at java.util.ArrayList$ArrayListSpliterator.forEachRemaining(ArrayList.java:1625) ~[?:?]
	at java.util.stream.AbstractPipeline.copyInto(AbstractPipeline.java:509) ~[?:?]
	at java.util.stream.AbstractPipeline.wrapAndCopyInto(AbstractPipeline.java:499) ~[?:?]
	at java.util.stream.ReduceOps$ReduceOp.evaluateSequential(ReduceOps.java:921) ~[?:?]
	at java.util.stream.AbstractPipeline.evaluate(AbstractPipeline.java:234) ~[?:?]
	at java.util.stream.ReferencePipeline.collect(ReferencePipeline.java:682) ~[?:?]
	at net.minecraft.client.resources.model.ModelBakery$ModelGroupKey.m_119379_(ModelBakery.java:522) ~[client-1.20.1-20230612.114412-srg.jar%231076!/:?]
	at net.minecraft.client.resources.model.ModelBakery.m_174886_(ModelBakery.java:304) ~[client-1.20.1-20230612.114412-srg.jar%231076!/:?]
	at net.minecraft.client.resources.model.ModelBakery.m_119331_(ModelBakery.java:347) ~[client-1.20.1-20230612.114412-srg.jar%231076!/:?]
	at java.util.HashMap.forEach(HashMap.java:1421) ~[?:?]
	at net.minecraft.client.resources.model.ModelBakery.m_119362_(ModelBakery.java:337) ~[client-1.20.1-20230612.114412-srg.jar%231076!/:?]
	at net.minecraft.client.resources.model.ModelBakery.m_119341_(ModelBakery.java:243) ~[client-1.20.1-20230612.114412-srg.jar%231076!/:?]
	at net.minecraft.client.resources.model.ModelBakery.m_119306_(ModelBakery.java:384) ~[client-1.20.1-20230612.114412-srg.jar%231076!/:?]
	at net.minecraft.client.resources.model.ModelBakery.m_119263_(ModelBakery.java:143) ~[client-1.20.1-20230612.114412-srg.jar%231076!/:?]
	at com.google.common.collect.ImmutableList.forEach(ImmutableList.java:422) ~[guava-31.1-jre.jar%23102!/:?]
	at net.minecraft.client.resources.model.ModelBakery.<init>(ModelBakery.java:142) ~[client-1.20.1-20230612.114412-srg.jar%231076!/:?]
	at net.minecraft.client.resources.model.ModelManager.m_246505_(ModelManager.java:83) ~[client-1.20.1-20230612.114412-srg.jar%231076!/:?]
	at net.minecraft.client.resources.model.ModelManager.mdea2b0a$fabric_model_loading_api_v1$lambda$loadModelPluginData$0$0(ModelManager.java:2569) ~[client-1.20.1-20230612.114412-srg.jar%231076!/:?]
	at java.util.concurrent.CompletableFuture.biApply(CompletableFuture.java:1311) ~[?:?]
	at java.util.concurrent.CompletableFuture$BiApply.tryFire(CompletableFuture.java:1280) ~[?:?]
	at java.util.concurrent.CompletableFuture$Completion.exec(CompletableFuture.java:483) ~[?:?]
	at java.util.concurrent.ForkJoinTask.doExec(ForkJoinTask.java:373) ~[?:?]
	at java.util.concurrent.ForkJoinPool$WorkQueue.topLevelExec(ForkJoinPool.java:1182) ~[?:?]
	at java.util.concurrent.ForkJoinPool.scan(ForkJoinPool.java:1655) ~[?:?]
	at java.util.concurrent.ForkJoinPool.runWorker(ForkJoinPool.java:1622) ~[?:?]
	at java.util.concurrent.ForkJoinWorkerThread.run(ForkJoinWorkerThread.java:165) ~[?:?]
[03Apr2026 19:04:04.167] [ForkJoinPool.commonPool-worker-6/WARN] [net.minecraft.client.resources.model.ModelBakery/]: Exception evaluating model definition: 'mcwbiomesoplenty:hellbark_log_parapet#'
java.lang.RuntimeException: Unknown property 'facing' on 'Block{mcwbiomesoplenty:hellbark_log_parapet}'
	at malte0811.ferritecore.impl.KeyValueConditionImpl.getPredicate(KeyValueConditionImpl.java:31) ~[ferritecore-6.0.1-forge.jar%23793!/:6.0.1]
	at net.minecraft.client.renderer.block.model.multipart.KeyValueCondition.m_7289_(KeyValueCondition.java:537) ~[client-1.20.1-20230612.114412-srg.jar%231076!/:?]
	at malte0811.ferritecore.util.PredicateHelper.toCanonicalList(PredicateHelper.java:19) ~[ferritecore-6.0.1-forge.jar%23793!/:6.0.1]
	at net.minecraft.client.renderer.block.model.multipart.AndCondition.m_7289_(AndCondition.java:529) ~[client-1.20.1-20230612.114412-srg.jar%231076!/:?]
	at net.minecraft.client.renderer.block.model.multipart.Selector.m_112021_(Selector.java:43) ~[client-1.20.1-20230612.114412-srg.jar%231076!/:?]
	at net.minecraft.client.resources.model.ModelBakery$ModelGroupKey.m_119390_(ModelBakery.java:521) ~[client-1.20.1-20230612.114412-srg.jar%231076!/:?]
	at java.util.stream.ReferencePipeline$2$1.accept(ReferencePipeline.java:178) ~[?:?]
	at java.util.ArrayList$ArrayListSpliterator.forEachRemaining(ArrayList.java:1625) ~[?:?]
	at java.util.stream.AbstractPipeline.copyInto(AbstractPipeline.java:509) ~[?:?]
	at java.util.stream.AbstractPipeline.wrapAndCopyInto(AbstractPipeline.java:499) ~[?:?]
	at java.util.stream.ReduceOps$ReduceOp.evaluateSequential(ReduceOps.java:921) ~[?:?]
	at java.util.stream.AbstractPipeline.evaluate(AbstractPipeline.java:234) ~[?:?]
	at java.util.stream.ReferencePipeline.collect(ReferencePipeline.java:682) ~[?:?]
	at net.minecraft.client.resources.model.ModelBakery$ModelGroupKey.m_119379_(ModelBakery.java:522) ~[client-1.20.1-20230612.114412-srg.jar%231076!/:?]
	at net.minecraft.client.resources.model.ModelBakery.m_174886_(ModelBakery.java:304) ~[client-1.20.1-20230612.114412-srg.jar%231076!/:?]
	at net.minecraft.client.resources.model.ModelBakery.m_119331_(ModelBakery.java:347) ~[client-1.20.1-20230612.114412-srg.jar%231076!/:?]
	at java.util.HashMap.forEach(HashMap.java:1421) ~[?:?]
	at net.minecraft.client.resources.model.ModelBakery.m_119362_(ModelBakery.java:337) ~[client-1.20.1-20230612.114412-srg.jar%231076!/:?]
	at net.minecraft.client.resources.model.ModelBakery.m_119341_(ModelBakery.java:243) ~[client-1.20.1-20230612.114412-srg.jar%231076!/:?]
	at net.minecraft.client.resources.model.ModelBakery.m_119306_(ModelBakery.java:384) ~[client-1.20.1-20230612.114412-srg.jar%231076!/:?]
	at net.minecraft.client.resources.model.ModelBakery.m_119263_(ModelBakery.java:143) ~[client-1.20.1-20230612.114412-srg.jar%231076!/:?]
	at com.google.common.collect.ImmutableList.forEach(ImmutableList.java:422) ~[guava-31.1-jre.jar%23102!/:?]
	at net.minecraft.client.resources.model.ModelBakery.<init>(ModelBakery.java:142) ~[client-1.20.1-20230612.114412-srg.jar%231076!/:?]
	at net.minecraft.client.resources.model.ModelManager.m_246505_(ModelManager.java:83) ~[client-1.20.1-20230612.114412-srg.jar%231076!/:?]
	at net.minecraft.client.resources.model.ModelManager.mdea2b0a$fabric_model_loading_api_v1$lambda$loadModelPluginData$0$0(ModelManager.java:2569) ~[client-1.20.1-20230612.114412-srg.jar%231076!/:?]
	at java.util.concurrent.CompletableFuture.biApply(CompletableFuture.java:1311) ~[?:?]
	at java.util.concurrent.CompletableFuture$BiApply.tryFire(CompletableFuture.java:1280) ~[?:?]
	at java.util.concurrent.CompletableFuture$Completion.exec(CompletableFuture.java:483) ~[?:?]
	at java.util.concurrent.ForkJoinTask.doExec(ForkJoinTask.java:373) ~[?:?]
	at java.util.concurrent.ForkJoinPool$WorkQueue.topLevelExec(ForkJoinPool.java:1182) ~[?:?]
	at java.util.concurrent.ForkJoinPool.scan(ForkJoinPool.java:1655) ~[?:?]
	at java.util.concurrent.ForkJoinPool.runWorker(ForkJoinPool.java:1622) ~[?:?]
	at java.util.concurrent.ForkJoinWorkerThread.run(ForkJoinWorkerThread.java:165) ~[?:?]
[03Apr2026 19:04:04.167] [ForkJoinPool.commonPool-worker-6/WARN] [net.minecraft.client.resources.model.ModelBakery/]: Exception evaluating model definition: 'mcwbiomesoplenty:hellbark_plank_parapet#'
java.lang.RuntimeException: Unknown property 'facing' on 'Block{mcwbiomesoplenty:hellbark_plank_parapet}'
	at malte0811.ferritecore.impl.KeyValueConditionImpl.getPredicate(KeyValueConditionImpl.java:31) ~[ferritecore-6.0.1-forge.jar%23793!/:6.0.1]
	at net.minecraft.client.renderer.block.model.multipart.KeyValueCondition.m_7289_(KeyValueCondition.java:537) ~[client-1.20.1-20230612.114412-srg.jar%231076!/:?]
	at malte0811.ferritecore.util.PredicateHelper.toCanonicalList(PredicateHelper.java:19) ~[ferritecore-6.0.1-forge.jar%23793!/:6.0.1]
	at net.minecraft.client.renderer.block.model.multipart.AndCondition.m_7289_(AndCondition.java:529) ~[client-1.20.1-20230612.114412-srg.jar%231076!/:?]
	at net.minecraft.client.renderer.block.model.multipart.Selector.m_112021_(Selector.java:43) ~[client-1.20.1-20230612.114412-srg.jar%231076!/:?]
	at net.minecraft.client.resources.model.ModelBakery$ModelGroupKey.m_119390_(ModelBakery.java:521) ~[client-1.20.1-20230612.114412-srg.jar%231076!/:?]
	at java.util.stream.ReferencePipeline$2$1.accept(ReferencePipeline.java:178) ~[?:?]
	at java.util.ArrayList$ArrayListSpliterator.forEachRemaining(ArrayList.java:1625) ~[?:?]
	at java.util.stream.AbstractPipeline.copyInto(AbstractPipeline.java:509) ~[?:?]
	at java.util.stream.AbstractPipeline.wrapAndCopyInto(AbstractPipeline.java:499) ~[?:?]
	at java.util.stream.ReduceOps$ReduceOp.evaluateSequential(ReduceOps.java:921) ~[?:?]
	at java.util.stream.AbstractPipeline.evaluate(AbstractPipeline.java:234) ~[?:?]
	at java.util.stream.ReferencePipeline.collect(ReferencePipeline.java:682) ~[?:?]
	at net.minecraft.client.resources.model.ModelBakery$ModelGroupKey.m_119379_(ModelBakery.java:522) ~[client-1.20.1-20230612.114412-srg.jar%231076!/:?]
	at net.minecraft.client.resources.model.ModelBakery.m_174886_(ModelBakery.java:304) ~[client-1.20.1-20230612.114412-srg.jar%231076!/:?]
	at net.minecraft.client.resources.model.ModelBakery.m_119331_(ModelBakery.java:347) ~[client-1.20.1-20230612.114412-srg.jar%231076!/:?]
	at java.util.HashMap.forEach(HashMap.java:1421) ~[?:?]
	at net.minecraft.client.resources.model.ModelBakery.m_119362_(ModelBakery.java:337) ~[client-1.20.1-20230612.114412-srg.jar%231076!/:?]
	at net.minecraft.client.resources.model.ModelBakery.m_119341_(ModelBakery.java:243) ~[client-1.20.1-20230612.114412-srg.jar%231076!/:?]
	at net.minecraft.client.resources.model.ModelBakery.m_119306_(ModelBakery.java:384) ~[client-1.20.1-20230612.114412-srg.jar%231076!/:?]
	at net.minecraft.client.resources.model.ModelBakery.m_119263_(ModelBakery.java:143) ~[client-1.20.1-20230612.114412-srg.jar%231076!/:?]
	at com.google.common.collect.ImmutableList.forEach(ImmutableList.java:422) ~[guava-31.1-jre.jar%23102!/:?]
	at net.minecraft.client.resources.model.ModelBakery.<init>(ModelBakery.java:142) ~[client-1.20.1-20230612.114412-srg.jar%231076!/:?]
	at net.minecraft.client.resources.model.ModelManager.m_246505_(ModelManager.java:83) ~[client-1.20.1-20230612.114412-srg.jar%231076!/:?]
	at net.minecraft.client.resources.model.ModelManager.mdea2b0a$fabric_model_loading_api_v1$lambda$loadModelPluginData$0$0(ModelManager.java:2569) ~[client-1.20.1-20230612.114412-srg.jar%231076!/:?]
	at java.util.concurrent.CompletableFuture.biApply(CompletableFuture.java:1311) ~[?:?]
	at java.util.concurrent.CompletableFuture$BiApply.tryFire(CompletableFuture.java:1280) ~[?:?]
	at java.util.concurrent.CompletableFuture$Completion.exec(CompletableFuture.java:483) ~[?:?]
	at java.util.concurrent.ForkJoinTask.doExec(ForkJoinTask.java:373) ~[?:?]
	at java.util.concurrent.ForkJoinPool$WorkQueue.topLevelExec(ForkJoinPool.java:1182) ~[?:?]
	at java.util.concurrent.ForkJoinPool.scan(ForkJoinPool.java:1655) ~[?:?]
	at java.util.concurrent.ForkJoinPool.runWorker(ForkJoinPool.java:1622) ~[?:?]
	at java.util.concurrent.ForkJoinWorkerThread.run(ForkJoinWorkerThread.java:165) ~[?:?]
[03Apr2026 19:04:04.168] [ForkJoinPool.commonPool-worker-6/WARN] [net.minecraft.client.resources.model.ModelBakery/]: Exception evaluating model definition: 'mcwbiomesoplenty:umbran_log_parapet#'
java.lang.RuntimeException: Unknown property 'facing' on 'Block{mcwbiomesoplenty:umbran_log_parapet}'
	at malte0811.ferritecore.impl.KeyValueConditionImpl.getPredicate(KeyValueConditionImpl.java:31) ~[ferritecore-6.0.1-forge.jar%23793!/:6.0.1]
	at net.minecraft.client.renderer.block.model.multipart.KeyValueCondition.m_7289_(KeyValueCondition.java:537) ~[client-1.20.1-20230612.114412-srg.jar%231076!/:?]
	at malte0811.ferritecore.util.PredicateHelper.toCanonicalList(PredicateHelper.java:19) ~[ferritecore-6.0.1-forge.jar%23793!/:6.0.1]
	at net.minecraft.client.renderer.block.model.multipart.AndCondition.m_7289_(AndCondition.java:529) ~[client-1.20.1-20230612.114412-srg.jar%231076!/:?]
	at net.minecraft.client.renderer.block.model.multipart.Selector.m_112021_(Selector.java:43) ~[client-1.20.1-20230612.114412-srg.jar%231076!/:?]
	at net.minecraft.client.resources.model.ModelBakery$ModelGroupKey.m_119390_(ModelBakery.java:521) ~[client-1.20.1-20230612.114412-srg.jar%231076!/:?]
	at java.util.stream.ReferencePipeline$2$1.accept(ReferencePipeline.java:178) ~[?:?]
	at java.util.ArrayList$ArrayListSpliterator.forEachRemaining(ArrayList.java:1625) ~[?:?]
	at java.util.stream.AbstractPipeline.copyInto(AbstractPipeline.java:509) ~[?:?]
	at java.util.stream.AbstractPipeline.wrapAndCopyInto(AbstractPipeline.java:499) ~[?:?]
	at java.util.stream.ReduceOps$ReduceOp.evaluateSequential(ReduceOps.java:921) ~[?:?]
	at java.util.stream.AbstractPipeline.evaluate(AbstractPipeline.java:234) ~[?:?]
	at java.util.stream.ReferencePipeline.collect(ReferencePipeline.java:682) ~[?:?]
	at net.minecraft.client.resources.model.ModelBakery$ModelGroupKey.m_119379_(ModelBakery.java:522) ~[client-1.20.1-20230612.114412-srg.jar%231076!/:?]
	at net.minecraft.client.resources.model.ModelBakery.m_174886_(ModelBakery.java:304) ~[client-1.20.1-20230612.114412-srg.jar%231076!/:?]
	at net.minecraft.client.resources.model.ModelBakery.m_119331_(ModelBakery.java:347) ~[client-1.20.1-20230612.114412-srg.jar%231076!/:?]
	at java.util.HashMap.forEach(HashMap.java:1421) ~[?:?]
	at net.minecraft.client.resources.model.ModelBakery.m_119362_(ModelBakery.java:337) ~[client-1.20.1-20230612.114412-srg.jar%231076!/:?]
	at net.minecraft.client.resources.model.ModelBakery.m_119341_(ModelBakery.java:243) ~[client-1.20.1-20230612.114412-srg.jar%231076!/:?]
	at net.minecraft.client.resources.model.ModelBakery.m_119306_(ModelBakery.java:384) ~[client-1.20.1-20230612.114412-srg.jar%231076!/:?]
	at net.minecraft.client.resources.model.ModelBakery.m_119263_(ModelBakery.java:143) ~[client-1.20.1-20230612.114412-srg.jar%231076!/:?]
	at com.google.common.collect.ImmutableList.forEach(ImmutableList.java:422) ~[guava-31.1-jre.jar%23102!/:?]
	at net.minecraft.client.resources.model.ModelBakery.<init>(ModelBakery.java:142) ~[client-1.20.1-20230612.114412-srg.jar%231076!/:?]
	at net.minecraft.client.resources.model.ModelManager.m_246505_(ModelManager.java:83) ~[client-1.20.1-20230612.114412-srg.jar%231076!/:?]
	at net.minecraft.client.resources.model.ModelManager.mdea2b0a$fabric_model_loading_api_v1$lambda$loadModelPluginData$0$0(ModelManager.java:2569) ~[client-1.20.1-20230612.114412-srg.jar%231076!/:?]
	at java.util.concurrent.CompletableFuture.biApply(CompletableFuture.java:1311) ~[?:?]
	at java.util.concurrent.CompletableFuture$BiApply.tryFire(CompletableFuture.java:1280) ~[?:?]
	at java.util.concurrent.CompletableFuture$Completion.exec(CompletableFuture.java:483) ~[?:?]
	at java.util.concurrent.ForkJoinTask.doExec(ForkJoinTask.java:373) ~[?:?]
	at java.util.concurrent.ForkJoinPool$WorkQueue.topLevelExec(ForkJoinPool.java:1182) ~[?:?]
	at java.util.concurrent.ForkJoinPool.scan(ForkJoinPool.java:1655) ~[?:?]
	at java.util.concurrent.ForkJoinPool.runWorker(ForkJoinPool.java:1622) ~[?:?]
	at java.util.concurrent.ForkJoinWorkerThread.run(ForkJoinWorkerThread.java:165) ~[?:?]
[03Apr2026 19:04:04.169] [ForkJoinPool.commonPool-worker-6/WARN] [net.minecraft.client.resources.model.ModelBakery/]: Exception evaluating model definition: 'mcwbiomesoplenty:umbran_plank_parapet#'
java.lang.RuntimeException: Unknown property 'facing' on 'Block{mcwbiomesoplenty:umbran_plank_parapet}'
	at malte0811.ferritecore.impl.KeyValueConditionImpl.getPredicate(KeyValueConditionImpl.java:31) ~[ferritecore-6.0.1-forge.jar%23793!/:6.0.1]
	at net.minecraft.client.renderer.block.model.multipart.KeyValueCondition.m_7289_(KeyValueCondition.java:537) ~[client-1.20.1-20230612.114412-srg.jar%231076!/:?]
	at malte0811.ferritecore.util.PredicateHelper.toCanonicalList(PredicateHelper.java:19) ~[ferritecore-6.0.1-forge.jar%23793!/:6.0.1]
	at net.minecraft.client.renderer.block.model.multipart.AndCondition.m_7289_(AndCondition.java:529) ~[client-1.20.1-20230612.114412-srg.jar%231076!/:?]
	at net.minecraft.client.renderer.block.model.multipart.Selector.m_112021_(Selector.java:43) ~[client-1.20.1-20230612.114412-srg.jar%231076!/:?]
	at net.minecraft.client.resources.model.ModelBakery$ModelGroupKey.m_119390_(ModelBakery.java:521) ~[client-1.20.1-20230612.114412-srg.jar%231076!/:?]
	at java.util.stream.ReferencePipeline$2$1.accept(ReferencePipeline.java:178) ~[?:?]
	at java.util.ArrayList$ArrayListSpliterator.forEachRemaining(ArrayList.java:1625) ~[?:?]
	at java.util.stream.AbstractPipeline.copyInto(AbstractPipeline.java:509) ~[?:?]
	at java.util.stream.AbstractPipeline.wrapAndCopyInto(AbstractPipeline.java:499) ~[?:?]
	at java.util.stream.ReduceOps$ReduceOp.evaluateSequential(ReduceOps.java:921) ~[?:?]
	at java.util.stream.AbstractPipeline.evaluate(AbstractPipeline.java:234) ~[?:?]
	at java.util.stream.ReferencePipeline.collect(ReferencePipeline.java:682) ~[?:?]
	at net.minecraft.client.resources.model.ModelBakery$ModelGroupKey.m_119379_(ModelBakery.java:522) ~[client-1.20.1-20230612.114412-srg.jar%231076!/:?]
	at net.minecraft.client.resources.model.ModelBakery.m_174886_(ModelBakery.java:304) ~[client-1.20.1-20230612.114412-srg.jar%231076!/:?]
	at net.minecraft.client.resources.model.ModelBakery.m_119331_(ModelBakery.java:347) ~[client-1.20.1-20230612.114412-srg.jar%231076!/:?]
	at java.util.HashMap.forEach(HashMap.java:1421) ~[?:?]
	at net.minecraft.client.resources.model.ModelBakery.m_119362_(ModelBakery.java:337) ~[client-1.20.1-20230612.114412-srg.jar%231076!/:?]
	at net.minecraft.client.resources.model.ModelBakery.m_119341_(ModelBakery.java:243) ~[client-1.20.1-20230612.114412-srg.jar%231076!/:?]
	at net.minecraft.client.resources.model.ModelBakery.m_119306_(ModelBakery.java:384) ~[client-1.20.1-20230612.114412-srg.jar%231076!/:?]
	at net.minecraft.client.resources.model.ModelBakery.m_119263_(ModelBakery.java:143) ~[client-1.20.1-20230612.114412-srg.jar%231076!/:?]
	at com.google.common.collect.ImmutableList.forEach(ImmutableList.java:422) ~[guava-31.1-jre.jar%23102!/:?]
	at net.minecraft.client.resources.model.ModelBakery.<init>(ModelBakery.java:142) ~[client-1.20.1-20230612.114412-srg.jar%231076!/:?]
	at net.minecraft.client.resources.model.ModelManager.m_246505_(ModelManager.java:83) ~[client-1.20.1-20230612.114412-srg.jar%231076!/:?]
	at net.minecraft.client.resources.model.ModelManager.mdea2b0a$fabric_model_loading_api_v1$lambda$loadModelPluginData$0$0(ModelManager.java:2569) ~[client-1.20.1-20230612.114412-srg.jar%231076!/:?]
	at java.util.concurrent.CompletableFuture.biApply(CompletableFuture.java:1311) ~[?:?]
	at java.util.concurrent.CompletableFuture$BiApply.tryFire(CompletableFuture.java:1280) ~[?:?]
	at java.util.concurrent.CompletableFuture$Completion.exec(CompletableFuture.java:483) ~[?:?]
	at java.util.concurrent.ForkJoinTask.doExec(ForkJoinTask.java:373) ~[?:?]
	at java.util.concurrent.ForkJoinPool$WorkQueue.topLevelExec(ForkJoinPool.java:1182) ~[?:?]
	at java.util.concurrent.ForkJoinPool.scan(ForkJoinPool.java:1655) ~[?:?]
	at java.util.concurrent.ForkJoinPool.runWorker(ForkJoinPool.java:1622) ~[?:?]
	at java.util.concurrent.ForkJoinWorkerThread.run(ForkJoinWorkerThread.java:165) ~[?:?]
[03Apr2026 19:04:04.170] [ForkJoinPool.commonPool-worker-6/WARN] [net.minecraft.client.resources.model.ModelBakery/]: Exception evaluating model definition: 'mcwbiomesoplenty:empyreal_log_parapet#'
java.lang.RuntimeException: Unknown property 'facing' on 'Block{mcwbiomesoplenty:empyreal_log_parapet}'
	at malte0811.ferritecore.impl.KeyValueConditionImpl.getPredicate(KeyValueConditionImpl.java:31) ~[ferritecore-6.0.1-forge.jar%23793!/:6.0.1]
	at net.minecraft.client.renderer.block.model.multipart.KeyValueCondition.m_7289_(KeyValueCondition.java:537) ~[client-1.20.1-20230612.114412-srg.jar%231076!/:?]
	at malte0811.ferritecore.util.PredicateHelper.toCanonicalList(PredicateHelper.java:19) ~[ferritecore-6.0.1-forge.jar%23793!/:6.0.1]
	at net.minecraft.client.renderer.block.model.multipart.AndCondition.m_7289_(AndCondition.java:529) ~[client-1.20.1-20230612.114412-srg.jar%231076!/:?]
	at net.minecraft.client.renderer.block.model.multipart.Selector.m_112021_(Selector.java:43) ~[client-1.20.1-20230612.114412-srg.jar%231076!/:?]
	at net.minecraft.client.resources.model.ModelBakery$ModelGroupKey.m_119390_(ModelBakery.java:521) ~[client-1.20.1-20230612.114412-srg.jar%231076!/:?]
	at java.util.stream.ReferencePipeline$2$1.accept(ReferencePipeline.java:178) ~[?:?]
	at java.util.ArrayList$ArrayListSpliterator.forEachRemaining(ArrayList.java:1625) ~[?:?]
	at java.util.stream.AbstractPipeline.copyInto(AbstractPipeline.java:509) ~[?:?]
	at java.util.stream.AbstractPipeline.wrapAndCopyInto(AbstractPipeline.java:499) ~[?:?]
	at java.util.stream.ReduceOps$ReduceOp.evaluateSequential(ReduceOps.java:921) ~[?:?]
	at java.util.stream.AbstractPipeline.evaluate(AbstractPipeline.java:234) ~[?:?]
	at java.util.stream.ReferencePipeline.collect(ReferencePipeline.java:682) ~[?:?]
	at net.minecraft.client.resources.model.ModelBakery$ModelGroupKey.m_119379_(ModelBakery.java:522) ~[client-1.20.1-20230612.114412-srg.jar%231076!/:?]
	at net.minecraft.client.resources.model.ModelBakery.m_174886_(ModelBakery.java:304) ~[client-1.20.1-20230612.114412-srg.jar%231076!/:?]
	at net.minecraft.client.resources.model.ModelBakery.m_119331_(ModelBakery.java:347) ~[client-1.20.1-20230612.114412-srg.jar%231076!/:?]
	at java.util.HashMap.forEach(HashMap.java:1421) ~[?:?]
	at net.minecraft.client.resources.model.ModelBakery.m_119362_(ModelBakery.java:337) ~[client-1.20.1-20230612.114412-srg.jar%231076!/:?]
	at net.minecraft.client.resources.model.ModelBakery.m_119341_(ModelBakery.java:243) ~[client-1.20.1-20230612.114412-srg.jar%231076!/:?]
	at net.minecraft.client.resources.model.ModelBakery.m_119306_(ModelBakery.java:384) ~[client-1.20.1-20230612.114412-srg.jar%231076!/:?]
	at net.minecraft.client.resources.model.ModelBakery.m_119263_(ModelBakery.java:143) ~[client-1.20.1-20230612.114412-srg.jar%231076!/:?]
	at com.google.common.collect.ImmutableList.forEach(ImmutableList.java:422) ~[guava-31.1-jre.jar%23102!/:?]
	at net.minecraft.client.resources.model.ModelBakery.<init>(ModelBakery.java:142) ~[client-1.20.1-20230612.114412-srg.jar%231076!/:?]
	at net.minecraft.client.resources.model.ModelManager.m_246505_(ModelManager.java:83) ~[client-1.20.1-20230612.114412-srg.jar%231076!/:?]
	at net.minecraft.client.resources.model.ModelManager.mdea2b0a$fabric_model_loading_api_v1$lambda$loadModelPluginData$0$0(ModelManager.java:2569) ~[client-1.20.1-20230612.114412-srg.jar%231076!/:?]
	at java.util.concurrent.CompletableFuture.biApply(CompletableFuture.java:1311) ~[?:?]
	at java.util.concurrent.CompletableFuture$BiApply.tryFire(CompletableFuture.java:1280) ~[?:?]
	at java.util.concurrent.CompletableFuture$Completion.exec(CompletableFuture.java:483) ~[?:?]
	at java.util.concurrent.ForkJoinTask.doExec(ForkJoinTask.java:373) ~[?:?]
	at java.util.concurrent.ForkJoinPool$WorkQueue.topLevelExec(ForkJoinPool.java:1182) ~[?:?]
	at java.util.concurrent.ForkJoinPool.scan(ForkJoinPool.java:1655) ~[?:?]
	at java.util.concurrent.ForkJoinPool.runWorker(ForkJoinPool.java:1622) ~[?:?]
	at java.util.concurrent.ForkJoinWorkerThread.run(ForkJoinWorkerThread.java:165) ~[?:?]
[03Apr2026 19:04:04.170] [ForkJoinPool.commonPool-worker-6/WARN] [net.minecraft.client.resources.model.ModelBakery/]: Exception evaluating model definition: 'mcwbiomesoplenty:empyreal_plank_parapet#'
java.lang.RuntimeException: Unknown property 'facing' on 'Block{mcwbiomesoplenty:empyreal_plank_parapet}'
	at malte0811.ferritecore.impl.KeyValueConditionImpl.getPredicate(KeyValueConditionImpl.java:31) ~[ferritecore-6.0.1-forge.jar%23793!/:6.0.1]
	at net.minecraft.client.renderer.block.model.multipart.KeyValueCondition.m_7289_(KeyValueCondition.java:537) ~[client-1.20.1-20230612.114412-srg.jar%231076!/:?]
	at malte0811.ferritecore.util.PredicateHelper.toCanonicalList(PredicateHelper.java:19) ~[ferritecore-6.0.1-forge.jar%23793!/:6.0.1]
	at net.minecraft.client.renderer.block.model.multipart.AndCondition.m_7289_(AndCondition.java:529) ~[client-1.20.1-20230612.114412-srg.jar%231076!/:?]
	at net.minecraft.client.renderer.block.model.multipart.Selector.m_112021_(Selector.java:43) ~[client-1.20.1-20230612.114412-srg.jar%231076!/:?]
	at net.minecraft.client.resources.model.ModelBakery$ModelGroupKey.m_119390_(ModelBakery.java:521) ~[client-1.20.1-20230612.114412-srg.jar%231076!/:?]
	at java.util.stream.ReferencePipeline$2$1.accept(ReferencePipeline.java:178) ~[?:?]
	at java.util.ArrayList$ArrayListSpliterator.forEachRemaining(ArrayList.java:1625) ~[?:?]
	at java.util.stream.AbstractPipeline.copyInto(AbstractPipeline.java:509) ~[?:?]
	at java.util.stream.AbstractPipeline.wrapAndCopyInto(AbstractPipeline.java:499) ~[?:?]
	at java.util.stream.ReduceOps$ReduceOp.evaluateSequential(ReduceOps.java:921) ~[?:?]
	at java.util.stream.AbstractPipeline.evaluate(AbstractPipeline.java:234) ~[?:?]
	at java.util.stream.ReferencePipeline.collect(ReferencePipeline.java:682) ~[?:?]
	at net.minecraft.client.resources.model.ModelBakery$ModelGroupKey.m_119379_(ModelBakery.java:522) ~[client-1.20.1-20230612.114412-srg.jar%231076!/:?]
	at net.minecraft.client.resources.model.ModelBakery.m_174886_(ModelBakery.java:304) ~[client-1.20.1-20230612.114412-srg.jar%231076!/:?]
	at net.minecraft.client.resources.model.ModelBakery.m_119331_(ModelBakery.java:347) ~[client-1.20.1-20230612.114412-srg.jar%231076!/:?]
	at java.util.HashMap.forEach(HashMap.java:1421) ~[?:?]
	at net.minecraft.client.resources.model.ModelBakery.m_119362_(ModelBakery.java:337) ~[client-1.20.1-20230612.114412-srg.jar%231076!/:?]
	at net.minecraft.client.resources.model.ModelBakery.m_119341_(ModelBakery.java:243) ~[client-1.20.1-20230612.114412-srg.jar%231076!/:?]
	at net.minecraft.client.resources.model.ModelBakery.m_119306_(ModelBakery.java:384) ~[client-1.20.1-20230612.114412-srg.jar%231076!/:?]
	at net.minecraft.client.resources.model.ModelBakery.m_119263_(ModelBakery.java:143) ~[client-1.20.1-20230612.114412-srg.jar%231076!/:?]
	at com.google.common.collect.ImmutableList.forEach(ImmutableList.java:422) ~[guava-31.1-jre.jar%23102!/:?]
	at net.minecraft.client.resources.model.ModelBakery.<init>(ModelBakery.java:142) ~[client-1.20.1-20230612.114412-srg.jar%231076!/:?]
	at net.minecraft.client.resources.model.ModelManager.m_246505_(ModelManager.java:83) ~[client-1.20.1-20230612.114412-srg.jar%231076!/:?]
	at net.minecraft.client.resources.model.ModelManager.mdea2b0a$fabric_model_loading_api_v1$lambda$loadModelPluginData$0$0(ModelManager.java:2569) ~[client-1.20.1-20230612.114412-srg.jar%231076!/:?]
	at java.util.concurrent.CompletableFuture.biApply(CompletableFuture.java:1311) ~[?:?]
	at java.util.concurrent.CompletableFuture$BiApply.tryFire(CompletableFuture.java:1280) ~[?:?]
	at java.util.concurrent.CompletableFuture$Completion.exec(CompletableFuture.java:483) ~[?:?]
	at java.util.concurrent.ForkJoinTask.doExec(ForkJoinTask.java:373) ~[?:?]
	at java.util.concurrent.ForkJoinPool$WorkQueue.topLevelExec(ForkJoinPool.java:1182) ~[?:?]
	at java.util.concurrent.ForkJoinPool.scan(ForkJoinPool.java:1655) ~[?:?]
	at java.util.concurrent.ForkJoinPool.runWorker(ForkJoinPool.java:1622) ~[?:?]
	at java.util.concurrent.ForkJoinWorkerThread.run(ForkJoinWorkerThread.java:165) ~[?:?]
[03Apr2026 19:04:04.187] [ForkJoinPool.commonPool-worker-6/WARN] [net.minecraft.client.resources.model.ModelBakery/]: Exception evaluating model definition: 'mcwbiomesoplenty:magic_balcony#'
java.lang.RuntimeException: Unknown property 'north' on 'Block{mcwbiomesoplenty:magic_balcony}'
	at malte0811.ferritecore.impl.KeyValueConditionImpl.getPredicate(KeyValueConditionImpl.java:31) ~[ferritecore-6.0.1-forge.jar%23793!/:6.0.1]
	at net.minecraft.client.renderer.block.model.multipart.KeyValueCondition.m_7289_(KeyValueCondition.java:537) ~[client-1.20.1-20230612.114412-srg.jar%231076!/:?]
	at malte0811.ferritecore.util.PredicateHelper.toCanonicalList(PredicateHelper.java:19) ~[ferritecore-6.0.1-forge.jar%23793!/:6.0.1]
	at net.minecraft.client.renderer.block.model.multipart.AndCondition.m_7289_(AndCondition.java:529) ~[client-1.20.1-20230612.114412-srg.jar%231076!/:?]
	at net.minecraft.client.renderer.block.model.multipart.Selector.m_112021_(Selector.java:43) ~[client-1.20.1-20230612.114412-srg.jar%231076!/:?]
	at net.minecraft.client.resources.model.ModelBakery$ModelGroupKey.m_119390_(ModelBakery.java:521) ~[client-1.20.1-20230612.114412-srg.jar%231076!/:?]
	at java.util.stream.ReferencePipeline$2$1.accept(ReferencePipeline.java:178) ~[?:?]
	at java.util.ArrayList$ArrayListSpliterator.forEachRemaining(ArrayList.java:1625) ~[?:?]
	at java.util.stream.AbstractPipeline.copyInto(AbstractPipeline.java:509) ~[?:?]
	at java.util.stream.AbstractPipeline.wrapAndCopyInto(AbstractPipeline.java:499) ~[?:?]
	at java.util.stream.ReduceOps$ReduceOp.evaluateSequential(ReduceOps.java:921) ~[?:?]
	at java.util.stream.AbstractPipeline.evaluate(AbstractPipeline.java:234) ~[?:?]
	at java.util.stream.ReferencePipeline.collect(ReferencePipeline.java:682) ~[?:?]
	at net.minecraft.client.resources.model.ModelBakery$ModelGroupKey.m_119379_(ModelBakery.java:522) ~[client-1.20.1-20230612.114412-srg.jar%231076!/:?]
	at net.minecraft.client.resources.model.ModelBakery.m_174886_(ModelBakery.java:304) ~[client-1.20.1-20230612.114412-srg.jar%231076!/:?]
	at net.minecraft.client.resources.model.ModelBakery.m_119331_(ModelBakery.java:347) ~[client-1.20.1-20230612.114412-srg.jar%231076!/:?]
	at java.util.HashMap.forEach(HashMap.java:1421) ~[?:?]
	at net.minecraft.client.resources.model.ModelBakery.m_119362_(ModelBakery.java:337) ~[client-1.20.1-20230612.114412-srg.jar%231076!/:?]
	at net.minecraft.client.resources.model.ModelBakery.m_119341_(ModelBakery.java:243) ~[client-1.20.1-20230612.114412-srg.jar%231076!/:?]
	at net.minecraft.client.resources.model.ModelBakery.m_119306_(ModelBakery.java:384) ~[client-1.20.1-20230612.114412-srg.jar%231076!/:?]
	at net.minecraft.client.resources.model.ModelBakery.m_119263_(ModelBakery.java:143) ~[client-1.20.1-20230612.114412-srg.jar%231076!/:?]
	at com.google.common.collect.ImmutableList.forEach(ImmutableList.java:422) ~[guava-31.1-jre.jar%23102!/:?]
	at net.minecraft.client.resources.model.ModelBakery.<init>(ModelBakery.java:142) ~[client-1.20.1-20230612.114412-srg.jar%231076!/:?]
	at net.minecraft.client.resources.model.ModelManager.m_246505_(ModelManager.java:83) ~[client-1.20.1-20230612.114412-srg.jar%231076!/:?]
	at net.minecraft.client.resources.model.ModelManager.mdea2b0a$fabric_model_loading_api_v1$lambda$loadModelPluginData$0$0(ModelManager.java:2569) ~[client-1.20.1-20230612.114412-srg.jar%231076!/:?]
	at java.util.concurrent.CompletableFuture.biApply(CompletableFuture.java:1311) ~[?:?]
	at java.util.concurrent.CompletableFuture$BiApply.tryFire(CompletableFuture.java:1280) ~[?:?]
	at java.util.concurrent.CompletableFuture$Completion.exec(CompletableFuture.java:483) ~[?:?]
	at java.util.concurrent.ForkJoinTask.doExec(ForkJoinTask.java:373) ~[?:?]
	at java.util.concurrent.ForkJoinPool$WorkQueue.topLevelExec(ForkJoinPool.java:1182) ~[?:?]
	at java.util.concurrent.ForkJoinPool.scan(ForkJoinPool.java:1655) ~[?:?]
	at java.util.concurrent.ForkJoinPool.runWorker(ForkJoinPool.java:1622) ~[?:?]
	at java.util.concurrent.ForkJoinWorkerThread.run(ForkJoinWorkerThread.java:165) ~[?:?]
[03Apr2026 19:04:04.188] [ForkJoinPool.commonPool-worker-6/WARN] [net.minecraft.client.resources.model.ModelBakery/]: Exception evaluating model definition: 'mcwbiomesoplenty:jacaranda_balcony#'
java.lang.RuntimeException: Unknown property 'north' on 'Block{mcwbiomesoplenty:jacaranda_balcony}'
	at malte0811.ferritecore.impl.KeyValueConditionImpl.getPredicate(KeyValueConditionImpl.java:31) ~[ferritecore-6.0.1-forge.jar%23793!/:6.0.1]
	at net.minecraft.client.renderer.block.model.multipart.KeyValueCondition.m_7289_(KeyValueCondition.java:537) ~[client-1.20.1-20230612.114412-srg.jar%231076!/:?]
	at malte0811.ferritecore.util.PredicateHelper.toCanonicalList(PredicateHelper.java:19) ~[ferritecore-6.0.1-forge.jar%23793!/:6.0.1]
	at net.minecraft.client.renderer.block.model.multipart.AndCondition.m_7289_(AndCondition.java:529) ~[client-1.20.1-20230612.114412-srg.jar%231076!/:?]
	at net.minecraft.client.renderer.block.model.multipart.Selector.m_112021_(Selector.java:43) ~[client-1.20.1-20230612.114412-srg.jar%231076!/:?]
	at net.minecraft.client.resources.model.ModelBakery$ModelGroupKey.m_119390_(ModelBakery.java:521) ~[client-1.20.1-20230612.114412-srg.jar%231076!/:?]
	at java.util.stream.ReferencePipeline$2$1.accept(ReferencePipeline.java:178) ~[?:?]
	at java.util.ArrayList$ArrayListSpliterator.forEachRemaining(ArrayList.java:1625) ~[?:?]
	at java.util.stream.AbstractPipeline.copyInto(AbstractPipeline.java:509) ~[?:?]
	at java.util.stream.AbstractPipeline.wrapAndCopyInto(AbstractPipeline.java:499) ~[?:?]
	at java.util.stream.ReduceOps$ReduceOp.evaluateSequential(ReduceOps.java:921) ~[?:?]
	at java.util.stream.AbstractPipeline.evaluate(AbstractPipeline.java:234) ~[?:?]
	at java.util.stream.ReferencePipeline.collect(ReferencePipeline.java:682) ~[?:?]
	at net.minecraft.client.resources.model.ModelBakery$ModelGroupKey.m_119379_(ModelBakery.java:522) ~[client-1.20.1-20230612.114412-srg.jar%231076!/:?]
	at net.minecraft.client.resources.model.ModelBakery.m_174886_(ModelBakery.java:304) ~[client-1.20.1-20230612.114412-srg.jar%231076!/:?]
	at net.minecraft.client.resources.model.ModelBakery.m_119331_(ModelBakery.java:347) ~[client-1.20.1-20230612.114412-srg.jar%231076!/:?]
	at java.util.HashMap.forEach(HashMap.java:1421) ~[?:?]
	at net.minecraft.client.resources.model.ModelBakery.m_119362_(ModelBakery.java:337) ~[client-1.20.1-20230612.114412-srg.jar%231076!/:?]
	at net.minecraft.client.resources.model.ModelBakery.m_119341_(ModelBakery.java:243) ~[client-1.20.1-20230612.114412-srg.jar%231076!/:?]
	at net.minecraft.client.resources.model.ModelBakery.m_119306_(ModelBakery.java:384) ~[client-1.20.1-20230612.114412-srg.jar%231076!/:?]
	at net.minecraft.client.resources.model.ModelBakery.m_119263_(ModelBakery.java:143) ~[client-1.20.1-20230612.114412-srg.jar%231076!/:?]
	at com.google.common.collect.ImmutableList.forEach(ImmutableList.java:422) ~[guava-31.1-jre.jar%23102!/:?]
	at net.minecraft.client.resources.model.ModelBakery.<init>(ModelBakery.java:142) ~[client-1.20.1-20230612.114412-srg.jar%231076!/:?]
	at net.minecraft.client.resources.model.ModelManager.m_246505_(ModelManager.java:83) ~[client-1.20.1-20230612.114412-srg.jar%231076!/:?]
	at net.minecraft.client.resources.model.ModelManager.mdea2b0a$fabric_model_loading_api_v1$lambda$loadModelPluginData$0$0(ModelManager.java:2569) ~[client-1.20.1-20230612.114412-srg.jar%231076!/:?]
	at java.util.concurrent.CompletableFuture.biApply(CompletableFuture.java:1311) ~[?:?]
	at java.util.concurrent.CompletableFuture$BiApply.tryFire(CompletableFuture.java:1280) ~[?:?]
	at java.util.concurrent.CompletableFuture$Completion.exec(CompletableFuture.java:483) ~[?:?]
	at java.util.concurrent.ForkJoinTask.doExec(ForkJoinTask.java:373) ~[?:?]
	at java.util.concurrent.ForkJoinPool$WorkQueue.topLevelExec(ForkJoinPool.java:1182) ~[?:?]
	at java.util.concurrent.ForkJoinPool.scan(ForkJoinPool.java:1655) ~[?:?]
	at java.util.concurrent.ForkJoinPool.runWorker(ForkJoinPool.java:1622) ~[?:?]
	at java.util.concurrent.ForkJoinWorkerThread.run(ForkJoinWorkerThread.java:165) ~[?:?]
[03Apr2026 19:04:04.188] [ForkJoinPool.commonPool-worker-6/WARN] [net.minecraft.client.resources.model.ModelBakery/]: Exception evaluating model definition: 'mcwbiomesoplenty:maple_balcony#'
java.lang.RuntimeException: Unknown property 'north' on 'Block{mcwbiomesoplenty:maple_balcony}'
	at malte0811.ferritecore.impl.KeyValueConditionImpl.getPredicate(KeyValueConditionImpl.java:31) ~[ferritecore-6.0.1-forge.jar%23793!/:6.0.1]
	at net.minecraft.client.renderer.block.model.multipart.KeyValueCondition.m_7289_(KeyValueCondition.java:537) ~[client-1.20.1-20230612.114412-srg.jar%231076!/:?]
	at malte0811.ferritecore.util.PredicateHelper.toCanonicalList(PredicateHelper.java:19) ~[ferritecore-6.0.1-forge.jar%23793!/:6.0.1]
	at net.minecraft.client.renderer.block.model.multipart.AndCondition.m_7289_(AndCondition.java:529) ~[client-1.20.1-20230612.114412-srg.jar%231076!/:?]
	at net.minecraft.client.renderer.block.model.multipart.Selector.m_112021_(Selector.java:43) ~[client-1.20.1-20230612.114412-srg.jar%231076!/:?]
	at net.minecraft.client.resources.model.ModelBakery$ModelGroupKey.m_119390_(ModelBakery.java:521) ~[client-1.20.1-20230612.114412-srg.jar%231076!/:?]
	at java.util.stream.ReferencePipeline$2$1.accept(ReferencePipeline.java:178) ~[?:?]
	at java.util.ArrayList$ArrayListSpliterator.forEachRemaining(ArrayList.java:1625) ~[?:?]
	at java.util.stream.AbstractPipeline.copyInto(AbstractPipeline.java:509) ~[?:?]
	at java.util.stream.AbstractPipeline.wrapAndCopyInto(AbstractPipeline.java:499) ~[?:?]
	at java.util.stream.ReduceOps$ReduceOp.evaluateSequential(ReduceOps.java:921) ~[?:?]
	at java.util.stream.AbstractPipeline.evaluate(AbstractPipeline.java:234) ~[?:?]
	at java.util.stream.ReferencePipeline.collect(ReferencePipeline.java:682) ~[?:?]
	at net.minecraft.client.resources.model.ModelBakery$ModelGroupKey.m_119379_(ModelBakery.java:522) ~[client-1.20.1-20230612.114412-srg.jar%231076!/:?]
	at net.minecraft.client.resources.model.ModelBakery.m_174886_(ModelBakery.java:304) ~[client-1.20.1-20230612.114412-srg.jar%231076!/:?]
	at net.minecraft.client.resources.model.ModelBakery.m_119331_(ModelBakery.java:347) ~[client-1.20.1-20230612.114412-srg.jar%231076!/:?]
	at java.util.HashMap.forEach(HashMap.java:1421) ~[?:?]
	at net.minecraft.client.resources.model.ModelBakery.m_119362_(ModelBakery.java:337) ~[client-1.20.1-20230612.114412-srg.jar%231076!/:?]
	at net.minecraft.client.resources.model.ModelBakery.m_119341_(ModelBakery.java:243) ~[client-1.20.1-20230612.114412-srg.jar%231076!/:?]
	at net.minecraft.client.resources.model.ModelBakery.m_119306_(ModelBakery.java:384) ~[client-1.20.1-20230612.114412-srg.jar%231076!/:?]
	at net.minecraft.client.resources.model.ModelBakery.m_119263_(ModelBakery.java:143) ~[client-1.20.1-20230612.114412-srg.jar%231076!/:?]
	at com.google.common.collect.ImmutableList.forEach(ImmutableList.java:422) ~[guava-31.1-jre.jar%23102!/:?]
	at net.minecraft.client.resources.model.ModelBakery.<init>(ModelBakery.java:142) ~[client-1.20.1-20230612.114412-srg.jar%231076!/:?]
	at net.minecraft.client.resources.model.ModelManager.m_246505_(ModelManager.java:83) ~[client-1.20.1-20230612.114412-srg.jar%231076!/:?]
	at net.minecraft.client.resources.model.ModelManager.mdea2b0a$fabric_model_loading_api_v1$lambda$loadModelPluginData$0$0(ModelManager.java:2569) ~[client-1.20.1-20230612.114412-srg.jar%231076!/:?]
	at java.util.concurrent.CompletableFuture.biApply(CompletableFuture.java:1311) ~[?:?]
	at java.util.concurrent.CompletableFuture$BiApply.tryFire(CompletableFuture.java:1280) ~[?:?]
	at java.util.concurrent.CompletableFuture$Completion.exec(CompletableFuture.java:483) ~[?:?]
	at java.util.concurrent.ForkJoinTask.doExec(ForkJoinTask.java:373) ~[?:?]
	at java.util.concurrent.ForkJoinPool$WorkQueue.topLevelExec(ForkJoinPool.java:1182) ~[?:?]
	at java.util.concurrent.ForkJoinPool.scan(ForkJoinPool.java:1655) ~[?:?]
	at java.util.concurrent.ForkJoinPool.runWorker(ForkJoinPool.java:1622) ~[?:?]
	at java.util.concurrent.ForkJoinWorkerThread.run(ForkJoinWorkerThread.java:165) ~[?:?]
[03Apr2026 19:04:04.208] [ForkJoinPool.commonPool-worker-6/WARN] [net.minecraft.client.resources.model.ModelBakery/]: Exception evaluating model definition: 'mcwbiomesoplenty:magic_log_parapet#'
java.lang.RuntimeException: Unknown property 'facing' on 'Block{mcwbiomesoplenty:magic_log_parapet}'
	at malte0811.ferritecore.impl.KeyValueConditionImpl.getPredicate(KeyValueConditionImpl.java:31) ~[ferritecore-6.0.1-forge.jar%23793!/:6.0.1]
	at net.minecraft.client.renderer.block.model.multipart.KeyValueCondition.m_7289_(KeyValueCondition.java:537) ~[client-1.20.1-20230612.114412-srg.jar%231076!/:?]
	at malte0811.ferritecore.util.PredicateHelper.toCanonicalList(PredicateHelper.java:19) ~[ferritecore-6.0.1-forge.jar%23793!/:6.0.1]
	at net.minecraft.client.renderer.block.model.multipart.AndCondition.m_7289_(AndCondition.java:529) ~[client-1.20.1-20230612.114412-srg.jar%231076!/:?]
	at net.minecraft.client.renderer.block.model.multipart.Selector.m_112021_(Selector.java:43) ~[client-1.20.1-20230612.114412-srg.jar%231076!/:?]
	at net.minecraft.client.resources.model.ModelBakery$ModelGroupKey.m_119390_(ModelBakery.java:521) ~[client-1.20.1-20230612.114412-srg.jar%231076!/:?]
	at java.util.stream.ReferencePipeline$2$1.accept(ReferencePipeline.java:178) ~[?:?]
	at java.util.ArrayList$ArrayListSpliterator.forEachRemaining(ArrayList.java:1625) ~[?:?]
	at java.util.stream.AbstractPipeline.copyInto(AbstractPipeline.java:509) ~[?:?]
	at java.util.stream.AbstractPipeline.wrapAndCopyInto(AbstractPipeline.java:499) ~[?:?]
	at java.util.stream.ReduceOps$ReduceOp.evaluateSequential(ReduceOps.java:921) ~[?:?]
	at java.util.stream.AbstractPipeline.evaluate(AbstractPipeline.java:234) ~[?:?]
	at java.util.stream.ReferencePipeline.collect(ReferencePipeline.java:682) ~[?:?]
	at net.minecraft.client.resources.model.ModelBakery$ModelGroupKey.m_119379_(ModelBakery.java:522) ~[client-1.20.1-20230612.114412-srg.jar%231076!/:?]
	at net.minecraft.client.resources.model.ModelBakery.m_174886_(ModelBakery.java:304) ~[client-1.20.1-20230612.114412-srg.jar%231076!/:?]
	at net.minecraft.client.resources.model.ModelBakery.m_119331_(ModelBakery.java:347) ~[client-1.20.1-20230612.114412-srg.jar%231076!/:?]
	at java.util.HashMap.forEach(HashMap.java:1421) ~[?:?]
	at net.minecraft.client.resources.model.ModelBakery.m_119362_(ModelBakery.java:337) ~[client-1.20.1-20230612.114412-srg.jar%231076!/:?]
	at net.minecraft.client.resources.model.ModelBakery.m_119341_(ModelBakery.java:243) ~[client-1.20.1-20230612.114412-srg.jar%231076!/:?]
	at net.minecraft.client.resources.model.ModelBakery.m_119306_(ModelBakery.java:384) ~[client-1.20.1-20230612.114412-srg.jar%231076!/:?]
	at net.minecraft.client.resources.model.ModelBakery.m_119263_(ModelBakery.java:143) ~[client-1.20.1-20230612.114412-srg.jar%231076!/:?]
	at com.google.common.collect.ImmutableList.forEach(ImmutableList.java:422) ~[guava-31.1-jre.jar%23102!/:?]
	at net.minecraft.client.resources.model.ModelBakery.<init>(ModelBakery.java:142) ~[client-1.20.1-20230612.114412-srg.jar%231076!/:?]
	at net.minecraft.client.resources.model.ModelManager.m_246505_(ModelManager.java:83) ~[client-1.20.1-20230612.114412-srg.jar%231076!/:?]
	at net.minecraft.client.resources.model.ModelManager.mdea2b0a$fabric_model_loading_api_v1$lambda$loadModelPluginData$0$0(ModelManager.java:2569) ~[client-1.20.1-20230612.114412-srg.jar%231076!/:?]
	at java.util.concurrent.CompletableFuture.biApply(CompletableFuture.java:1311) ~[?:?]
	at java.util.concurrent.CompletableFuture$BiApply.tryFire(CompletableFuture.java:1280) ~[?:?]
	at java.util.concurrent.CompletableFuture$Completion.exec(CompletableFuture.java:483) ~[?:?]
	at java.util.concurrent.ForkJoinTask.doExec(ForkJoinTask.java:373) ~[?:?]
	at java.util.concurrent.ForkJoinPool$WorkQueue.topLevelExec(ForkJoinPool.java:1182) ~[?:?]
	at java.util.concurrent.ForkJoinPool.scan(ForkJoinPool.java:1655) ~[?:?]
	at java.util.concurrent.ForkJoinPool.runWorker(ForkJoinPool.java:1622) ~[?:?]
	at java.util.concurrent.ForkJoinWorkerThread.run(ForkJoinWorkerThread.java:165) ~[?:?]
[03Apr2026 19:04:04.209] [ForkJoinPool.commonPool-worker-6/WARN] [net.minecraft.client.resources.model.ModelBakery/]: Exception evaluating model definition: 'mcwbiomesoplenty:magic_plank_parapet#'
java.lang.RuntimeException: Unknown property 'facing' on 'Block{mcwbiomesoplenty:magic_plank_parapet}'
	at malte0811.ferritecore.impl.KeyValueConditionImpl.getPredicate(KeyValueConditionImpl.java:31) ~[ferritecore-6.0.1-forge.jar%23793!/:6.0.1]
	at net.minecraft.client.renderer.block.model.multipart.KeyValueCondition.m_7289_(KeyValueCondition.java:537) ~[client-1.20.1-20230612.114412-srg.jar%231076!/:?]
	at malte0811.ferritecore.util.PredicateHelper.toCanonicalList(PredicateHelper.java:19) ~[ferritecore-6.0.1-forge.jar%23793!/:6.0.1]
	at net.minecraft.client.renderer.block.model.multipart.AndCondition.m_7289_(AndCondition.java:529) ~[client-1.20.1-20230612.114412-srg.jar%231076!/:?]
	at net.minecraft.client.renderer.block.model.multipart.Selector.m_112021_(Selector.java:43) ~[client-1.20.1-20230612.114412-srg.jar%231076!/:?]
	at net.minecraft.client.resources.model.ModelBakery$ModelGroupKey.m_119390_(ModelBakery.java:521) ~[client-1.20.1-20230612.114412-srg.jar%231076!/:?]
	at java.util.stream.ReferencePipeline$2$1.accept(ReferencePipeline.java:178) ~[?:?]
	at java.util.ArrayList$ArrayListSpliterator.forEachRemaining(ArrayList.java:1625) ~[?:?]
	at java.util.stream.AbstractPipeline.copyInto(AbstractPipeline.java:509) ~[?:?]
	at java.util.stream.AbstractPipeline.wrapAndCopyInto(AbstractPipeline.java:499) ~[?:?]
	at java.util.stream.ReduceOps$ReduceOp.evaluateSequential(ReduceOps.java:921) ~[?:?]
	at java.util.stream.AbstractPipeline.evaluate(AbstractPipeline.java:234) ~[?:?]
	at java.util.stream.ReferencePipeline.collect(ReferencePipeline.java:682) ~[?:?]
	at net.minecraft.client.resources.model.ModelBakery$ModelGroupKey.m_119379_(ModelBakery.java:522) ~[client-1.20.1-20230612.114412-srg.jar%231076!/:?]
	at net.minecraft.client.resources.model.ModelBakery.m_174886_(ModelBakery.java:304) ~[client-1.20.1-20230612.114412-srg.jar%231076!/:?]
	at net.minecraft.client.resources.model.ModelBakery.m_119331_(ModelBakery.java:347) ~[client-1.20.1-20230612.114412-srg.jar%231076!/:?]
	at java.util.HashMap.forEach(HashMap.java:1421) ~[?:?]
	at net.minecraft.client.resources.model.ModelBakery.m_119362_(ModelBakery.java:337) ~[client-1.20.1-20230612.114412-srg.jar%231076!/:?]
	at net.minecraft.client.resources.model.ModelBakery.m_119341_(ModelBakery.java:243) ~[client-1.20.1-20230612.114412-srg.jar%231076!/:?]
	at net.minecraft.client.resources.model.ModelBakery.m_119306_(ModelBakery.java:384) ~[client-1.20.1-20230612.114412-srg.jar%231076!/:?]
	at net.minecraft.client.resources.model.ModelBakery.m_119263_(ModelBakery.java:143) ~[client-1.20.1-20230612.114412-srg.jar%231076!/:?]
	at com.google.common.collect.ImmutableList.forEach(ImmutableList.java:422) ~[guava-31.1-jre.jar%23102!/:?]
	at net.minecraft.client.resources.model.ModelBakery.<init>(ModelBakery.java:142) ~[client-1.20.1-20230612.114412-srg.jar%231076!/:?]
	at net.minecraft.client.resources.model.ModelManager.m_246505_(ModelManager.java:83) ~[client-1.20.1-20230612.114412-srg.jar%231076!/:?]
	at net.minecraft.client.resources.model.ModelManager.mdea2b0a$fabric_model_loading_api_v1$lambda$loadModelPluginData$0$0(ModelManager.java:2569) ~[client-1.20.1-20230612.114412-srg.jar%231076!/:?]
	at java.util.concurrent.CompletableFuture.biApply(CompletableFuture.java:1311) ~[?:?]
	at java.util.concurrent.CompletableFuture$BiApply.tryFire(CompletableFuture.java:1280) ~[?:?]
	at java.util.concurrent.CompletableFuture$Completion.exec(CompletableFuture.java:483) ~[?:?]
	at java.util.concurrent.ForkJoinTask.doExec(ForkJoinTask.java:373) ~[?:?]
	at java.util.concurrent.ForkJoinPool$WorkQueue.topLevelExec(ForkJoinPool.java:1182) ~[?:?]
	at java.util.concurrent.ForkJoinPool.scan(ForkJoinPool.java:1655) ~[?:?]
	at java.util.concurrent.ForkJoinPool.runWorker(ForkJoinPool.java:1622) ~[?:?]
	at java.util.concurrent.ForkJoinWorkerThread.run(ForkJoinWorkerThread.java:165) ~[?:?]
[03Apr2026 19:04:04.210] [ForkJoinPool.commonPool-worker-6/WARN] [net.minecraft.client.resources.model.ModelBakery/]: Exception evaluating model definition: 'mcwbiomesoplenty:jacaranda_log_parapet#'
java.lang.RuntimeException: Unknown property 'facing' on 'Block{mcwbiomesoplenty:jacaranda_log_parapet}'
	at malte0811.ferritecore.impl.KeyValueConditionImpl.getPredicate(KeyValueConditionImpl.java:31) ~[ferritecore-6.0.1-forge.jar%23793!/:6.0.1]
	at net.minecraft.client.renderer.block.model.multipart.KeyValueCondition.m_7289_(KeyValueCondition.java:537) ~[client-1.20.1-20230612.114412-srg.jar%231076!/:?]
	at malte0811.ferritecore.util.PredicateHelper.toCanonicalList(PredicateHelper.java:19) ~[ferritecore-6.0.1-forge.jar%23793!/:6.0.1]
	at net.minecraft.client.renderer.block.model.multipart.AndCondition.m_7289_(AndCondition.java:529) ~[client-1.20.1-20230612.114412-srg.jar%231076!/:?]
	at net.minecraft.client.renderer.block.model.multipart.Selector.m_112021_(Selector.java:43) ~[client-1.20.1-20230612.114412-srg.jar%231076!/:?]
	at net.minecraft.client.resources.model.ModelBakery$ModelGroupKey.m_119390_(ModelBakery.java:521) ~[client-1.20.1-20230612.114412-srg.jar%231076!/:?]
	at java.util.stream.ReferencePipeline$2$1.accept(ReferencePipeline.java:178) ~[?:?]
	at java.util.ArrayList$ArrayListSpliterator.forEachRemaining(ArrayList.java:1625) ~[?:?]
	at java.util.stream.AbstractPipeline.copyInto(AbstractPipeline.java:509) ~[?:?]
	at java.util.stream.AbstractPipeline.wrapAndCopyInto(AbstractPipeline.java:499) ~[?:?]
	at java.util.stream.ReduceOps$ReduceOp.evaluateSequential(ReduceOps.java:921) ~[?:?]
	at java.util.stream.AbstractPipeline.evaluate(AbstractPipeline.java:234) ~[?:?]
	at java.util.stream.ReferencePipeline.collect(ReferencePipeline.java:682) ~[?:?]
	at net.minecraft.client.resources.model.ModelBakery$ModelGroupKey.m_119379_(ModelBakery.java:522) ~[client-1.20.1-20230612.114412-srg.jar%231076!/:?]
	at net.minecraft.client.resources.model.ModelBakery.m_174886_(ModelBakery.java:304) ~[client-1.20.1-20230612.114412-srg.jar%231076!/:?]
	at net.minecraft.client.resources.model.ModelBakery.m_119331_(ModelBakery.java:347) ~[client-1.20.1-20230612.114412-srg.jar%231076!/:?]
	at java.util.HashMap.forEach(HashMap.java:1421) ~[?:?]
	at net.minecraft.client.resources.model.ModelBakery.m_119362_(ModelBakery.java:337) ~[client-1.20.1-20230612.114412-srg.jar%231076!/:?]
	at net.minecraft.client.resources.model.ModelBakery.m_119341_(ModelBakery.java:243) ~[client-1.20.1-20230612.114412-srg.jar%231076!/:?]
	at net.minecraft.client.resources.model.ModelBakery.m_119306_(ModelBakery.java:384) ~[client-1.20.1-20230612.114412-srg.jar%231076!/:?]
	at net.minecraft.client.resources.model.ModelBakery.m_119263_(ModelBakery.java:143) ~[client-1.20.1-20230612.114412-srg.jar%231076!/:?]
	at com.google.common.collect.ImmutableList.forEach(ImmutableList.java:422) ~[guava-31.1-jre.jar%23102!/:?]
	at net.minecraft.client.resources.model.ModelBakery.<init>(ModelBakery.java:142) ~[client-1.20.1-20230612.114412-srg.jar%231076!/:?]
	at net.minecraft.client.resources.model.ModelManager.m_246505_(ModelManager.java:83) ~[client-1.20.1-20230612.114412-srg.jar%231076!/:?]
	at net.minecraft.client.resources.model.ModelManager.mdea2b0a$fabric_model_loading_api_v1$lambda$loadModelPluginData$0$0(ModelManager.java:2569) ~[client-1.20.1-20230612.114412-srg.jar%231076!/:?]
	at java.util.concurrent.CompletableFuture.biApply(CompletableFuture.java:1311) ~[?:?]
	at java.util.concurrent.CompletableFuture$BiApply.tryFire(CompletableFuture.java:1280) ~[?:?]
	at java.util.concurrent.CompletableFuture$Completion.exec(CompletableFuture.java:483) ~[?:?]
	at java.util.concurrent.ForkJoinTask.doExec(ForkJoinTask.java:373) ~[?:?]
	at java.util.concurrent.ForkJoinPool$WorkQueue.topLevelExec(ForkJoinPool.java:1182) ~[?:?]
	at java.util.concurrent.ForkJoinPool.scan(ForkJoinPool.java:1655) ~[?:?]
	at java.util.concurrent.ForkJoinPool.runWorker(ForkJoinPool.java:1622) ~[?:?]
	at java.util.concurrent.ForkJoinWorkerThread.run(ForkJoinWorkerThread.java:165) ~[?:?]
[03Apr2026 19:04:04.210] [ForkJoinPool.commonPool-worker-6/WARN] [net.minecraft.client.resources.model.ModelBakery/]: Exception evaluating model definition: 'mcwbiomesoplenty:jacaranda_plank_parapet#'
java.lang.RuntimeException: Unknown property 'facing' on 'Block{mcwbiomesoplenty:jacaranda_plank_parapet}'
	at malte0811.ferritecore.impl.KeyValueConditionImpl.getPredicate(KeyValueConditionImpl.java:31) ~[ferritecore-6.0.1-forge.jar%23793!/:6.0.1]
	at net.minecraft.client.renderer.block.model.multipart.KeyValueCondition.m_7289_(KeyValueCondition.java:537) ~[client-1.20.1-20230612.114412-srg.jar%231076!/:?]
	at malte0811.ferritecore.util.PredicateHelper.toCanonicalList(PredicateHelper.java:19) ~[ferritecore-6.0.1-forge.jar%23793!/:6.0.1]
	at net.minecraft.client.renderer.block.model.multipart.AndCondition.m_7289_(AndCondition.java:529) ~[client-1.20.1-20230612.114412-srg.jar%231076!/:?]
	at net.minecraft.client.renderer.block.model.multipart.Selector.m_112021_(Selector.java:43) ~[client-1.20.1-20230612.114412-srg.jar%231076!/:?]
	at net.minecraft.client.resources.model.ModelBakery$ModelGroupKey.m_119390_(ModelBakery.java:521) ~[client-1.20.1-20230612.114412-srg.jar%231076!/:?]
	at java.util.stream.ReferencePipeline$2$1.accept(ReferencePipeline.java:178) ~[?:?]
	at java.util.ArrayList$ArrayListSpliterator.forEachRemaining(ArrayList.java:1625) ~[?:?]
	at java.util.stream.AbstractPipeline.copyInto(AbstractPipeline.java:509) ~[?:?]
	at java.util.stream.AbstractPipeline.wrapAndCopyInto(AbstractPipeline.java:499) ~[?:?]
	at java.util.stream.ReduceOps$ReduceOp.evaluateSequential(ReduceOps.java:921) ~[?:?]
	at java.util.stream.AbstractPipeline.evaluate(AbstractPipeline.java:234) ~[?:?]
	at java.util.stream.ReferencePipeline.collect(ReferencePipeline.java:682) ~[?:?]
	at net.minecraft.client.resources.model.ModelBakery$ModelGroupKey.m_119379_(ModelBakery.java:522) ~[client-1.20.1-20230612.114412-srg.jar%231076!/:?]
	at net.minecraft.client.resources.model.ModelBakery.m_174886_(ModelBakery.java:304) ~[client-1.20.1-20230612.114412-srg.jar%231076!/:?]
	at net.minecraft.client.resources.model.ModelBakery.m_119331_(ModelBakery.java:347) ~[client-1.20.1-20230612.114412-srg.jar%231076!/:?]
	at java.util.HashMap.forEach(HashMap.java:1421) ~[?:?]
	at net.minecraft.client.resources.model.ModelBakery.m_119362_(ModelBakery.java:337) ~[client-1.20.1-20230612.114412-srg.jar%231076!/:?]
	at net.minecraft.client.resources.model.ModelBakery.m_119341_(ModelBakery.java:243) ~[client-1.20.1-20230612.114412-srg.jar%231076!/:?]
	at net.minecraft.client.resources.model.ModelBakery.m_119306_(ModelBakery.java:384) ~[client-1.20.1-20230612.114412-srg.jar%231076!/:?]
	at net.minecraft.client.resources.model.ModelBakery.m_119263_(ModelBakery.java:143) ~[client-1.20.1-20230612.114412-srg.jar%231076!/:?]
	at com.google.common.collect.ImmutableList.forEach(ImmutableList.java:422) ~[guava-31.1-jre.jar%23102!/:?]
	at net.minecraft.client.resources.model.ModelBakery.<init>(ModelBakery.java:142) ~[client-1.20.1-20230612.114412-srg.jar%231076!/:?]
	at net.minecraft.client.resources.model.ModelManager.m_246505_(ModelManager.java:83) ~[client-1.20.1-20230612.114412-srg.jar%231076!/:?]
	at net.minecraft.client.resources.model.ModelManager.mdea2b0a$fabric_model_loading_api_v1$lambda$loadModelPluginData$0$0(ModelManager.java:2569) ~[client-1.20.1-20230612.114412-srg.jar%231076!/:?]
	at java.util.concurrent.CompletableFuture.biApply(CompletableFuture.java:1311) ~[?:?]
	at java.util.concurrent.CompletableFuture$BiApply.tryFire(CompletableFuture.java:1280) ~[?:?]
	at java.util.concurrent.CompletableFuture$Completion.exec(CompletableFuture.java:483) ~[?:?]
	at java.util.concurrent.ForkJoinTask.doExec(ForkJoinTask.java:373) ~[?:?]
	at java.util.concurrent.ForkJoinPool$WorkQueue.topLevelExec(ForkJoinPool.java:1182) ~[?:?]
	at java.util.concurrent.ForkJoinPool.scan(ForkJoinPool.java:1655) ~[?:?]
	at java.util.concurrent.ForkJoinPool.runWorker(ForkJoinPool.java:1622) ~[?:?]
	at java.util.concurrent.ForkJoinWorkerThread.run(ForkJoinWorkerThread.java:165) ~[?:?]
[03Apr2026 19:04:04.211] [ForkJoinPool.commonPool-worker-6/WARN] [net.minecraft.client.resources.model.ModelBakery/]: Exception evaluating model definition: 'mcwbiomesoplenty:maple_log_parapet#'
java.lang.RuntimeException: Unknown property 'facing' on 'Block{mcwbiomesoplenty:maple_log_parapet}'
	at malte0811.ferritecore.impl.KeyValueConditionImpl.getPredicate(KeyValueConditionImpl.java:31) ~[ferritecore-6.0.1-forge.jar%23793!/:6.0.1]
	at net.minecraft.client.renderer.block.model.multipart.KeyValueCondition.m_7289_(KeyValueCondition.java:537) ~[client-1.20.1-20230612.114412-srg.jar%231076!/:?]
	at malte0811.ferritecore.util.PredicateHelper.toCanonicalList(PredicateHelper.java:19) ~[ferritecore-6.0.1-forge.jar%23793!/:6.0.1]
	at net.minecraft.client.renderer.block.model.multipart.AndCondition.m_7289_(AndCondition.java:529) ~[client-1.20.1-20230612.114412-srg.jar%231076!/:?]
	at net.minecraft.client.renderer.block.model.multipart.Selector.m_112021_(Selector.java:43) ~[client-1.20.1-20230612.114412-srg.jar%231076!/:?]
	at net.minecraft.client.resources.model.ModelBakery$ModelGroupKey.m_119390_(ModelBakery.java:521) ~[client-1.20.1-20230612.114412-srg.jar%231076!/:?]
	at java.util.stream.ReferencePipeline$2$1.accept(ReferencePipeline.java:178) ~[?:?]
	at java.util.ArrayList$ArrayListSpliterator.forEachRemaining(ArrayList.java:1625) ~[?:?]
	at java.util.stream.AbstractPipeline.copyInto(AbstractPipeline.java:509) ~[?:?]
	at java.util.stream.AbstractPipeline.wrapAndCopyInto(AbstractPipeline.java:499) ~[?:?]
	at java.util.stream.ReduceOps$ReduceOp.evaluateSequential(ReduceOps.java:921) ~[?:?]
	at java.util.stream.AbstractPipeline.evaluate(AbstractPipeline.java:234) ~[?:?]
	at java.util.stream.ReferencePipeline.collect(ReferencePipeline.java:682) ~[?:?]
	at net.minecraft.client.resources.model.ModelBakery$ModelGroupKey.m_119379_(ModelBakery.java:522) ~[client-1.20.1-20230612.114412-srg.jar%231076!/:?]
	at net.minecraft.client.resources.model.ModelBakery.m_174886_(ModelBakery.java:304) ~[client-1.20.1-20230612.114412-srg.jar%231076!/:?]
	at net.minecraft.client.resources.model.ModelBakery.m_119331_(ModelBakery.java:347) ~[client-1.20.1-20230612.114412-srg.jar%231076!/:?]
	at java.util.HashMap.forEach(HashMap.java:1421) ~[?:?]
	at net.minecraft.client.resources.model.ModelBakery.m_119362_(ModelBakery.java:337) ~[client-1.20.1-20230612.114412-srg.jar%231076!/:?]
	at net.minecraft.client.resources.model.ModelBakery.m_119341_(ModelBakery.java:243) ~[client-1.20.1-20230612.114412-srg.jar%231076!/:?]
	at net.minecraft.client.resources.model.ModelBakery.m_119306_(ModelBakery.java:384) ~[client-1.20.1-20230612.114412-srg.jar%231076!/:?]
	at net.minecraft.client.resources.model.ModelBakery.m_119263_(ModelBakery.java:143) ~[client-1.20.1-20230612.114412-srg.jar%231076!/:?]
	at com.google.common.collect.ImmutableList.forEach(ImmutableList.java:422) ~[guava-31.1-jre.jar%23102!/:?]
	at net.minecraft.client.resources.model.ModelBakery.<init>(ModelBakery.java:142) ~[client-1.20.1-20230612.114412-srg.jar%231076!/:?]
	at net.minecraft.client.resources.model.ModelManager.m_246505_(ModelManager.java:83) ~[client-1.20.1-20230612.114412-srg.jar%231076!/:?]
	at net.minecraft.client.resources.model.ModelManager.mdea2b0a$fabric_model_loading_api_v1$lambda$loadModelPluginData$0$0(ModelManager.java:2569) ~[client-1.20.1-20230612.114412-srg.jar%231076!/:?]
	at java.util.concurrent.CompletableFuture.biApply(CompletableFuture.java:1311) ~[?:?]
	at java.util.concurrent.CompletableFuture$BiApply.tryFire(CompletableFuture.java:1280) ~[?:?]
	at java.util.concurrent.CompletableFuture$Completion.exec(CompletableFuture.java:483) ~[?:?]
	at java.util.concurrent.ForkJoinTask.doExec(ForkJoinTask.java:373) ~[?:?]
	at java.util.concurrent.ForkJoinPool$WorkQueue.topLevelExec(ForkJoinPool.java:1182) ~[?:?]
	at java.util.concurrent.ForkJoinPool.scan(ForkJoinPool.java:1655) ~[?:?]
	at java.util.concurrent.ForkJoinPool.runWorker(ForkJoinPool.java:1622) ~[?:?]
	at java.util.concurrent.ForkJoinWorkerThread.run(ForkJoinWorkerThread.java:165) ~[?:?]
[03Apr2026 19:04:04.212] [ForkJoinPool.commonPool-worker-6/WARN] [net.minecraft.client.resources.model.ModelBakery/]: Exception evaluating model definition: 'mcwbiomesoplenty:maple_plank_parapet#'
java.lang.RuntimeException: Unknown property 'facing' on 'Block{mcwbiomesoplenty:maple_plank_parapet}'
	at malte0811.ferritecore.impl.KeyValueConditionImpl.getPredicate(KeyValueConditionImpl.java:31) ~[ferritecore-6.0.1-forge.jar%23793!/:6.0.1]
	at net.minecraft.client.renderer.block.model.multipart.KeyValueCondition.m_7289_(KeyValueCondition.java:537) ~[client-1.20.1-20230612.114412-srg.jar%231076!/:?]
	at malte0811.ferritecore.util.PredicateHelper.toCanonicalList(PredicateHelper.java:19) ~[ferritecore-6.0.1-forge.jar%23793!/:6.0.1]
	at net.minecraft.client.renderer.block.model.multipart.AndCondition.m_7289_(AndCondition.java:529) ~[client-1.20.1-20230612.114412-srg.jar%231076!/:?]
	at net.minecraft.client.renderer.block.model.multipart.Selector.m_112021_(Selector.java:43) ~[client-1.20.1-20230612.114412-srg.jar%231076!/:?]
	at net.minecraft.client.resources.model.ModelBakery$ModelGroupKey.m_119390_(ModelBakery.java:521) ~[client-1.20.1-20230612.114412-srg.jar%231076!/:?]
	at java.util.stream.ReferencePipeline$2$1.accept(ReferencePipeline.java:178) ~[?:?]
	at java.util.ArrayList$ArrayListSpliterator.forEachRemaining(ArrayList.java:1625) ~[?:?]
	at java.util.stream.AbstractPipeline.copyInto(AbstractPipeline.java:509) ~[?:?]
	at java.util.stream.AbstractPipeline.wrapAndCopyInto(AbstractPipeline.java:499) ~[?:?]
	at java.util.stream.ReduceOps$ReduceOp.evaluateSequential(ReduceOps.java:921) ~[?:?]
	at java.util.stream.AbstractPipeline.evaluate(AbstractPipeline.java:234) ~[?:?]
	at java.util.stream.ReferencePipeline.collect(ReferencePipeline.java:682) ~[?:?]
	at net.minecraft.client.resources.model.ModelBakery$ModelGroupKey.m_119379_(ModelBakery.java:522) ~[client-1.20.1-20230612.114412-srg.jar%231076!/:?]
	at net.minecraft.client.resources.model.ModelBakery.m_174886_(ModelBakery.java:304) ~[client-1.20.1-20230612.114412-srg.jar%231076!/:?]
	at net.minecraft.client.resources.model.ModelBakery.m_119331_(ModelBakery.java:347) ~[client-1.20.1-20230612.114412-srg.jar%231076!/:?]
	at java.util.HashMap.forEach(HashMap.java:1421) ~[?:?]
	at net.minecraft.client.resources.model.ModelBakery.m_119362_(ModelBakery.java:337) ~[client-1.20.1-20230612.114412-srg.jar%231076!/:?]
	at net.minecraft.client.resources.model.ModelBakery.m_119341_(ModelBakery.java:243) ~[client-1.20.1-20230612.114412-srg.jar%231076!/:?]
	at net.minecraft.client.resources.model.ModelBakery.m_119306_(ModelBakery.java:384) ~[client-1.20.1-20230612.114412-srg.jar%231076!/:?]
	at net.minecraft.client.resources.model.ModelBakery.m_119263_(ModelBakery.java:143) ~[client-1.20.1-20230612.114412-srg.jar%231076!/:?]
	at com.google.common.collect.ImmutableList.forEach(ImmutableList.java:422) ~[guava-31.1-jre.jar%23102!/:?]
	at net.minecraft.client.resources.model.ModelBakery.<init>(ModelBakery.java:142) ~[client-1.20.1-20230612.114412-srg.jar%231076!/:?]
	at net.minecraft.client.resources.model.ModelManager.m_246505_(ModelManager.java:83) ~[client-1.20.1-20230612.114412-srg.jar%231076!/:?]
	at net.minecraft.client.resources.model.ModelManager.mdea2b0a$fabric_model_loading_api_v1$lambda$loadModelPluginData$0$0(ModelManager.java:2569) ~[client-1.20.1-20230612.114412-srg.jar%231076!/:?]
	at java.util.concurrent.CompletableFuture.biApply(CompletableFuture.java:1311) ~[?:?]
	at java.util.concurrent.CompletableFuture$BiApply.tryFire(CompletableFuture.java:1280) ~[?:?]
	at java.util.concurrent.CompletableFuture$Completion.exec(CompletableFuture.java:483) ~[?:?]
	at java.util.concurrent.ForkJoinTask.doExec(ForkJoinTask.java:373) ~[?:?]
	at java.util.concurrent.ForkJoinPool$WorkQueue.topLevelExec(ForkJoinPool.java:1182) ~[?:?]
	at java.util.concurrent.ForkJoinPool.scan(ForkJoinPool.java:1655) ~[?:?]
	at java.util.concurrent.ForkJoinPool.runWorker(ForkJoinPool.java:1622) ~[?:?]
	at java.util.concurrent.ForkJoinWorkerThread.run(ForkJoinWorkerThread.java:165) ~[?:?]
[03Apr2026 19:04:04.257] [Forge Version Check/INFO] [net.minecraftforge.fml.VersionChecker/]: [jeitweaker] Found status: BETA Current: 8.0.6 Target: 8.0.6
[03Apr2026 19:04:04.257] [Forge Version Check/INFO] [net.minecraftforge.fml.VersionChecker/]: [crafttweaker] Starting version check at https://updates.blamejared.com/get?n=crafttweaker&gv=1.20.1
[03Apr2026 19:04:04.381] [Forge Version Check/INFO] [net.minecraftforge.fml.VersionChecker/]: [crafttweaker] Found status: BETA Current: 14.0.60 Target: 14.0.60
[03Apr2026 19:04:04.381] [Forge Version Check/INFO] [net.minecraftforge.fml.VersionChecker/]: [extradisks] Starting version check at https://assets.melanx.de/updates/extra-disks.json
[03Apr2026 19:04:04.642] [Forge Version Check/INFO] [net.minecraftforge.fml.VersionChecker/]: [extradisks] Found status: BETA Current: 1.20.1-3.0.3 Target: 1.20.1-3.0.3
[03Apr2026 19:04:04.643] [Forge Version Check/INFO] [net.minecraftforge.fml.VersionChecker/]: [edivadlib] Starting version check at https://api.modrinth.com/updates/edivadlib/forge_updates.json
[03Apr2026 19:04:04.702] [Forge Version Check/INFO] [net.minecraftforge.fml.VersionChecker/]: [edivadlib] Found status: UP_TO_DATE Current: 2.0.1 Target: null
[03Apr2026 19:04:04.702] [Forge Version Check/INFO] [net.minecraftforge.fml.VersionChecker/]: [voicechat] Starting version check at https://update.maxhenkel.de/forge/voicechat
[03Apr2026 19:04:04.822] [Forge Version Check/INFO] [net.minecraftforge.fml.VersionChecker/]: [voicechat] Found status: AHEAD Current: 1.20.1-2.6.14 Target: null
[03Apr2026 19:04:04.822] [Forge Version Check/INFO] [net.minecraftforge.fml.VersionChecker/]: [adlods] Starting version check at https://forge.curseupdate.com/318833/adlods
[03Apr2026 19:04:04.844] [Forge Version Check/INFO] [net.minecraftforge.fml.VersionChecker/]: [adlods] Found status: UP_TO_DATE Current: 8.1.9.0 Target: null
[03Apr2026 19:04:04.844] [Forge Version Check/INFO] [net.minecraftforge.fml.VersionChecker/]: [ksyxis] Starting version check at https://raw.githubusercontent.com/VidTu/Ksyxis/main/updater_ksyxis_forge.json
[03Apr2026 19:04:04.850] [Render thread/INFO] [journeymap/]: Journeymap Initializing
[03Apr2026 19:04:04.859] [Forge Version Check/INFO] [net.minecraftforge.fml.VersionChecker/]: [ksyxis] Found status: UP_TO_DATE Current: 1.3.4 Target: null
[03Apr2026 19:04:04.859] [Forge Version Check/INFO] [net.minecraftforge.fml.VersionChecker/]: [occultism] Starting version check at https://raw.githubusercontent.com/klikli-dev/occultism/meta/updates.json
[03Apr2026 19:04:04.872] [Render thread/INFO] [jmi/]: Initialized me.frankv.jmi.JMIJourneyMapPlugin
[03Apr2026 19:04:04.878] [Forge Version Check/INFO] [net.minecraftforge.fml.VersionChecker/]: [occultism] Found status: BETA Current: 1.157.0 Target: null
[03Apr2026 19:04:04.878] [Forge Version Check/INFO] [net.minecraftforge.fml.VersionChecker/]: [ad_astra] Starting version check at https://api.modrinth.com/updates/3ufwT9JF/forge_updates.json
[03Apr2026 19:04:04.937] [Forge Version Check/INFO] [net.minecraftforge.fml.VersionChecker/]: [ad_astra] Found status: UP_TO_DATE Current: 1.15.20 Target: null
[03Apr2026 19:04:04.937] [Forge Version Check/INFO] [net.minecraftforge.fml.VersionChecker/]: [aether_enhanced_extinguishing] Starting version check at https://github.com/The-Aether-Team/Enhanced-Extinguishing/raw/1.20.1-develop/update.json
[03Apr2026 19:04:05.040] [Forge Version Check/INFO] [net.minecraftforge.fml.VersionChecker/]: [aether_enhanced_extinguishing] Found status: AHEAD Current: 1.20.1-1.0.0-neoforge Target: null
[03Apr2026 19:04:05.040] [Forge Version Check/INFO] [net.minecraftforge.fml.VersionChecker/]: [prism] Starting version check at https://mc-update-check.anthonyhilyard.com/638111
[03Apr2026 19:04:05.071] [Forge Version Check/INFO] [net.minecraftforge.fml.VersionChecker/]: [prism] Found status: UP_TO_DATE Current: 1.0.5 Target: null
[03Apr2026 19:04:05.071] [Forge Version Check/INFO] [net.minecraftforge.fml.VersionChecker/]: [cobweb] Starting version check at https://api.modrinth.com/updates/cobweb/forge_updates.json
[03Apr2026 19:04:05.164] [Forge Version Check/INFO] [net.minecraftforge.fml.VersionChecker/]: [cobweb] Found status: UP_TO_DATE Current: 1.0.1 Target: null
[03Apr2026 19:04:05.165] [Forge Version Check/INFO] [net.minecraftforge.fml.VersionChecker/]: [bookshelf] Starting version check at https://updates.blamejared.com/get?n=bookshelf&gv=1.20.1
[03Apr2026 19:04:05.291] [Forge Version Check/INFO] [net.minecraftforge.fml.VersionChecker/]: [bookshelf] Found status: BETA Current: 20.2.15 Target: 20.2.15
[03Apr2026 19:04:05.292] [Forge Version Check/INFO] [net.minecraftforge.fml.VersionChecker/]: [equipmentcompare] Starting version check at https://mc-update-check.anthonyhilyard.com/502561
[03Apr2026 19:04:05.319] [Forge Version Check/INFO] [net.minecraftforge.fml.VersionChecker/]: [equipmentcompare] Found status: UP_TO_DATE Current: 1.3.7 Target: null
[03Apr2026 19:04:05.319] [Forge Version Check/INFO] [net.minecraftforge.fml.VersionChecker/]: [mcwbridges] Starting version check at https://raw.githubusercontent.com/sketchmacaw/macawsmods/master/bridges.json
[03Apr2026 19:04:05.331] [Forge Version Check/INFO] [net.minecraftforge.fml.VersionChecker/]: [mcwbridges] Found status: AHEAD Current: 3.1.2 Target: null
[03Apr2026 19:04:05.331] [Forge Version Check/INFO] [net.minecraftforge.fml.VersionChecker/]: [aether_protect_your_moa] Starting version check at https://github.com/The-Aether-Team/Protect-Your-Moa/raw/1.20.1-develop/update.json
[03Apr2026 19:04:05.422] [Forge Version Check/INFO] [net.minecraftforge.fml.VersionChecker/]: [aether_protect_your_moa] Found status: UP_TO_DATE Current: 1.20.1-1.0.0-neoforge Target: null
[03Apr2026 19:04:05.422] [Forge Version Check/INFO] [net.minecraftforge.fml.VersionChecker/]: [easymagic] Starting version check at https://raw.githubusercontent.com/Fuzss/modresources/main/update/easymagic.json
[03Apr2026 19:04:05.438] [Forge Version Check/INFO] [net.minecraftforge.fml.VersionChecker/]: [easymagic] Found status: UP_TO_DATE Current: 8.0.1 Target: null
[03Apr2026 19:04:05.438] [Forge Version Check/INFO] [net.minecraftforge.fml.VersionChecker/]: [clumps] Starting version check at https://updates.blamejared.com/get?n=clumps&gv=1.20.1
[03Apr2026 19:04:05.572] [Forge Version Check/INFO] [net.minecraftforge.fml.VersionChecker/]: [clumps] Found status: BETA Current: 12.0.0.4 Target: 12.0.0.4
[03Apr2026 19:04:05.572] [Forge Version Check/INFO] [net.minecraftforge.fml.VersionChecker/]: [badmobs] Starting version check at https://updates.blamejared.com/get?n=badmobs&gv=1.20.1
[03Apr2026 19:04:05.705] [Forge Version Check/INFO] [net.minecraftforge.fml.VersionChecker/]: [badmobs] Found status: BETA Current: 19.0.4 Target: 19.0.4
[03Apr2026 19:04:05.705] [Forge Version Check/INFO] [net.minecraftforge.fml.VersionChecker/]: [ultris_mr] Starting version check at https://api.modrinth.com/updates/tA7mQv7R/forge_updates.json
[03Apr2026 19:04:05.767] [Forge Version Check/INFO] [net.minecraftforge.fml.VersionChecker/]: [ultris_mr] Found status: OUTDATED Current: 5.6.9c Target: 5.6.9c+mod
[03Apr2026 19:04:05.768] [Forge Version Check/INFO] [net.minecraftforge.fml.VersionChecker/]: [smoothboot] Starting version check at https://github.com/AbdElAziz333/SmoothBoot-Reloaded/raw/mc1.20.1/dev/updates.json
[03Apr2026 19:04:05.817] [Forge Version Check/WARN] [net.minecraftforge.fml.VersionChecker/]: Failed to process update information
com.google.gson.JsonSyntaxException: java.lang.IllegalStateException: Expected BEGIN_OBJECT but was STRING at line 9 column 1 path $
	at com.google.gson.Gson.fromJson(Gson.java:1226) ~[gson-2.10.jar%23100!/:?]
	at com.google.gson.Gson.fromJson(Gson.java:1124) ~[gson-2.10.jar%23100!/:?]
	at com.google.gson.Gson.fromJson(Gson.java:1034) ~[gson-2.10.jar%23100!/:?]
	at com.google.gson.Gson.fromJson(Gson.java:969) ~[gson-2.10.jar%23100!/:?]
	at net.minecraftforge.fml.VersionChecker$1.process(VersionChecker.java:186) ~[fmlcore-1.20.1-47.4.6.jar%231077!/:?]
	at java.lang.Iterable.forEach(Iterable.java:75) ~[?:?]
	at net.minecraftforge.fml.VersionChecker$1.run(VersionChecker.java:117) ~[fmlcore-1.20.1-47.4.6.jar%231077!/:?]
Caused by: java.lang.IllegalStateException: Expected BEGIN_OBJECT but was STRING at line 9 column 1 path $
	at com.google.gson.stream.JsonReader.beginObject(JsonReader.java:393) ~[gson-2.10.jar%23100!/:?]
	at com.google.gson.internal.bind.MapTypeAdapterFactory$Adapter.read(MapTypeAdapterFactory.java:182) ~[gson-2.10.jar%23100!/:?]
	at com.google.gson.internal.bind.MapTypeAdapterFactory$Adapter.read(MapTypeAdapterFactory.java:144) ~[gson-2.10.jar%23100!/:?]
	at com.google.gson.Gson.fromJson(Gson.java:1214) ~[gson-2.10.jar%23100!/:?]
	... 6 more
[03Apr2026 19:04:05.817] [Forge Version Check/INFO] [net.minecraftforge.fml.VersionChecker/]: [mr_ultimate_bosses] Starting version check at https://api.modrinth.com/updates/VLtEVAG7/forge_updates.json
[03Apr2026 19:04:05.866] [Forge Version Check/INFO] [net.minecraftforge.fml.VersionChecker/]: [mr_ultimate_bosses] Found status: OUTDATED Current: 1.0.4 Target: 1.0.4+mod
[03Apr2026 19:04:05.866] [Forge Version Check/INFO] [net.minecraftforge.fml.VersionChecker/]: [overflowingbars] Starting version check at https://raw.githubusercontent.com/Fuzss/modresources/main/update/overflowingbars.json
[03Apr2026 19:04:05.880] [Forge Version Check/INFO] [net.minecraftforge.fml.VersionChecker/]: [overflowingbars] Found status: UP_TO_DATE Current: 8.0.1 Target: null
[03Apr2026 19:04:05.880] [Forge Version Check/INFO] [net.minecraftforge.fml.VersionChecker/]: [easyanvils] Starting version check at https://raw.githubusercontent.com/Fuzss/modresources/main/update/easyanvils.json
[03Apr2026 19:04:05.902] [Forge Version Check/INFO] [net.minecraftforge.fml.VersionChecker/]: [easyanvils] Found status: UP_TO_DATE Current: 8.0.2 Target: null
[03Apr2026 19:04:05.903] [Forge Version Check/INFO] [net.minecraftforge.fml.VersionChecker/]: [sound_physics_remastered] Starting version check at https://update.maxhenkel.de/forge/sound_physics_remastered
[03Apr2026 19:04:06.015] [Forge Version Check/INFO] [net.minecraftforge.fml.VersionChecker/]: [sound_physics_remastered] Found status: AHEAD Current: 1.20.1-1.5.1 Target: null
[03Apr2026 19:04:06.015] [Forge Version Check/INFO] [net.minecraftforge.fml.VersionChecker/]: [ironjetpacks] Starting version check at https://api.blakesmods.com/v2/mods/ironjetpacks/1.20/updates
[03Apr2026 19:04:06.175] [Forge Version Check/INFO] [net.minecraftforge.fml.VersionChecker/]: [ironjetpacks] Found status: UP_TO_DATE Current: 7.0.9 Target: null
[03Apr2026 19:04:06.175] [Forge Version Check/INFO] [net.minecraftforge.fml.VersionChecker/]: [mr_sunken_spires] Starting version check at https://api.modrinth.com/updates/annHP7q0/forge_updates.json
[03Apr2026 19:04:06.220] [Forge Version Check/INFO] [net.minecraftforge.fml.VersionChecker/]: [mr_sunken_spires] Found status: OUTDATED Current: 1.0 Target: 1.0+mod
[03Apr2026 19:04:06.220] [Forge Version Check/INFO] [net.minecraftforge.fml.VersionChecker/]: [maxhealthfix] Starting version check at https://updates.blamejared.com/get?n=maxhealthfix&gv=1.20.1
[03Apr2026 19:04:06.346] [Forge Version Check/INFO] [net.minecraftforge.fml.VersionChecker/]: [maxhealthfix] Found status: BETA Current: 12.0.4 Target: 12.0.4
[03Apr2026 19:04:06.346] [Forge Version Check/INFO] [net.minecraftforge.fml.VersionChecker/]: [soul_fire_d] Starting version check at https://api.modrinth.com/updates/soul-fire-d/forge_updates.json
[03Apr2026 19:04:06.413] [Forge Version Check/INFO] [net.minecraftforge.fml.VersionChecker/]: [soul_fire_d] Found status: UP_TO_DATE Current: 4.0.11 Target: null
[03Apr2026 19:04:06.413] [Forge Version Check/INFO] [net.minecraftforge.fml.VersionChecker/]: [ctov] Starting version check at https://api.modrinth.com/updates/fgmhI8kH/forge_updates.json
[03Apr2026 19:04:06.433] [ForkJoinPool.commonPool-worker-6/INFO] [com.cerbon.beb.util.BEBConstants/]: Found 680 enchanted-book CITs
[03Apr2026 19:04:06.495] [Forge Version Check/INFO] [net.minecraftforge.fml.VersionChecker/]: [ctov] Found status: UP_TO_DATE Current: 3.4.14 Target: null
[03Apr2026 19:04:06.495] [Forge Version Check/INFO] [net.minecraftforge.fml.VersionChecker/]: [toolstats] Starting version check at https://updates.blamejared.com/get?n=toolstats&gv=1.20.1
[03Apr2026 19:04:06.617] [Forge Version Check/INFO] [net.minecraftforge.fml.VersionChecker/]: [toolstats] Found status: BETA Current: 16.0.10 Target: 16.0.10
[03Apr2026 19:04:06.617] [Forge Version Check/INFO] [net.minecraftforge.fml.VersionChecker/]: [mcwtrpdoors] Starting version check at https://raw.githubusercontent.com/sketchmacaw/macawsmods/master/trapdoors.json
[03Apr2026 19:04:06.631] [Forge Version Check/INFO] [net.minecraftforge.fml.VersionChecker/]: [mcwtrpdoors] Found status: UP_TO_DATE Current: 1.1.5 Target: null
[03Apr2026 19:04:06.631] [Forge Version Check/INFO] [net.minecraftforge.fml.VersionChecker/]: [searchables] Starting version check at https://updates.blamejared.com/get?n=searchables&gv=1.20.1
[03Apr2026 19:04:06.751] [Forge Version Check/INFO] [net.minecraftforge.fml.VersionChecker/]: [searchables] Found status: BETA Current: 1.0.3 Target: 1.0.3
[03Apr2026 19:04:06.751] [Forge Version Check/INFO] [net.minecraftforge.fml.VersionChecker/]: [mcwfurnitures] Starting version check at https://raw.githubusercontent.com/sketchmacaw/macawsmods/master/furniture.json
[03Apr2026 19:04:06.767] [Forge Version Check/INFO] [net.minecraftforge.fml.VersionChecker/]: [mcwfurnitures] Found status: UP_TO_DATE Current: 3.4.1 Target: null
[03Apr2026 19:04:06.767] [Forge Version Check/INFO] [net.minecraftforge.fml.VersionChecker/]: [codechickenlib] Starting version check at https://version-check.covers1624.net/check/?mod=CodeChickenLib&mc=1.20.1
[03Apr2026 19:04:07.455] [Forge Version Check/INFO] [net.minecraftforge.fml.VersionChecker/]: [codechickenlib] Found status: UP_TO_DATE Current: 4.4.0.516 Target: null
[03Apr2026 19:04:07.455] [Forge Version Check/INFO] [net.minecraftforge.fml.VersionChecker/]: [betteranimationscollection] Starting version check at https://raw.githubusercontent.com/Fuzss/modresources/main/update/betteranimationscollection.json
[03Apr2026 19:04:07.472] [Forge Version Check/INFO] [net.minecraftforge.fml.VersionChecker/]: [betteranimationscollection] Found status: UP_TO_DATE Current: 8.0.1 Target: null
[03Apr2026 19:04:07.472] [Forge Version Check/INFO] [net.minecraftforge.fml.VersionChecker/]: [jea] Starting version check at https://assets.melanx.de/updates/jea.json
[03Apr2026 19:04:07.505] [Forge Version Check/INFO] [net.minecraftforge.fml.VersionChecker/]: [jea] Found status: UP_TO_DATE Current: 1.20.1-5.0.1 Target: null
[03Apr2026 19:04:07.505] [Forge Version Check/INFO] [net.minecraftforge.fml.VersionChecker/]: [mr_edf_remastered] Starting version check at https://api.modrinth.com/updates/HQsBdHGd/forge_updates.json
[03Apr2026 19:04:07.555] [Forge Version Check/INFO] [net.minecraftforge.fml.VersionChecker/]: [mr_edf_remastered] Found status: OUTDATED Current: 4.3 Target: 4.3+mod
[03Apr2026 19:04:07.555] [Forge Version Check/INFO] [net.minecraftforge.fml.VersionChecker/]: [mr_larger_oreveinsdeluxe] Starting version check at https://api.modrinth.com/updates/1bRLEs28/forge_updates.json
[03Apr2026 19:04:07.655] [Forge Version Check/INFO] [net.minecraftforge.fml.VersionChecker/]: [mr_larger_oreveinsdeluxe] Found status: OUTDATED Current: 1.2.2 Target: 1.2.2+mod
[03Apr2026 19:04:07.655] [Forge Version Check/INFO] [net.minecraftforge.fml.VersionChecker/]: [aethersteel] Starting version check at https://raw.githubusercontent.com/Ross2750/Aethersteel/main/updatechecker.json
[03Apr2026 19:04:07.669] [Forge Version Check/WARN] [net.minecraftforge.fml.VersionChecker/]: Failed to process update information
com.google.gson.JsonSyntaxException: com.google.gson.stream.MalformedJsonException: Expected name at line 9 column 4 path $..1.21.4-latest
	at com.google.gson.Gson.fromJson(Gson.java:1229) ~[gson-2.10.jar%23100!/:?]
	at com.google.gson.Gson.fromJson(Gson.java:1124) ~[gson-2.10.jar%23100!/:?]
	at com.google.gson.Gson.fromJson(Gson.java:1034) ~[gson-2.10.jar%23100!/:?]
	at com.google.gson.Gson.fromJson(Gson.java:969) ~[gson-2.10.jar%23100!/:?]
	at net.minecraftforge.fml.VersionChecker$1.process(VersionChecker.java:186) ~[fmlcore-1.20.1-47.4.6.jar%231077!/:?]
	at java.lang.Iterable.forEach(Iterable.java:75) ~[?:?]
	at net.minecraftforge.fml.VersionChecker$1.run(VersionChecker.java:117) ~[fmlcore-1.20.1-47.4.6.jar%231077!/:?]
Caused by: com.google.gson.stream.MalformedJsonException: Expected name at line 9 column 4 path $..1.21.4-latest
	at com.google.gson.stream.JsonReader.syntaxError(JsonReader.java:1657) ~[gson-2.10.jar%23100!/:?]
	at com.google.gson.stream.JsonReader.doPeek(JsonReader.java:514) ~[gson-2.10.jar%23100!/:?]
	at com.google.gson.stream.JsonReader.hasNext(JsonReader.java:422) ~[gson-2.10.jar%23100!/:?]
	at com.google.gson.internal.bind.ObjectTypeAdapter.read(ObjectTypeAdapter.java:122) ~[gson-2.10.jar%23100!/:?]
	at com.google.gson.internal.bind.TypeAdapterRuntimeTypeWrapper.read(TypeAdapterRuntimeTypeWrapper.java:40) ~[gson-2.10.jar%23100!/:?]
	at com.google.gson.internal.bind.MapTypeAdapterFactory$Adapter.read(MapTypeAdapterFactory.java:186) ~[gson-2.10.jar%23100!/:?]
	at com.google.gson.internal.bind.MapTypeAdapterFactory$Adapter.read(MapTypeAdapterFactory.java:144) ~[gson-2.10.jar%23100!/:?]
	at com.google.gson.Gson.fromJson(Gson.java:1214) ~[gson-2.10.jar%23100!/:?]
	... 6 more
[03Apr2026 19:04:07.670] [Forge Version Check/INFO] [net.minecraftforge.fml.VersionChecker/]: [libx] Starting version check at https://assets.melanx.de/updates/libx.json
[03Apr2026 19:04:07.686] [ForkJoinPool.commonPool-worker-6/WARN] [net.minecraft.client.resources.model.ModelBakery/]: Unable to bake model: 'mcwbiomesoplenty:willow_balcony#': java.lang.RuntimeException: Unknown property 'north' on 'Block{mcwbiomesoplenty:willow_balcony}'
[03Apr2026 19:04:07.695] [Forge Version Check/INFO] [net.minecraftforge.fml.VersionChecker/]: [libx] Found status: AHEAD Current: 1.20.1-5.0.14 Target: null
[03Apr2026 19:04:07.695] [Forge Version Check/INFO] [net.minecraftforge.fml.VersionChecker/]: [adhooks] Starting version check at https://forge.curseupdate.com/244849/adhooks
[03Apr2026 19:04:07.727] [Forge Version Check/INFO] [net.minecraftforge.fml.VersionChecker/]: [adhooks] Found status: UP_TO_DATE Current: 10.1.3.0 Target: null
[03Apr2026 19:04:07.727] [Forge Version Check/INFO] [net.minecraftforge.fml.VersionChecker/]: [puzzlesaccessapi] Starting version check at https://raw.githubusercontent.com/Fuzss/modresources/main/update/puzzlesaccessapi.json
[03Apr2026 19:04:07.741] [Forge Version Check/INFO] [net.minecraftforge.fml.VersionChecker/]: [puzzlesaccessapi] Found status: BETA Current: 20.1.1 Target: null
[03Apr2026 19:04:07.741] [Forge Version Check/INFO] [net.minecraftforge.fml.VersionChecker/]: [forge] Starting version check at https://files.minecraftforge.net/net/minecraftforge/forge/promotions_slim.json
[03Apr2026 19:04:07.874] [Forge Version Check/INFO] [net.minecraftforge.fml.VersionChecker/]: [forge] Found status: OUTDATED Current: 47.4.6 Target: 47.4.10
[03Apr2026 19:04:07.874] [Forge Version Check/INFO] [net.minecraftforge.fml.VersionChecker/]: [cofh_core] Starting version check at https://raw.github.com/cofh/version/main/cofh_core/update.json
[03Apr2026 19:04:07.969] [Forge Version Check/INFO] [net.minecraftforge.fml.VersionChecker/]: [cofh_core] Found status: AHEAD Current: 11.0.2 Target: null
[03Apr2026 19:04:07.969] [Forge Version Check/INFO] [net.minecraftforge.fml.VersionChecker/]: [thermal] Starting version check at https://raw.github.com/cofh/version/main/thermal/update.json
[03Apr2026 19:04:07.994] [Forge Version Check/INFO] [net.minecraftforge.fml.VersionChecker/]: [thermal] Found status: AHEAD Current: 11.0.6 Target: null
[03Apr2026 19:04:07.994] [Forge Version Check/INFO] [net.minecraftforge.fml.VersionChecker/]: [thermal_integration] Starting version check at https://raw.github.com/cofh/version/main/thermal/update_integration.json
[03Apr2026 19:04:08.036] [Forge Version Check/INFO] [net.minecraftforge.fml.VersionChecker/]: [thermal_integration] Found status: AHEAD Current: 11.0.1 Target: null
[03Apr2026 19:04:08.036] [Forge Version Check/INFO] [net.minecraftforge.fml.VersionChecker/]: [thermal_cultivation] Starting version check at https://raw.github.com/cofh/version/main/thermal/update_cultivation.json
[03Apr2026 19:04:08.063] [Forge Version Check/INFO] [net.minecraftforge.fml.VersionChecker/]: [thermal_cultivation] Found status: UP_TO_DATE Current: 11.0.1 Target: null
[03Apr2026 19:04:08.063] [Forge Version Check/INFO] [net.minecraftforge.fml.VersionChecker/]: [thermal_innovation] Starting version check at https://raw.github.com/cofh/version/main/thermal/update_innovation.json
[03Apr2026 19:04:08.090] [Forge Version Check/INFO] [net.minecraftforge.fml.VersionChecker/]: [thermal_innovation] Found status: AHEAD Current: 11.0.1 Target: null
[03Apr2026 19:04:08.090] [Forge Version Check/INFO] [net.minecraftforge.fml.VersionChecker/]: [thermal_foundation] Starting version check at https://raw.github.com/cofh/version/main/thermal/update_foundation.json
[03Apr2026 19:04:08.117] [Forge Version Check/INFO] [net.minecraftforge.fml.VersionChecker/]: [thermal_foundation] Found status: AHEAD Current: 11.0.6 Target: null
[03Apr2026 19:04:08.117] [Forge Version Check/INFO] [net.minecraftforge.fml.VersionChecker/]: [thermal_dynamics] Starting version check at https://raw.github.com/cofh/version/main/thermal/update_dynamics.json
[03Apr2026 19:04:08.152] [ForkJoinPool.commonPool-worker-6/WARN] [net.minecraft.client.resources.model.ModelBakery/]: Unable to bake model: 'mcwbiomesoplenty:dead_balcony#': java.lang.RuntimeException: Unknown property 'north' on 'Block{mcwbiomesoplenty:dead_balcony}'
[03Apr2026 19:04:08.152] [Forge Version Check/INFO] [net.minecraftforge.fml.VersionChecker/]: [thermal_dynamics] Found status: UP_TO_DATE Current: 11.0.1 Target: null
[03Apr2026 19:04:08.152] [Forge Version Check/INFO] [net.minecraftforge.fml.VersionChecker/]: [createoreexcavation] Starting version check at https://raw.githubusercontent.com/tom5454/Create-Ore-Excavation/main/version-check.json
[03Apr2026 19:04:08.169] [Forge Version Check/INFO] [net.minecraftforge.fml.VersionChecker/]: [createoreexcavation] Found status: BETA Current: 1.6.5 Target: 1.6.5
[03Apr2026 19:04:08.169] [Forge Version Check/INFO] [net.minecraftforge.fml.VersionChecker/]: [canary] Starting version check at https://github.com/AbdElAziz333/Canary/raw/mc1.19.2/dev/updates.json
[03Apr2026 19:04:08.299] [Forge Version Check/WARN] [net.minecraftforge.fml.VersionChecker/]: Failed to process update information
com.google.gson.JsonSyntaxException: java.lang.IllegalStateException: Expected BEGIN_OBJECT but was STRING at line 9 column 1 path $
	at com.google.gson.Gson.fromJson(Gson.java:1226) ~[gson-2.10.jar%23100!/:?]
	at com.google.gson.Gson.fromJson(Gson.java:1124) ~[gson-2.10.jar%23100!/:?]
	at com.google.gson.Gson.fromJson(Gson.java:1034) ~[gson-2.10.jar%23100!/:?]
	at com.google.gson.Gson.fromJson(Gson.java:969) ~[gson-2.10.jar%23100!/:?]
	at net.minecraftforge.fml.VersionChecker$1.process(VersionChecker.java:186) ~[fmlcore-1.20.1-47.4.6.jar%231077!/:?]
	at java.lang.Iterable.forEach(Iterable.java:75) ~[?:?]
	at net.minecraftforge.fml.VersionChecker$1.run(VersionChecker.java:117) ~[fmlcore-1.20.1-47.4.6.jar%231077!/:?]
Caused by: java.lang.IllegalStateException: Expected BEGIN_OBJECT but was STRING at line 9 column 1 path $
	at com.google.gson.stream.JsonReader.beginObject(JsonReader.java:393) ~[gson-2.10.jar%23100!/:?]
	at com.google.gson.internal.bind.MapTypeAdapterFactory$Adapter.read(MapTypeAdapterFactory.java:182) ~[gson-2.10.jar%23100!/:?]
	at com.google.gson.internal.bind.MapTypeAdapterFactory$Adapter.read(MapTypeAdapterFactory.java:144) ~[gson-2.10.jar%23100!/:?]
	at com.google.gson.Gson.fromJson(Gson.java:1214) ~[gson-2.10.jar%23100!/:?]
	... 6 more
[03Apr2026 19:04:08.299] [Forge Version Check/INFO] [net.minecraftforge.fml.VersionChecker/]: [embeddium_extra] Starting version check at https://api.modrinth.com/updates/rubidium-extra/forge_updates.json
[03Apr2026 19:04:08.372] [Forge Version Check/INFO] [net.minecraftforge.fml.VersionChecker/]: [embeddium_extra] Found status: UP_TO_DATE Current: 0.5.4.4+mc1.20.1-build.131 Target: null
[03Apr2026 19:04:08.372] [Forge Version Check/INFO] [net.minecraftforge.fml.VersionChecker/]: [puzzleslib] Starting version check at https://raw.githubusercontent.com/Fuzss/modresources/main/update/puzzleslib.json
[03Apr2026 19:04:08.394] [Forge Version Check/INFO] [net.minecraftforge.fml.VersionChecker/]: [puzzleslib] Found status: UP_TO_DATE Current: 8.1.33 Target: null
[03Apr2026 19:04:08.394] [Forge Version Check/INFO] [net.minecraftforge.fml.VersionChecker/]: [armorunlocked] Starting version check at https://raw.githubusercontent.com/Crimix/ArmorUnlocked/1.20/update.json
[03Apr2026 19:04:08.445] [Forge Version Check/INFO] [net.minecraftforge.fml.VersionChecker/]: [armorunlocked] Found status: UP_TO_DATE Current: 1.0.2 Target: null
[03Apr2026 19:04:08.445] [Forge Version Check/INFO] [net.minecraftforge.fml.VersionChecker/]: [blue_skies] Starting version check at http://changelogs.moddinglegacy.com/blue-skies.json
[03Apr2026 19:04:08.508] [Forge Version Check/INFO] [net.minecraftforge.fml.VersionChecker/]: [blue_skies] Found status: UP_TO_DATE Current: 1.3.31 Target: null
[03Apr2026 19:04:08.508] [Forge Version Check/INFO] [net.minecraftforge.fml.VersionChecker/]: [mr_chunky_playerpause] Starting version check at https://api.modrinth.com/updates/wYO04fON/forge_updates.json
[03Apr2026 19:04:08.544] [Forge Version Check/WARN] [net.minecraftforge.fml.VersionChecker/]: Failed to process update information
java.lang.NullPointerException: Cannot invoke "java.util.Map.get(Object)" because "promos" is null
	at net.minecraftforge.fml.VersionChecker$1.process(VersionChecker.java:192) ~[fmlcore-1.20.1-47.4.6.jar%231077!/:?]
	at java.lang.Iterable.forEach(Iterable.java:75) ~[?:?]
	at net.minecraftforge.fml.VersionChecker$1.run(VersionChecker.java:117) ~[fmlcore-1.20.1-47.4.6.jar%231077!/:?]
[03Apr2026 19:04:08.544] [Forge Version Check/INFO] [net.minecraftforge.fml.VersionChecker/]: [aether] Starting version check at https://github.com/The-Aether-Team/The-Aether/raw/1.20.1-develop/update.json
[03Apr2026 19:04:08.570] [Forge Version Check/INFO] [net.minecraftforge.fml.VersionChecker/]: [aether] Found status: UP_TO_DATE Current: 1.20.1-1.5.2-neoforge Target: null
[03Apr2026 19:04:08.570] [Forge Version Check/INFO] [net.minecraftforge.fml.VersionChecker/]: [deep_aether] Starting version check at https://github.com/RazorDevs/Deep-Aether/raw/1.20.1-1.1/update.json
[03Apr2026 19:04:08.608] [Forge Version Check/INFO] [net.minecraftforge.fml.VersionChecker/]: [deep_aether] Found status: UP_TO_DATE Current: 1.20.1-1.1.7 Target: null
[03Apr2026 19:04:08.608] [Forge Version Check/INFO] [net.minecraftforge.fml.VersionChecker/]: [controlling] Starting version check at https://updates.blamejared.com/get?n=controlling&gv=1.20.1
[03Apr2026 19:04:08.673] [ForkJoinPool.commonPool-worker-6/WARN] [net.minecraft.client.resources.model.ModelBakery/]: Unable to bake model: 'mcwbiomesoplenty:empyreal_log_parapet#': java.lang.RuntimeException: Unknown property 'facing' on 'Block{mcwbiomesoplenty:empyreal_log_parapet}'
[03Apr2026 19:04:08.735] [Forge Version Check/INFO] [net.minecraftforge.fml.VersionChecker/]: [controlling] Found status: BETA Current: 12.0.2 Target: 12.0.2
[03Apr2026 19:04:08.736] [Forge Version Check/INFO] [net.minecraftforge.fml.VersionChecker/]: [twilightforest] Starting version check at https://gh.tamaized.com/TeamTwilight/twilightforest/update.json
[03Apr2026 19:04:08.745] [ForkJoinPool.commonPool-worker-6/WARN] [net.minecraft.client.resources.model.ModelBakery/]: Unable to bake model: 'mcwbiomesoplenty:pine_balcony#': java.lang.RuntimeException: Unknown property 'north' on 'Block{mcwbiomesoplenty:pine_balcony}'
[03Apr2026 19:04:08.754] [ForkJoinPool.commonPool-worker-6/WARN] [net.minecraft.client.resources.model.ModelBakery/]: Unable to bake model: 'mcwbiomesoplenty:pine_plank_parapet#': java.lang.RuntimeException: Unknown property 'facing' on 'Block{mcwbiomesoplenty:pine_plank_parapet}'
[03Apr2026 19:04:08.887] [Forge Version Check/INFO] [net.minecraftforge.fml.VersionChecker/]: [twilightforest] Found status: AHEAD Current: 4.3.2508 Target: null
[03Apr2026 19:04:08.887] [Forge Version Check/INFO] [net.minecraftforge.fml.VersionChecker/]: [mcwfences] Starting version check at https://raw.githubusercontent.com/sketchmacaw/macawsmods/master/fences.json
[03Apr2026 19:04:08.899] [Forge Version Check/INFO] [net.minecraftforge.fml.VersionChecker/]: [mcwfences] Found status: UP_TO_DATE Current: 1.2.1 Target: null
[03Apr2026 19:04:08.899] [Forge Version Check/INFO] [net.minecraftforge.fml.VersionChecker/]: [thermal_expansion] Starting version check at https://raw.github.com/cofh/version/main/thermal/update_expansion.json
[03Apr2026 19:04:08.933] [Forge Version Check/INFO] [net.minecraftforge.fml.VersionChecker/]: [thermal_expansion] Found status: UP_TO_DATE Current: 11.0.1 Target: null
[03Apr2026 19:04:08.933] [Forge Version Check/INFO] [net.minecraftforge.fml.VersionChecker/]: [cucumber] Starting version check at https://api.blakesmods.com/v2/mods/cucumber/1.20/updates
[03Apr2026 19:04:08.954] [ForkJoinPool.commonPool-worker-6/WARN] [net.minecraft.client.resources.model.ModelBakery/]: Unable to bake model: 'mcwbiomesoplenty:mahogany_log_parapet#': java.lang.RuntimeException: Unknown property 'facing' on 'Block{mcwbiomesoplenty:mahogany_log_parapet}'
[03Apr2026 19:04:08.989] [Forge Version Check/INFO] [net.minecraftforge.fml.VersionChecker/]: [cucumber] Found status: UP_TO_DATE Current: 7.0.16 Target: null
[03Apr2026 19:04:08.989] [Forge Version Check/INFO] [net.minecraftforge.fml.VersionChecker/]: [ensorcellation] Starting version check at https://raw.github.com/cofh/version/main/ensorcellation/update.json
[03Apr2026 19:04:09.022] [Forge Version Check/INFO] [net.minecraftforge.fml.VersionChecker/]: [ensorcellation] Found status: AHEAD Current: 5.0.2 Target: null
[03Apr2026 19:04:09.022] [Forge Version Check/INFO] [net.minecraftforge.fml.VersionChecker/]: [journeymap] Starting version check at https://forge.curseupdate.com/32274/journeymap
[03Apr2026 19:04:09.044] [ForkJoinPool.commonPool-worker-6/WARN] [net.minecraft.client.resources.model.ModelBakery/]: Unable to bake model: 'mcwbiomesoplenty:palm_log_parapet#': java.lang.RuntimeException: Unknown property 'facing' on 'Block{mcwbiomesoplenty:palm_log_parapet}'
[03Apr2026 19:04:09.046] [Forge Version Check/INFO] [net.minecraftforge.fml.VersionChecker/]: [journeymap] Found status: UP_TO_DATE Current: 5.10.3 Target: null
[03Apr2026 19:04:09.046] [Forge Version Check/INFO] [net.minecraftforge.fml.VersionChecker/]: [configured] Starting version check at https://mrcrayfish.com/modupdatejson?id=configured
[03Apr2026 19:04:09.152] [ForkJoinPool.commonPool-worker-6/WARN] [net.minecraft.client.resources.model.ModelBakery/]: Unable to bake model: 'mcwbiomesoplenty:umbran_plank_parapet#': java.lang.RuntimeException: Unknown property 'facing' on 'Block{mcwbiomesoplenty:umbran_plank_parapet}'
[03Apr2026 19:04:09.222] [Forge Version Check/WARN] [net.minecraftforge.fml.VersionChecker/]: Failed to process update information
com.google.gson.JsonSyntaxException: java.lang.IllegalStateException: Expected BEGIN_OBJECT but was STRING at line 1 column 1 path $
	at com.google.gson.Gson.fromJson(Gson.java:1226) ~[gson-2.10.jar%23100!/:?]
	at com.google.gson.Gson.fromJson(Gson.java:1124) ~[gson-2.10.jar%23100!/:?]
	at com.google.gson.Gson.fromJson(Gson.java:1034) ~[gson-2.10.jar%23100!/:?]
	at com.google.gson.Gson.fromJson(Gson.java:969) ~[gson-2.10.jar%23100!/:?]
	at net.minecraftforge.fml.VersionChecker$1.process(VersionChecker.java:186) ~[fmlcore-1.20.1-47.4.6.jar%231077!/:?]
	at java.lang.Iterable.forEach(Iterable.java:75) ~[?:?]
	at net.minecraftforge.fml.VersionChecker$1.run(VersionChecker.java:117) ~[fmlcore-1.20.1-47.4.6.jar%231077!/:?]
Caused by: java.lang.IllegalStateException: Expected BEGIN_OBJECT but was STRING at line 1 column 1 path $
	at com.google.gson.stream.JsonReader.beginObject(JsonReader.java:393) ~[gson-2.10.jar%23100!/:?]
	at com.google.gson.internal.bind.MapTypeAdapterFactory$Adapter.read(MapTypeAdapterFactory.java:182) ~[gson-2.10.jar%23100!/:?]
	at com.google.gson.internal.bind.MapTypeAdapterFactory$Adapter.read(MapTypeAdapterFactory.java:144) ~[gson-2.10.jar%23100!/:?]
	at com.google.gson.Gson.fromJson(Gson.java:1214) ~[gson-2.10.jar%23100!/:?]
	... 6 more
[03Apr2026 19:04:09.222] [Forge Version Check/INFO] [net.minecraftforge.fml.VersionChecker/]: [enderstorage] Starting version check at https://version-check.covers1624.net/check/?mod=EnderStorage&mc=1.20.1
[03Apr2026 19:04:09.354] [ForkJoinPool.commonPool-worker-6/WARN] [net.minecraft.client.resources.model.ModelBakery/]: Unable to bake model: 'mcwbiomesoplenty:umbran_log_parapet#': java.lang.RuntimeException: Unknown property 'facing' on 'Block{mcwbiomesoplenty:umbran_log_parapet}'
[03Apr2026 19:04:09.450] [Forge Version Check/INFO] [net.minecraftforge.fml.VersionChecker/]: [enderstorage] Found status: UP_TO_DATE Current: 2.11.0.188 Target: null
[03Apr2026 19:04:09.450] [Forge Version Check/INFO] [net.minecraftforge.fml.VersionChecker/]: [unwrecked_ships_plus] Starting version check at https://api.modrinth.com/updates/ae8EZLiC/forge_updates.json
[03Apr2026 19:04:09.473] [ForkJoinPool.commonPool-worker-6/WARN] [net.minecraft.client.resources.model.ModelBakery/]: Unable to bake model: 'mcwbiomesoplenty:jacaranda_plank_parapet#': java.lang.RuntimeException: Unknown property 'facing' on 'Block{mcwbiomesoplenty:jacaranda_plank_parapet}'
[03Apr2026 19:04:09.518] [Forge Version Check/INFO] [net.minecraftforge.fml.VersionChecker/]: [unwrecked_ships_plus] Found status: UP_TO_DATE Current: 2.0.5 Target: null
[03Apr2026 19:04:09.518] [Forge Version Check/INFO] [net.minecraftforge.fml.VersionChecker/]: [cutthrough] Starting version check at https://raw.githubusercontent.com/Fuzss/modresources/main/update/cutthrough.json
[03Apr2026 19:04:09.549] [Forge Version Check/INFO] [net.minecraftforge.fml.VersionChecker/]: [cutthrough] Found status: UP_TO_DATE Current: 8.0.2 Target: null
[03Apr2026 19:04:09.549] [Forge Version Check/INFO] [net.minecraftforge.fml.VersionChecker/]: [enchdesc] Starting version check at https://updates.blamejared.com/get?n=enchdesc&gv=1.20.1
[03Apr2026 19:04:09.668] [Forge Version Check/INFO] [net.minecraftforge.fml.VersionChecker/]: [enchdesc] Found status: BETA Current: 17.1.21 Target: 17.1.21
[03Apr2026 19:04:09.668] [Forge Version Check/INFO] [net.minecraftforge.fml.VersionChecker/]: [moonlight] Starting version check at https://api.modrinth.com/updates/moonlight/forge_updates.json
[03Apr2026 19:04:09.671] [ForkJoinPool.commonPool-worker-6/WARN] [net.minecraft.client.resources.model.ModelBakery/]: Unable to bake model: 'mcwbiomesoplenty:mahogany_plank_parapet#': java.lang.RuntimeException: Unknown property 'facing' on 'Block{mcwbiomesoplenty:mahogany_plank_parapet}'
[03Apr2026 19:04:09.682] [ForkJoinPool.commonPool-worker-6/INFO] [Estrogen/]: Baking 17 thigh high models
[03Apr2026 19:04:09.716] [ForkJoinPool.commonPool-worker-6/WARN] [net.minecraft.client.resources.model.ModelBakery/]: Unable to bake model: 'mcwbiomesoplenty:willow_log_parapet#': java.lang.RuntimeException: Unknown property 'facing' on 'Block{mcwbiomesoplenty:willow_log_parapet}'
[03Apr2026 19:04:09.738] [ForkJoinPool.commonPool-worker-6/WARN] [net.minecraft.client.resources.model.ModelBakery/]: Unable to bake model: 'mcwbiomesoplenty:willow_plank_parapet#': java.lang.RuntimeException: Unknown property 'facing' on 'Block{mcwbiomesoplenty:willow_plank_parapet}'
[03Apr2026 19:04:09.762] [Forge Version Check/INFO] [net.minecraftforge.fml.VersionChecker/]: [moonlight] Found status: OUTDATED Current: 1.20-2.16.28 Target: 1.20-2.16.28-forge
[03Apr2026 19:04:09.762] [Forge Version Check/INFO] [net.minecraftforge.fml.VersionChecker/]: [silentlib] Starting version check at https://raw.githubusercontent.com/SilentChaos512/SilentLib/1.20.x/update.json
[03Apr2026 19:04:09.776] [Forge Version Check/INFO] [net.minecraftforge.fml.VersionChecker/]: [silentlib] Found status: BETA Current: 8.0.0 Target: null
[03Apr2026 19:04:09.776] [Forge Version Check/INFO] [net.minecraftforge.fml.VersionChecker/]: [iceberg] Starting version check at https://mc-update-check.anthonyhilyard.com/520110
[03Apr2026 19:04:09.802] [Forge Version Check/INFO] [net.minecraftforge.fml.VersionChecker/]: [iceberg] Found status: UP_TO_DATE Current: 1.1.25 Target: null
[03Apr2026 19:04:09.802] [Forge Version Check/INFO] [net.minecraftforge.fml.VersionChecker/]: [supplementaries] Starting version check at https://api.modrinth.com/updates/supplementaries/forge_updates.json
[03Apr2026 19:04:09.817] [ForkJoinPool.commonPool-worker-6/WARN] [net.minecraft.client.resources.model.ModelBakery/]: Unable to bake model: 'mcwbiomesoplenty:redwood_balcony#': java.lang.RuntimeException: Unknown property 'north' on 'Block{mcwbiomesoplenty:redwood_balcony}'
[03Apr2026 19:04:09.874] [ForkJoinPool.commonPool-worker-6/WARN] [net.minecraft.client.resources.model.ModelBakery/]: Unable to bake model: 'mcwbiomesoplenty:umbran_balcony#': java.lang.RuntimeException: Unknown property 'north' on 'Block{mcwbiomesoplenty:umbran_balcony}'
[03Apr2026 19:04:09.933] [ForkJoinPool.commonPool-worker-6/WARN] [net.minecraft.client.resources.model.ModelBakery/]: Unable to bake model: 'mcwbiomesoplenty:magic_balcony#': java.lang.RuntimeException: Unknown property 'north' on 'Block{mcwbiomesoplenty:magic_balcony}'
[03Apr2026 19:04:09.938] [Forge Version Check/INFO] [net.minecraftforge.fml.VersionChecker/]: [supplementaries] Found status: OUTDATED Current: 1.20-3.1.42 Target: 1.20-3.1.42-forge
[03Apr2026 19:04:09.938] [Forge Version Check/INFO] [net.minecraftforge.fml.VersionChecker/]: [delightful] Starting version check at https://raw.githubusercontent.com/brnbrd/Delightful/1.20.1/update/update.json
[03Apr2026 19:04:09.953] [Forge Version Check/INFO] [net.minecraftforge.fml.VersionChecker/]: [delightful] Found status: UP_TO_DATE Current: 3.7.8 Target: null
[03Apr2026 19:04:09.953] [Forge Version Check/INFO] [net.minecraftforge.fml.VersionChecker/]: [inventoryhud] Starting version check at https://raw.githubusercontent.com/DmitryLovin/pluginUpdate/master/invupdate.json
[03Apr2026 19:04:09.965] [ForkJoinPool.commonPool-worker-6/WARN] [net.minecraft.client.resources.model.ModelBakery/]: Unable to bake model: 'mcwbiomesoplenty:maple_balcony#': java.lang.RuntimeException: Unknown property 'north' on 'Block{mcwbiomesoplenty:maple_balcony}'
[03Apr2026 19:04:09.973] [Forge Version Check/INFO] [net.minecraftforge.fml.VersionChecker/]: [inventoryhud] Found status: UP_TO_DATE Current: 3.4.26 Target: null
[03Apr2026 19:04:10.137] [ForkJoinPool.commonPool-worker-6/WARN] [net.minecraft.client.resources.model.ModelBakery/]: Unable to bake model: 'mcwbiomesoplenty:jacaranda_log_parapet#': java.lang.RuntimeException: Unknown property 'facing' on 'Block{mcwbiomesoplenty:jacaranda_log_parapet}'
[03Apr2026 19:04:10.140] [ForkJoinPool.commonPool-worker-6/WARN] [net.minecraft.client.resources.model.ModelBakery/]: Unable to bake model: 'mcwbiomesoplenty:magic_plank_parapet#': java.lang.RuntimeException: Unknown property 'facing' on 'Block{mcwbiomesoplenty:magic_plank_parapet}'
[03Apr2026 19:04:10.624] [ForkJoinPool.commonPool-worker-6/WARN] [net.minecraft.client.resources.model.ModelBakery/]: Unable to bake model: 'mcwbiomesoplenty:hellbark_balcony#': java.lang.RuntimeException: Unknown property 'north' on 'Block{mcwbiomesoplenty:hellbark_balcony}'
[03Apr2026 19:04:10.640] [ForkJoinPool.commonPool-worker-6/WARN] [net.minecraft.client.resources.model.ModelBakery/]: Unable to bake model: 'mcwbiomesoplenty:palm_balcony#': java.lang.RuntimeException: Unknown property 'north' on 'Block{mcwbiomesoplenty:palm_balcony}'
[03Apr2026 19:04:10.769] [ForkJoinPool.commonPool-worker-6/WARN] [net.minecraft.client.resources.model.ModelBakery/]: Unable to bake model: 'mcwbiomesoplenty:empyreal_plank_parapet#': java.lang.RuntimeException: Unknown property 'facing' on 'Block{mcwbiomesoplenty:empyreal_plank_parapet}'
[03Apr2026 19:04:11.047] [ForkJoinPool.commonPool-worker-6/WARN] [net.minecraft.client.resources.model.ModelBakery/]: Unable to bake model: 'mcwbiomesoplenty:maple_plank_parapet#': java.lang.RuntimeException: Unknown property 'facing' on 'Block{mcwbiomesoplenty:maple_plank_parapet}'
[03Apr2026 19:04:11.212] [ForkJoinPool.commonPool-worker-6/WARN] [net.minecraft.client.resources.model.ModelBakery/]: Unable to bake model: 'mcwbiomesoplenty:empyreal_balcony#': java.lang.RuntimeException: Unknown property 'north' on 'Block{mcwbiomesoplenty:empyreal_balcony}'
[03Apr2026 19:04:11.317] [ForkJoinPool.commonPool-worker-6/WARN] [net.minecraft.client.resources.model.ModelBakery/]: Unable to bake model: 'mcwbiomesoplenty:fir_plank_parapet#': java.lang.RuntimeException: Unknown property 'facing' on 'Block{mcwbiomesoplenty:fir_plank_parapet}'
[03Apr2026 19:04:11.525] [ForkJoinPool.commonPool-worker-6/WARN] [net.minecraft.client.resources.model.ModelBakery/]: Unable to bake model: 'mcwbiomesoplenty:pine_log_parapet#': java.lang.RuntimeException: Unknown property 'facing' on 'Block{mcwbiomesoplenty:pine_log_parapet}'
[03Apr2026 19:04:11.558] [ForkJoinPool.commonPool-worker-6/WARN] [net.minecraft.client.resources.model.ModelBakery/]: Unable to bake model: 'mcwbiomesoplenty:maple_log_parapet#': java.lang.RuntimeException: Unknown property 'facing' on 'Block{mcwbiomesoplenty:maple_log_parapet}'
[03Apr2026 19:04:11.610] [ForkJoinPool.commonPool-worker-6/WARN] [net.minecraft.client.resources.model.ModelBakery/]: Unable to bake model: 'mcwbiomesoplenty:dead_log_parapet#': java.lang.RuntimeException: Unknown property 'facing' on 'Block{mcwbiomesoplenty:dead_log_parapet}'
[03Apr2026 19:04:11.690] [ForkJoinPool.commonPool-worker-6/WARN] [net.minecraft.client.resources.model.ModelBakery/]: Unable to bake model: 'mcwbiomesoplenty:magic_log_parapet#': java.lang.RuntimeException: Unknown property 'facing' on 'Block{mcwbiomesoplenty:magic_log_parapet}'
[03Apr2026 19:04:11.709] [ForkJoinPool.commonPool-worker-6/WARN] [net.minecraft.client.resources.model.ModelBakery/]: Unable to bake model: 'mcwbiomesoplenty:hellbark_log_parapet#': java.lang.RuntimeException: Unknown property 'facing' on 'Block{mcwbiomesoplenty:hellbark_log_parapet}'
[03Apr2026 19:04:11.751] [ForkJoinPool.commonPool-worker-6/WARN] [net.minecraft.client.resources.model.ModelBakery/]: Unable to bake model: 'mcwbiomesoplenty:hellbark_plank_parapet#': java.lang.RuntimeException: Unknown property 'facing' on 'Block{mcwbiomesoplenty:hellbark_plank_parapet}'
[03Apr2026 19:04:11.847] [ForkJoinPool.commonPool-worker-6/WARN] [net.minecraft.client.resources.model.ModelBakery/]: Unable to bake model: 'mcwbiomesoplenty:dead_plank_parapet#': java.lang.RuntimeException: Unknown property 'facing' on 'Block{mcwbiomesoplenty:dead_plank_parapet}'
[03Apr2026 19:04:11.897] [ForkJoinPool.commonPool-worker-6/WARN] [net.minecraft.client.resources.model.ModelBakery/]: Unable to bake model: 'mcwbiomesoplenty:redwood_plank_parapet#': java.lang.RuntimeException: Unknown property 'facing' on 'Block{mcwbiomesoplenty:redwood_plank_parapet}'
[03Apr2026 19:04:12.158] [ForkJoinPool.commonPool-worker-6/WARN] [net.minecraft.client.resources.model.ModelBakery/]: Unable to bake model: 'mcwbiomesoplenty:jacaranda_balcony#': java.lang.RuntimeException: Unknown property 'north' on 'Block{mcwbiomesoplenty:jacaranda_balcony}'
[03Apr2026 19:04:12.184] [ForkJoinPool.commonPool-worker-6/WARN] [net.minecraft.client.resources.model.ModelBakery/]: Unable to bake model: 'mcwbiomesoplenty:mahogany_balcony#': java.lang.RuntimeException: Unknown property 'north' on 'Block{mcwbiomesoplenty:mahogany_balcony}'
[03Apr2026 19:04:12.251] [ForkJoinPool.commonPool-worker-6/WARN] [net.minecraft.client.resources.model.ModelBakery/]: Unable to bake model: 'mcwbiomesoplenty:fir_balcony#': java.lang.RuntimeException: Unknown property 'north' on 'Block{mcwbiomesoplenty:fir_balcony}'
[03Apr2026 19:04:12.336] [ForkJoinPool.commonPool-worker-6/WARN] [net.minecraft.client.resources.model.ModelBakery/]: Unable to bake model: 'mcwbiomesoplenty:palm_plank_parapet#': java.lang.RuntimeException: Unknown property 'facing' on 'Block{mcwbiomesoplenty:palm_plank_parapet}'
[03Apr2026 19:04:12.377] [ForkJoinPool.commonPool-worker-6/WARN] [net.minecraft.client.resources.model.ModelBakery/]: Unable to bake model: 'mcwbiomesoplenty:redwood_log_parapet#': java.lang.RuntimeException: Unknown property 'facing' on 'Block{mcwbiomesoplenty:redwood_log_parapet}'
[03Apr2026 19:04:12.414] [ForkJoinPool.commonPool-worker-6/WARN] [net.minecraft.client.resources.model.ModelBakery/]: Unable to bake model: 'mcwbiomesoplenty:fir_log_parapet#': java.lang.RuntimeException: Unknown property 'facing' on 'Block{mcwbiomesoplenty:fir_log_parapet}'
[03Apr2026 19:04:17.310] [Render thread/INFO] [ModdingLegacy/blue_skies/SkiesDataManager/]: Loaded 13 journal_lang
[03Apr2026 19:04:17.477] [ForkJoinPool.commonPool-worker-7/INFO] [io.redspace.ironsspellbooks.IronsSpellbooks/]: Got IMC []
[03Apr2026 19:04:17.479] [ForkJoinPool.commonPool-worker-6/INFO] [net.blay09.mods.craftingtweaks.IMCHandler/]: refinedstorage has registered com.refinedmods.refinedstorage.container.GridContainerMenu for CraftingTweaks via IMC
[03Apr2026 19:04:17.512] [ForkJoinPool.commonPool-worker-7/INFO] [AttributeFix/]: Loaded values for 168 compatible attributes.
[03Apr2026 19:04:17.514] [ForkJoinPool.commonPool-worker-7/WARN] [AttributeFix/]: Attribute ID 'apotheosis:mining_speed' does not belong to a known attribute. This entry will be ignored.
[03Apr2026 19:04:17.514] [ForkJoinPool.commonPool-worker-7/WARN] [AttributeFix/]: Attribute ID 'ars_nouveau:ars_nouveau.perk.flat_max_mana' does not belong to a known attribute. This entry will be ignored.
[03Apr2026 19:04:17.514] [ForkJoinPool.commonPool-worker-7/WARN] [AttributeFix/]: Attribute ID 'epicfight:stamina_regen' does not belong to a known attribute. This entry will be ignored.
[03Apr2026 19:04:17.514] [ForkJoinPool.commonPool-worker-7/WARN] [AttributeFix/]: Attribute ID 'epicfight:execution_resistance' does not belong to a known attribute. This entry will be ignored.
[03Apr2026 19:04:17.514] [ForkJoinPool.commonPool-worker-7/WARN] [AttributeFix/]: Attribute ID 'apotheosis:ghost_health' does not belong to a known attribute. This entry will be ignored.
[03Apr2026 19:04:17.514] [ForkJoinPool.commonPool-worker-7/WARN] [AttributeFix/]: Attribute ID 'apotheosis:prot_pierce' does not belong to a known attribute. This entry will be ignored.
[03Apr2026 19:04:17.514] [ForkJoinPool.commonPool-worker-7/WARN] [AttributeFix/]: Attribute ID 'apotheosis:fire_damage' does not belong to a known attribute. This entry will be ignored.
[03Apr2026 19:04:17.514] [ForkJoinPool.commonPool-worker-7/WARN] [AttributeFix/]: Attribute ID 'apotheosis:dodge_chance' does not belong to a known attribute. This entry will be ignored.
[03Apr2026 19:04:17.514] [ForkJoinPool.commonPool-worker-7/WARN] [AttributeFix/]: Attribute ID 'ars_nouveau:ars_nouveau.perk.percent_max_mana' does not belong to a known attribute. This entry will be ignored.
[03Apr2026 19:04:17.514] [ForkJoinPool.commonPool-worker-7/WARN] [AttributeFix/]: Attribute ID 'apotheosis:crit_damage' does not belong to a known attribute. This entry will be ignored.
[03Apr2026 19:04:17.514] [ForkJoinPool.commonPool-worker-7/WARN] [AttributeFix/]: Attribute ID 'epicfight:stun_armor' does not belong to a known attribute. This entry will be ignored.
[03Apr2026 19:04:17.514] [ForkJoinPool.commonPool-worker-7/WARN] [AttributeFix/]: Attribute ID 'epicfight:offhand_max_strikes' does not belong to a known attribute. This entry will be ignored.
[03Apr2026 19:04:17.514] [ForkJoinPool.commonPool-worker-7/WARN] [AttributeFix/]: Attribute ID 'apotheosis:life_steal' does not belong to a known attribute. This entry will be ignored.
[03Apr2026 19:04:17.514] [ForkJoinPool.commonPool-worker-7/WARN] [AttributeFix/]: Attribute ID 'apotheosis:experience_gained' does not belong to a known attribute. This entry will be ignored.
[03Apr2026 19:04:17.514] [ForkJoinPool.commonPool-worker-7/WARN] [AttributeFix/]: Attribute ID 'epicfight:offhand_attack_speed' does not belong to a known attribute. This entry will be ignored.
[03Apr2026 19:04:17.514] [ForkJoinPool.commonPool-worker-7/WARN] [AttributeFix/]: Attribute ID 'epicfight:weight' does not belong to a known attribute. This entry will be ignored.
[03Apr2026 19:04:17.514] [ForkJoinPool.commonPool-worker-7/WARN] [AttributeFix/]: Attribute ID 'apotheosis:crit_chance' does not belong to a known attribute. This entry will be ignored.
[03Apr2026 19:04:17.514] [ForkJoinPool.commonPool-worker-7/WARN] [AttributeFix/]: Attribute ID 'epicfight:armor_negation' does not belong to a known attribute. This entry will be ignored.
[03Apr2026 19:04:17.514] [ForkJoinPool.commonPool-worker-7/WARN] [AttributeFix/]: Attribute ID 'epicfight:offhand_armor_negation' does not belong to a known attribute. This entry will be ignored.
[03Apr2026 19:04:17.514] [ForkJoinPool.commonPool-worker-7/WARN] [AttributeFix/]: Attribute ID 'apotheosis:armor_pierce' does not belong to a known attribute. This entry will be ignored.
[03Apr2026 19:04:17.514] [ForkJoinPool.commonPool-worker-7/WARN] [AttributeFix/]: Attribute ID 'apotheosis:prot_shred' does not belong to a known attribute. This entry will be ignored.
[03Apr2026 19:04:17.514] [ForkJoinPool.commonPool-worker-7/WARN] [AttributeFix/]: Attribute ID 'apotheosis:arrow_damage' does not belong to a known attribute. This entry will be ignored.
[03Apr2026 19:04:17.514] [ForkJoinPool.commonPool-worker-7/WARN] [AttributeFix/]: Attribute ID 'epicfight:offhand_impact' does not belong to a known attribute. This entry will be ignored.
[03Apr2026 19:04:17.514] [ForkJoinPool.commonPool-worker-7/WARN] [AttributeFix/]: Attribute ID 'apotheosis:current_hp_damage' does not belong to a known attribute. This entry will be ignored.
[03Apr2026 19:04:17.514] [ForkJoinPool.commonPool-worker-7/WARN] [AttributeFix/]: Attribute ID 'epicfight:staminar' does not belong to a known attribute. This entry will be ignored.
[03Apr2026 19:04:17.514] [ForkJoinPool.commonPool-worker-7/WARN] [AttributeFix/]: Attribute ID 'ars_nouveau:ars_nouveau.perk.toughness' does not belong to a known attribute. This entry will be ignored.
[03Apr2026 19:04:17.514] [ForkJoinPool.commonPool-worker-7/WARN] [AttributeFix/]: Attribute ID 'apotheosis:armor_shred' does not belong to a known attribute. This entry will be ignored.
[03Apr2026 19:04:17.514] [ForkJoinPool.commonPool-worker-7/WARN] [AttributeFix/]: Attribute ID 'apotheosis:arrow_velocity' does not belong to a known attribute. This entry will be ignored.
[03Apr2026 19:04:17.514] [ForkJoinPool.commonPool-worker-7/WARN] [AttributeFix/]: Attribute ID 'apotheosis:healing_received' does not belong to a known attribute. This entry will be ignored.
[03Apr2026 19:04:17.514] [ForkJoinPool.commonPool-worker-7/WARN] [AttributeFix/]: Attribute ID 'apotheosis:draw_speed' does not belong to a known attribute. This entry will be ignored.
[03Apr2026 19:04:17.514] [ForkJoinPool.commonPool-worker-7/WARN] [AttributeFix/]: Attribute ID 'apotheosis:overheal' does not belong to a known attribute. This entry will be ignored.
[03Apr2026 19:04:17.514] [ForkJoinPool.commonPool-worker-7/WARN] [AttributeFix/]: Attribute ID 'epicfight:impact' does not belong to a known attribute. This entry will be ignored.
[03Apr2026 19:04:17.514] [ForkJoinPool.commonPool-worker-7/WARN] [AttributeFix/]: Attribute ID 'apotheosis:cold_damage' does not belong to a known attribute. This entry will be ignored.
[03Apr2026 19:04:17.515] [ForkJoinPool.commonPool-worker-7/WARN] [AttributeFix/]: Attribute ID 'epicfight:max_strikes' does not belong to a known attribute. This entry will be ignored.
[03Apr2026 19:04:17.515] [ForkJoinPool.commonPool-worker-7/INFO] [AttributeFix/]: Loaded 204 values from config.
[03Apr2026 19:04:17.515] [ForkJoinPool.commonPool-worker-3/INFO] [net.xalcon.torchmaster.Torchmaster/]: Applying mega torch entity block list overrides...
[03Apr2026 19:04:17.515] [ForkJoinPool.commonPool-worker-3/INFO] [net.xalcon.torchmaster.Torchmaster/]: Applying dread lamp entity block list overrides...
[03Apr2026 19:04:17.515] [ForkJoinPool.commonPool-worker-1/INFO] [STDOUT/]: [com.mrh0.createaddition.CreateAddition:postInit:136]: Create Crafts & Additions Initialized!
[03Apr2026 19:04:17.520] [ForkJoinPool.commonPool-worker-7/INFO] [AttributeFix/]: Saving config file. 204 entries.
[03Apr2026 19:04:17.520] [ForkJoinPool.commonPool-worker-7/INFO] [AttributeFix/]: Applying changes for 204 attributes.
[03Apr2026 19:04:17.552] [ForkJoinPool.commonPool-worker-3/INFO] [Jade/]: Start loading plugin at dev.shadowsoffire.apotheosis.spawn.compat.SpawnerHwylaPlugin
[03Apr2026 19:04:17.559] [ForkJoinPool.commonPool-worker-3/INFO] [Jade/]: Start loading plugin at dev.shadowsoffire.apotheosis.ench.compat.EnchHwylaPlugin
[03Apr2026 19:04:17.560] [ForkJoinPool.commonPool-worker-3/INFO] [Jade/]: Start loading plugin at dev.shadowsoffire.apotheosis.adventure.compat.AdventureHwylaPlugin
[03Apr2026 19:04:17.561] [ForkJoinPool.commonPool-worker-3/INFO] [Jade/]: Start loading plugin at de.maxhenkel.corpse.integration.waila.PluginCorpse
[03Apr2026 19:04:17.562] [ForkJoinPool.commonPool-worker-3/INFO] [Jade/]: Start loading plugin at edivad.extrastorage.compat.jade.JadeCompatibility
[03Apr2026 19:04:17.563] [ForkJoinPool.commonPool-worker-3/INFO] [Jade/]: Start loading plugin at top.theillusivec4.champions.client.integration.jade.JadePlugin
[03Apr2026 19:04:17.564] [ForkJoinPool.commonPool-worker-3/INFO] [Jade/]: Start loading plugin at com.jaquadro.minecraft.storagedrawers.integration.Waila
[03Apr2026 19:04:17.565] [ForkJoinPool.commonPool-worker-3/INFO] [Jade/]: Start loading plugin at net.blay09.mods.balm.forge.compat.hudinfo.ForgeJadeModCompat
[03Apr2026 19:04:17.566] [ForkJoinPool.commonPool-worker-3/INFO] [Jade/]: Start loading plugin at shetiphian.core.internal.modintegration.jade.JadePlugin
[03Apr2026 19:04:17.568] [ForkJoinPool.commonPool-worker-3/INFO] [Jade/]: Start loading plugin at snownee.jade.addon.JadeAddonsBase
[03Apr2026 19:04:17.569] [ForkJoinPool.commonPool-worker-7/INFO] [com.tom.createores.CreateOreExcavation/]: Loaded KubeJS integration
[03Apr2026 19:04:17.582] [ForkJoinPool.commonPool-worker-3/INFO] [Jade/]: Start loading plugin at mekanism.common.integration.lookingat.jade.MekanismJadePlugin
[03Apr2026 19:04:17.586] [ForkJoinPool.commonPool-worker-3/INFO] [Jade/]: Start loading plugin at com.alessandro.astages.integration.jade.AStagesJadePlugin
[03Apr2026 19:04:17.587] [ForkJoinPool.commonPool-worker-3/INFO] [Jade/]: Start loading plugin at com.hollingsworth.arsnouveau.client.waila.WailaArsNouveauPlugin
[03Apr2026 19:04:17.587] [ForkJoinPool.commonPool-worker-3/INFO] [Jade/]: Start loading plugin at com.aetherteam.aether.integration.jade.AetherJadePlugin
[03Apr2026 19:04:17.588] [ForkJoinPool.commonPool-worker-3/INFO] [Jade/]: Start loading plugin at twilightforest.compat.jade.JadeCompat
[03Apr2026 19:04:17.588] [ForkJoinPool.commonPool-worker-3/INFO] [Jade/]: Start loading plugin at pie.ilikepiefoo.compat.jade.AdditionalJadePlugin
[03Apr2026 19:04:17.589] [ForkJoinPool.commonPool-worker-3/INFO] [pie.ilikepiefoo.compat.jade.AdditionalJadePlugin/]: Jade Plugin Registering Common Data
[03Apr2026 19:04:17.589] [ForkJoinPool.commonPool-worker-3/INFO] [pie.ilikepiefoo.compat.jade.AdditionalJadePlugin/]: Jade Plugin Registering Client Data
[03Apr2026 19:04:17.590] [ForkJoinPool.commonPool-worker-3/INFO] [Jade/]: Start loading plugin at net.p3pp3rf1y.sophisticatedstorage.compat.jade.StorageJadePlugin
[03Apr2026 19:04:17.590] [ForkJoinPool.commonPool-worker-3/INFO] [Jade/]: Start loading plugin at net.blay09.mods.waystones.compat.JadeIntegration
[03Apr2026 19:04:17.590] [ForkJoinPool.commonPool-worker-3/INFO] [Jade/]: Start loading plugin at dev.smolinacadena.refinedcooking.compat.jade.JadePlugin
[03Apr2026 19:04:17.591] [ForkJoinPool.commonPool-worker-3/INFO] [Jade/]: Start loading plugin at net.blay09.mods.cookingforblockheads.compat.ForgeJadeCookingForBlockheadsPlugin
[03Apr2026 19:04:17.592] [ForkJoinPool.commonPool-worker-3/INFO] [Jade/]: Start loading plugin at snownee.jade.addon.vanilla.VanillaPlugin
[03Apr2026 19:04:17.597] [ForkJoinPool.commonPool-worker-5/INFO] [Create: Estrogen/]: registering scenes...
[03Apr2026 19:04:17.605] [ForkJoinPool.commonPool-worker-3/INFO] [Jade/]: Start loading plugin at snownee.jade.addon.universal.UniversalPlugin
[03Apr2026 19:04:17.607] [ForkJoinPool.commonPool-worker-3/INFO] [Jade/]: Start loading plugin at snownee.jade.addon.core.CorePlugin
[03Apr2026 19:04:17.608] [ForkJoinPool.commonPool-worker-5/INFO] [PonderIndex/]: Registering Ponder Scenes took 96.82 ms
[03Apr2026 19:04:17.609] [ForkJoinPool.commonPool-worker-3/INFO] [Jade/]: Start loading plugin at net.mehvahdjukaar.supplementaries.integration.JadeCompat
[03Apr2026 19:04:17.610] [ForkJoinPool.commonPool-worker-3/INFO] [Jade/]: Start loading plugin at net.brnbrd.delightful.compat.jade.DelightfulJadePlugin
[03Apr2026 19:04:17.611] [ForkJoinPool.commonPool-worker-3/INFO] [Jade/]: Start loading plugin at shetiphian.enderchests.modintegration.jade.JadePlugin
[03Apr2026 19:04:17.611] [ForkJoinPool.commonPool-worker-5/INFO] [PonderIndex/]: Registering Ponder Tags took 3.124 ms
[03Apr2026 19:04:17.719] [Render thread/INFO] [citadel/]: adding citadel surface rules via terrablender...
[03Apr2026 19:04:17.720] [Render thread/INFO] [citadel/]: Added 0 vanilla biome surface rule types via terrablender
[03Apr2026 19:04:17.720] [Render thread/INFO] [citadel/]: Added 0 modded biome surface rule types via terrablender
[03Apr2026 19:04:17.880] [Render thread/INFO] [Configured/]: Successfully loaded config provider: com.mrcrayfish.configured.impl.forge.ForgeConfigProvider
[03Apr2026 19:04:17.880] [Render thread/INFO] [Configured/]: Successfully loaded config provider: com.mrcrayfish.configured.impl.framework.FrameworkConfigProvider
[03Apr2026 19:04:17.881] [Render thread/INFO] [Configured/]: Successfully loaded config provider: com.mrcrayfish.configured.impl.jei.JeiConfigProvider
[03Apr2026 19:04:17.881] [Render thread/INFO] [Configured/]: Successfully loaded config provider: com.anthonyhilyard.iceberg.compat.configured.IcebergConfigProvider
[03Apr2026 19:04:17.881] [Render thread/INFO] [Configured/]: Creating config GUI factories...
[03Apr2026 19:04:17.887] [Render thread/INFO] [Configured/]: Registering config factory for mod betterdungeons. Found 1 config(s)
[03Apr2026 19:04:17.888] [Render thread/INFO] [Configured/]: Registering config factory for mod thermal. Found 3 config(s)
[03Apr2026 19:04:17.888] [Render thread/INFO] [Configured/]: Registering config factory for mod rftoolsbase. Found 1 config(s)
[03Apr2026 19:04:17.888] [Render thread/INFO] [Configured/]: Registering config factory for mod forgeendertech. Found 1 config(s)
[03Apr2026 19:04:17.888] [Render thread/INFO] [Configured/]: Registering config factory for mod hunger_overhaul. Found 1 config(s)
[03Apr2026 19:04:17.889] [Render thread/INFO] [Configured/]: Registering config factory for mod jumbofurnace. Found 1 config(s)
[03Apr2026 19:04:17.889] [Render thread/INFO] [Configured/]: Registering config factory for mod thermal_integration. Found 1 config(s)
[03Apr2026 19:04:17.889] [Render thread/INFO] [Configured/]: Registering config factory for mod savage_and_ravage. Found 2 config(s)
[03Apr2026 19:04:17.889] [Render thread/INFO] [Configured/]: Registering config factory for mod biggerstacks. Found 3 config(s)
[03Apr2026 19:04:17.889] [Render thread/INFO] [Configured/]: Registering config factory for mod betterfortresses. Found 1 config(s)
[03Apr2026 19:04:17.890] [Render thread/INFO] [Configured/]: Registering config factory for mod refinedstorage. Found 2 config(s)
[03Apr2026 19:04:17.890] [Render thread/INFO] [Configured/]: Registering config factory for mod structure_gel. Found 2 config(s)
[03Apr2026 19:04:17.890] [Render thread/INFO] [Configured/]: Registering config factory for mod corpse. Found 1 config(s)
[03Apr2026 19:04:17.891] [Render thread/INFO] [Configured/]: Registering config factory for mod industrialforegoing. Found 5 config(s)
[03Apr2026 19:04:17.891] [Render thread/INFO] [Configured/]: Registering config factory for mod repurposed_structures. Found 1 config(s)
[03Apr2026 19:04:17.891] [Render thread/INFO] [Configured/]: Registering config factory for mod bcc. Found 1 config(s)
[03Apr2026 19:04:17.891] [Render thread/INFO] [Configured/]: Registering config factory for mod celestial_core. Found 1 config(s)
[03Apr2026 19:04:17.891] [Render thread/INFO] [Configured/]: Registering config factory for mod dungeons_plus. Found 1 config(s)
[03Apr2026 19:04:17.891] [Render thread/INFO] [Configured/]: Registering config factory for mod botania. Found 2 config(s)
[03Apr2026 19:04:17.891] [Render thread/INFO] [Configured/]: Registering config factory for mod highlighter. Found 1 config(s)
[03Apr2026 19:04:17.891] [Render thread/INFO] [Configured/]: Registering config factory for mod extrastorage. Found 1 config(s)
[03Apr2026 19:04:17.891] [Render thread/INFO] [Configured/]: Registering config factory for mod cumulus_menus. Found 1 config(s)
[03Apr2026 19:04:17.892] [Render thread/INFO] [Configured/]: Registering config factory for mod refinedcooking. Found 1 config(s)
[03Apr2026 19:04:17.892] [Render thread/INFO] [Configured/]: Registering config factory for mod betterendisland. Found 1 config(s)
[03Apr2026 19:04:17.892] [Render thread/INFO] [Configured/]: Registering config factory for mod l2library. Found 2 config(s)
[03Apr2026 19:04:17.892] [Render thread/INFO] [Configured/]: Registering config factory for mod fastleafdecay. Found 1 config(s)
[03Apr2026 19:04:17.892] [Render thread/INFO] [Configured/]: Registering config factory for mod prettybeaches. Found 1 config(s)
[03Apr2026 19:04:17.892] [Render thread/INFO] [Configured/]: Registering config factory for mod adaptive_performance_tweaks_spawn. Found 18 config(s)
[03Apr2026 19:04:17.892] [Render thread/INFO] [Configured/]: Registering config factory for mod mutantmonsters. Found 2 config(s)
[03Apr2026 19:04:17.892] [Render thread/INFO] [Configured/]: Registering config factory for mod visualworkbench. Found 1 config(s)
[03Apr2026 19:04:17.893] [Render thread/INFO] [Configured/]: Registering config factory for mod absolutely_stuffed. Found 1 config(s)
[03Apr2026 19:04:17.893] [Render thread/INFO] [Configured/]: Registering config factory for mod l2screentracker. Found 2 config(s)
[03Apr2026 19:04:17.893] [Render thread/INFO] [Configured/]: Registering config factory for mod champions. Found 5 config(s)
[03Apr2026 19:04:17.893] [Render thread/INFO] [Configured/]: Registering config factory for mod farmingforblockheads. Found 1 config(s)
[03Apr2026 19:04:17.893] [Render thread/INFO] [Configured/]: Registering config factory for mod cofh_core. Found 3 config(s)
[03Apr2026 19:04:17.893] [Render thread/INFO] [Configured/]: Registering config factory for mod extradisks. Found 1 config(s)
[03Apr2026 19:04:17.893] [Render thread/INFO] [Configured/]: Registering config factory for mod rftoolspower. Found 1 config(s)
[03Apr2026 19:04:17.893] [Render thread/INFO] [Configured/]: Registering config factory for mod undead_revamp2. Found 1 config(s)
[03Apr2026 19:04:17.893] [Render thread/INFO] [Configured/]: Registering config factory for mod pamhc2crops. Found 1 config(s)
[03Apr2026 19:04:17.893] [Render thread/INFO] [Configured/]: Registering config factory for mod adlods. Found 1 config(s)
[03Apr2026 19:04:17.894] [Render thread/INFO] [Configured/]: Registering config factory for mod calio. Found 1 config(s)
[03Apr2026 19:04:17.894] [Render thread/INFO] [Configured/]: Registering config factory for mod rftoolsbuilder. Found 2 config(s)
[03Apr2026 19:04:17.894] [Render thread/INFO] [Configured/]: Registering config factory for mod brewinandchewin. Found 2 config(s)
[03Apr2026 19:04:17.894] [Render thread/INFO] [Configured/]: Registering config factory for mod flywheel. Found 1 config(s)
[03Apr2026 19:04:17.894] [Render thread/INFO] [Configured/]: Registering config factory for mod structurize. Found 2 config(s)
[03Apr2026 19:04:17.894] [Render thread/INFO] [Configured/]: Registering config factory for mod appleskin. Found 1 config(s)
[03Apr2026 19:04:17.894] [Render thread/INFO] [Configured/]: Registering config factory for mod lootr. Found 2 config(s)
[03Apr2026 19:04:17.894] [Render thread/INFO] [Configured/]: Registering config factory for mod occultism. Found 2 config(s)
[03Apr2026 19:04:17.894] [Render thread/INFO] [Configured/]: Registering config factory for mod addonslib. Found 1 config(s)
[03Apr2026 19:04:17.894] [Render thread/INFO] [Configured/]: Registering config factory for mod cosmeticarmorreworked. Found 2 config(s)
[03Apr2026 19:04:17.894] [Render thread/INFO] [Configured/]: Registering config factory for mod rsrequestify. Found 1 config(s)
[03Apr2026 19:04:17.894] [Render thread/INFO] [Configured/]: Registering config factory for mod moreartifacts. Found 2 config(s)
[03Apr2026 19:04:17.894] [Render thread/INFO] [Configured/]: Registering config factory for mod betteroceanmonuments. Found 1 config(s)
[03Apr2026 19:04:17.894] [Render thread/INFO] [Configured/]: Registering config factory for mod sophisticatedcore. Found 2 config(s)
[03Apr2026 19:04:17.894] [Render thread/INFO] [Configured/]: Registering config factory for mod insanelib. Found 1 config(s)
[03Apr2026 19:04:17.895] [Render thread/INFO] [Configured/]: Registering config factory for mod sophisticatedbackpacks. Found 2 config(s)
[03Apr2026 19:04:17.895] [Render thread/INFO] [Configured/]: Registering config factory for mod progressivebosses. Found 1 config(s)
[03Apr2026 19:04:17.895] [Render thread/INFO] [Configured/]: Registering config factory for mod mekanismgenerators. Found 3 config(s)
[03Apr2026 19:04:17.895] [Render thread/INFO] [Configured/]: Registering config factory for mod l2damagetracker. Found 1 config(s)
[03Apr2026 19:04:17.895] [Render thread/INFO] [Configured/]: Registering config factory for mod rsinfinitybooster. Found 1 config(s)
[03Apr2026 19:04:17.895] [Render thread/INFO] [Configured/]: Registering config factory for mod equipmentcompare. Found 1 config(s)
[03Apr2026 19:04:17.895] [Render thread/INFO] [Configured/]: Registering config factory for mod enemyexpansion. Found 1 config(s)
[03Apr2026 19:04:17.896] [Render thread/INFO] [Configured/]: Registering config factory for mod pridemoths. Found 1 config(s)
[03Apr2026 19:04:17.896] [Render thread/INFO] [Configured/]: Registering config factory for mod valhelsia_structures. Found 2 config(s)
[03Apr2026 19:04:17.896] [Render thread/INFO] [Configured/]: Registering config factory for mod cataclysm. Found 2 config(s)
[03Apr2026 19:04:17.896] [Render thread/INFO] [Configured/]: Registering config factory for mod scalingmobs. Found 1 config(s)
[03Apr2026 19:04:17.896] [Render thread/INFO] [Configured/]: Registering config factory for mod undergarden. Found 2 config(s)
[03Apr2026 19:04:17.897] [Render thread/INFO] [Configured/]: Registering config factory for mod betteradvancements. Found 1 config(s)
[03Apr2026 19:04:17.897] [Render thread/INFO] [Configured/]: Registering config factory for mod pamhc2trees. Found 1 config(s)
[03Apr2026 19:04:17.897] [Render thread/INFO] [Configured/]: Registering config factory for mod quickstack. Found 2 config(s)
[03Apr2026 19:04:17.897] [Render thread/INFO] [Configured/]: Registering config factory for mod easymagic. Found 2 config(s)
[03Apr2026 19:04:17.897] [Render thread/INFO] [Configured/]: Registering config factory for mod multiplayerbosses. Found 1 config(s)
[03Apr2026 19:04:17.901] [Render thread/INFO] [Configured/]: Registering config factory for mod badmobs. Found 1 config(s)
[03Apr2026 19:04:17.901] [Render thread/INFO] [Configured/]: Registering config factory for mod explorerscompass. Found 2 config(s)
[03Apr2026 19:04:17.901] [Render thread/INFO] [Configured/]: Registering config factory for mod connectorextras_energy_bridge. Found 1 config(s)
[03Apr2026 19:04:17.901] [Render thread/INFO] [Configured/]: Registering config factory for mod akashictome. Found 1 config(s)
[03Apr2026 19:04:17.901] [Render thread/INFO] [Configured/]: Registering config factory for mod travelerstitles. Found 1 config(s)
[03Apr2026 19:04:17.901] [Render thread/INFO] [Configured/]: Registering config factory for mod meetyourfight. Found 1 config(s)
[03Apr2026 19:04:17.901] [Render thread/INFO] [Configured/]: Registering config factory for mod craftingtweaks. Found 1 config(s)
[03Apr2026 19:04:17.902] [Render thread/INFO] [Configured/]: Registering config factory for mod noseenotick. Found 1 config(s)
[03Apr2026 19:04:17.902] [Render thread/INFO] [Configured/]: Registering config factory for mod storagedrawers. Found 2 config(s)
[03Apr2026 19:04:17.902] [Render thread/INFO] [Configured/]: Registering config factory for mod fluxnetworks. Found 3 config(s)
[03Apr2026 19:04:17.902] [Render thread/INFO] [Configured/]: Registering config factory for mod irons_spellbooks. Found 2 config(s)
[03Apr2026 19:04:17.903] [Render thread/INFO] [Configured/]: Registering config factory for mod improvedmobs. Found 2 config(s)
[03Apr2026 19:04:17.903] [Render thread/INFO] [Configured/]: Registering config factory for mod overloadedarmorbar. Found 1 config(s)
[03Apr2026 19:04:17.903] [Render thread/INFO] [Configured/]: Registering config factory for mod morphtool. Found 1 config(s)
[03Apr2026 19:04:17.903] [Render thread/INFO] [Configured/]: Registering config factory for mod overflowingbars. Found 1 config(s)
[03Apr2026 19:04:17.903] [Render thread/INFO] [Configured/]: Registering config factory for mod createaddition. Found 1 config(s)
[03Apr2026 19:04:17.903] [Render thread/INFO] [Configured/]: Registering config factory for mod adaptive_performance_tweaks_core. Found 1 config(s)
[03Apr2026 19:04:17.903] [Render thread/INFO] [Configured/]: Registering config factory for mod easyanvils. Found 2 config(s)
[03Apr2026 19:04:17.903] [Render thread/INFO] [Configured/]: Registering config factory for mod alexsmobs. Found 1 config(s)
[03Apr2026 19:04:17.904] [Render thread/INFO] [Configured/]: Registering config factory for mod apoli. Found 3 config(s)
[03Apr2026 19:04:17.904] [Render thread/INFO] [Configured/]: Registering config factory for mod ironjetpacks. Found 2 config(s)
[03Apr2026 19:04:17.904] [Render thread/INFO] [Configured/]: Registering config factory for mod ctm. Found 1 config(s)
[03Apr2026 19:04:17.904] [Render thread/INFO] [Configured/]: Registering config factory for mod xnet. Found 2 config(s)
[03Apr2026 19:04:17.904] [Render thread/INFO] [Configured/]: Registering config factory for mod armordamagelimit. Found 1 config(s)
[03Apr2026 19:04:17.904] [Render thread/INFO] [Configured/]: Registering config factory for mod cabletiers. Found 1 config(s)
[03Apr2026 19:04:17.904] [Render thread/INFO] [Configured/]: Registering config factory for mod soul_fire_d. Found 1 config(s)
[03Apr2026 19:04:17.904] [Render thread/INFO] [Configured/]: Registering config factory for mod jeresources. Found 1 config(s)
[03Apr2026 19:04:17.904] [Render thread/INFO] [Configured/]: Registering config factory for mod shetiphiancore. Found 2 config(s)
[03Apr2026 19:04:17.904] [Render thread/INFO] [Configured/]: Registering config factory for mod terramity. Found 2 config(s)
[03Apr2026 19:04:17.904] [Render thread/INFO] [Configured/]: Registering config factory for mod torchmaster. Found 1 config(s)
[03Apr2026 19:04:17.905] [Render thread/INFO] [Configured/]: Registering config factory for mod ironfurnaces. Found 1 config(s)
[03Apr2026 19:04:17.905] [Render thread/INFO] [Configured/]: Registering config factory for mod enchantmenttransfer. Found 1 config(s)
[03Apr2026 19:04:17.905] [Render thread/INFO] [Configured/]: Registering config factory for mod curios. Found 3 config(s)
[03Apr2026 19:04:17.905] [Render thread/INFO] [Configured/]: Registering config factory for mod origins. Found 1 config(s)
[03Apr2026 19:04:17.905] [Render thread/INFO] [Configured/]: Registering config factory for mod rftoolsdim. Found 2 config(s)
[03Apr2026 19:04:17.905] [Render thread/INFO] [Configured/]: Registering config factory for mod theabyss. Found 1 config(s)
[03Apr2026 19:04:17.905] [Render thread/INFO] [Configured/]: Registering config factory for mod mobtimizations. Found 3 config(s)
[03Apr2026 19:04:17.905] [Render thread/INFO] [Configured/]: Registering config factory for mod deep_aether. Found 2 config(s)
[03Apr2026 19:04:17.905] [Render thread/INFO] [Configured/]: Registering config factory for mod bettermineshafts. Found 1 config(s)
[03Apr2026 19:04:17.905] [Render thread/INFO] [Configured/]: Registering config factory for mod betteranimationscollection. Found 1 config(s)
[03Apr2026 19:04:17.905] [Render thread/INFO] [Configured/]: Registering config factory for mod l2tabs. Found 2 config(s)
[03Apr2026 19:04:17.906] [Render thread/INFO] [Configured/]: Registering config factory for mod jei. Found 5 config(s)
[03Apr2026 19:04:17.906] [Render thread/INFO] [Configured/]: Registering config factory for mod pehkui. Found 3 config(s)
[03Apr2026 19:04:17.907] [Render thread/INFO] [Configured/]: Registering config factory for mod mekanism. Found 8 config(s)
[03Apr2026 19:04:17.907] [Render thread/INFO] [Configured/]: Registering config factory for mod fallingleaves. Found 1 config(s)
[03Apr2026 19:04:17.907] [Render thread/INFO] [Configured/]: Registering config factory for mod naturescompass. Found 2 config(s)
[03Apr2026 19:04:17.907] [Render thread/INFO] [Configured/]: Registering config factory for mod adhooks. Found 1 config(s)
[03Apr2026 19:04:17.907] [Render thread/INFO] [Configured/]: Registering config factory for mod ars_nouveau. Found 84 config(s)
[03Apr2026 19:04:17.907] [Render thread/INFO] [Configured/]: Registering config factory for mod forge. Found 2 config(s)
[03Apr2026 19:04:17.907] [Render thread/INFO] [Configured/]: Registering config factory for mod idas. Found 1 config(s)
[03Apr2026 19:04:17.907] [Render thread/INFO] [Configured/]: Registering config factory for mod createoreexcavation. Found 2 config(s)
[03Apr2026 19:04:17.908] [Render thread/INFO] [Configured/]: Registering config factory for mod aeroblender. Found 1 config(s)
[03Apr2026 19:04:17.908] [Render thread/INFO] [Configured/]: Registering config factory for mod astages. Found 2 config(s)
[03Apr2026 19:04:17.908] [Render thread/INFO] [Configured/]: Registering config factory for mod zeta. Found 1 config(s)
[03Apr2026 19:04:17.908] [Render thread/INFO] [Configured/]: Registering config factory for mod aquaculture. Found 1 config(s)
[03Apr2026 19:04:17.908] [Render thread/INFO] [Configured/]: Registering config factory for mod delightful. Found 1 config(s)
[03Apr2026 19:04:17.908] [Render thread/INFO] [Configured/]: Registering config factory for mod armorunlocked. Found 1 config(s)
[03Apr2026 19:04:17.908] [Render thread/INFO] [Configured/]: Registering config factory for mod blue_skies. Found 2 config(s)
[03Apr2026 19:04:17.909] [Render thread/INFO] [Configured/]: Registering config factory for mod aether. Found 3 config(s)
[03Apr2026 19:04:17.909] [Render thread/INFO] [Configured/]: Registering config factory for mod cookingforblockheads. Found 1 config(s)
[03Apr2026 19:04:17.909] [Render thread/INFO] [Configured/]: Registering config factory for mod citadel. Found 1 config(s)
[03Apr2026 19:04:17.909] [Render thread/INFO] [Configured/]: Registering config factory for mod jeed. Found 1 config(s)
[03Apr2026 19:04:17.909] [Render thread/INFO] [Configured/]: Registering config factory for mod railways. Found 3 config(s)
[03Apr2026 19:04:17.909] [Render thread/INFO] [Configured/]: Registering config factory for mod xnetgases. Found 1 config(s)
[03Apr2026 19:04:17.909] [Render thread/INFO] [Configured/]: Registering config factory for mod twilightforest. Found 2 config(s)
[03Apr2026 19:04:17.909] [Render thread/INFO] [Configured/]: Registering config factory for mod celestial_artifacts. Found 1 config(s)
[03Apr2026 19:04:17.909] [Render thread/INFO] [Configured/]: Registering config factory for mod farmersdelight. Found 2 config(s)
[03Apr2026 19:04:17.909] [Render thread/INFO] [Configured/]: Registering config factory for mod patchouli. Found 1 config(s)
[03Apr2026 19:04:17.910] [Render thread/INFO] [Configured/]: Registering config factory for mod rftoolsstorage. Found 2 config(s)
[03Apr2026 19:04:17.910] [Render thread/INFO] [Configured/]: Registering config factory for mod betterstrongholds. Found 1 config(s)
[03Apr2026 19:04:17.910] [Render thread/INFO] [Configured/]: Registering config factory for mod deeperdarker. Found 1 config(s)
[03Apr2026 19:04:17.910] [Render thread/INFO] [Configured/]: Registering config factory for mod cucumber. Found 2 config(s)
[03Apr2026 19:04:17.910] [Render thread/INFO] [Configured/]: Registering config factory for mod trashslot. Found 1 config(s)
[03Apr2026 19:04:17.910] [Render thread/INFO] [Configured/]: Registering config factory for mod jmi. Found 1 config(s)
[03Apr2026 19:04:17.910] [Render thread/INFO] [Configured/]: Registering config factory for mod sophisticatedstorage. Found 3 config(s)
[03Apr2026 19:04:17.910] [Render thread/INFO] [Configured/]: Registering config factory for mod ensorcellation. Found 1 config(s)
[03Apr2026 19:04:17.910] [Render thread/INFO] [Configured/]: Registering config factory for mod waystones. Found 1 config(s)
[03Apr2026 19:04:17.910] [Render thread/INFO] [Configured/]: Registering config factory for mod journeymap. Found 1 config(s)
[03Apr2026 19:04:17.911] [Render thread/INFO] [Configured/]: Registering config factory for mod mcjtylib. Found 2 config(s)
[03Apr2026 19:04:17.911] [Render thread/INFO] [Configured/]: Registering config factory for mod betterdeserttemples. Found 1 config(s)
[03Apr2026 19:04:17.911] [Render thread/INFO] [Configured/]: Registering config factory for mod mahoutsukai. Found 2 config(s)
[03Apr2026 19:04:17.911] [Render thread/INFO] [Configured/]: Registering config factory for mod blueprint. Found 2 config(s)
[03Apr2026 19:04:17.911] [Render thread/INFO] [Configured/]: Registering config factory for mod cutthrough. Found 1 config(s)
[03Apr2026 19:04:17.911] [Render thread/INFO] [Configured/]: Registering config factory for mod sebastrnlib. Found 2 config(s)
[03Apr2026 19:04:17.911] [Render thread/INFO] [Configured/]: Registering config factory for mod moonlight. Found 2 config(s)
[03Apr2026 19:04:17.911] [Render thread/INFO] [Configured/]: Registering config factory for mod titanium. Found 2 config(s)
[03Apr2026 19:04:17.911] [Render thread/INFO] [Configured/]: Registering config factory for mod azukaarsfairdifficultyoverhaul. Found 1 config(s)
[03Apr2026 19:04:17.911] [Render thread/INFO] [Configured/]: Registering config factory for mod areaeffectcloud3d. Found 1 config(s)
[03Apr2026 19:04:17.911] [Render thread/INFO] [Configured/]: Registering config factory for mod forbidden_arcanus. Found 2 config(s)
[03Apr2026 19:04:17.911] [Render thread/INFO] [Configured/]: Registering config factory for mod mutil. Found 1 config(s)
[03Apr2026 19:04:17.911] [Render thread/INFO] [Configured/]: Registering config factory for mod creategenderless. Found 1 config(s)
[03Apr2026 19:04:17.911] [Render thread/INFO] [Configured/]: Registering config factory for mod enderchests. Found 2 config(s)
[03Apr2026 19:04:17.911] [Render thread/INFO] [Configured/]: Registering config factory for mod jei_mekanism_multiblocks. Found 1 config(s)
[03Apr2026 19:04:17.912] [Render thread/INFO] [Configured/]: Registering config factory for mod modonomicon. Found 1 config(s)
[03Apr2026 19:04:17.912] [Render thread/INFO] [Configured/]: Registering config factory for mod coroutil. Found 1 config(s)
[03Apr2026 19:04:17.912] [Render thread/INFO] [Configured/]: Registering config factory for mod solcarrot. Found 2 config(s)
[03Apr2026 19:04:17.912] [Render thread/INFO] [Configured/]: Registering config factory for mod moredragoneggs. Found 1 config(s)
[03Apr2026 19:04:17.912] [Render thread/INFO] [Configured/]: Registering config factory for mod refinedstorageaddons. Found 1 config(s)
[03Apr2026 19:04:17.912] [Render thread/INFO] [Configured/]: Registering config factory for mod chiselsandbits. Found 3 config(s)
[03Apr2026 19:04:18.003] [modloading-worker-0/INFO] [top.theillusivec4.champions.Champions/]: Affix added to registry: ResourceKey[champions:affix / champions:adaptable]
[03Apr2026 19:04:18.003] [modloading-worker-0/INFO] [top.theillusivec4.champions.Champions/]: Affix added to registry: ResourceKey[champions:affix / champions:arctic]
[03Apr2026 19:04:18.003] [modloading-worker-0/INFO] [top.theillusivec4.champions.Champions/]: Affix added to registry: ResourceKey[champions:affix / champions:dampening]
[03Apr2026 19:04:18.003] [modloading-worker-0/INFO] [top.theillusivec4.champions.Champions/]: Affix added to registry: ResourceKey[champions:affix / champions:desecrating]
[03Apr2026 19:04:18.003] [modloading-worker-0/INFO] [top.theillusivec4.champions.Champions/]: Affix added to registry: ResourceKey[champions:affix / champions:enkindling]
[03Apr2026 19:04:18.003] [modloading-worker-0/INFO] [top.theillusivec4.champions.Champions/]: Affix added to registry: ResourceKey[champions:affix / champions:hasty]
[03Apr2026 19:04:18.003] [modloading-worker-0/INFO] [top.theillusivec4.champions.Champions/]: Affix added to registry: ResourceKey[champions:affix / champions:infested]
[03Apr2026 19:04:18.003] [modloading-worker-0/INFO] [top.theillusivec4.champions.Champions/]: Affix added to registry: ResourceKey[champions:affix / champions:knocking]
[03Apr2026 19:04:18.003] [modloading-worker-0/INFO] [top.theillusivec4.champions.Champions/]: Affix added to registry: ResourceKey[champions:affix / champions:lively]
[03Apr2026 19:04:18.003] [modloading-worker-0/INFO] [top.theillusivec4.champions.Champions/]: Affix added to registry: ResourceKey[champions:affix / champions:magnetic]
[03Apr2026 19:04:18.003] [modloading-worker-0/INFO] [top.theillusivec4.champions.Champions/]: Affix added to registry: ResourceKey[champions:affix / champions:molten]
[03Apr2026 19:04:18.003] [modloading-worker-0/INFO] [top.theillusivec4.champions.Champions/]: Affix added to registry: ResourceKey[champions:affix / champions:paralyzing]
[03Apr2026 19:04:18.003] [modloading-worker-0/INFO] [top.theillusivec4.champions.Champions/]: Affix added to registry: ResourceKey[champions:affix / champions:plagued]
[03Apr2026 19:04:18.003] [modloading-worker-0/INFO] [top.theillusivec4.champions.Champions/]: Affix added to registry: ResourceKey[champions:affix / champions:reflective]
[03Apr2026 19:04:18.003] [modloading-worker-0/INFO] [top.theillusivec4.champions.Champions/]: Affix added to registry: ResourceKey[champions:affix / champions:shielding]
[03Apr2026 19:04:18.004] [modloading-worker-0/INFO] [top.theillusivec4.champions.Champions/]: Affix added to registry: ResourceKey[champions:affix / champions:wounding]
[03Apr2026 19:04:18.218] [Render thread/INFO] [net.minecraft.client.Options/]: Added resource packs: [mod_resources, vanilla, pridepack8.0.1.zip, fabric, builtin/aether_ctm_fix, Moonlight Mods Dynamic Assets]
[03Apr2026 19:04:18.648] [Render thread/WARN] [net.minecraft.client.sounds.SoundEngine/]: Missing sound for event: minecraft:item.goat_horn.play
[03Apr2026 19:04:18.649] [Render thread/WARN] [net.minecraft.client.sounds.SoundEngine/]: Missing sound for event: minecraft:entity.goat.screaming.horn_break
[03Apr2026 19:04:18.649] [Render thread/WARN] [net.minecraft.client.sounds.SoundEngine/]: Missing sound for event: cataclysm:ignisshieldbreak
[03Apr2026 19:04:18.649] [Render thread/WARN] [net.minecraft.client.sounds.SoundEngine/]: Missing sound for event: irons_spellbooks:entity.generic.swing_weird
[03Apr2026 19:04:18.649] [Render thread/WARN] [net.minecraft.client.sounds.SoundEngine/]: Missing sound for event: irons_spellbooks:entity.dead_king.music.drum_loop
[03Apr2026 19:04:18.649] [Render thread/WARN] [net.minecraft.client.sounds.SoundEngine/]: Missing sound for event: aether:entity.sentry.ambient
[03Apr2026 19:04:18.649] [Render thread/WARN] [net.minecraft.client.sounds.SoundEngine/]: Missing sound for event: deep_aether:entity.eots.death
[03Apr2026 19:04:18.649] [Render thread/WARN] [net.minecraft.client.sounds.SoundEngine/]: Missing sound for event: deep_aether:entity.eots.ambient
[03Apr2026 19:04:18.649] [Render thread/WARN] [net.minecraft.client.sounds.SoundEngine/]: Missing sound for event: deep_aether:item.armor.equip_floaty_scarf
[03Apr2026 19:04:18.649] [Render thread/WARN] [net.minecraft.client.sounds.SoundEngine/]: Missing sound for event: naturalist:tortoise_hurt
[03Apr2026 19:04:18.649] [Render thread/WARN] [net.minecraft.client.sounds.SoundEngine/]: Missing sound for event: naturalist:tortoise_death
[03Apr2026 19:04:18.649] [Render thread/WARN] [net.minecraft.client.sounds.SoundEngine/]: Missing sound for event: naturalist:rubber_ducky_death
[03Apr2026 19:04:18.694] [Render thread/INFO] [com.mojang.blaze3d.audio.Library/]: OpenAL initialized on device OpenAL Soft on Speakers (Razer Kraken V4 X)
[03Apr2026 19:04:18.694] [Render thread/INFO] [Sound Physics - General/]: Initializing Sound Physics
[03Apr2026 19:04:18.694] [Render thread/INFO] [Sound Physics - General/]: EFX Extension recognized
[03Apr2026 19:04:18.694] [Render thread/INFO] [Sound Physics - General/]: Max auxiliary sends: 4
[03Apr2026 19:04:18.697] [Render thread/INFO] [Sound Physics - General/]: Aux slot 1 created
[03Apr2026 19:04:18.697] [Render thread/INFO] [Sound Physics - General/]: Aux slot 2 created
[03Apr2026 19:04:18.697] [Render thread/INFO] [Sound Physics - General/]: Aux slot 3 created
[03Apr2026 19:04:18.697] [Render thread/INFO] [Sound Physics - General/]: Aux slot 4 created
[03Apr2026 19:04:18.703] [Render thread/INFO] [Sound Physics - General/]: EFX ready
[03Apr2026 19:04:18.704] [Render thread/INFO] [net.minecraft.client.sounds.SoundEngine/SOUNDS]: Sound engine started
[03Apr2026 19:04:18.778] [Render thread/INFO] [com.teamabnormals.blueprint.core.Blueprint/]: Endimation Loader has loaded 1 endimations
[03Apr2026 19:04:18.778] [Render thread/INFO] [mod.chiselsandbits.client.reloading.ClientResourceReloadingManager/]: Resetting client caches
[03Apr2026 19:04:18.779] [Render thread/INFO] [mod.chiselsandbits.reloading.DataReloadingResourceManager/]: Resetting common caches
[03Apr2026 19:04:18.779] [Render thread/INFO] [net.minecraft.client.renderer.texture.TextureAtlas/]: Created: 512x256x0 chiselsandbits:textures/atlases/icons.png-atlas
[03Apr2026 19:04:18.784] [Render thread/INFO] [net.minecraft.client.renderer.texture.TextureAtlas/]: Created: 8192x8192x4 minecraft:textures/atlas/blocks.png-atlas
[03Apr2026 19:04:18.989] [Render thread/INFO] [net.minecraft.client.renderer.texture.TextureAtlas/]: Created: 1024x512x4 minecraft:textures/atlas/signs.png-atlas
[03Apr2026 19:04:18.990] [Render thread/INFO] [net.minecraft.client.renderer.texture.TextureAtlas/]: Created: 1024x512x4 minecraft:textures/atlas/banner_patterns.png-atlas
[03Apr2026 19:04:18.991] [Render thread/INFO] [net.minecraft.client.renderer.texture.TextureAtlas/]: Created: 1024x512x4 minecraft:textures/atlas/shield_patterns.png-atlas
[03Apr2026 19:04:18.992] [Render thread/INFO] [net.minecraft.client.renderer.texture.TextureAtlas/]: Created: 4096x2048x4 minecraft:textures/atlas/armor_trims.png-atlas
[03Apr2026 19:04:19.013] [Render thread/INFO] [net.minecraft.client.renderer.texture.TextureAtlas/]: Created: 2048x1024x4 minecraft:textures/atlas/chest.png-atlas
[03Apr2026 19:04:19.016] [Render thread/INFO] [net.minecraft.client.renderer.texture.TextureAtlas/]: Created: 128x64x4 minecraft:textures/atlas/decorated_pot.png-atlas
[03Apr2026 19:04:19.016] [Render thread/INFO] [net.minecraft.client.renderer.texture.TextureAtlas/]: Created: 512x256x4 minecraft:textures/atlas/beds.png-atlas
[03Apr2026 19:04:19.016] [Render thread/INFO] [net.minecraft.client.renderer.texture.TextureAtlas/]: Created: 512x256x4 minecraft:textures/atlas/shulker_boxes.png-atlas
[03Apr2026 19:04:21.113] [Render thread/WARN] [EMF/]: [EMF]: Possibly invalid UV data for [uvNorth], all values should usually be integers (whole numbers), because OptiFine floors them, EMF can be set to not floor these values in the OptiFine parity settings: [0.0, 89.1, 14.0, 93.1]
[03Apr2026 19:04:21.113] [Render thread/WARN] [EMF/]: [EMF]: Possibly invalid UV data for [uvSouth], all values should usually be integers (whole numbers), because OptiFine floors them, EMF can be set to not floor these values in the OptiFine parity settings: [14.0, 89.1, 0.0, 93.1]
[03Apr2026 19:04:21.160] [Render thread/INFO] [Entity Texture Features/]: [ETF]: emissive suffixes loaded: {_e}
[03Apr2026 19:04:21.191] [Render thread/WARN] [EMF/]: [EMF]: Possibly invalid UV data for [uvNorth], all values should usually be integers (whole numbers), because OptiFine floors them, EMF can be set to not floor these values in the OptiFine parity settings: [0.0, 89.1, 14.0, 93.1]
[03Apr2026 19:04:21.191] [Render thread/WARN] [EMF/]: [EMF]: Possibly invalid UV data for [uvSouth], all values should usually be integers (whole numbers), because OptiFine floors them, EMF can be set to not floor these values in the OptiFine parity settings: [14.0, 89.1, 0.0, 93.1]
[03Apr2026 19:04:21.195] [Render thread/WARN] [EMF/]: [EMF]: Possibly invalid UV data for [uvNorth], all values should usually be integers (whole numbers), because OptiFine floors them, EMF can be set to not floor these values in the OptiFine parity settings: [0.0, 89.1, 14.0, 93.1]
[03Apr2026 19:04:21.196] [Render thread/WARN] [EMF/]: [EMF]: Possibly invalid UV data for [uvSouth], all values should usually be integers (whole numbers), because OptiFine floors them, EMF can be set to not floor these values in the OptiFine parity settings: [14.0, 89.1, 0.0, 93.1]
[03Apr2026 19:04:21.200] [Render thread/WARN] [EMF/]: [EMF]: Possibly invalid UV data for [uvNorth], all values should usually be integers (whole numbers), because OptiFine floors them, EMF can be set to not floor these values in the OptiFine parity settings: [0.0, 89.1, 14.0, 93.1]
[03Apr2026 19:04:21.200] [Render thread/WARN] [EMF/]: [EMF]: Possibly invalid UV data for [uvSouth], all values should usually be integers (whole numbers), because OptiFine floors them, EMF can be set to not floor these values in the OptiFine parity settings: [14.0, 89.1, 0.0, 93.1]
[03Apr2026 19:04:24.202] [Render thread/WARN] [net.minecraft.client.renderer.ShaderInstance/]: Shader rendertype_entity_translucent_emissive could not find sampler named Sampler2 in the specified shader program.
[03Apr2026 19:04:24.218] [Render thread/WARN] [net.minecraft.client.renderer.ShaderInstance/]: Shader botania:film_grain_particle could not find sampler named Sampler2 in the specified shader program.
[03Apr2026 19:04:24.221] [Render thread/WARN] [net.minecraft.client.renderer.ShaderInstance/]: Shader cofh_core:particle_over could not find sampler named Sampler2 in the specified shader program.
[03Apr2026 19:04:24.222] [Render thread/WARN] [net.minecraft.client.renderer.ShaderInstance/]: Shader cofh_core:particle_add could not find sampler named Sampler2 in the specified shader program.
[03Apr2026 19:04:24.222] [Render thread/WARN] [net.minecraft.client.renderer.ShaderInstance/]: Shader cofh_core:particle_screen could not find sampler named Sampler2 in the specified shader program.
[03Apr2026 19:04:24.229] [Render thread/INFO] [Cynosure/]: Firing Core Shader Registration Event
[03Apr2026 19:04:24.248] [Render thread/WARN] [net.minecraft.client.renderer.ShaderInstance/]: Shader moonlight:text_alpha_color could not find sampler named Sampler2 in the specified shader program.
[03Apr2026 19:04:24.248] [Render thread/WARN] [net.minecraft.client.renderer.ShaderInstance/]: Shader moonlight:text_alpha_color could not find uniform named IViewRotMat in the specified shader program.
[03Apr2026 19:04:24.249] [Render thread/WARN] [net.minecraft.client.renderer.ShaderInstance/]: Shader forbidden_arcanus:rendertype_entity_fullbright_cutout could not find sampler named Sampler1 in the specified shader program.
[03Apr2026 19:04:24.249] [Render thread/WARN] [net.minecraft.client.renderer.ShaderInstance/]: Shader forbidden_arcanus:rendertype_entity_fullbright_cutout could not find sampler named Sampler2 in the specified shader program.
[03Apr2026 19:04:24.249] [Render thread/WARN] [net.minecraft.client.renderer.ShaderInstance/]: Shader forbidden_arcanus:rendertype_entity_fullbright_cutout could not find uniform named FogColor in the specified shader program.
[03Apr2026 19:04:24.249] [Render thread/WARN] [net.minecraft.client.renderer.ShaderInstance/]: Shader forbidden_arcanus:rendertype_entity_fullbright_translucent could not find sampler named Sampler1 in the specified shader program.
[03Apr2026 19:04:24.249] [Render thread/WARN] [net.minecraft.client.renderer.ShaderInstance/]: Shader forbidden_arcanus:rendertype_entity_fullbright_translucent could not find sampler named Sampler2 in the specified shader program.
[03Apr2026 19:04:24.249] [Render thread/WARN] [net.minecraft.client.renderer.ShaderInstance/]: Shader forbidden_arcanus:rendertype_entity_fullbright_translucent could not find uniform named FogColor in the specified shader program.
[03Apr2026 19:04:24.250] [Render thread/WARN] [net.minecraft.client.renderer.ShaderInstance/]: Shader supplementaries:static_noise could not find sampler named Sampler1 in the specified shader program.
[03Apr2026 19:04:24.250] [Render thread/WARN] [net.minecraft.client.renderer.ShaderInstance/]: Shader supplementaries:spherify could not find sampler named Sampler1 in the specified shader program.
[03Apr2026 19:04:24.250] [Render thread/WARN] [net.minecraft.client.renderer.ShaderInstance/]: Shader supplementaries:spherify could not find uniform named GameTime in the specified shader program.
[03Apr2026 19:04:24.250] [Render thread/WARN] [net.minecraft.client.renderer.ShaderInstance/]: Shader supplementaries:spherify could not find uniform named NoiseSpeed in the specified shader program.
[03Apr2026 19:04:24.250] [Render thread/WARN] [net.minecraft.client.renderer.ShaderInstance/]: Shader supplementaries:spherify could not find uniform named NoiseScale in the specified shader program.
[03Apr2026 19:04:24.250] [Render thread/WARN] [net.minecraft.client.renderer.ShaderInstance/]: Shader supplementaries:spherify could not find uniform named Intensity in the specified shader program.
[03Apr2026 19:04:24.251] [Render thread/WARN] [net.minecraft.client.renderer.ShaderInstance/]: Shader supplementaries:spherify could not find uniform named CameraPos in the specified shader program.
[03Apr2026 19:04:24.253] [Render thread/WARN] [ImmediatelyFast/]: Resource pack Transcendence_0.7.4.zip is not compatible with font atlas resizing. Temporarily disabling font atlas resizing.
[03Apr2026 19:04:24.313] [Render thread/WARN] [ImmediatelyFast/]: Resource pack Transcendence_0.7.4.zip is not compatible with HUD batching. Temporarily disabling HUD batching.
[03Apr2026 19:04:24.330] [Render thread/INFO] [net.minecraft.client.renderer.texture.TextureAtlas/]: Created: 4096x2048x0 minecraft:textures/atlas/particles.png-atlas
[03Apr2026 19:04:24.343] [Render thread/INFO] [net.minecraft.client.renderer.texture.TextureAtlas/]: Created: 512x256x0 minecraft:textures/atlas/paintings.png-atlas
[03Apr2026 19:04:24.343] [Render thread/INFO] [net.minecraft.client.renderer.texture.TextureAtlas/]: Created: 2048x2048x0 minecraft:textures/atlas/mob_effects.png-atlas
[03Apr2026 19:04:24.437] [Render thread/INFO] [flywheel/backend/shaders/]: Loaded 82 shader sources in 23.746 ms
[03Apr2026 19:04:24.898] [Render thread/INFO] [net.minecraft.client.renderer.texture.TextureAtlas/]: Created: 512x256x0 codechickenlib:textures/atlas/gui.png-atlas
[03Apr2026 19:04:24.956] [Render thread/INFO] [net.minecraft.client.renderer.texture.TextureAtlas/]: Created: 256x256x0 jei:textures/atlas/gui.png-atlas
[03Apr2026 19:04:24.958] [Render thread/INFO] [net.minecraft.client.renderer.texture.TextureAtlas/]: Created: 512x256x0 mekanism:textures/atlas/robit.png-atlas
[03Apr2026 19:04:24.966] [Render thread/INFO] [net.minecraft.client.renderer.texture.TextureAtlas/]: Created: 4096x2048x0 fallingleaves:leaves-atlas
[03Apr2026 19:04:24.976] [Render thread/INFO] [net.minecraft.client.renderer.texture.TextureAtlas/]: Created: 4096x2048x0 fallingleaves:leaves-atlas
[03Apr2026 19:04:25.004] [Render thread/INFO] [se.mickelus.tetra.gui.stats.data.StatIndicatorStore/]: Loaded 1 stat indicators
[03Apr2026 19:04:25.021] [Render thread/INFO] [se.mickelus.tetra.gui.stats.data.StatBarStore/]: Loaded 15 stat bars
[03Apr2026 19:04:25.036] [Render thread/INFO] [se.mickelus.tetra.gui.stats.data.StatSorterStore/]: Loaded 1 stat sorters
[03Apr2026 19:04:25.051] [Render thread/INFO] [se.mickelus.tetra.items.modular.impl.holo.gui.craft.HolosphereEntryStore/]: Loaded 7 holosphere entries
[03Apr2026 19:04:25.064] [Render thread/INFO] [se.mickelus.tetra.client.ToolActionIconStore/]: Loaded 7 tool action icons
[03Apr2026 19:04:25.067] [Render thread/WARN] [net.minecraft.client.renderer.EffectInstance/]: Shader estrogen:aberration could not find uniform named InSize in the specified shader program.
[03Apr2026 19:04:25.069] [Render thread/WARN] [net.minecraft.client.renderer.EffectInstance/]: Shader estrogen:cel could not find sampler named DiffuseDepthSampler in the specified shader program.
[03Apr2026 19:04:25.069] [Render thread/WARN] [net.minecraft.client.renderer.EffectInstance/]: Shader estrogen:cel could not find uniform named EstrogenFarPlane in the specified shader program.
[03Apr2026 19:04:25.074] [Render thread/WARN] [Embeddium-MixinTaintDetector/]: Mod(s) [oculus] are modifying Embeddium class me.jellysquid.mods.sodium.client.gl.device.GLRenderDevice$ImmediateDrawCommandList, which may cause instability.
[03Apr2026 19:04:25.075] [Render thread/INFO] [net.minecraft.client.renderer.texture.TextureAtlas/]: Created: 256x128x0 twilightforest:textures/atlas/magic_paintings.png-atlas
[03Apr2026 19:04:25.103] [Render thread/INFO] [ModernFix/]: Deduplicated ResourcefulLib highlights (2892 points, 5434 lines)
[03Apr2026 19:04:25.120] [Render thread/INFO] [boss_checklist/]: Number of registered bosses: 43
[03Apr2026 19:04:25.120] [Render thread/INFO] [net.minecraft.client.renderer.texture.TextureAtlas/]: Created: 512x256x0 polylib:textures/atlas/gui.png-atlas
[03Apr2026 19:04:25.138] [Render thread/INFO] [com.simibubi.create.Create/]: Loaded 57 train hat configurations.
[03Apr2026 19:04:25.144] [Render thread/INFO] [com.teamabnormals.blueprint.core.Blueprint/]: Blueprint Splash Manager has loaded 0 splashes
[03Apr2026 19:04:25.148] [Render thread/INFO] [patchouli/]: BookContentResourceListenerLoader preloaded 3314 jsons
[03Apr2026 19:04:25.148] [Render thread/INFO] [net.minecraft.client.renderer.texture.TextureAtlas/]: Created: 256x256x0 moonlight:textures/atlas/map_markers.png-atlas
[03Apr2026 19:04:25.157] [Render thread/INFO] [YetAnotherConfigLib/]: Successfully loaded image 'supplementaries:textures/block/gottem.gif'
[03Apr2026 19:04:25.168] [Render thread/INFO] [Entity Texture Features/]: [ETF]: reloading ETF data.
[03Apr2026 19:04:25.170] [Render thread/INFO] [Entity Texture Features/]: [ETF]: emissive suffixes loaded: {_e}
[03Apr2026 19:04:25.177] [Render thread/INFO] [com.cupboard.Cupboard/]: Loaded config for: brutalbosses.json
[03Apr2026 19:04:25.180] [Render thread/INFO] [com.cupboard.Cupboard/]: Loaded config for: smoothchunk.json
[03Apr2026 19:04:25.217] [Render thread/INFO] [Oculus/]: Creating pipeline for dimension NamespacedId{namespace='minecraft', name='overworld'}
[03Apr2026 19:04:25.220] [Render thread/WARN] [net.minecraft.client.renderer.EffectInstance/]: Shader estrogen:aberration could not find uniform named InSize in the specified shader program.
[03Apr2026 19:04:25.221] [Render thread/WARN] [net.minecraft.client.renderer.EffectInstance/]: Shader estrogen:cel could not find sampler named DiffuseDepthSampler in the specified shader program.
[03Apr2026 19:04:25.221] [Render thread/WARN] [net.minecraft.client.renderer.EffectInstance/]: Shader estrogen:cel could not find uniform named EstrogenFarPlane in the specified shader program.
[03Apr2026 19:04:25.227] [Render thread/INFO] [STDOUT/]: [earth.terrarium.botarium.common.energy.EnergyApi:finalizeBlockRegistration:39]: Finalizing energy block registration
[03Apr2026 19:04:25.228] [Render thread/INFO] [STDOUT/]: [earth.terrarium.botarium.common.fluid.FluidApi:finalizeBlockRegistration:42]: Finalizing fluid block registration
[03Apr2026 19:04:25.276] [Render thread/INFO] [Embeddium/]: Block minecraft:large_fern had its color provider replaced and will not use per-vertex coloring
[03Apr2026 19:04:25.276] [Render thread/INFO] [Embeddium/]: Block minecraft:tall_grass had its color provider replaced and will not use per-vertex coloring
[03Apr2026 19:04:25.276] [Render thread/INFO] [Embeddium/]: Block minecraft:grass_block had its color provider replaced and will not use per-vertex coloring
[03Apr2026 19:04:25.276] [Render thread/INFO] [Embeddium/]: Block minecraft:fern had its color provider replaced and will not use per-vertex coloring
[03Apr2026 19:04:25.276] [Render thread/INFO] [Embeddium/]: Block minecraft:grass had its color provider replaced and will not use per-vertex coloring
[03Apr2026 19:04:25.276] [Render thread/INFO] [Embeddium/]: Block minecraft:potted_fern had its color provider replaced and will not use per-vertex coloring
[03Apr2026 19:04:25.276] [Render thread/INFO] [Embeddium/]: Block minecraft:sugar_cane had its color provider replaced and will not use per-vertex coloring
[03Apr2026 19:04:25.276] [Render thread/INFO] [Embeddium/]: Block valhelsia_structures:grass_block had its color provider replaced and will not use per-vertex coloring
[03Apr2026 19:04:25.276] [Render thread/INFO] [Embeddium/]: Block minecraft:spruce_leaves had its color provider replaced and will not use per-vertex coloring
[03Apr2026 19:04:25.276] [Render thread/INFO] [Embeddium/]: Block minecraft:birch_leaves had its color provider replaced and will not use per-vertex coloring
[03Apr2026 19:04:25.276] [Render thread/INFO] [Embeddium/]: Block minecraft:oak_leaves had its color provider replaced and will not use per-vertex coloring
[03Apr2026 19:04:25.276] [Render thread/INFO] [Embeddium/]: Block minecraft:jungle_leaves had its color provider replaced and will not use per-vertex coloring
[03Apr2026 19:04:25.276] [Render thread/INFO] [Embeddium/]: Block minecraft:acacia_leaves had its color provider replaced and will not use per-vertex coloring
[03Apr2026 19:04:25.276] [Render thread/INFO] [Embeddium/]: Block minecraft:dark_oak_leaves had its color provider replaced and will not use per-vertex coloring
[03Apr2026 19:04:25.276] [Render thread/INFO] [Embeddium/]: Block minecraft:vine had its color provider replaced and will not use per-vertex coloring
[03Apr2026 19:04:25.314] [Worker-Main-1/ERROR] [CorgiLib/]: GET request failed. Response Code: 301
[03Apr2026 19:04:25.392] [Render thread/ERROR] [ambientsounds/]: Could not find sound category suspense for pale-garden.pale-garden-ambience.
[03Apr2026 19:04:25.394] [Render thread/INFO] [ambientsounds/]: Loaded AmbientEngine 'basic' v3.2.4. 11 dimension(s), 11 features, 11 blockgroups, 2 sound collections, 38 regions, 60 sounds, 11 sound categories, 7 solids and 2 biome types
[03Apr2026 19:04:27.246] [Render thread/INFO] [STDOUT/]: [earth.terrarium.botarium.common.energy.EnergyApi:finalizeItemRegistration:54]: Finalizing energy item registration
[03Apr2026 19:04:27.246] [Render thread/INFO] [STDOUT/]: [earth.terrarium.botarium.common.fluid.FluidApi:finalizeItemRegistration:55]: Finalizing fluid item registration
[03Apr2026 19:04:27.252] [Render thread/WARN] [Embeddium-MixinTaintDetector/]: Mod(s) [oculus] are modifying Embeddium class me.jellysquid.mods.sodium.client.render.immediate.model.BakedModelEncoder, which may cause instability.
[03Apr2026 19:04:27.337] [Render thread/WARN] [ModernFix/]: Game took 70.817 seconds to start
[03Apr2026 19:04:27.338] [Render thread/INFO] [auudio/AudioHandler/]: Reloading sounds!
[03Apr2026 19:04:27.339] [Render thread/INFO] [auudio/AudioHandler/]: Running post-reload tasks..
[03Apr2026 19:30:26.022] [CullThread/INFO] [STDOUT/]: [dev.tr7zw.entityculling.CullTask:run:89]: Shutting down culling task!
[03Apr2026 19:30:26.034] [Render thread/INFO] [net.minecraft.client.Minecraft/]: Stopping!
[03Apr2026 19:30:26.053] [Render thread/INFO] [FluxNetworks/]: Released client Flux Networks cache
[03Apr2026 19:30:26.062] [Render thread/INFO] [inventoryhud/]: Curios disabled
[03Apr2026 19:30:26.068] [Render thread/INFO] [Entity Texture Features/]: [ETF]: emissive suffixes loaded: {_e}
[03Apr2026 19:30:26.130] [Render thread/INFO] [FTB Chunks/]: Shutting down map thread
